[2025-12-24T21:14:14.319+0000] {processor.py:161} INFO - Started process (PID=38350) to work on /opt/airflow/dags/ecom.py
[2025-12-24T21:14:14.321+0000] {processor.py:830} INFO - Processing file /opt/airflow/dags/ecom.py for tasks to queue
[2025-12-24T21:14:14.322+0000] {logging_mixin.py:188} INFO - [2025-12-24T21:14:14.322+0000] {dagbag.py:538} INFO - Filling up the DagBag from /opt/airflow/dags/ecom.py
[2025-12-24T21:14:14.341+0000] {logging_mixin.py:188} INFO - [2025-12-24T21:14:14.339+0000] {dagbag.py:348} ERROR - Failed to import: /opt/airflow/dags/ecom.py
Traceback (most recent call last):
  File "/home/airflow/.local/lib/python3.8/site-packages/airflow/models/dagbag.py", line 344, in parse
    loader.exec_module(new_module)
  File "<frozen importlib._bootstrap_external>", line 839, in exec_module
  File "<frozen importlib._bootstrap_external>", line 976, in get_code
  File "<frozen importlib._bootstrap_external>", line 906, in source_to_code
  File "<frozen importlib._bootstrap>", line 219, in _call_with_frames_removed
  File "/opt/airflow/dags/ecom.py", line 14
    ) as dag:
            ^
SyntaxError: unexpected EOF while parsing
[2025-12-24T21:14:14.343+0000] {processor.py:842} WARNING - No viable dags retrieved from /opt/airflow/dags/ecom.py
[2025-12-24T21:14:14.375+0000] {processor.py:183} INFO - Processing /opt/airflow/dags/ecom.py took 0.061 seconds
[2025-12-24T21:14:44.600+0000] {processor.py:161} INFO - Started process (PID=38407) to work on /opt/airflow/dags/ecom.py
[2025-12-24T21:14:44.601+0000] {processor.py:830} INFO - Processing file /opt/airflow/dags/ecom.py for tasks to queue
[2025-12-24T21:14:44.602+0000] {logging_mixin.py:188} INFO - [2025-12-24T21:14:44.602+0000] {dagbag.py:538} INFO - Filling up the DagBag from /opt/airflow/dags/ecom.py
[2025-12-24T21:14:44.616+0000] {logging_mixin.py:188} INFO - [2025-12-24T21:14:44.615+0000] {dagbag.py:348} ERROR - Failed to import: /opt/airflow/dags/ecom.py
Traceback (most recent call last):
  File "/home/airflow/.local/lib/python3.8/site-packages/airflow/models/dagbag.py", line 344, in parse
    loader.exec_module(new_module)
  File "<frozen importlib._bootstrap_external>", line 839, in exec_module
  File "<frozen importlib._bootstrap_external>", line 976, in get_code
  File "<frozen importlib._bootstrap_external>", line 906, in source_to_code
  File "<frozen importlib._bootstrap>", line 219, in _call_with_frames_removed
  File "/opt/airflow/dags/ecom.py", line 14
    ) as dag:
            ^
SyntaxError: unexpected EOF while parsing
[2025-12-24T21:14:44.617+0000] {processor.py:842} WARNING - No viable dags retrieved from /opt/airflow/dags/ecom.py
[2025-12-24T21:14:44.640+0000] {processor.py:183} INFO - Processing /opt/airflow/dags/ecom.py took 0.044 seconds
[2025-12-24T21:15:14.722+0000] {processor.py:161} INFO - Started process (PID=38462) to work on /opt/airflow/dags/ecom.py
[2025-12-24T21:15:14.724+0000] {processor.py:830} INFO - Processing file /opt/airflow/dags/ecom.py for tasks to queue
[2025-12-24T21:15:14.725+0000] {logging_mixin.py:188} INFO - [2025-12-24T21:15:14.725+0000] {dagbag.py:538} INFO - Filling up the DagBag from /opt/airflow/dags/ecom.py
[2025-12-24T21:15:14.748+0000] {logging_mixin.py:188} INFO - [2025-12-24T21:15:14.747+0000] {dagbag.py:348} ERROR - Failed to import: /opt/airflow/dags/ecom.py
Traceback (most recent call last):
  File "/home/airflow/.local/lib/python3.8/site-packages/airflow/models/dagbag.py", line 344, in parse
    loader.exec_module(new_module)
  File "<frozen importlib._bootstrap_external>", line 839, in exec_module
  File "<frozen importlib._bootstrap_external>", line 976, in get_code
  File "<frozen importlib._bootstrap_external>", line 906, in source_to_code
  File "<frozen importlib._bootstrap>", line 219, in _call_with_frames_removed
  File "/opt/airflow/dags/ecom.py", line 14
    ) as dag:
            ^
SyntaxError: unexpected EOF while parsing
[2025-12-24T21:15:14.749+0000] {processor.py:842} WARNING - No viable dags retrieved from /opt/airflow/dags/ecom.py
[2025-12-24T21:15:14.785+0000] {processor.py:183} INFO - Processing /opt/airflow/dags/ecom.py took 0.068 seconds
[2025-12-24T21:15:44.886+0000] {processor.py:161} INFO - Started process (PID=38520) to work on /opt/airflow/dags/ecom.py
[2025-12-24T21:15:44.888+0000] {processor.py:830} INFO - Processing file /opt/airflow/dags/ecom.py for tasks to queue
[2025-12-24T21:15:44.889+0000] {logging_mixin.py:188} INFO - [2025-12-24T21:15:44.889+0000] {dagbag.py:538} INFO - Filling up the DagBag from /opt/airflow/dags/ecom.py
[2025-12-24T21:15:44.909+0000] {logging_mixin.py:188} INFO - [2025-12-24T21:15:44.908+0000] {dagbag.py:348} ERROR - Failed to import: /opt/airflow/dags/ecom.py
Traceback (most recent call last):
  File "/home/airflow/.local/lib/python3.8/site-packages/airflow/models/dagbag.py", line 344, in parse
    loader.exec_module(new_module)
  File "<frozen importlib._bootstrap_external>", line 839, in exec_module
  File "<frozen importlib._bootstrap_external>", line 976, in get_code
  File "<frozen importlib._bootstrap_external>", line 906, in source_to_code
  File "<frozen importlib._bootstrap>", line 219, in _call_with_frames_removed
  File "/opt/airflow/dags/ecom.py", line 14
    ) as dag:
            ^
SyntaxError: unexpected EOF while parsing
[2025-12-24T21:15:44.909+0000] {processor.py:842} WARNING - No viable dags retrieved from /opt/airflow/dags/ecom.py
[2025-12-24T21:15:44.940+0000] {processor.py:183} INFO - Processing /opt/airflow/dags/ecom.py took 0.060 seconds
[2025-12-24T21:16:15.613+0000] {processor.py:161} INFO - Started process (PID=38574) to work on /opt/airflow/dags/ecom.py
[2025-12-24T21:16:15.620+0000] {processor.py:830} INFO - Processing file /opt/airflow/dags/ecom.py for tasks to queue
[2025-12-24T21:16:15.622+0000] {logging_mixin.py:188} INFO - [2025-12-24T21:16:15.622+0000] {dagbag.py:538} INFO - Filling up the DagBag from /opt/airflow/dags/ecom.py
[2025-12-24T21:16:15.642+0000] {logging_mixin.py:188} INFO - [2025-12-24T21:16:15.641+0000] {dagbag.py:348} ERROR - Failed to import: /opt/airflow/dags/ecom.py
Traceback (most recent call last):
  File "/home/airflow/.local/lib/python3.8/site-packages/airflow/models/dagbag.py", line 344, in parse
    loader.exec_module(new_module)
  File "<frozen importlib._bootstrap_external>", line 839, in exec_module
  File "<frozen importlib._bootstrap_external>", line 976, in get_code
  File "<frozen importlib._bootstrap_external>", line 906, in source_to_code
  File "<frozen importlib._bootstrap>", line 219, in _call_with_frames_removed
  File "/opt/airflow/dags/ecom.py", line 14
    ) as dag:
            ^
SyntaxError: unexpected EOF while parsing
[2025-12-24T21:16:15.643+0000] {processor.py:842} WARNING - No viable dags retrieved from /opt/airflow/dags/ecom.py
[2025-12-24T21:16:15.671+0000] {processor.py:183} INFO - Processing /opt/airflow/dags/ecom.py took 0.062 seconds
[2025-12-24T21:16:46.465+0000] {processor.py:161} INFO - Started process (PID=38632) to work on /opt/airflow/dags/ecom.py
[2025-12-24T21:16:46.466+0000] {processor.py:830} INFO - Processing file /opt/airflow/dags/ecom.py for tasks to queue
[2025-12-24T21:16:46.468+0000] {logging_mixin.py:188} INFO - [2025-12-24T21:16:46.467+0000] {dagbag.py:538} INFO - Filling up the DagBag from /opt/airflow/dags/ecom.py
[2025-12-24T21:16:46.483+0000] {logging_mixin.py:188} INFO - [2025-12-24T21:16:46.482+0000] {dagbag.py:348} ERROR - Failed to import: /opt/airflow/dags/ecom.py
Traceback (most recent call last):
  File "/home/airflow/.local/lib/python3.8/site-packages/airflow/models/dagbag.py", line 344, in parse
    loader.exec_module(new_module)
  File "<frozen importlib._bootstrap_external>", line 839, in exec_module
  File "<frozen importlib._bootstrap_external>", line 976, in get_code
  File "<frozen importlib._bootstrap_external>", line 906, in source_to_code
  File "<frozen importlib._bootstrap>", line 219, in _call_with_frames_removed
  File "/opt/airflow/dags/ecom.py", line 14
    ) as dag:
            ^
SyntaxError: unexpected EOF while parsing
[2025-12-24T21:16:46.484+0000] {processor.py:842} WARNING - No viable dags retrieved from /opt/airflow/dags/ecom.py
[2025-12-24T21:16:46.509+0000] {processor.py:183} INFO - Processing /opt/airflow/dags/ecom.py took 0.049 seconds
[2025-12-24T21:17:16.606+0000] {processor.py:161} INFO - Started process (PID=38689) to work on /opt/airflow/dags/ecom.py
[2025-12-24T21:17:16.608+0000] {processor.py:830} INFO - Processing file /opt/airflow/dags/ecom.py for tasks to queue
[2025-12-24T21:17:16.610+0000] {logging_mixin.py:188} INFO - [2025-12-24T21:17:16.609+0000] {dagbag.py:538} INFO - Filling up the DagBag from /opt/airflow/dags/ecom.py
[2025-12-24T21:17:16.628+0000] {logging_mixin.py:188} INFO - [2025-12-24T21:17:16.627+0000] {dagbag.py:348} ERROR - Failed to import: /opt/airflow/dags/ecom.py
Traceback (most recent call last):
  File "/home/airflow/.local/lib/python3.8/site-packages/airflow/models/dagbag.py", line 344, in parse
    loader.exec_module(new_module)
  File "<frozen importlib._bootstrap_external>", line 839, in exec_module
  File "<frozen importlib._bootstrap_external>", line 976, in get_code
  File "<frozen importlib._bootstrap_external>", line 906, in source_to_code
  File "<frozen importlib._bootstrap>", line 219, in _call_with_frames_removed
  File "/opt/airflow/dags/ecom.py", line 14
    ) as dag:
            ^
SyntaxError: unexpected EOF while parsing
[2025-12-24T21:17:16.629+0000] {processor.py:842} WARNING - No viable dags retrieved from /opt/airflow/dags/ecom.py
[2025-12-24T21:17:16.658+0000] {processor.py:183} INFO - Processing /opt/airflow/dags/ecom.py took 0.059 seconds
[2025-12-24T21:17:24.514+0000] {processor.py:161} INFO - Started process (PID=38710) to work on /opt/airflow/dags/ecom.py
[2025-12-24T21:17:24.516+0000] {processor.py:830} INFO - Processing file /opt/airflow/dags/ecom.py for tasks to queue
[2025-12-24T21:17:24.517+0000] {logging_mixin.py:188} INFO - [2025-12-24T21:17:24.517+0000] {dagbag.py:538} INFO - Filling up the DagBag from /opt/airflow/dags/ecom.py
[2025-12-24T21:17:24.576+0000] {logging_mixin.py:188} INFO - [2025-12-24T21:17:24.575+0000] {dagbag.py:348} ERROR - Failed to import: /opt/airflow/dags/ecom.py
Traceback (most recent call last):
  File "/home/airflow/.local/lib/python3.8/site-packages/airflow/models/dagbag.py", line 344, in parse
    loader.exec_module(new_module)
  File "<frozen importlib._bootstrap_external>", line 839, in exec_module
  File "<frozen importlib._bootstrap_external>", line 976, in get_code
  File "<frozen importlib._bootstrap_external>", line 906, in source_to_code
  File "<frozen importlib._bootstrap>", line 219, in _call_with_frames_removed
  File "/opt/airflow/dags/ecom.py", line 15
    ) as dag:
            ^
SyntaxError: unexpected EOF while parsing
[2025-12-24T21:17:24.577+0000] {processor.py:842} WARNING - No viable dags retrieved from /opt/airflow/dags/ecom.py
[2025-12-24T21:17:24.617+0000] {processor.py:183} INFO - Processing /opt/airflow/dags/ecom.py took 0.107 seconds
[2025-12-24T21:17:27.028+0000] {processor.py:161} INFO - Started process (PID=38716) to work on /opt/airflow/dags/ecom.py
[2025-12-24T21:17:27.029+0000] {processor.py:830} INFO - Processing file /opt/airflow/dags/ecom.py for tasks to queue
[2025-12-24T21:17:27.030+0000] {logging_mixin.py:188} INFO - [2025-12-24T21:17:27.030+0000] {dagbag.py:538} INFO - Filling up the DagBag from /opt/airflow/dags/ecom.py
[2025-12-24T21:17:27.046+0000] {logging_mixin.py:188} INFO - [2025-12-24T21:17:27.045+0000] {dagbag.py:348} ERROR - Failed to import: /opt/airflow/dags/ecom.py
Traceback (most recent call last):
  File "/home/airflow/.local/lib/python3.8/site-packages/airflow/models/dagbag.py", line 344, in parse
    loader.exec_module(new_module)
  File "<frozen importlib._bootstrap_external>", line 839, in exec_module
  File "<frozen importlib._bootstrap_external>", line 976, in get_code
  File "<frozen importlib._bootstrap_external>", line 906, in source_to_code
  File "<frozen importlib._bootstrap>", line 219, in _call_with_frames_removed
  File "/opt/airflow/dags/ecom.py", line 15
    ) as dag:
    ^
SyntaxError: invalid syntax
[2025-12-24T21:17:27.046+0000] {processor.py:842} WARNING - No viable dags retrieved from /opt/airflow/dags/ecom.py
[2025-12-24T21:17:27.316+0000] {processor.py:183} INFO - Processing /opt/airflow/dags/ecom.py took 0.291 seconds
[2025-12-24T21:17:30.079+0000] {processor.py:161} INFO - Started process (PID=38719) to work on /opt/airflow/dags/ecom.py
[2025-12-24T21:17:30.081+0000] {processor.py:830} INFO - Processing file /opt/airflow/dags/ecom.py for tasks to queue
[2025-12-24T21:17:30.082+0000] {logging_mixin.py:188} INFO - [2025-12-24T21:17:30.082+0000] {dagbag.py:538} INFO - Filling up the DagBag from /opt/airflow/dags/ecom.py
[2025-12-24T21:17:30.097+0000] {logging_mixin.py:188} INFO - [2025-12-24T21:17:30.096+0000] {dagbag.py:348} ERROR - Failed to import: /opt/airflow/dags/ecom.py
Traceback (most recent call last):
  File "/home/airflow/.local/lib/python3.8/site-packages/airflow/models/dagbag.py", line 344, in parse
    loader.exec_module(new_module)
  File "<frozen importlib._bootstrap_external>", line 839, in exec_module
  File "<frozen importlib._bootstrap_external>", line 976, in get_code
  File "<frozen importlib._bootstrap_external>", line 906, in source_to_code
  File "<frozen importlib._bootstrap>", line 219, in _call_with_frames_removed
  File "/opt/airflow/dags/ecom.py", line 17
    ) as dag:
    ^
SyntaxError: invalid syntax
[2025-12-24T21:17:30.097+0000] {processor.py:842} WARNING - No viable dags retrieved from /opt/airflow/dags/ecom.py
[2025-12-24T21:17:30.120+0000] {processor.py:183} INFO - Processing /opt/airflow/dags/ecom.py took 0.044 seconds
[2025-12-24T21:17:33.430+0000] {processor.py:161} INFO - Started process (PID=38725) to work on /opt/airflow/dags/ecom.py
[2025-12-24T21:17:33.433+0000] {processor.py:830} INFO - Processing file /opt/airflow/dags/ecom.py for tasks to queue
[2025-12-24T21:17:33.435+0000] {logging_mixin.py:188} INFO - [2025-12-24T21:17:33.434+0000] {dagbag.py:538} INFO - Filling up the DagBag from /opt/airflow/dags/ecom.py
[2025-12-24T21:17:33.477+0000] {logging_mixin.py:188} INFO - [2025-12-24T21:17:33.475+0000] {dagbag.py:348} ERROR - Failed to import: /opt/airflow/dags/ecom.py
Traceback (most recent call last):
  File "/home/airflow/.local/lib/python3.8/site-packages/airflow/models/dagbag.py", line 344, in parse
    loader.exec_module(new_module)
  File "<frozen importlib._bootstrap_external>", line 839, in exec_module
  File "<frozen importlib._bootstrap_external>", line 976, in get_code
  File "<frozen importlib._bootstrap_external>", line 906, in source_to_code
  File "<frozen importlib._bootstrap>", line 219, in _call_with_frames_removed
  File "/opt/airflow/dags/ecom.py", line 17
    ) as dag:
    ^
SyntaxError: invalid syntax
[2025-12-24T21:17:33.478+0000] {processor.py:842} WARNING - No viable dags retrieved from /opt/airflow/dags/ecom.py
[2025-12-24T21:17:33.521+0000] {processor.py:183} INFO - Processing /opt/airflow/dags/ecom.py took 0.097 seconds
[2025-12-24T21:17:37.915+0000] {processor.py:161} INFO - Started process (PID=38745) to work on /opt/airflow/dags/ecom.py
[2025-12-24T21:17:37.917+0000] {processor.py:830} INFO - Processing file /opt/airflow/dags/ecom.py for tasks to queue
[2025-12-24T21:17:37.919+0000] {logging_mixin.py:188} INFO - [2025-12-24T21:17:37.918+0000] {dagbag.py:538} INFO - Filling up the DagBag from /opt/airflow/dags/ecom.py
[2025-12-24T21:17:37.937+0000] {logging_mixin.py:188} INFO - [2025-12-24T21:17:37.936+0000] {dagbag.py:348} ERROR - Failed to import: /opt/airflow/dags/ecom.py
Traceback (most recent call last):
  File "/home/airflow/.local/lib/python3.8/site-packages/airflow/models/dagbag.py", line 344, in parse
    loader.exec_module(new_module)
  File "<frozen importlib._bootstrap_external>", line 839, in exec_module
  File "<frozen importlib._bootstrap_external>", line 976, in get_code
  File "<frozen importlib._bootstrap_external>", line 906, in source_to_code
  File "<frozen importlib._bootstrap>", line 219, in _call_with_frames_removed
  File "/opt/airflow/dags/ecom.py", line 9
    def notify
             ^
SyntaxError: invalid syntax
[2025-12-24T21:17:37.937+0000] {processor.py:842} WARNING - No viable dags retrieved from /opt/airflow/dags/ecom.py
[2025-12-24T21:17:37.961+0000] {processor.py:183} INFO - Processing /opt/airflow/dags/ecom.py took 0.051 seconds
[2025-12-24T21:17:38.947+0000] {processor.py:161} INFO - Started process (PID=38746) to work on /opt/airflow/dags/ecom.py
[2025-12-24T21:17:38.950+0000] {processor.py:830} INFO - Processing file /opt/airflow/dags/ecom.py for tasks to queue
[2025-12-24T21:17:38.951+0000] {logging_mixin.py:188} INFO - [2025-12-24T21:17:38.951+0000] {dagbag.py:538} INFO - Filling up the DagBag from /opt/airflow/dags/ecom.py
[2025-12-24T21:17:38.972+0000] {logging_mixin.py:188} INFO - [2025-12-24T21:17:38.971+0000] {dagbag.py:348} ERROR - Failed to import: /opt/airflow/dags/ecom.py
Traceback (most recent call last):
  File "/home/airflow/.local/lib/python3.8/site-packages/airflow/models/dagbag.py", line 344, in parse
    loader.exec_module(new_module)
  File "<frozen importlib._bootstrap_external>", line 839, in exec_module
  File "<frozen importlib._bootstrap_external>", line 976, in get_code
  File "<frozen importlib._bootstrap_external>", line 906, in source_to_code
  File "<frozen importlib._bootstrap>", line 219, in _call_with_frames_removed
  File "/opt/airflow/dags/ecom.py", line 20
    ) as dag:
    ^
SyntaxError: invalid syntax
[2025-12-24T21:17:38.973+0000] {processor.py:842} WARNING - No viable dags retrieved from /opt/airflow/dags/ecom.py
[2025-12-24T21:17:39.002+0000] {processor.py:183} INFO - Processing /opt/airflow/dags/ecom.py took 0.059 seconds
[2025-12-24T21:18:09.871+0000] {processor.py:161} INFO - Started process (PID=38804) to work on /opt/airflow/dags/ecom.py
[2025-12-24T21:18:09.873+0000] {processor.py:830} INFO - Processing file /opt/airflow/dags/ecom.py for tasks to queue
[2025-12-24T21:18:09.874+0000] {logging_mixin.py:188} INFO - [2025-12-24T21:18:09.874+0000] {dagbag.py:538} INFO - Filling up the DagBag from /opt/airflow/dags/ecom.py
[2025-12-24T21:18:09.900+0000] {logging_mixin.py:188} INFO - [2025-12-24T21:18:09.899+0000] {dagbag.py:348} ERROR - Failed to import: /opt/airflow/dags/ecom.py
Traceback (most recent call last):
  File "/home/airflow/.local/lib/python3.8/site-packages/airflow/models/dagbag.py", line 344, in parse
    loader.exec_module(new_module)
  File "<frozen importlib._bootstrap_external>", line 839, in exec_module
  File "<frozen importlib._bootstrap_external>", line 976, in get_code
  File "<frozen importlib._bootstrap_external>", line 906, in source_to_code
  File "<frozen importlib._bootstrap>", line 219, in _call_with_frames_removed
  File "/opt/airflow/dags/ecom.py", line 20
    ) as dag:
    ^
SyntaxError: invalid syntax
[2025-12-24T21:18:09.900+0000] {processor.py:842} WARNING - No viable dags retrieved from /opt/airflow/dags/ecom.py
[2025-12-24T21:18:09.920+0000] {processor.py:183} INFO - Processing /opt/airflow/dags/ecom.py took 0.054 seconds
[2025-12-24T21:18:40.478+0000] {processor.py:161} INFO - Started process (PID=38862) to work on /opt/airflow/dags/ecom.py
[2025-12-24T21:18:40.480+0000] {processor.py:830} INFO - Processing file /opt/airflow/dags/ecom.py for tasks to queue
[2025-12-24T21:18:40.481+0000] {logging_mixin.py:188} INFO - [2025-12-24T21:18:40.481+0000] {dagbag.py:538} INFO - Filling up the DagBag from /opt/airflow/dags/ecom.py
[2025-12-24T21:18:40.500+0000] {logging_mixin.py:188} INFO - [2025-12-24T21:18:40.499+0000] {dagbag.py:348} ERROR - Failed to import: /opt/airflow/dags/ecom.py
Traceback (most recent call last):
  File "/home/airflow/.local/lib/python3.8/site-packages/airflow/models/dagbag.py", line 344, in parse
    loader.exec_module(new_module)
  File "<frozen importlib._bootstrap_external>", line 839, in exec_module
  File "<frozen importlib._bootstrap_external>", line 976, in get_code
  File "<frozen importlib._bootstrap_external>", line 906, in source_to_code
  File "<frozen importlib._bootstrap>", line 219, in _call_with_frames_removed
  File "/opt/airflow/dags/ecom.py", line 20
    ) as dag:
    ^
SyntaxError: invalid syntax
[2025-12-24T21:18:40.501+0000] {processor.py:842} WARNING - No viable dags retrieved from /opt/airflow/dags/ecom.py
[2025-12-24T21:18:40.522+0000] {processor.py:183} INFO - Processing /opt/airflow/dags/ecom.py took 0.047 seconds
[2025-12-24T21:18:42.693+0000] {processor.py:161} INFO - Started process (PID=38865) to work on /opt/airflow/dags/ecom.py
[2025-12-24T21:18:42.694+0000] {processor.py:830} INFO - Processing file /opt/airflow/dags/ecom.py for tasks to queue
[2025-12-24T21:18:42.695+0000] {logging_mixin.py:188} INFO - [2025-12-24T21:18:42.695+0000] {dagbag.py:538} INFO - Filling up the DagBag from /opt/airflow/dags/ecom.py
[2025-12-24T21:18:42.711+0000] {logging_mixin.py:188} INFO - [2025-12-24T21:18:42.710+0000] {dagbag.py:348} ERROR - Failed to import: /opt/airflow/dags/ecom.py
Traceback (most recent call last):
  File "/home/airflow/.local/lib/python3.8/site-packages/airflow/models/dagbag.py", line 344, in parse
    loader.exec_module(new_module)
  File "<frozen importlib._bootstrap_external>", line 839, in exec_module
  File "<frozen importlib._bootstrap_external>", line 976, in get_code
  File "<frozen importlib._bootstrap_external>", line 906, in source_to_code
  File "<frozen importlib._bootstrap>", line 219, in _call_with_frames_removed
  File "/opt/airflow/dags/ecom.py", line 21
    ) as dag:
    ^
SyntaxError: invalid syntax
[2025-12-24T21:18:42.712+0000] {processor.py:842} WARNING - No viable dags retrieved from /opt/airflow/dags/ecom.py
[2025-12-24T21:18:42.733+0000] {processor.py:183} INFO - Processing /opt/airflow/dags/ecom.py took 0.044 seconds
[2025-12-24T21:19:13.399+0000] {processor.py:161} INFO - Started process (PID=38923) to work on /opt/airflow/dags/ecom.py
[2025-12-24T21:19:13.400+0000] {processor.py:830} INFO - Processing file /opt/airflow/dags/ecom.py for tasks to queue
[2025-12-24T21:19:13.401+0000] {logging_mixin.py:188} INFO - [2025-12-24T21:19:13.401+0000] {dagbag.py:538} INFO - Filling up the DagBag from /opt/airflow/dags/ecom.py
[2025-12-24T21:19:13.422+0000] {logging_mixin.py:188} INFO - [2025-12-24T21:19:13.421+0000] {dagbag.py:348} ERROR - Failed to import: /opt/airflow/dags/ecom.py
Traceback (most recent call last):
  File "/home/airflow/.local/lib/python3.8/site-packages/airflow/models/dagbag.py", line 344, in parse
    loader.exec_module(new_module)
  File "<frozen importlib._bootstrap_external>", line 839, in exec_module
  File "<frozen importlib._bootstrap_external>", line 976, in get_code
  File "<frozen importlib._bootstrap_external>", line 906, in source_to_code
  File "<frozen importlib._bootstrap>", line 219, in _call_with_frames_removed
  File "/opt/airflow/dags/ecom.py", line 21
    ) as dag:
    ^
SyntaxError: invalid syntax
[2025-12-24T21:19:13.422+0000] {processor.py:842} WARNING - No viable dags retrieved from /opt/airflow/dags/ecom.py
[2025-12-24T21:19:13.446+0000] {processor.py:183} INFO - Processing /opt/airflow/dags/ecom.py took 0.051 seconds
[2025-12-24T21:19:32.682+0000] {processor.py:161} INFO - Started process (PID=38955) to work on /opt/airflow/dags/ecom.py
[2025-12-24T21:19:32.685+0000] {processor.py:830} INFO - Processing file /opt/airflow/dags/ecom.py for tasks to queue
[2025-12-24T21:19:32.686+0000] {logging_mixin.py:188} INFO - [2025-12-24T21:19:32.686+0000] {dagbag.py:538} INFO - Filling up the DagBag from /opt/airflow/dags/ecom.py
[2025-12-24T21:19:32.707+0000] {logging_mixin.py:188} INFO - [2025-12-24T21:19:32.706+0000] {dagbag.py:348} ERROR - Failed to import: /opt/airflow/dags/ecom.py
Traceback (most recent call last):
  File "/home/airflow/.local/lib/python3.8/site-packages/airflow/models/dagbag.py", line 344, in parse
    loader.exec_module(new_module)
  File "<frozen importlib._bootstrap_external>", line 839, in exec_module
  File "<frozen importlib._bootstrap_external>", line 976, in get_code
  File "<frozen importlib._bootstrap_external>", line 906, in source_to_code
  File "<frozen importlib._bootstrap>", line 219, in _call_with_frames_removed
  File "/opt/airflow/dags/ecom.py", line 21
    ) as dag:
    ^
SyntaxError: invalid syntax
[2025-12-24T21:19:32.707+0000] {processor.py:842} WARNING - No viable dags retrieved from /opt/airflow/dags/ecom.py
[2025-12-24T21:19:32.730+0000] {processor.py:183} INFO - Processing /opt/airflow/dags/ecom.py took 0.052 seconds
[2025-12-24T21:19:41.917+0000] {processor.py:161} INFO - Started process (PID=38980) to work on /opt/airflow/dags/ecom.py
[2025-12-24T21:19:41.918+0000] {processor.py:830} INFO - Processing file /opt/airflow/dags/ecom.py for tasks to queue
[2025-12-24T21:19:41.920+0000] {logging_mixin.py:188} INFO - [2025-12-24T21:19:41.919+0000] {dagbag.py:538} INFO - Filling up the DagBag from /opt/airflow/dags/ecom.py
[2025-12-24T21:19:41.936+0000] {logging_mixin.py:188} INFO - [2025-12-24T21:19:41.935+0000] {dagbag.py:348} ERROR - Failed to import: /opt/airflow/dags/ecom.py
Traceback (most recent call last):
  File "/home/airflow/.local/lib/python3.8/site-packages/airflow/models/dagbag.py", line 344, in parse
    loader.exec_module(new_module)
  File "<frozen importlib._bootstrap_external>", line 839, in exec_module
  File "<frozen importlib._bootstrap_external>", line 976, in get_code
  File "<frozen importlib._bootstrap_external>", line 906, in source_to_code
  File "<frozen importlib._bootstrap>", line 219, in _call_with_frames_removed
  File "/opt/airflow/dags/ecom.py", line 21
    ) as dag:
    ^
SyntaxError: invalid syntax
[2025-12-24T21:19:41.937+0000] {processor.py:842} WARNING - No viable dags retrieved from /opt/airflow/dags/ecom.py
[2025-12-24T21:19:41.963+0000] {processor.py:183} INFO - Processing /opt/airflow/dags/ecom.py took 0.050 seconds
[2025-12-24T21:19:50.486+0000] {processor.py:161} INFO - Started process (PID=38989) to work on /opt/airflow/dags/ecom.py
[2025-12-24T21:19:50.487+0000] {processor.py:830} INFO - Processing file /opt/airflow/dags/ecom.py for tasks to queue
[2025-12-24T21:19:50.489+0000] {logging_mixin.py:188} INFO - [2025-12-24T21:19:50.488+0000] {dagbag.py:538} INFO - Filling up the DagBag from /opt/airflow/dags/ecom.py
[2025-12-24T21:19:50.505+0000] {logging_mixin.py:188} INFO - [2025-12-24T21:19:50.504+0000] {dagbag.py:348} ERROR - Failed to import: /opt/airflow/dags/ecom.py
Traceback (most recent call last):
  File "/home/airflow/.local/lib/python3.8/site-packages/airflow/models/dagbag.py", line 344, in parse
    loader.exec_module(new_module)
  File "<frozen importlib._bootstrap_external>", line 839, in exec_module
  File "<frozen importlib._bootstrap_external>", line 976, in get_code
  File "<frozen importlib._bootstrap_external>", line 906, in source_to_code
  File "<frozen importlib._bootstrap>", line 219, in _call_with_frames_removed
  File "/opt/airflow/dags/ecom.py", line 21
    ) as dag:
    ^
SyntaxError: invalid syntax
[2025-12-24T21:19:50.505+0000] {processor.py:842} WARNING - No viable dags retrieved from /opt/airflow/dags/ecom.py
[2025-12-24T21:19:50.526+0000] {processor.py:183} INFO - Processing /opt/airflow/dags/ecom.py took 0.044 seconds
[2025-12-24T21:19:55.177+0000] {processor.py:161} INFO - Started process (PID=39008) to work on /opt/airflow/dags/ecom.py
[2025-12-24T21:19:55.178+0000] {processor.py:830} INFO - Processing file /opt/airflow/dags/ecom.py for tasks to queue
[2025-12-24T21:19:55.180+0000] {logging_mixin.py:188} INFO - [2025-12-24T21:19:55.180+0000] {dagbag.py:538} INFO - Filling up the DagBag from /opt/airflow/dags/ecom.py
[2025-12-24T21:19:55.207+0000] {logging_mixin.py:188} INFO - [2025-12-24T21:19:55.205+0000] {dagbag.py:348} ERROR - Failed to import: /opt/airflow/dags/ecom.py
Traceback (most recent call last):
  File "/home/airflow/.local/lib/python3.8/site-packages/airflow/models/dagbag.py", line 344, in parse
    loader.exec_module(new_module)
  File "<frozen importlib._bootstrap_external>", line 839, in exec_module
  File "<frozen importlib._bootstrap_external>", line 976, in get_code
  File "<frozen importlib._bootstrap_external>", line 906, in source_to_code
  File "<frozen importlib._bootstrap>", line 219, in _call_with_frames_removed
  File "/opt/airflow/dags/ecom.py", line 21
    ) as dag:
    ^
SyntaxError: invalid syntax
[2025-12-24T21:19:55.208+0000] {processor.py:842} WARNING - No viable dags retrieved from /opt/airflow/dags/ecom.py
[2025-12-24T21:19:55.269+0000] {processor.py:183} INFO - Processing /opt/airflow/dags/ecom.py took 0.097 seconds
[2025-12-24T21:20:00.249+0000] {processor.py:161} INFO - Started process (PID=39009) to work on /opt/airflow/dags/ecom.py
[2025-12-24T21:20:00.251+0000] {processor.py:830} INFO - Processing file /opt/airflow/dags/ecom.py for tasks to queue
[2025-12-24T21:20:00.252+0000] {logging_mixin.py:188} INFO - [2025-12-24T21:20:00.251+0000] {dagbag.py:538} INFO - Filling up the DagBag from /opt/airflow/dags/ecom.py
[2025-12-24T21:20:00.268+0000] {logging_mixin.py:188} INFO - [2025-12-24T21:20:00.267+0000] {dagbag.py:348} ERROR - Failed to import: /opt/airflow/dags/ecom.py
Traceback (most recent call last):
  File "/home/airflow/.local/lib/python3.8/site-packages/airflow/models/dagbag.py", line 344, in parse
    loader.exec_module(new_module)
  File "<frozen importlib._bootstrap_external>", line 839, in exec_module
  File "<frozen importlib._bootstrap_external>", line 976, in get_code
  File "<frozen importlib._bootstrap_external>", line 906, in source_to_code
  File "<frozen importlib._bootstrap>", line 219, in _call_with_frames_removed
  File "/opt/airflow/dags/ecom.py", line 21
    ) as dag:
    ^
SyntaxError: invalid syntax
[2025-12-24T21:20:00.268+0000] {processor.py:842} WARNING - No viable dags retrieved from /opt/airflow/dags/ecom.py
[2025-12-24T21:20:00.297+0000] {processor.py:183} INFO - Processing /opt/airflow/dags/ecom.py took 0.054 seconds
[2025-12-24T21:20:02.271+0000] {processor.py:161} INFO - Started process (PID=39017) to work on /opt/airflow/dags/ecom.py
[2025-12-24T21:20:02.273+0000] {processor.py:830} INFO - Processing file /opt/airflow/dags/ecom.py for tasks to queue
[2025-12-24T21:20:02.275+0000] {logging_mixin.py:188} INFO - [2025-12-24T21:20:02.274+0000] {dagbag.py:538} INFO - Filling up the DagBag from /opt/airflow/dags/ecom.py
[2025-12-24T21:20:02.301+0000] {logging_mixin.py:188} INFO - [2025-12-24T21:20:02.300+0000] {dagbag.py:348} ERROR - Failed to import: /opt/airflow/dags/ecom.py
Traceback (most recent call last):
  File "/home/airflow/.local/lib/python3.8/site-packages/airflow/models/dagbag.py", line 344, in parse
    loader.exec_module(new_module)
  File "<frozen importlib._bootstrap_external>", line 839, in exec_module
  File "<frozen importlib._bootstrap_external>", line 976, in get_code
  File "<frozen importlib._bootstrap_external>", line 906, in source_to_code
  File "<frozen importlib._bootstrap>", line 219, in _call_with_frames_removed
  File "/opt/airflow/dags/ecom.py", line 21
    ) as dag:
    ^
SyntaxError: invalid syntax
[2025-12-24T21:20:02.302+0000] {processor.py:842} WARNING - No viable dags retrieved from /opt/airflow/dags/ecom.py
[2025-12-24T21:20:02.377+0000] {processor.py:183} INFO - Processing /opt/airflow/dags/ecom.py took 0.113 seconds
[2025-12-24T21:20:04.919+0000] {processor.py:161} INFO - Started process (PID=39028) to work on /opt/airflow/dags/ecom.py
[2025-12-24T21:20:04.920+0000] {processor.py:830} INFO - Processing file /opt/airflow/dags/ecom.py for tasks to queue
[2025-12-24T21:20:04.925+0000] {logging_mixin.py:188} INFO - [2025-12-24T21:20:04.924+0000] {dagbag.py:538} INFO - Filling up the DagBag from /opt/airflow/dags/ecom.py
[2025-12-24T21:20:04.980+0000] {logging_mixin.py:188} INFO - [2025-12-24T21:20:04.979+0000] {dagbag.py:348} ERROR - Failed to import: /opt/airflow/dags/ecom.py
Traceback (most recent call last):
  File "/home/airflow/.local/lib/python3.8/site-packages/airflow/models/dagbag.py", line 344, in parse
    loader.exec_module(new_module)
  File "<frozen importlib._bootstrap_external>", line 839, in exec_module
  File "<frozen importlib._bootstrap_external>", line 976, in get_code
  File "<frozen importlib._bootstrap_external>", line 906, in source_to_code
  File "<frozen importlib._bootstrap>", line 219, in _call_with_frames_removed
  File "/opt/airflow/dags/ecom.py", line 21
    ) as dag:
    ^
SyntaxError: invalid syntax
[2025-12-24T21:20:04.981+0000] {processor.py:842} WARNING - No viable dags retrieved from /opt/airflow/dags/ecom.py
[2025-12-24T21:20:05.034+0000] {processor.py:183} INFO - Processing /opt/airflow/dags/ecom.py took 0.121 seconds
[2025-12-24T21:20:06.349+0000] {processor.py:161} INFO - Started process (PID=39030) to work on /opt/airflow/dags/ecom.py
[2025-12-24T21:20:06.351+0000] {processor.py:830} INFO - Processing file /opt/airflow/dags/ecom.py for tasks to queue
[2025-12-24T21:20:06.352+0000] {logging_mixin.py:188} INFO - [2025-12-24T21:20:06.352+0000] {dagbag.py:538} INFO - Filling up the DagBag from /opt/airflow/dags/ecom.py
[2025-12-24T21:20:06.377+0000] {logging_mixin.py:188} INFO - [2025-12-24T21:20:06.375+0000] {dagbag.py:348} ERROR - Failed to import: /opt/airflow/dags/ecom.py
Traceback (most recent call last):
  File "/home/airflow/.local/lib/python3.8/site-packages/airflow/models/dagbag.py", line 344, in parse
    loader.exec_module(new_module)
  File "<frozen importlib._bootstrap_external>", line 839, in exec_module
  File "<frozen importlib._bootstrap_external>", line 976, in get_code
  File "<frozen importlib._bootstrap_external>", line 906, in source_to_code
  File "<frozen importlib._bootstrap>", line 219, in _call_with_frames_removed
  File "/opt/airflow/dags/ecom.py", line 21
    ) as dag:
    ^
SyntaxError: invalid syntax
[2025-12-24T21:20:06.378+0000] {processor.py:842} WARNING - No viable dags retrieved from /opt/airflow/dags/ecom.py
[2025-12-24T21:20:06.422+0000] {processor.py:183} INFO - Processing /opt/airflow/dags/ecom.py took 0.079 seconds
[2025-12-24T21:20:11.497+0000] {processor.py:161} INFO - Started process (PID=39043) to work on /opt/airflow/dags/ecom.py
[2025-12-24T21:20:11.499+0000] {processor.py:830} INFO - Processing file /opt/airflow/dags/ecom.py for tasks to queue
[2025-12-24T21:20:11.500+0000] {logging_mixin.py:188} INFO - [2025-12-24T21:20:11.500+0000] {dagbag.py:538} INFO - Filling up the DagBag from /opt/airflow/dags/ecom.py
[2025-12-24T21:20:11.517+0000] {logging_mixin.py:188} INFO - [2025-12-24T21:20:11.516+0000] {dagbag.py:348} ERROR - Failed to import: /opt/airflow/dags/ecom.py
Traceback (most recent call last):
  File "/home/airflow/.local/lib/python3.8/site-packages/airflow/models/dagbag.py", line 344, in parse
    loader.exec_module(new_module)
  File "<frozen importlib._bootstrap_external>", line 839, in exec_module
  File "<frozen importlib._bootstrap_external>", line 976, in get_code
  File "<frozen importlib._bootstrap_external>", line 906, in source_to_code
  File "<frozen importlib._bootstrap>", line 219, in _call_with_frames_removed
  File "/opt/airflow/dags/ecom.py", line 21
    ) as dag:
    ^
SyntaxError: invalid syntax
[2025-12-24T21:20:11.518+0000] {processor.py:842} WARNING - No viable dags retrieved from /opt/airflow/dags/ecom.py
[2025-12-24T21:20:11.551+0000] {processor.py:183} INFO - Processing /opt/airflow/dags/ecom.py took 0.059 seconds
[2025-12-24T21:20:13.544+0000] {processor.py:161} INFO - Started process (PID=39044) to work on /opt/airflow/dags/ecom.py
[2025-12-24T21:20:13.546+0000] {processor.py:830} INFO - Processing file /opt/airflow/dags/ecom.py for tasks to queue
[2025-12-24T21:20:13.548+0000] {logging_mixin.py:188} INFO - [2025-12-24T21:20:13.547+0000] {dagbag.py:538} INFO - Filling up the DagBag from /opt/airflow/dags/ecom.py
[2025-12-24T21:20:13.574+0000] {logging_mixin.py:188} INFO - [2025-12-24T21:20:13.572+0000] {dagbag.py:348} ERROR - Failed to import: /opt/airflow/dags/ecom.py
Traceback (most recent call last):
  File "/home/airflow/.local/lib/python3.8/site-packages/airflow/models/dagbag.py", line 344, in parse
    loader.exec_module(new_module)
  File "<frozen importlib._bootstrap_external>", line 839, in exec_module
  File "<frozen importlib._bootstrap_external>", line 976, in get_code
  File "<frozen importlib._bootstrap_external>", line 906, in source_to_code
  File "<frozen importlib._bootstrap>", line 219, in _call_with_frames_removed
  File "/opt/airflow/dags/ecom.py", line 21
    ) as dag:
    ^
SyntaxError: invalid syntax
[2025-12-24T21:20:13.575+0000] {processor.py:842} WARNING - No viable dags retrieved from /opt/airflow/dags/ecom.py
[2025-12-24T21:20:13.600+0000] {processor.py:183} INFO - Processing /opt/airflow/dags/ecom.py took 0.060 seconds
[2025-12-24T21:20:15.852+0000] {processor.py:161} INFO - Started process (PID=39048) to work on /opt/airflow/dags/ecom.py
[2025-12-24T21:20:15.856+0000] {processor.py:830} INFO - Processing file /opt/airflow/dags/ecom.py for tasks to queue
[2025-12-24T21:20:15.858+0000] {logging_mixin.py:188} INFO - [2025-12-24T21:20:15.857+0000] {dagbag.py:538} INFO - Filling up the DagBag from /opt/airflow/dags/ecom.py
[2025-12-24T21:20:15.890+0000] {logging_mixin.py:188} INFO - [2025-12-24T21:20:15.889+0000] {dagbag.py:348} ERROR - Failed to import: /opt/airflow/dags/ecom.py
Traceback (most recent call last):
  File "/home/airflow/.local/lib/python3.8/site-packages/airflow/models/dagbag.py", line 344, in parse
    loader.exec_module(new_module)
  File "<frozen importlib._bootstrap_external>", line 839, in exec_module
  File "<frozen importlib._bootstrap_external>", line 976, in get_code
  File "<frozen importlib._bootstrap_external>", line 906, in source_to_code
  File "<frozen importlib._bootstrap>", line 219, in _call_with_frames_removed
  File "/opt/airflow/dags/ecom.py", line 21
    ) as dag:
    ^
SyntaxError: invalid syntax
[2025-12-24T21:20:15.891+0000] {processor.py:842} WARNING - No viable dags retrieved from /opt/airflow/dags/ecom.py
[2025-12-24T21:20:15.928+0000] {processor.py:183} INFO - Processing /opt/airflow/dags/ecom.py took 0.083 seconds
[2025-12-24T21:20:25.891+0000] {processor.py:161} INFO - Started process (PID=39072) to work on /opt/airflow/dags/ecom.py
[2025-12-24T21:20:25.893+0000] {processor.py:830} INFO - Processing file /opt/airflow/dags/ecom.py for tasks to queue
[2025-12-24T21:20:25.894+0000] {logging_mixin.py:188} INFO - [2025-12-24T21:20:25.894+0000] {dagbag.py:538} INFO - Filling up the DagBag from /opt/airflow/dags/ecom.py
[2025-12-24T21:20:25.927+0000] {logging_mixin.py:188} INFO - [2025-12-24T21:20:25.926+0000] {dagbag.py:348} ERROR - Failed to import: /opt/airflow/dags/ecom.py
Traceback (most recent call last):
  File "/home/airflow/.local/lib/python3.8/site-packages/airflow/models/dagbag.py", line 344, in parse
    loader.exec_module(new_module)
  File "<frozen importlib._bootstrap_external>", line 839, in exec_module
  File "<frozen importlib._bootstrap_external>", line 976, in get_code
  File "<frozen importlib._bootstrap_external>", line 906, in source_to_code
  File "<frozen importlib._bootstrap>", line 219, in _call_with_frames_removed
  File "/opt/airflow/dags/ecom.py", line 21
    ) as dag:
    ^
SyntaxError: invalid syntax
[2025-12-24T21:20:25.928+0000] {processor.py:842} WARNING - No viable dags retrieved from /opt/airflow/dags/ecom.py
[2025-12-24T21:20:25.997+0000] {processor.py:183} INFO - Processing /opt/airflow/dags/ecom.py took 0.111 seconds
[2025-12-24T21:20:27.925+0000] {processor.py:161} INFO - Started process (PID=39073) to work on /opt/airflow/dags/ecom.py
[2025-12-24T21:20:27.927+0000] {processor.py:830} INFO - Processing file /opt/airflow/dags/ecom.py for tasks to queue
[2025-12-24T21:20:27.928+0000] {logging_mixin.py:188} INFO - [2025-12-24T21:20:27.928+0000] {dagbag.py:538} INFO - Filling up the DagBag from /opt/airflow/dags/ecom.py
[2025-12-24T21:20:27.942+0000] {logging_mixin.py:188} INFO - [2025-12-24T21:20:27.941+0000] {dagbag.py:348} ERROR - Failed to import: /opt/airflow/dags/ecom.py
Traceback (most recent call last):
  File "/home/airflow/.local/lib/python3.8/site-packages/airflow/models/dagbag.py", line 344, in parse
    loader.exec_module(new_module)
  File "<frozen importlib._bootstrap_external>", line 839, in exec_module
  File "<frozen importlib._bootstrap_external>", line 976, in get_code
  File "<frozen importlib._bootstrap_external>", line 906, in source_to_code
  File "<frozen importlib._bootstrap>", line 219, in _call_with_frames_removed
  File "/opt/airflow/dags/ecom.py", line 21
    ) as dag:
    ^
SyntaxError: invalid syntax
[2025-12-24T21:20:27.943+0000] {processor.py:842} WARNING - No viable dags retrieved from /opt/airflow/dags/ecom.py
[2025-12-24T21:20:27.971+0000] {processor.py:183} INFO - Processing /opt/airflow/dags/ecom.py took 0.052 seconds
[2025-12-24T21:20:30.964+0000] {processor.py:161} INFO - Started process (PID=39074) to work on /opt/airflow/dags/ecom.py
[2025-12-24T21:20:30.965+0000] {processor.py:830} INFO - Processing file /opt/airflow/dags/ecom.py for tasks to queue
[2025-12-24T21:20:30.968+0000] {logging_mixin.py:188} INFO - [2025-12-24T21:20:30.967+0000] {dagbag.py:538} INFO - Filling up the DagBag from /opt/airflow/dags/ecom.py
[2025-12-24T21:20:30.989+0000] {logging_mixin.py:188} INFO - [2025-12-24T21:20:30.987+0000] {dagbag.py:348} ERROR - Failed to import: /opt/airflow/dags/ecom.py
Traceback (most recent call last):
  File "/home/airflow/.local/lib/python3.8/site-packages/airflow/models/dagbag.py", line 344, in parse
    loader.exec_module(new_module)
  File "<frozen importlib._bootstrap_external>", line 839, in exec_module
  File "<frozen importlib._bootstrap_external>", line 976, in get_code
  File "<frozen importlib._bootstrap_external>", line 906, in source_to_code
  File "<frozen importlib._bootstrap>", line 219, in _call_with_frames_removed
  File "/opt/airflow/dags/ecom.py", line 21
    ) as dag:
    ^
SyntaxError: invalid syntax
[2025-12-24T21:20:30.990+0000] {processor.py:842} WARNING - No viable dags retrieved from /opt/airflow/dags/ecom.py
[2025-12-24T21:20:31.026+0000] {processor.py:183} INFO - Processing /opt/airflow/dags/ecom.py took 0.067 seconds
[2025-12-24T21:20:32.685+0000] {processor.py:161} INFO - Started process (PID=39082) to work on /opt/airflow/dags/ecom.py
[2025-12-24T21:20:32.687+0000] {processor.py:830} INFO - Processing file /opt/airflow/dags/ecom.py for tasks to queue
[2025-12-24T21:20:32.688+0000] {logging_mixin.py:188} INFO - [2025-12-24T21:20:32.688+0000] {dagbag.py:538} INFO - Filling up the DagBag from /opt/airflow/dags/ecom.py
[2025-12-24T21:20:32.712+0000] {logging_mixin.py:188} INFO - [2025-12-24T21:20:32.711+0000] {dagbag.py:348} ERROR - Failed to import: /opt/airflow/dags/ecom.py
Traceback (most recent call last):
  File "/home/airflow/.local/lib/python3.8/site-packages/airflow/models/dagbag.py", line 344, in parse
    loader.exec_module(new_module)
  File "<frozen importlib._bootstrap_external>", line 839, in exec_module
  File "<frozen importlib._bootstrap_external>", line 976, in get_code
  File "<frozen importlib._bootstrap_external>", line 906, in source_to_code
  File "<frozen importlib._bootstrap>", line 219, in _call_with_frames_removed
  File "/opt/airflow/dags/ecom.py", line 21
    ) as dag:
    ^
SyntaxError: invalid syntax
[2025-12-24T21:20:32.713+0000] {processor.py:842} WARNING - No viable dags retrieved from /opt/airflow/dags/ecom.py
[2025-12-24T21:20:32.748+0000] {processor.py:183} INFO - Processing /opt/airflow/dags/ecom.py took 0.068 seconds
[2025-12-24T21:20:33.816+0000] {processor.py:161} INFO - Started process (PID=39083) to work on /opt/airflow/dags/ecom.py
[2025-12-24T21:20:33.821+0000] {processor.py:830} INFO - Processing file /opt/airflow/dags/ecom.py for tasks to queue
[2025-12-24T21:20:33.825+0000] {logging_mixin.py:188} INFO - [2025-12-24T21:20:33.824+0000] {dagbag.py:538} INFO - Filling up the DagBag from /opt/airflow/dags/ecom.py
[2025-12-24T21:20:33.844+0000] {logging_mixin.py:188} INFO - [2025-12-24T21:20:33.843+0000] {dagbag.py:348} ERROR - Failed to import: /opt/airflow/dags/ecom.py
Traceback (most recent call last):
  File "/home/airflow/.local/lib/python3.8/site-packages/airflow/models/dagbag.py", line 344, in parse
    loader.exec_module(new_module)
  File "<frozen importlib._bootstrap_external>", line 839, in exec_module
  File "<frozen importlib._bootstrap_external>", line 976, in get_code
  File "<frozen importlib._bootstrap_external>", line 906, in source_to_code
  File "<frozen importlib._bootstrap>", line 219, in _call_with_frames_removed
  File "/opt/airflow/dags/ecom.py", line 21
    ) as dag:
    ^
SyntaxError: invalid syntax
[2025-12-24T21:20:33.845+0000] {processor.py:842} WARNING - No viable dags retrieved from /opt/airflow/dags/ecom.py
[2025-12-24T21:20:33.877+0000] {processor.py:183} INFO - Processing /opt/airflow/dags/ecom.py took 0.066 seconds
[2025-12-24T21:20:37.477+0000] {processor.py:161} INFO - Started process (PID=39100) to work on /opt/airflow/dags/ecom.py
[2025-12-24T21:20:37.478+0000] {processor.py:830} INFO - Processing file /opt/airflow/dags/ecom.py for tasks to queue
[2025-12-24T21:20:37.479+0000] {logging_mixin.py:188} INFO - [2025-12-24T21:20:37.479+0000] {dagbag.py:538} INFO - Filling up the DagBag from /opt/airflow/dags/ecom.py
[2025-12-24T21:20:37.497+0000] {logging_mixin.py:188} INFO - [2025-12-24T21:20:37.497+0000] {dagbag.py:348} ERROR - Failed to import: /opt/airflow/dags/ecom.py
Traceback (most recent call last):
  File "/home/airflow/.local/lib/python3.8/site-packages/airflow/models/dagbag.py", line 344, in parse
    loader.exec_module(new_module)
  File "<frozen importlib._bootstrap_external>", line 839, in exec_module
  File "<frozen importlib._bootstrap_external>", line 976, in get_code
  File "<frozen importlib._bootstrap_external>", line 906, in source_to_code
  File "<frozen importlib._bootstrap>", line 219, in _call_with_frames_removed
  File "/opt/airflow/dags/ecom.py", line 21
    ) as dag:
    ^
SyntaxError: invalid syntax
[2025-12-24T21:20:37.498+0000] {processor.py:842} WARNING - No viable dags retrieved from /opt/airflow/dags/ecom.py
[2025-12-24T21:20:37.522+0000] {processor.py:183} INFO - Processing /opt/airflow/dags/ecom.py took 0.050 seconds
[2025-12-24T21:20:40.972+0000] {processor.py:161} INFO - Started process (PID=39107) to work on /opt/airflow/dags/ecom.py
[2025-12-24T21:20:40.973+0000] {processor.py:830} INFO - Processing file /opt/airflow/dags/ecom.py for tasks to queue
[2025-12-24T21:20:40.974+0000] {logging_mixin.py:188} INFO - [2025-12-24T21:20:40.973+0000] {dagbag.py:538} INFO - Filling up the DagBag from /opt/airflow/dags/ecom.py
[2025-12-24T21:20:40.989+0000] {logging_mixin.py:188} INFO - [2025-12-24T21:20:40.988+0000] {dagbag.py:348} ERROR - Failed to import: /opt/airflow/dags/ecom.py
Traceback (most recent call last):
  File "/home/airflow/.local/lib/python3.8/site-packages/airflow/models/dagbag.py", line 344, in parse
    loader.exec_module(new_module)
  File "<frozen importlib._bootstrap_external>", line 839, in exec_module
  File "<frozen importlib._bootstrap_external>", line 976, in get_code
  File "<frozen importlib._bootstrap_external>", line 906, in source_to_code
  File "<frozen importlib._bootstrap>", line 219, in _call_with_frames_removed
  File "/opt/airflow/dags/ecom.py", line 21
    ) as dag:
    ^
SyntaxError: invalid syntax
[2025-12-24T21:20:40.989+0000] {processor.py:842} WARNING - No viable dags retrieved from /opt/airflow/dags/ecom.py
[2025-12-24T21:20:41.016+0000] {processor.py:183} INFO - Processing /opt/airflow/dags/ecom.py took 0.049 seconds
[2025-12-24T21:20:48.346+0000] {processor.py:161} INFO - Started process (PID=39114) to work on /opt/airflow/dags/ecom.py
[2025-12-24T21:20:48.349+0000] {processor.py:830} INFO - Processing file /opt/airflow/dags/ecom.py for tasks to queue
[2025-12-24T21:20:48.351+0000] {logging_mixin.py:188} INFO - [2025-12-24T21:20:48.350+0000] {dagbag.py:538} INFO - Filling up the DagBag from /opt/airflow/dags/ecom.py
[2025-12-24T21:20:48.379+0000] {logging_mixin.py:188} INFO - [2025-12-24T21:20:48.378+0000] {dagbag.py:348} ERROR - Failed to import: /opt/airflow/dags/ecom.py
Traceback (most recent call last):
  File "/home/airflow/.local/lib/python3.8/site-packages/airflow/models/dagbag.py", line 344, in parse
    loader.exec_module(new_module)
  File "<frozen importlib._bootstrap_external>", line 839, in exec_module
  File "<frozen importlib._bootstrap_external>", line 976, in get_code
  File "<frozen importlib._bootstrap_external>", line 906, in source_to_code
  File "<frozen importlib._bootstrap>", line 219, in _call_with_frames_removed
  File "/opt/airflow/dags/ecom.py", line 21
    ) as dag:
    ^
SyntaxError: invalid syntax
[2025-12-24T21:20:48.380+0000] {processor.py:842} WARNING - No viable dags retrieved from /opt/airflow/dags/ecom.py
[2025-12-24T21:20:48.417+0000] {processor.py:183} INFO - Processing /opt/airflow/dags/ecom.py took 0.079 seconds
[2025-12-24T21:21:03.120+0000] {processor.py:161} INFO - Started process (PID=39144) to work on /opt/airflow/dags/ecom.py
[2025-12-24T21:21:03.121+0000] {processor.py:830} INFO - Processing file /opt/airflow/dags/ecom.py for tasks to queue
[2025-12-24T21:21:03.123+0000] {logging_mixin.py:188} INFO - [2025-12-24T21:21:03.122+0000] {dagbag.py:538} INFO - Filling up the DagBag from /opt/airflow/dags/ecom.py
[2025-12-24T21:21:03.142+0000] {logging_mixin.py:188} INFO - [2025-12-24T21:21:03.141+0000] {dagbag.py:348} ERROR - Failed to import: /opt/airflow/dags/ecom.py
Traceback (most recent call last):
  File "/home/airflow/.local/lib/python3.8/site-packages/airflow/models/dagbag.py", line 344, in parse
    loader.exec_module(new_module)
  File "<frozen importlib._bootstrap_external>", line 839, in exec_module
  File "<frozen importlib._bootstrap_external>", line 976, in get_code
  File "<frozen importlib._bootstrap_external>", line 906, in source_to_code
  File "<frozen importlib._bootstrap>", line 219, in _call_with_frames_removed
  File "/opt/airflow/dags/ecom.py", line 25
    ) as dag:
    ^
SyntaxError: invalid syntax
[2025-12-24T21:21:03.143+0000] {processor.py:842} WARNING - No viable dags retrieved from /opt/airflow/dags/ecom.py
[2025-12-24T21:21:03.169+0000] {processor.py:183} INFO - Processing /opt/airflow/dags/ecom.py took 0.055 seconds
[2025-12-24T21:21:06.564+0000] {processor.py:161} INFO - Started process (PID=39157) to work on /opt/airflow/dags/ecom.py
[2025-12-24T21:21:06.565+0000] {processor.py:830} INFO - Processing file /opt/airflow/dags/ecom.py for tasks to queue
[2025-12-24T21:21:06.567+0000] {logging_mixin.py:188} INFO - [2025-12-24T21:21:06.566+0000] {dagbag.py:538} INFO - Filling up the DagBag from /opt/airflow/dags/ecom.py
[2025-12-24T21:21:06.581+0000] {logging_mixin.py:188} INFO - [2025-12-24T21:21:06.580+0000] {dagbag.py:348} ERROR - Failed to import: /opt/airflow/dags/ecom.py
Traceback (most recent call last):
  File "/home/airflow/.local/lib/python3.8/site-packages/airflow/models/dagbag.py", line 344, in parse
    loader.exec_module(new_module)
  File "<frozen importlib._bootstrap_external>", line 839, in exec_module
  File "<frozen importlib._bootstrap_external>", line 976, in get_code
  File "<frozen importlib._bootstrap_external>", line 906, in source_to_code
  File "<frozen importlib._bootstrap>", line 219, in _call_with_frames_removed
  File "/opt/airflow/dags/ecom.py", line 27
    ) as dag:
    ^
SyntaxError: invalid syntax
[2025-12-24T21:21:06.582+0000] {processor.py:842} WARNING - No viable dags retrieved from /opt/airflow/dags/ecom.py
[2025-12-24T21:21:06.603+0000] {processor.py:183} INFO - Processing /opt/airflow/dags/ecom.py took 0.043 seconds
[2025-12-24T21:21:09.671+0000] {processor.py:161} INFO - Started process (PID=39169) to work on /opt/airflow/dags/ecom.py
[2025-12-24T21:21:09.672+0000] {processor.py:830} INFO - Processing file /opt/airflow/dags/ecom.py for tasks to queue
[2025-12-24T21:21:09.673+0000] {logging_mixin.py:188} INFO - [2025-12-24T21:21:09.673+0000] {dagbag.py:538} INFO - Filling up the DagBag from /opt/airflow/dags/ecom.py
[2025-12-24T21:21:09.689+0000] {logging_mixin.py:188} INFO - [2025-12-24T21:21:09.688+0000] {dagbag.py:348} ERROR - Failed to import: /opt/airflow/dags/ecom.py
Traceback (most recent call last):
  File "/home/airflow/.local/lib/python3.8/site-packages/airflow/models/dagbag.py", line 344, in parse
    loader.exec_module(new_module)
  File "<frozen importlib._bootstrap_external>", line 839, in exec_module
  File "<frozen importlib._bootstrap_external>", line 976, in get_code
  File "<frozen importlib._bootstrap_external>", line 906, in source_to_code
  File "<frozen importlib._bootstrap>", line 219, in _call_with_frames_removed
  File "/opt/airflow/dags/ecom.py", line 27
    ) as dag:
    ^
SyntaxError: invalid syntax
[2025-12-24T21:21:09.690+0000] {processor.py:842} WARNING - No viable dags retrieved from /opt/airflow/dags/ecom.py
[2025-12-24T21:21:09.718+0000] {processor.py:183} INFO - Processing /opt/airflow/dags/ecom.py took 0.051 seconds
[2025-12-24T21:21:13.801+0000] {processor.py:161} INFO - Started process (PID=39172) to work on /opt/airflow/dags/ecom.py
[2025-12-24T21:21:13.803+0000] {processor.py:830} INFO - Processing file /opt/airflow/dags/ecom.py for tasks to queue
[2025-12-24T21:21:13.804+0000] {logging_mixin.py:188} INFO - [2025-12-24T21:21:13.803+0000] {dagbag.py:538} INFO - Filling up the DagBag from /opt/airflow/dags/ecom.py
[2025-12-24T21:21:13.822+0000] {logging_mixin.py:188} INFO - [2025-12-24T21:21:13.821+0000] {dagbag.py:348} ERROR - Failed to import: /opt/airflow/dags/ecom.py
Traceback (most recent call last):
  File "/home/airflow/.local/lib/python3.8/site-packages/airflow/models/dagbag.py", line 344, in parse
    loader.exec_module(new_module)
  File "<frozen importlib._bootstrap_external>", line 839, in exec_module
  File "<frozen importlib._bootstrap_external>", line 976, in get_code
  File "<frozen importlib._bootstrap_external>", line 906, in source_to_code
  File "<frozen importlib._bootstrap>", line 219, in _call_with_frames_removed
  File "/opt/airflow/dags/ecom.py", line 27
    ) as dag:
    ^
SyntaxError: invalid syntax
[2025-12-24T21:21:13.822+0000] {processor.py:842} WARNING - No viable dags retrieved from /opt/airflow/dags/ecom.py
[2025-12-24T21:21:13.844+0000] {processor.py:183} INFO - Processing /opt/airflow/dags/ecom.py took 0.047 seconds
[2025-12-24T21:21:17.205+0000] {processor.py:161} INFO - Started process (PID=39176) to work on /opt/airflow/dags/ecom.py
[2025-12-24T21:21:17.208+0000] {processor.py:830} INFO - Processing file /opt/airflow/dags/ecom.py for tasks to queue
[2025-12-24T21:21:17.210+0000] {logging_mixin.py:188} INFO - [2025-12-24T21:21:17.209+0000] {dagbag.py:538} INFO - Filling up the DagBag from /opt/airflow/dags/ecom.py
[2025-12-24T21:21:17.231+0000] {logging_mixin.py:188} INFO - [2025-12-24T21:21:17.230+0000] {dagbag.py:348} ERROR - Failed to import: /opt/airflow/dags/ecom.py
Traceback (most recent call last):
  File "/home/airflow/.local/lib/python3.8/site-packages/airflow/models/dagbag.py", line 344, in parse
    loader.exec_module(new_module)
  File "<frozen importlib._bootstrap_external>", line 839, in exec_module
  File "<frozen importlib._bootstrap_external>", line 976, in get_code
  File "<frozen importlib._bootstrap_external>", line 906, in source_to_code
  File "<frozen importlib._bootstrap>", line 219, in _call_with_frames_removed
  File "/opt/airflow/dags/ecom.py", line 27
    ) as dag:
    ^
SyntaxError: invalid syntax
[2025-12-24T21:21:17.232+0000] {processor.py:842} WARNING - No viable dags retrieved from /opt/airflow/dags/ecom.py
[2025-12-24T21:21:17.283+0000] {processor.py:183} INFO - Processing /opt/airflow/dags/ecom.py took 0.102 seconds
[2025-12-24T21:21:23.052+0000] {processor.py:161} INFO - Started process (PID=39180) to work on /opt/airflow/dags/ecom.py
[2025-12-24T21:21:23.053+0000] {processor.py:830} INFO - Processing file /opt/airflow/dags/ecom.py for tasks to queue
[2025-12-24T21:21:23.054+0000] {logging_mixin.py:188} INFO - [2025-12-24T21:21:23.054+0000] {dagbag.py:538} INFO - Filling up the DagBag from /opt/airflow/dags/ecom.py
[2025-12-24T21:21:23.070+0000] {logging_mixin.py:188} INFO - [2025-12-24T21:21:23.069+0000] {dagbag.py:348} ERROR - Failed to import: /opt/airflow/dags/ecom.py
Traceback (most recent call last):
  File "/home/airflow/.local/lib/python3.8/site-packages/airflow/models/dagbag.py", line 344, in parse
    loader.exec_module(new_module)
  File "<frozen importlib._bootstrap_external>", line 839, in exec_module
  File "<frozen importlib._bootstrap_external>", line 976, in get_code
  File "<frozen importlib._bootstrap_external>", line 906, in source_to_code
  File "<frozen importlib._bootstrap>", line 219, in _call_with_frames_removed
  File "/opt/airflow/dags/ecom.py", line 27
    ) as dag:
    ^
SyntaxError: invalid syntax
[2025-12-24T21:21:23.071+0000] {processor.py:842} WARNING - No viable dags retrieved from /opt/airflow/dags/ecom.py
[2025-12-24T21:21:23.098+0000] {processor.py:183} INFO - Processing /opt/airflow/dags/ecom.py took 0.052 seconds
[2025-12-24T21:21:24.168+0000] {processor.py:161} INFO - Started process (PID=39185) to work on /opt/airflow/dags/ecom.py
[2025-12-24T21:21:24.170+0000] {processor.py:830} INFO - Processing file /opt/airflow/dags/ecom.py for tasks to queue
[2025-12-24T21:21:24.171+0000] {logging_mixin.py:188} INFO - [2025-12-24T21:21:24.171+0000] {dagbag.py:538} INFO - Filling up the DagBag from /opt/airflow/dags/ecom.py
[2025-12-24T21:21:24.195+0000] {logging_mixin.py:188} INFO - [2025-12-24T21:21:24.194+0000] {dagbag.py:348} ERROR - Failed to import: /opt/airflow/dags/ecom.py
Traceback (most recent call last):
  File "/home/airflow/.local/lib/python3.8/site-packages/airflow/models/dagbag.py", line 344, in parse
    loader.exec_module(new_module)
  File "<frozen importlib._bootstrap_external>", line 839, in exec_module
  File "<frozen importlib._bootstrap_external>", line 976, in get_code
  File "<frozen importlib._bootstrap_external>", line 906, in source_to_code
  File "<frozen importlib._bootstrap>", line 219, in _call_with_frames_removed
  File "/opt/airflow/dags/ecom.py", line 27
    ) as dag:
    ^
SyntaxError: invalid syntax
[2025-12-24T21:21:24.196+0000] {processor.py:842} WARNING - No viable dags retrieved from /opt/airflow/dags/ecom.py
[2025-12-24T21:21:24.225+0000] {processor.py:183} INFO - Processing /opt/airflow/dags/ecom.py took 0.063 seconds
[2025-12-24T21:21:44.076+0000] {processor.py:161} INFO - Started process (PID=39233) to work on /opt/airflow/dags/ecom.py
[2025-12-24T21:21:44.078+0000] {processor.py:830} INFO - Processing file /opt/airflow/dags/ecom.py for tasks to queue
[2025-12-24T21:21:44.080+0000] {logging_mixin.py:188} INFO - [2025-12-24T21:21:44.079+0000] {dagbag.py:538} INFO - Filling up the DagBag from /opt/airflow/dags/ecom.py
[2025-12-24T21:21:44.099+0000] {logging_mixin.py:188} INFO - [2025-12-24T21:21:44.098+0000] {dagbag.py:348} ERROR - Failed to import: /opt/airflow/dags/ecom.py
Traceback (most recent call last):
  File "/home/airflow/.local/lib/python3.8/site-packages/airflow/models/dagbag.py", line 344, in parse
    loader.exec_module(new_module)
  File "<frozen importlib._bootstrap_external>", line 839, in exec_module
  File "<frozen importlib._bootstrap_external>", line 976, in get_code
  File "<frozen importlib._bootstrap_external>", line 906, in source_to_code
  File "<frozen importlib._bootstrap>", line 219, in _call_with_frames_removed
  File "/opt/airflow/dags/ecom.py", line 27
    ) as dag:
    ^
SyntaxError: invalid syntax
[2025-12-24T21:21:44.100+0000] {processor.py:842} WARNING - No viable dags retrieved from /opt/airflow/dags/ecom.py
[2025-12-24T21:21:44.155+0000] {processor.py:183} INFO - Processing /opt/airflow/dags/ecom.py took 0.083 seconds
[2025-12-24T21:21:48.384+0000] {processor.py:161} INFO - Started process (PID=39236) to work on /opt/airflow/dags/ecom.py
[2025-12-24T21:21:48.386+0000] {processor.py:830} INFO - Processing file /opt/airflow/dags/ecom.py for tasks to queue
[2025-12-24T21:21:48.388+0000] {logging_mixin.py:188} INFO - [2025-12-24T21:21:48.387+0000] {dagbag.py:538} INFO - Filling up the DagBag from /opt/airflow/dags/ecom.py
[2025-12-24T21:21:48.410+0000] {logging_mixin.py:188} INFO - [2025-12-24T21:21:48.409+0000] {dagbag.py:348} ERROR - Failed to import: /opt/airflow/dags/ecom.py
Traceback (most recent call last):
  File "/home/airflow/.local/lib/python3.8/site-packages/airflow/models/dagbag.py", line 344, in parse
    loader.exec_module(new_module)
  File "<frozen importlib._bootstrap_external>", line 839, in exec_module
  File "<frozen importlib._bootstrap_external>", line 976, in get_code
  File "<frozen importlib._bootstrap_external>", line 906, in source_to_code
  File "<frozen importlib._bootstrap>", line 219, in _call_with_frames_removed
  File "/opt/airflow/dags/ecom.py", line 27
    ) as dag:
    ^
SyntaxError: invalid syntax
[2025-12-24T21:21:48.411+0000] {processor.py:842} WARNING - No viable dags retrieved from /opt/airflow/dags/ecom.py
[2025-12-24T21:21:48.442+0000] {processor.py:183} INFO - Processing /opt/airflow/dags/ecom.py took 0.063 seconds
[2025-12-24T21:22:01.612+0000] {processor.py:161} INFO - Started process (PID=39261) to work on /opt/airflow/dags/ecom.py
[2025-12-24T21:22:01.613+0000] {processor.py:830} INFO - Processing file /opt/airflow/dags/ecom.py for tasks to queue
[2025-12-24T21:22:01.615+0000] {logging_mixin.py:188} INFO - [2025-12-24T21:22:01.614+0000] {dagbag.py:538} INFO - Filling up the DagBag from /opt/airflow/dags/ecom.py
[2025-12-24T21:22:02.180+0000] {logging_mixin.py:188} INFO - [2025-12-24T21:22:02.171+0000] {dagbag.py:348} ERROR - Failed to import: /opt/airflow/dags/ecom.py
Traceback (most recent call last):
  File "/home/airflow/.local/lib/python3.8/site-packages/airflow/models/dagbag.py", line 344, in parse
    loader.exec_module(new_module)
  File "<frozen importlib._bootstrap_external>", line 843, in exec_module
  File "<frozen importlib._bootstrap>", line 219, in _call_with_frames_removed
  File "/opt/airflow/dags/ecom.py", line 28, in <module>
    s3_listener = S3KeySensor(
  File "/home/airflow/.local/lib/python3.8/site-packages/airflow/models/baseoperator.py", line 437, in apply_defaults
    result = func(self, **kwargs, default_args=default_args)
  File "/home/airflow/.local/lib/python3.8/site-packages/airflow/providers/amazon/aws/sensors/s3.py", line 95, in __init__
    super().__init__(**kwargs)
  File "/home/airflow/.local/lib/python3.8/site-packages/airflow/models/baseoperator.py", line 437, in apply_defaults
    result = func(self, **kwargs, default_args=default_args)
  File "/home/airflow/.local/lib/python3.8/site-packages/airflow/sensors/base.py", line 147, in __init__
    super().__init__(**kwargs)
  File "/home/airflow/.local/lib/python3.8/site-packages/airflow/models/baseoperator.py", line 437, in apply_defaults
    result = func(self, **kwargs, default_args=default_args)
TypeError: __init__() missing 1 required positional argument: 'task_id'
[2025-12-24T21:22:02.180+0000] {processor.py:842} WARNING - No viable dags retrieved from /opt/airflow/dags/ecom.py
[2025-12-24T21:22:02.211+0000] {processor.py:183} INFO - Processing /opt/airflow/dags/ecom.py took 0.605 seconds
[2025-12-24T21:22:05.512+0000] {processor.py:161} INFO - Started process (PID=39276) to work on /opt/airflow/dags/ecom.py
[2025-12-24T21:22:05.513+0000] {processor.py:830} INFO - Processing file /opt/airflow/dags/ecom.py for tasks to queue
[2025-12-24T21:22:05.514+0000] {logging_mixin.py:188} INFO - [2025-12-24T21:22:05.514+0000] {dagbag.py:538} INFO - Filling up the DagBag from /opt/airflow/dags/ecom.py
[2025-12-24T21:22:05.862+0000] {logging_mixin.py:188} INFO - [2025-12-24T21:22:05.856+0000] {dagbag.py:348} ERROR - Failed to import: /opt/airflow/dags/ecom.py
Traceback (most recent call last):
  File "/home/airflow/.local/lib/python3.8/site-packages/airflow/models/dagbag.py", line 344, in parse
    loader.exec_module(new_module)
  File "<frozen importlib._bootstrap_external>", line 843, in exec_module
  File "<frozen importlib._bootstrap>", line 219, in _call_with_frames_removed
  File "/opt/airflow/dags/ecom.py", line 28, in <module>
    s3_listener = S3KeySensor(
  File "/home/airflow/.local/lib/python3.8/site-packages/airflow/models/baseoperator.py", line 437, in apply_defaults
    result = func(self, **kwargs, default_args=default_args)
  File "/home/airflow/.local/lib/python3.8/site-packages/airflow/providers/amazon/aws/sensors/s3.py", line 95, in __init__
    super().__init__(**kwargs)
  File "/home/airflow/.local/lib/python3.8/site-packages/airflow/models/baseoperator.py", line 437, in apply_defaults
    result = func(self, **kwargs, default_args=default_args)
  File "/home/airflow/.local/lib/python3.8/site-packages/airflow/sensors/base.py", line 147, in __init__
    super().__init__(**kwargs)
  File "/home/airflow/.local/lib/python3.8/site-packages/airflow/models/baseoperator.py", line 437, in apply_defaults
    result = func(self, **kwargs, default_args=default_args)
TypeError: __init__() missing 1 required positional argument: 'task_id'
[2025-12-24T21:22:05.862+0000] {processor.py:842} WARNING - No viable dags retrieved from /opt/airflow/dags/ecom.py
[2025-12-24T21:22:05.885+0000] {processor.py:183} INFO - Processing /opt/airflow/dags/ecom.py took 0.377 seconds
[2025-12-24T21:22:09.928+0000] {processor.py:161} INFO - Started process (PID=39290) to work on /opt/airflow/dags/ecom.py
[2025-12-24T21:22:09.929+0000] {processor.py:830} INFO - Processing file /opt/airflow/dags/ecom.py for tasks to queue
[2025-12-24T21:22:09.930+0000] {logging_mixin.py:188} INFO - [2025-12-24T21:22:09.929+0000] {dagbag.py:538} INFO - Filling up the DagBag from /opt/airflow/dags/ecom.py
[2025-12-24T21:22:10.256+0000] {logging_mixin.py:188} INFO - [2025-12-24T21:22:10.249+0000] {dagbag.py:348} ERROR - Failed to import: /opt/airflow/dags/ecom.py
Traceback (most recent call last):
  File "/home/airflow/.local/lib/python3.8/site-packages/airflow/models/dagbag.py", line 344, in parse
    loader.exec_module(new_module)
  File "<frozen importlib._bootstrap_external>", line 843, in exec_module
  File "<frozen importlib._bootstrap>", line 219, in _call_with_frames_removed
  File "/opt/airflow/dags/ecom.py", line 28, in <module>
    s3_listener = S3KeySensor(
  File "/home/airflow/.local/lib/python3.8/site-packages/airflow/models/baseoperator.py", line 437, in apply_defaults
    result = func(self, **kwargs, default_args=default_args)
  File "/home/airflow/.local/lib/python3.8/site-packages/airflow/providers/amazon/aws/sensors/s3.py", line 95, in __init__
    super().__init__(**kwargs)
  File "/home/airflow/.local/lib/python3.8/site-packages/airflow/models/baseoperator.py", line 437, in apply_defaults
    result = func(self, **kwargs, default_args=default_args)
  File "/home/airflow/.local/lib/python3.8/site-packages/airflow/sensors/base.py", line 147, in __init__
    super().__init__(**kwargs)
  File "/home/airflow/.local/lib/python3.8/site-packages/airflow/models/baseoperator.py", line 437, in apply_defaults
    result = func(self, **kwargs, default_args=default_args)
TypeError: __init__() missing 1 required positional argument: 'task_id'
[2025-12-24T21:22:10.256+0000] {processor.py:842} WARNING - No viable dags retrieved from /opt/airflow/dags/ecom.py
[2025-12-24T21:22:10.279+0000] {processor.py:183} INFO - Processing /opt/airflow/dags/ecom.py took 0.355 seconds
[2025-12-24T21:22:40.617+0000] {processor.py:161} INFO - Started process (PID=39349) to work on /opt/airflow/dags/ecom.py
[2025-12-24T21:22:40.618+0000] {processor.py:830} INFO - Processing file /opt/airflow/dags/ecom.py for tasks to queue
[2025-12-24T21:22:40.619+0000] {logging_mixin.py:188} INFO - [2025-12-24T21:22:40.619+0000] {dagbag.py:538} INFO - Filling up the DagBag from /opt/airflow/dags/ecom.py
[2025-12-24T21:22:40.936+0000] {logging_mixin.py:188} INFO - [2025-12-24T21:22:40.930+0000] {dagbag.py:348} ERROR - Failed to import: /opt/airflow/dags/ecom.py
Traceback (most recent call last):
  File "/home/airflow/.local/lib/python3.8/site-packages/airflow/models/dagbag.py", line 344, in parse
    loader.exec_module(new_module)
  File "<frozen importlib._bootstrap_external>", line 843, in exec_module
  File "<frozen importlib._bootstrap>", line 219, in _call_with_frames_removed
  File "/opt/airflow/dags/ecom.py", line 28, in <module>
    s3_listener = S3KeySensor(
  File "/home/airflow/.local/lib/python3.8/site-packages/airflow/models/baseoperator.py", line 437, in apply_defaults
    result = func(self, **kwargs, default_args=default_args)
  File "/home/airflow/.local/lib/python3.8/site-packages/airflow/providers/amazon/aws/sensors/s3.py", line 95, in __init__
    super().__init__(**kwargs)
  File "/home/airflow/.local/lib/python3.8/site-packages/airflow/models/baseoperator.py", line 437, in apply_defaults
    result = func(self, **kwargs, default_args=default_args)
  File "/home/airflow/.local/lib/python3.8/site-packages/airflow/sensors/base.py", line 147, in __init__
    super().__init__(**kwargs)
  File "/home/airflow/.local/lib/python3.8/site-packages/airflow/models/baseoperator.py", line 437, in apply_defaults
    result = func(self, **kwargs, default_args=default_args)
TypeError: __init__() missing 1 required positional argument: 'task_id'
[2025-12-24T21:22:40.936+0000] {processor.py:842} WARNING - No viable dags retrieved from /opt/airflow/dags/ecom.py
[2025-12-24T21:22:40.958+0000] {processor.py:183} INFO - Processing /opt/airflow/dags/ecom.py took 0.345 seconds
[2025-12-24T21:22:59.800+0000] {processor.py:161} INFO - Started process (PID=39383) to work on /opt/airflow/dags/ecom.py
[2025-12-24T21:22:59.801+0000] {processor.py:830} INFO - Processing file /opt/airflow/dags/ecom.py for tasks to queue
[2025-12-24T21:22:59.803+0000] {logging_mixin.py:188} INFO - [2025-12-24T21:22:59.802+0000] {dagbag.py:538} INFO - Filling up the DagBag from /opt/airflow/dags/ecom.py
[2025-12-24T21:23:00.137+0000] {logging_mixin.py:188} INFO - [2025-12-24T21:23:00.132+0000] {dagbag.py:348} ERROR - Failed to import: /opt/airflow/dags/ecom.py
Traceback (most recent call last):
  File "/home/airflow/.local/lib/python3.8/site-packages/airflow/models/dagbag.py", line 344, in parse
    loader.exec_module(new_module)
  File "<frozen importlib._bootstrap_external>", line 843, in exec_module
  File "<frozen importlib._bootstrap>", line 219, in _call_with_frames_removed
  File "/opt/airflow/dags/ecom.py", line 28, in <module>
    s3_listener = S3KeySensor(
  File "/home/airflow/.local/lib/python3.8/site-packages/airflow/models/baseoperator.py", line 437, in apply_defaults
    result = func(self, **kwargs, default_args=default_args)
  File "/home/airflow/.local/lib/python3.8/site-packages/airflow/providers/amazon/aws/sensors/s3.py", line 95, in __init__
    super().__init__(**kwargs)
  File "/home/airflow/.local/lib/python3.8/site-packages/airflow/models/baseoperator.py", line 437, in apply_defaults
    result = func(self, **kwargs, default_args=default_args)
  File "/home/airflow/.local/lib/python3.8/site-packages/airflow/sensors/base.py", line 147, in __init__
    super().__init__(**kwargs)
  File "/home/airflow/.local/lib/python3.8/site-packages/airflow/models/baseoperator.py", line 437, in apply_defaults
    result = func(self, **kwargs, default_args=default_args)
TypeError: __init__() missing 1 required positional argument: 'task_id'
[2025-12-24T21:23:00.137+0000] {processor.py:842} WARNING - No viable dags retrieved from /opt/airflow/dags/ecom.py
[2025-12-24T21:23:00.156+0000] {processor.py:183} INFO - Processing /opt/airflow/dags/ecom.py took 0.360 seconds
[2025-12-24T21:23:06.949+0000] {processor.py:161} INFO - Started process (PID=39397) to work on /opt/airflow/dags/ecom.py
[2025-12-24T21:23:06.951+0000] {processor.py:830} INFO - Processing file /opt/airflow/dags/ecom.py for tasks to queue
[2025-12-24T21:23:06.953+0000] {logging_mixin.py:188} INFO - [2025-12-24T21:23:06.952+0000] {dagbag.py:538} INFO - Filling up the DagBag from /opt/airflow/dags/ecom.py
[2025-12-24T21:23:06.972+0000] {logging_mixin.py:188} INFO - [2025-12-24T21:23:06.971+0000] {dagbag.py:348} ERROR - Failed to import: /opt/airflow/dags/ecom.py
Traceback (most recent call last):
  File "/home/airflow/.local/lib/python3.8/site-packages/airflow/models/dagbag.py", line 344, in parse
    loader.exec_module(new_module)
  File "<frozen importlib._bootstrap_external>", line 839, in exec_module
  File "<frozen importlib._bootstrap_external>", line 976, in get_code
  File "<frozen importlib._bootstrap_external>", line 906, in source_to_code
  File "<frozen importlib._bootstrap>", line 219, in _call_with_frames_removed
  File "/opt/airflow/dags/ecom.py", line 33
    s3_file_downloader
                       ^
IndentationError: unindent does not match any outer indentation level
[2025-12-24T21:23:06.973+0000] {processor.py:842} WARNING - No viable dags retrieved from /opt/airflow/dags/ecom.py
[2025-12-24T21:23:07.004+0000] {processor.py:183} INFO - Processing /opt/airflow/dags/ecom.py took 0.060 seconds
[2025-12-24T21:23:09.481+0000] {processor.py:161} INFO - Started process (PID=39403) to work on /opt/airflow/dags/ecom.py
[2025-12-24T21:23:09.482+0000] {processor.py:830} INFO - Processing file /opt/airflow/dags/ecom.py for tasks to queue
[2025-12-24T21:23:09.484+0000] {logging_mixin.py:188} INFO - [2025-12-24T21:23:09.483+0000] {dagbag.py:538} INFO - Filling up the DagBag from /opt/airflow/dags/ecom.py
[2025-12-24T21:23:09.506+0000] {logging_mixin.py:188} INFO - [2025-12-24T21:23:09.505+0000] {dagbag.py:348} ERROR - Failed to import: /opt/airflow/dags/ecom.py
Traceback (most recent call last):
  File "/home/airflow/.local/lib/python3.8/site-packages/airflow/models/dagbag.py", line 344, in parse
    loader.exec_module(new_module)
  File "<frozen importlib._bootstrap_external>", line 839, in exec_module
  File "<frozen importlib._bootstrap_external>", line 976, in get_code
  File "<frozen importlib._bootstrap_external>", line 906, in source_to_code
  File "<frozen importlib._bootstrap>", line 219, in _call_with_frames_removed
  File "/opt/airflow/dags/ecom.py", line 33
    s3_file_downloader = Py
                           ^
IndentationError: unindent does not match any outer indentation level
[2025-12-24T21:23:09.506+0000] {processor.py:842} WARNING - No viable dags retrieved from /opt/airflow/dags/ecom.py
[2025-12-24T21:23:09.536+0000] {processor.py:183} INFO - Processing /opt/airflow/dags/ecom.py took 0.059 seconds
[2025-12-24T21:23:12.574+0000] {processor.py:161} INFO - Started process (PID=39415) to work on /opt/airflow/dags/ecom.py
[2025-12-24T21:23:12.576+0000] {processor.py:830} INFO - Processing file /opt/airflow/dags/ecom.py for tasks to queue
[2025-12-24T21:23:12.578+0000] {logging_mixin.py:188} INFO - [2025-12-24T21:23:12.577+0000] {dagbag.py:538} INFO - Filling up the DagBag from /opt/airflow/dags/ecom.py
[2025-12-24T21:23:12.609+0000] {logging_mixin.py:188} INFO - [2025-12-24T21:23:12.608+0000] {dagbag.py:348} ERROR - Failed to import: /opt/airflow/dags/ecom.py
Traceback (most recent call last):
  File "/home/airflow/.local/lib/python3.8/site-packages/airflow/models/dagbag.py", line 344, in parse
    loader.exec_module(new_module)
  File "<frozen importlib._bootstrap_external>", line 839, in exec_module
  File "<frozen importlib._bootstrap_external>", line 976, in get_code
  File "<frozen importlib._bootstrap_external>", line 906, in source_to_code
  File "<frozen importlib._bootstrap>", line 219, in _call_with_frames_removed
  File "/opt/airflow/dags/ecom.py", line 33
    s3_file_downloader = PythonOperator(
                                       ^
IndentationError: unindent does not match any outer indentation level
[2025-12-24T21:23:12.610+0000] {processor.py:842} WARNING - No viable dags retrieved from /opt/airflow/dags/ecom.py
[2025-12-24T21:23:12.637+0000] {processor.py:183} INFO - Processing /opt/airflow/dags/ecom.py took 0.070 seconds
[2025-12-24T21:23:13.597+0000] {processor.py:161} INFO - Started process (PID=39416) to work on /opt/airflow/dags/ecom.py
[2025-12-24T21:23:13.599+0000] {processor.py:830} INFO - Processing file /opt/airflow/dags/ecom.py for tasks to queue
[2025-12-24T21:23:13.600+0000] {logging_mixin.py:188} INFO - [2025-12-24T21:23:13.600+0000] {dagbag.py:538} INFO - Filling up the DagBag from /opt/airflow/dags/ecom.py
[2025-12-24T21:23:13.623+0000] {logging_mixin.py:188} INFO - [2025-12-24T21:23:13.622+0000] {dagbag.py:348} ERROR - Failed to import: /opt/airflow/dags/ecom.py
Traceback (most recent call last):
  File "/home/airflow/.local/lib/python3.8/site-packages/airflow/models/dagbag.py", line 344, in parse
    loader.exec_module(new_module)
  File "<frozen importlib._bootstrap_external>", line 839, in exec_module
  File "<frozen importlib._bootstrap_external>", line 976, in get_code
  File "<frozen importlib._bootstrap_external>", line 906, in source_to_code
  File "<frozen importlib._bootstrap>", line 219, in _call_with_frames_removed
  File "/opt/airflow/dags/ecom.py", line 33
    s3_file_downloader = PythonOperator(
                                       ^
IndentationError: unindent does not match any outer indentation level
[2025-12-24T21:23:13.623+0000] {processor.py:842} WARNING - No viable dags retrieved from /opt/airflow/dags/ecom.py
[2025-12-24T21:23:13.648+0000] {processor.py:183} INFO - Processing /opt/airflow/dags/ecom.py took 0.056 seconds
[2025-12-24T21:23:37.173+0000] {processor.py:161} INFO - Started process (PID=39458) to work on /opt/airflow/dags/ecom.py
[2025-12-24T21:23:37.174+0000] {processor.py:830} INFO - Processing file /opt/airflow/dags/ecom.py for tasks to queue
[2025-12-24T21:23:37.175+0000] {logging_mixin.py:188} INFO - [2025-12-24T21:23:37.175+0000] {dagbag.py:538} INFO - Filling up the DagBag from /opt/airflow/dags/ecom.py
[2025-12-24T21:23:37.195+0000] {logging_mixin.py:188} INFO - [2025-12-24T21:23:37.194+0000] {dagbag.py:348} ERROR - Failed to import: /opt/airflow/dags/ecom.py
Traceback (most recent call last):
  File "/home/airflow/.local/lib/python3.8/site-packages/airflow/models/dagbag.py", line 344, in parse
    loader.exec_module(new_module)
  File "<frozen importlib._bootstrap_external>", line 839, in exec_module
  File "<frozen importlib._bootstrap_external>", line 976, in get_code
  File "<frozen importlib._bootstrap_external>", line 906, in source_to_code
  File "<frozen importlib._bootstrap>", line 219, in _call_with_frames_removed
  File "/opt/airflow/dags/ecom.py", line 34
    s3_file_downloader = PythonOperator(
                                       ^
IndentationError: unindent does not match any outer indentation level
[2025-12-24T21:23:37.195+0000] {processor.py:842} WARNING - No viable dags retrieved from /opt/airflow/dags/ecom.py
[2025-12-24T21:23:37.216+0000] {processor.py:183} INFO - Processing /opt/airflow/dags/ecom.py took 0.047 seconds
[2025-12-24T21:23:41.418+0000] {processor.py:161} INFO - Started process (PID=39471) to work on /opt/airflow/dags/ecom.py
[2025-12-24T21:23:41.419+0000] {processor.py:830} INFO - Processing file /opt/airflow/dags/ecom.py for tasks to queue
[2025-12-24T21:23:41.421+0000] {logging_mixin.py:188} INFO - [2025-12-24T21:23:41.420+0000] {dagbag.py:538} INFO - Filling up the DagBag from /opt/airflow/dags/ecom.py
[2025-12-24T21:23:41.444+0000] {logging_mixin.py:188} INFO - [2025-12-24T21:23:41.443+0000] {dagbag.py:348} ERROR - Failed to import: /opt/airflow/dags/ecom.py
Traceback (most recent call last):
  File "/home/airflow/.local/lib/python3.8/site-packages/airflow/models/dagbag.py", line 344, in parse
    loader.exec_module(new_module)
  File "<frozen importlib._bootstrap_external>", line 839, in exec_module
  File "<frozen importlib._bootstrap_external>", line 976, in get_code
  File "<frozen importlib._bootstrap_external>", line 906, in source_to_code
  File "<frozen importlib._bootstrap>", line 219, in _call_with_frames_removed
  File "/opt/airflow/dags/ecom.py", line 34
    s3_file_downloader = PythonOperator(
                                       ^
IndentationError: unindent does not match any outer indentation level
[2025-12-24T21:23:41.445+0000] {processor.py:842} WARNING - No viable dags retrieved from /opt/airflow/dags/ecom.py
[2025-12-24T21:23:41.472+0000] {processor.py:183} INFO - Processing /opt/airflow/dags/ecom.py took 0.059 seconds
[2025-12-24T21:23:42.876+0000] {processor.py:161} INFO - Started process (PID=39476) to work on /opt/airflow/dags/ecom.py
[2025-12-24T21:23:42.877+0000] {processor.py:830} INFO - Processing file /opt/airflow/dags/ecom.py for tasks to queue
[2025-12-24T21:23:42.878+0000] {logging_mixin.py:188} INFO - [2025-12-24T21:23:42.878+0000] {dagbag.py:538} INFO - Filling up the DagBag from /opt/airflow/dags/ecom.py
[2025-12-24T21:23:42.896+0000] {logging_mixin.py:188} INFO - [2025-12-24T21:23:42.895+0000] {dagbag.py:348} ERROR - Failed to import: /opt/airflow/dags/ecom.py
Traceback (most recent call last):
  File "/home/airflow/.local/lib/python3.8/site-packages/airflow/models/dagbag.py", line 344, in parse
    loader.exec_module(new_module)
  File "<frozen importlib._bootstrap_external>", line 839, in exec_module
  File "<frozen importlib._bootstrap_external>", line 976, in get_code
  File "<frozen importlib._bootstrap_external>", line 906, in source_to_code
  File "<frozen importlib._bootstrap>", line 219, in _call_with_frames_removed
  File "/opt/airflow/dags/ecom.py", line 34
    s3_file_downloader = PythonOperator(
                                       ^
IndentationError: unindent does not match any outer indentation level
[2025-12-24T21:23:42.897+0000] {processor.py:842} WARNING - No viable dags retrieved from /opt/airflow/dags/ecom.py
[2025-12-24T21:23:42.921+0000] {processor.py:183} INFO - Processing /opt/airflow/dags/ecom.py took 0.049 seconds
[2025-12-24T21:23:43.905+0000] {processor.py:161} INFO - Started process (PID=39477) to work on /opt/airflow/dags/ecom.py
[2025-12-24T21:23:43.906+0000] {processor.py:830} INFO - Processing file /opt/airflow/dags/ecom.py for tasks to queue
[2025-12-24T21:23:43.907+0000] {logging_mixin.py:188} INFO - [2025-12-24T21:23:43.907+0000] {dagbag.py:538} INFO - Filling up the DagBag from /opt/airflow/dags/ecom.py
[2025-12-24T21:23:43.927+0000] {logging_mixin.py:188} INFO - [2025-12-24T21:23:43.926+0000] {dagbag.py:348} ERROR - Failed to import: /opt/airflow/dags/ecom.py
Traceback (most recent call last):
  File "/home/airflow/.local/lib/python3.8/site-packages/airflow/models/dagbag.py", line 344, in parse
    loader.exec_module(new_module)
  File "<frozen importlib._bootstrap_external>", line 839, in exec_module
  File "<frozen importlib._bootstrap_external>", line 976, in get_code
  File "<frozen importlib._bootstrap_external>", line 906, in source_to_code
  File "<frozen importlib._bootstrap>", line 219, in _call_with_frames_removed
  File "/opt/airflow/dags/ecom.py", line 34
    s3_file_downloader = PythonOperator(
                                       ^
IndentationError: unindent does not match any outer indentation level
[2025-12-24T21:23:43.927+0000] {processor.py:842} WARNING - No viable dags retrieved from /opt/airflow/dags/ecom.py
[2025-12-24T21:23:43.950+0000] {processor.py:183} INFO - Processing /opt/airflow/dags/ecom.py took 0.050 seconds
[2025-12-24T21:23:46.074+0000] {processor.py:161} INFO - Started process (PID=39480) to work on /opt/airflow/dags/ecom.py
[2025-12-24T21:23:46.075+0000] {processor.py:830} INFO - Processing file /opt/airflow/dags/ecom.py for tasks to queue
[2025-12-24T21:23:46.077+0000] {logging_mixin.py:188} INFO - [2025-12-24T21:23:46.076+0000] {dagbag.py:538} INFO - Filling up the DagBag from /opt/airflow/dags/ecom.py
[2025-12-24T21:23:46.093+0000] {logging_mixin.py:188} INFO - [2025-12-24T21:23:46.092+0000] {dagbag.py:348} ERROR - Failed to import: /opt/airflow/dags/ecom.py
Traceback (most recent call last):
  File "/home/airflow/.local/lib/python3.8/site-packages/airflow/models/dagbag.py", line 344, in parse
    loader.exec_module(new_module)
  File "<frozen importlib._bootstrap_external>", line 839, in exec_module
  File "<frozen importlib._bootstrap_external>", line 976, in get_code
  File "<frozen importlib._bootstrap_external>", line 906, in source_to_code
  File "<frozen importlib._bootstrap>", line 219, in _call_with_frames_removed
  File "/opt/airflow/dags/ecom.py", line 34
    s3_file_downloader = PythonOperator(
                                       ^
IndentationError: unindent does not match any outer indentation level
[2025-12-24T21:23:46.093+0000] {processor.py:842} WARNING - No viable dags retrieved from /opt/airflow/dags/ecom.py
[2025-12-24T21:23:46.114+0000] {processor.py:183} INFO - Processing /opt/airflow/dags/ecom.py took 0.044 seconds
[2025-12-24T21:23:58.160+0000] {processor.py:161} INFO - Started process (PID=39492) to work on /opt/airflow/dags/ecom.py
[2025-12-24T21:23:58.162+0000] {processor.py:830} INFO - Processing file /opt/airflow/dags/ecom.py for tasks to queue
[2025-12-24T21:23:58.164+0000] {logging_mixin.py:188} INFO - [2025-12-24T21:23:58.163+0000] {dagbag.py:538} INFO - Filling up the DagBag from /opt/airflow/dags/ecom.py
[2025-12-24T21:23:58.191+0000] {logging_mixin.py:188} INFO - [2025-12-24T21:23:58.190+0000] {dagbag.py:348} ERROR - Failed to import: /opt/airflow/dags/ecom.py
Traceback (most recent call last):
  File "/home/airflow/.local/lib/python3.8/site-packages/airflow/models/dagbag.py", line 344, in parse
    loader.exec_module(new_module)
  File "<frozen importlib._bootstrap_external>", line 839, in exec_module
  File "<frozen importlib._bootstrap_external>", line 976, in get_code
  File "<frozen importlib._bootstrap_external>", line 906, in source_to_code
  File "<frozen importlib._bootstrap>", line 219, in _call_with_frames_removed
  File "/opt/airflow/dags/ecom.py", line 34
    s3_file_downloader = PythonOperator(
                                       ^
IndentationError: unindent does not match any outer indentation level
[2025-12-24T21:23:58.192+0000] {processor.py:842} WARNING - No viable dags retrieved from /opt/airflow/dags/ecom.py
[2025-12-24T21:23:58.229+0000] {processor.py:183} INFO - Processing /opt/airflow/dags/ecom.py took 0.073 seconds
[2025-12-24T21:24:00.575+0000] {processor.py:161} INFO - Started process (PID=39508) to work on /opt/airflow/dags/ecom.py
[2025-12-24T21:24:00.577+0000] {processor.py:830} INFO - Processing file /opt/airflow/dags/ecom.py for tasks to queue
[2025-12-24T21:24:00.578+0000] {logging_mixin.py:188} INFO - [2025-12-24T21:24:00.577+0000] {dagbag.py:538} INFO - Filling up the DagBag from /opt/airflow/dags/ecom.py
[2025-12-24T21:24:00.596+0000] {logging_mixin.py:188} INFO - [2025-12-24T21:24:00.595+0000] {dagbag.py:348} ERROR - Failed to import: /opt/airflow/dags/ecom.py
Traceback (most recent call last):
  File "/home/airflow/.local/lib/python3.8/site-packages/airflow/models/dagbag.py", line 344, in parse
    loader.exec_module(new_module)
  File "<frozen importlib._bootstrap_external>", line 839, in exec_module
  File "<frozen importlib._bootstrap_external>", line 976, in get_code
  File "<frozen importlib._bootstrap_external>", line 906, in source_to_code
  File "<frozen importlib._bootstrap>", line 219, in _call_with_frames_removed
  File "/opt/airflow/dags/ecom.py", line 34
    s3_file_downloader = PythonOperator(
                                       ^
IndentationError: unindent does not match any outer indentation level
[2025-12-24T21:24:00.597+0000] {processor.py:842} WARNING - No viable dags retrieved from /opt/airflow/dags/ecom.py
[2025-12-24T21:24:00.617+0000] {processor.py:183} INFO - Processing /opt/airflow/dags/ecom.py took 0.046 seconds
[2025-12-24T21:24:03.633+0000] {processor.py:161} INFO - Started process (PID=39509) to work on /opt/airflow/dags/ecom.py
[2025-12-24T21:24:03.635+0000] {processor.py:830} INFO - Processing file /opt/airflow/dags/ecom.py for tasks to queue
[2025-12-24T21:24:03.637+0000] {logging_mixin.py:188} INFO - [2025-12-24T21:24:03.636+0000] {dagbag.py:538} INFO - Filling up the DagBag from /opt/airflow/dags/ecom.py
[2025-12-24T21:24:03.666+0000] {logging_mixin.py:188} INFO - [2025-12-24T21:24:03.665+0000] {dagbag.py:348} ERROR - Failed to import: /opt/airflow/dags/ecom.py
Traceback (most recent call last):
  File "/home/airflow/.local/lib/python3.8/site-packages/airflow/models/dagbag.py", line 344, in parse
    loader.exec_module(new_module)
  File "<frozen importlib._bootstrap_external>", line 839, in exec_module
  File "<frozen importlib._bootstrap_external>", line 976, in get_code
  File "<frozen importlib._bootstrap_external>", line 906, in source_to_code
  File "<frozen importlib._bootstrap>", line 219, in _call_with_frames_removed
  File "/opt/airflow/dags/ecom.py", line 34
    s3_file_downloader = PythonOperator(
                                       ^
IndentationError: unindent does not match any outer indentation level
[2025-12-24T21:24:03.667+0000] {processor.py:842} WARNING - No viable dags retrieved from /opt/airflow/dags/ecom.py
[2025-12-24T21:24:03.694+0000] {processor.py:183} INFO - Processing /opt/airflow/dags/ecom.py took 0.066 seconds
[2025-12-24T21:24:10.740+0000] {processor.py:161} INFO - Started process (PID=39533) to work on /opt/airflow/dags/ecom.py
[2025-12-24T21:24:10.742+0000] {processor.py:830} INFO - Processing file /opt/airflow/dags/ecom.py for tasks to queue
[2025-12-24T21:24:10.743+0000] {logging_mixin.py:188} INFO - [2025-12-24T21:24:10.743+0000] {dagbag.py:538} INFO - Filling up the DagBag from /opt/airflow/dags/ecom.py
[2025-12-24T21:24:10.761+0000] {logging_mixin.py:188} INFO - [2025-12-24T21:24:10.761+0000] {dagbag.py:348} ERROR - Failed to import: /opt/airflow/dags/ecom.py
Traceback (most recent call last):
  File "/home/airflow/.local/lib/python3.8/site-packages/airflow/models/dagbag.py", line 344, in parse
    loader.exec_module(new_module)
  File "<frozen importlib._bootstrap_external>", line 839, in exec_module
  File "<frozen importlib._bootstrap_external>", line 976, in get_code
  File "<frozen importlib._bootstrap_external>", line 906, in source_to_code
  File "<frozen importlib._bootstrap>", line 219, in _call_with_frames_removed
  File "/opt/airflow/dags/ecom.py", line 34
    s3_file_downloader = PythonOperator(
                                       ^
IndentationError: unindent does not match any outer indentation level
[2025-12-24T21:24:10.763+0000] {processor.py:842} WARNING - No viable dags retrieved from /opt/airflow/dags/ecom.py
[2025-12-24T21:24:10.793+0000] {processor.py:183} INFO - Processing /opt/airflow/dags/ecom.py took 0.057 seconds
[2025-12-24T21:24:13.312+0000] {processor.py:161} INFO - Started process (PID=39540) to work on /opt/airflow/dags/ecom.py
[2025-12-24T21:24:13.313+0000] {processor.py:830} INFO - Processing file /opt/airflow/dags/ecom.py for tasks to queue
[2025-12-24T21:24:13.314+0000] {logging_mixin.py:188} INFO - [2025-12-24T21:24:13.314+0000] {dagbag.py:538} INFO - Filling up the DagBag from /opt/airflow/dags/ecom.py
[2025-12-24T21:24:13.331+0000] {logging_mixin.py:188} INFO - [2025-12-24T21:24:13.330+0000] {dagbag.py:348} ERROR - Failed to import: /opt/airflow/dags/ecom.py
Traceback (most recent call last):
  File "/home/airflow/.local/lib/python3.8/site-packages/airflow/models/dagbag.py", line 344, in parse
    loader.exec_module(new_module)
  File "<frozen importlib._bootstrap_external>", line 839, in exec_module
  File "<frozen importlib._bootstrap_external>", line 976, in get_code
  File "<frozen importlib._bootstrap_external>", line 906, in source_to_code
  File "<frozen importlib._bootstrap>", line 219, in _call_with_frames_removed
  File "/opt/airflow/dags/ecom.py", line 34
    s3_file_downloader = PythonOperator(
                                       ^
IndentationError: unindent does not match any outer indentation level
[2025-12-24T21:24:13.332+0000] {processor.py:842} WARNING - No viable dags retrieved from /opt/airflow/dags/ecom.py
[2025-12-24T21:24:13.352+0000] {processor.py:183} INFO - Processing /opt/airflow/dags/ecom.py took 0.044 seconds
[2025-12-24T21:24:16.536+0000] {processor.py:161} INFO - Started process (PID=39543) to work on /opt/airflow/dags/ecom.py
[2025-12-24T21:24:16.538+0000] {processor.py:830} INFO - Processing file /opt/airflow/dags/ecom.py for tasks to queue
[2025-12-24T21:24:16.540+0000] {logging_mixin.py:188} INFO - [2025-12-24T21:24:16.539+0000] {dagbag.py:538} INFO - Filling up the DagBag from /opt/airflow/dags/ecom.py
[2025-12-24T21:24:16.576+0000] {logging_mixin.py:188} INFO - [2025-12-24T21:24:16.575+0000] {dagbag.py:348} ERROR - Failed to import: /opt/airflow/dags/ecom.py
Traceback (most recent call last):
  File "/home/airflow/.local/lib/python3.8/site-packages/airflow/models/dagbag.py", line 344, in parse
    loader.exec_module(new_module)
  File "<frozen importlib._bootstrap_external>", line 839, in exec_module
  File "<frozen importlib._bootstrap_external>", line 976, in get_code
  File "<frozen importlib._bootstrap_external>", line 906, in source_to_code
  File "<frozen importlib._bootstrap>", line 219, in _call_with_frames_removed
  File "/opt/airflow/dags/ecom.py", line 34
    s3_file_downloader = PythonOperator(
                                       ^
IndentationError: unindent does not match any outer indentation level
[2025-12-24T21:24:16.578+0000] {processor.py:842} WARNING - No viable dags retrieved from /opt/airflow/dags/ecom.py
[2025-12-24T21:24:16.602+0000] {processor.py:183} INFO - Processing /opt/airflow/dags/ecom.py took 0.070 seconds
[2025-12-24T21:24:19.577+0000] {processor.py:161} INFO - Started process (PID=39544) to work on /opt/airflow/dags/ecom.py
[2025-12-24T21:24:19.579+0000] {processor.py:830} INFO - Processing file /opt/airflow/dags/ecom.py for tasks to queue
[2025-12-24T21:24:19.581+0000] {logging_mixin.py:188} INFO - [2025-12-24T21:24:19.580+0000] {dagbag.py:538} INFO - Filling up the DagBag from /opt/airflow/dags/ecom.py
[2025-12-24T21:24:19.599+0000] {logging_mixin.py:188} INFO - [2025-12-24T21:24:19.598+0000] {dagbag.py:348} ERROR - Failed to import: /opt/airflow/dags/ecom.py
Traceback (most recent call last):
  File "/home/airflow/.local/lib/python3.8/site-packages/airflow/models/dagbag.py", line 344, in parse
    loader.exec_module(new_module)
  File "<frozen importlib._bootstrap_external>", line 839, in exec_module
  File "<frozen importlib._bootstrap_external>", line 976, in get_code
  File "<frozen importlib._bootstrap_external>", line 906, in source_to_code
  File "<frozen importlib._bootstrap>", line 219, in _call_with_frames_removed
  File "/opt/airflow/dags/ecom.py", line 34
    s3_file_downloader = PythonOperator(
                                       ^
IndentationError: unindent does not match any outer indentation level
[2025-12-24T21:24:19.600+0000] {processor.py:842} WARNING - No viable dags retrieved from /opt/airflow/dags/ecom.py
[2025-12-24T21:24:19.630+0000] {processor.py:183} INFO - Processing /opt/airflow/dags/ecom.py took 0.057 seconds
[2025-12-24T21:24:27.099+0000] {processor.py:161} INFO - Started process (PID=39551) to work on /opt/airflow/dags/ecom.py
[2025-12-24T21:24:27.101+0000] {processor.py:830} INFO - Processing file /opt/airflow/dags/ecom.py for tasks to queue
[2025-12-24T21:24:27.102+0000] {logging_mixin.py:188} INFO - [2025-12-24T21:24:27.101+0000] {dagbag.py:538} INFO - Filling up the DagBag from /opt/airflow/dags/ecom.py
[2025-12-24T21:24:27.119+0000] {logging_mixin.py:188} INFO - [2025-12-24T21:24:27.117+0000] {dagbag.py:348} ERROR - Failed to import: /opt/airflow/dags/ecom.py
Traceback (most recent call last):
  File "/home/airflow/.local/lib/python3.8/site-packages/airflow/models/dagbag.py", line 344, in parse
    loader.exec_module(new_module)
  File "<frozen importlib._bootstrap_external>", line 839, in exec_module
  File "<frozen importlib._bootstrap_external>", line 976, in get_code
  File "<frozen importlib._bootstrap_external>", line 906, in source_to_code
  File "<frozen importlib._bootstrap>", line 219, in _call_with_frames_removed
  File "/opt/airflow/dags/ecom.py", line 20
    def get
          ^
SyntaxError: invalid syntax
[2025-12-24T21:24:27.120+0000] {processor.py:842} WARNING - No viable dags retrieved from /opt/airflow/dags/ecom.py
[2025-12-24T21:24:27.141+0000] {processor.py:183} INFO - Processing /opt/airflow/dags/ecom.py took 0.046 seconds
[2025-12-24T21:24:32.589+0000] {processor.py:161} INFO - Started process (PID=39572) to work on /opt/airflow/dags/ecom.py
[2025-12-24T21:24:32.590+0000] {processor.py:830} INFO - Processing file /opt/airflow/dags/ecom.py for tasks to queue
[2025-12-24T21:24:32.592+0000] {logging_mixin.py:188} INFO - [2025-12-24T21:24:32.592+0000] {dagbag.py:538} INFO - Filling up the DagBag from /opt/airflow/dags/ecom.py
[2025-12-24T21:24:32.609+0000] {logging_mixin.py:188} INFO - [2025-12-24T21:24:32.608+0000] {dagbag.py:348} ERROR - Failed to import: /opt/airflow/dags/ecom.py
Traceback (most recent call last):
  File "/home/airflow/.local/lib/python3.8/site-packages/airflow/models/dagbag.py", line 344, in parse
    loader.exec_module(new_module)
  File "<frozen importlib._bootstrap_external>", line 839, in exec_module
  File "<frozen importlib._bootstrap_external>", line 976, in get_code
  File "<frozen importlib._bootstrap_external>", line 906, in source_to_code
  File "<frozen importlib._bootstrap>", line 219, in _call_with_frames_removed
  File "/opt/airflow/dags/ecom.py", line 20
    def get_files(context)
                         ^
SyntaxError: invalid syntax
[2025-12-24T21:24:32.609+0000] {processor.py:842} WARNING - No viable dags retrieved from /opt/airflow/dags/ecom.py
[2025-12-24T21:24:32.639+0000] {processor.py:183} INFO - Processing /opt/airflow/dags/ecom.py took 0.054 seconds
[2025-12-24T21:24:34.614+0000] {processor.py:161} INFO - Started process (PID=39573) to work on /opt/airflow/dags/ecom.py
[2025-12-24T21:24:34.615+0000] {processor.py:830} INFO - Processing file /opt/airflow/dags/ecom.py for tasks to queue
[2025-12-24T21:24:34.616+0000] {logging_mixin.py:188} INFO - [2025-12-24T21:24:34.616+0000] {dagbag.py:538} INFO - Filling up the DagBag from /opt/airflow/dags/ecom.py
[2025-12-24T21:24:34.635+0000] {logging_mixin.py:188} INFO - [2025-12-24T21:24:34.634+0000] {dagbag.py:348} ERROR - Failed to import: /opt/airflow/dags/ecom.py
Traceback (most recent call last):
  File "/home/airflow/.local/lib/python3.8/site-packages/airflow/models/dagbag.py", line 344, in parse
    loader.exec_module(new_module)
  File "<frozen importlib._bootstrap_external>", line 839, in exec_module
  File "<frozen importlib._bootstrap_external>", line 976, in get_code
  File "<frozen importlib._bootstrap_external>", line 906, in source_to_code
  File "<frozen importlib._bootstrap>", line 219, in _call_with_frames_removed
  File "/opt/airflow/dags/ecom.py", line 23
    with DAG(
    ^
IndentationError: expected an indented block
[2025-12-24T21:24:34.636+0000] {processor.py:842} WARNING - No viable dags retrieved from /opt/airflow/dags/ecom.py
[2025-12-24T21:24:34.657+0000] {processor.py:183} INFO - Processing /opt/airflow/dags/ecom.py took 0.047 seconds
[2025-12-24T21:24:55.913+0000] {processor.py:161} INFO - Started process (PID=39609) to work on /opt/airflow/dags/ecom.py
[2025-12-24T21:24:55.915+0000] {processor.py:830} INFO - Processing file /opt/airflow/dags/ecom.py for tasks to queue
[2025-12-24T21:24:55.916+0000] {logging_mixin.py:188} INFO - [2025-12-24T21:24:55.915+0000] {dagbag.py:538} INFO - Filling up the DagBag from /opt/airflow/dags/ecom.py
[2025-12-24T21:24:55.932+0000] {logging_mixin.py:188} INFO - [2025-12-24T21:24:55.931+0000] {dagbag.py:348} ERROR - Failed to import: /opt/airflow/dags/ecom.py
Traceback (most recent call last):
  File "/home/airflow/.local/lib/python3.8/site-packages/airflow/models/dagbag.py", line 344, in parse
    loader.exec_module(new_module)
  File "<frozen importlib._bootstrap_external>", line 839, in exec_module
  File "<frozen importlib._bootstrap_external>", line 976, in get_code
  File "<frozen importlib._bootstrap_external>", line 906, in source_to_code
  File "<frozen importlib._bootstrap>", line 219, in _call_with_frames_removed
  File "/opt/airflow/dags/ecom.py", line 24
    with DAG(
    ^
IndentationError: expected an indented block
[2025-12-24T21:24:55.932+0000] {processor.py:842} WARNING - No viable dags retrieved from /opt/airflow/dags/ecom.py
[2025-12-24T21:24:55.954+0000] {processor.py:183} INFO - Processing /opt/airflow/dags/ecom.py took 0.044 seconds
[2025-12-24T21:25:06.676+0000] {processor.py:161} INFO - Started process (PID=39638) to work on /opt/airflow/dags/ecom.py
[2025-12-24T21:25:06.677+0000] {processor.py:830} INFO - Processing file /opt/airflow/dags/ecom.py for tasks to queue
[2025-12-24T21:25:06.678+0000] {logging_mixin.py:188} INFO - [2025-12-24T21:25:06.678+0000] {dagbag.py:538} INFO - Filling up the DagBag from /opt/airflow/dags/ecom.py
[2025-12-24T21:25:06.710+0000] {logging_mixin.py:188} INFO - [2025-12-24T21:25:06.709+0000] {dagbag.py:348} ERROR - Failed to import: /opt/airflow/dags/ecom.py
Traceback (most recent call last):
  File "/home/airflow/.local/lib/python3.8/site-packages/airflow/models/dagbag.py", line 344, in parse
    loader.exec_module(new_module)
  File "<frozen importlib._bootstrap_external>", line 839, in exec_module
  File "<frozen importlib._bootstrap_external>", line 976, in get_code
  File "<frozen importlib._bootstrap_external>", line 906, in source_to_code
  File "<frozen importlib._bootstrap>", line 219, in _call_with_frames_removed
  File "/opt/airflow/dags/ecom.py", line 38
    s3_file_downloader = PythonOperator(
                                       ^
IndentationError: unindent does not match any outer indentation level
[2025-12-24T21:25:06.712+0000] {processor.py:842} WARNING - No viable dags retrieved from /opt/airflow/dags/ecom.py
[2025-12-24T21:25:06.744+0000] {processor.py:183} INFO - Processing /opt/airflow/dags/ecom.py took 0.073 seconds
[2025-12-24T21:25:10.454+0000] {processor.py:161} INFO - Started process (PID=39651) to work on /opt/airflow/dags/ecom.py
[2025-12-24T21:25:10.455+0000] {processor.py:830} INFO - Processing file /opt/airflow/dags/ecom.py for tasks to queue
[2025-12-24T21:25:10.456+0000] {logging_mixin.py:188} INFO - [2025-12-24T21:25:10.456+0000] {dagbag.py:538} INFO - Filling up the DagBag from /opt/airflow/dags/ecom.py
[2025-12-24T21:25:10.475+0000] {logging_mixin.py:188} INFO - [2025-12-24T21:25:10.474+0000] {dagbag.py:348} ERROR - Failed to import: /opt/airflow/dags/ecom.py
Traceback (most recent call last):
  File "/home/airflow/.local/lib/python3.8/site-packages/airflow/models/dagbag.py", line 344, in parse
    loader.exec_module(new_module)
  File "<frozen importlib._bootstrap_external>", line 839, in exec_module
  File "<frozen importlib._bootstrap_external>", line 976, in get_code
  File "<frozen importlib._bootstrap_external>", line 906, in source_to_code
  File "<frozen importlib._bootstrap>", line 219, in _call_with_frames_removed
  File "/opt/airflow/dags/ecom.py", line 38
    s3_file_downloader = PythonOperator(
                                       ^
IndentationError: unindent does not match any outer indentation level
[2025-12-24T21:25:10.476+0000] {processor.py:842} WARNING - No viable dags retrieved from /opt/airflow/dags/ecom.py
[2025-12-24T21:25:10.496+0000] {processor.py:183} INFO - Processing /opt/airflow/dags/ecom.py took 0.047 seconds
[2025-12-24T21:25:11.484+0000] {processor.py:161} INFO - Started process (PID=39652) to work on /opt/airflow/dags/ecom.py
[2025-12-24T21:25:11.485+0000] {processor.py:830} INFO - Processing file /opt/airflow/dags/ecom.py for tasks to queue
[2025-12-24T21:25:11.486+0000] {logging_mixin.py:188} INFO - [2025-12-24T21:25:11.486+0000] {dagbag.py:538} INFO - Filling up the DagBag from /opt/airflow/dags/ecom.py
[2025-12-24T21:25:11.502+0000] {logging_mixin.py:188} INFO - [2025-12-24T21:25:11.501+0000] {dagbag.py:348} ERROR - Failed to import: /opt/airflow/dags/ecom.py
Traceback (most recent call last):
  File "/home/airflow/.local/lib/python3.8/site-packages/airflow/models/dagbag.py", line 344, in parse
    loader.exec_module(new_module)
  File "<frozen importlib._bootstrap_external>", line 839, in exec_module
  File "<frozen importlib._bootstrap_external>", line 976, in get_code
  File "<frozen importlib._bootstrap_external>", line 906, in source_to_code
  File "<frozen importlib._bootstrap>", line 219, in _call_with_frames_removed
  File "/opt/airflow/dags/ecom.py", line 38
    s3_file_downloader = PythonOperator(
                                       ^
IndentationError: unindent does not match any outer indentation level
[2025-12-24T21:25:11.503+0000] {processor.py:842} WARNING - No viable dags retrieved from /opt/airflow/dags/ecom.py
[2025-12-24T21:25:11.525+0000] {processor.py:183} INFO - Processing /opt/airflow/dags/ecom.py took 0.045 seconds
[2025-12-24T21:25:17.367+0000] {processor.py:161} INFO - Started process (PID=39666) to work on /opt/airflow/dags/ecom.py
[2025-12-24T21:25:17.368+0000] {processor.py:830} INFO - Processing file /opt/airflow/dags/ecom.py for tasks to queue
[2025-12-24T21:25:17.370+0000] {logging_mixin.py:188} INFO - [2025-12-24T21:25:17.369+0000] {dagbag.py:538} INFO - Filling up the DagBag from /opt/airflow/dags/ecom.py
[2025-12-24T21:25:17.390+0000] {logging_mixin.py:188} INFO - [2025-12-24T21:25:17.389+0000] {dagbag.py:348} ERROR - Failed to import: /opt/airflow/dags/ecom.py
Traceback (most recent call last):
  File "/home/airflow/.local/lib/python3.8/site-packages/airflow/models/dagbag.py", line 344, in parse
    loader.exec_module(new_module)
  File "<frozen importlib._bootstrap_external>", line 839, in exec_module
  File "<frozen importlib._bootstrap_external>", line 976, in get_code
  File "<frozen importlib._bootstrap_external>", line 906, in source_to_code
  File "<frozen importlib._bootstrap>", line 219, in _call_with_frames_removed
  File "/opt/airflow/dags/ecom.py", line 21
    S3Hook(aws_conn_id= )
                        ^
SyntaxError: invalid syntax
[2025-12-24T21:25:17.391+0000] {processor.py:842} WARNING - No viable dags retrieved from /opt/airflow/dags/ecom.py
[2025-12-24T21:25:17.414+0000] {processor.py:183} INFO - Processing /opt/airflow/dags/ecom.py took 0.051 seconds
[2025-12-24T21:25:20.416+0000] {processor.py:161} INFO - Started process (PID=39667) to work on /opt/airflow/dags/ecom.py
[2025-12-24T21:25:20.417+0000] {processor.py:830} INFO - Processing file /opt/airflow/dags/ecom.py for tasks to queue
[2025-12-24T21:25:20.419+0000] {logging_mixin.py:188} INFO - [2025-12-24T21:25:20.418+0000] {dagbag.py:538} INFO - Filling up the DagBag from /opt/airflow/dags/ecom.py
[2025-12-24T21:25:20.438+0000] {logging_mixin.py:188} INFO - [2025-12-24T21:25:20.437+0000] {dagbag.py:348} ERROR - Failed to import: /opt/airflow/dags/ecom.py
Traceback (most recent call last):
  File "/home/airflow/.local/lib/python3.8/site-packages/airflow/models/dagbag.py", line 344, in parse
    loader.exec_module(new_module)
  File "<frozen importlib._bootstrap_external>", line 839, in exec_module
  File "<frozen importlib._bootstrap_external>", line 976, in get_code
  File "<frozen importlib._bootstrap_external>", line 906, in source_to_code
  File "<frozen importlib._bootstrap>", line 219, in _call_with_frames_removed
  File "/opt/airflow/dags/ecom.py", line 38
    s3_file_downloader = PythonOperator(
                                       ^
IndentationError: unindent does not match any outer indentation level
[2025-12-24T21:25:20.438+0000] {processor.py:842} WARNING - No viable dags retrieved from /opt/airflow/dags/ecom.py
[2025-12-24T21:25:20.461+0000] {processor.py:183} INFO - Processing /opt/airflow/dags/ecom.py took 0.049 seconds
[2025-12-24T21:25:21.642+0000] {processor.py:161} INFO - Started process (PID=39670) to work on /opt/airflow/dags/ecom.py
[2025-12-24T21:25:21.643+0000] {processor.py:830} INFO - Processing file /opt/airflow/dags/ecom.py for tasks to queue
[2025-12-24T21:25:21.644+0000] {logging_mixin.py:188} INFO - [2025-12-24T21:25:21.644+0000] {dagbag.py:538} INFO - Filling up the DagBag from /opt/airflow/dags/ecom.py
[2025-12-24T21:25:21.660+0000] {logging_mixin.py:188} INFO - [2025-12-24T21:25:21.659+0000] {dagbag.py:348} ERROR - Failed to import: /opt/airflow/dags/ecom.py
Traceback (most recent call last):
  File "/home/airflow/.local/lib/python3.8/site-packages/airflow/models/dagbag.py", line 344, in parse
    loader.exec_module(new_module)
  File "<frozen importlib._bootstrap_external>", line 839, in exec_module
  File "<frozen importlib._bootstrap_external>", line 976, in get_code
  File "<frozen importlib._bootstrap_external>", line 906, in source_to_code
  File "<frozen importlib._bootstrap>", line 219, in _call_with_frames_removed
  File "/opt/airflow/dags/ecom.py", line 38
    s3_file_downloader = PythonOperator(
                                       ^
IndentationError: unindent does not match any outer indentation level
[2025-12-24T21:25:21.660+0000] {processor.py:842} WARNING - No viable dags retrieved from /opt/airflow/dags/ecom.py
[2025-12-24T21:25:21.681+0000] {processor.py:183} INFO - Processing /opt/airflow/dags/ecom.py took 0.043 seconds
[2025-12-24T21:25:31.287+0000] {processor.py:161} INFO - Started process (PID=39690) to work on /opt/airflow/dags/ecom.py
[2025-12-24T21:25:31.289+0000] {processor.py:830} INFO - Processing file /opt/airflow/dags/ecom.py for tasks to queue
[2025-12-24T21:25:31.290+0000] {logging_mixin.py:188} INFO - [2025-12-24T21:25:31.290+0000] {dagbag.py:538} INFO - Filling up the DagBag from /opt/airflow/dags/ecom.py
[2025-12-24T21:25:31.322+0000] {logging_mixin.py:188} INFO - [2025-12-24T21:25:31.322+0000] {dagbag.py:348} ERROR - Failed to import: /opt/airflow/dags/ecom.py
Traceback (most recent call last):
  File "/home/airflow/.local/lib/python3.8/site-packages/airflow/models/dagbag.py", line 344, in parse
    loader.exec_module(new_module)
  File "<frozen importlib._bootstrap_external>", line 839, in exec_module
  File "<frozen importlib._bootstrap_external>", line 976, in get_code
  File "<frozen importlib._bootstrap_external>", line 906, in source_to_code
  File "<frozen importlib._bootstrap>", line 219, in _call_with_frames_removed
  File "/opt/airflow/dags/ecom.py", line 38
    s3_file_downloader = PythonOperator(
                                       ^
IndentationError: unindent does not match any outer indentation level
[2025-12-24T21:25:31.324+0000] {processor.py:842} WARNING - No viable dags retrieved from /opt/airflow/dags/ecom.py
[2025-12-24T21:25:31.358+0000] {processor.py:183} INFO - Processing /opt/airflow/dags/ecom.py took 0.075 seconds
[2025-12-24T21:25:33.933+0000] {processor.py:161} INFO - Started process (PID=39696) to work on /opt/airflow/dags/ecom.py
[2025-12-24T21:25:33.935+0000] {processor.py:830} INFO - Processing file /opt/airflow/dags/ecom.py for tasks to queue
[2025-12-24T21:25:33.936+0000] {logging_mixin.py:188} INFO - [2025-12-24T21:25:33.936+0000] {dagbag.py:538} INFO - Filling up the DagBag from /opt/airflow/dags/ecom.py
[2025-12-24T21:25:33.954+0000] {logging_mixin.py:188} INFO - [2025-12-24T21:25:33.953+0000] {dagbag.py:348} ERROR - Failed to import: /opt/airflow/dags/ecom.py
Traceback (most recent call last):
  File "/home/airflow/.local/lib/python3.8/site-packages/airflow/models/dagbag.py", line 344, in parse
    loader.exec_module(new_module)
  File "<frozen importlib._bootstrap_external>", line 839, in exec_module
  File "<frozen importlib._bootstrap_external>", line 976, in get_code
  File "<frozen importlib._bootstrap_external>", line 906, in source_to_code
  File "<frozen importlib._bootstrap>", line 219, in _call_with_frames_removed
  File "/opt/airflow/dags/ecom.py", line 38
    s3_file_downloader = PythonOperator(
                                       ^
IndentationError: unindent does not match any outer indentation level
[2025-12-24T21:25:33.954+0000] {processor.py:842} WARNING - No viable dags retrieved from /opt/airflow/dags/ecom.py
[2025-12-24T21:25:33.993+0000] {processor.py:183} INFO - Processing /opt/airflow/dags/ecom.py took 0.064 seconds
[2025-12-24T21:25:37.981+0000] {processor.py:161} INFO - Started process (PID=39703) to work on /opt/airflow/dags/ecom.py
[2025-12-24T21:25:37.983+0000] {processor.py:830} INFO - Processing file /opt/airflow/dags/ecom.py for tasks to queue
[2025-12-24T21:25:37.984+0000] {logging_mixin.py:188} INFO - [2025-12-24T21:25:37.983+0000] {dagbag.py:538} INFO - Filling up the DagBag from /opt/airflow/dags/ecom.py
[2025-12-24T21:25:38.005+0000] {logging_mixin.py:188} INFO - [2025-12-24T21:25:38.004+0000] {dagbag.py:348} ERROR - Failed to import: /opt/airflow/dags/ecom.py
Traceback (most recent call last):
  File "/home/airflow/.local/lib/python3.8/site-packages/airflow/models/dagbag.py", line 344, in parse
    loader.exec_module(new_module)
  File "<frozen importlib._bootstrap_external>", line 839, in exec_module
  File "<frozen importlib._bootstrap_external>", line 976, in get_code
  File "<frozen importlib._bootstrap_external>", line 906, in source_to_code
  File "<frozen importlib._bootstrap>", line 219, in _call_with_frames_removed
  File "/opt/airflow/dags/ecom.py", line 22
    hook.
        ^
SyntaxError: invalid syntax
[2025-12-24T21:25:38.005+0000] {processor.py:842} WARNING - No viable dags retrieved from /opt/airflow/dags/ecom.py
[2025-12-24T21:25:38.029+0000] {processor.py:183} INFO - Processing /opt/airflow/dags/ecom.py took 0.052 seconds
[2025-12-24T21:25:45.558+0000] {processor.py:161} INFO - Started process (PID=39727) to work on /opt/airflow/dags/ecom.py
[2025-12-24T21:25:45.559+0000] {processor.py:830} INFO - Processing file /opt/airflow/dags/ecom.py for tasks to queue
[2025-12-24T21:25:45.560+0000] {logging_mixin.py:188} INFO - [2025-12-24T21:25:45.560+0000] {dagbag.py:538} INFO - Filling up the DagBag from /opt/airflow/dags/ecom.py
[2025-12-24T21:25:45.578+0000] {logging_mixin.py:188} INFO - [2025-12-24T21:25:45.577+0000] {dagbag.py:348} ERROR - Failed to import: /opt/airflow/dags/ecom.py
Traceback (most recent call last):
  File "/home/airflow/.local/lib/python3.8/site-packages/airflow/models/dagbag.py", line 344, in parse
    loader.exec_module(new_module)
  File "<frozen importlib._bootstrap_external>", line 839, in exec_module
  File "<frozen importlib._bootstrap_external>", line 976, in get_code
  File "<frozen importlib._bootstrap_external>", line 906, in source_to_code
  File "<frozen importlib._bootstrap>", line 219, in _call_with_frames_removed
  File "/opt/airflow/dags/ecom.py", line 39
    s3_file_downloader = PythonOperator(
                                       ^
IndentationError: unindent does not match any outer indentation level
[2025-12-24T21:25:45.579+0000] {processor.py:842} WARNING - No viable dags retrieved from /opt/airflow/dags/ecom.py
[2025-12-24T21:25:45.602+0000] {processor.py:183} INFO - Processing /opt/airflow/dags/ecom.py took 0.048 seconds
[2025-12-24T21:25:54.104+0000] {processor.py:161} INFO - Started process (PID=39734) to work on /opt/airflow/dags/ecom.py
[2025-12-24T21:25:54.106+0000] {processor.py:830} INFO - Processing file /opt/airflow/dags/ecom.py for tasks to queue
[2025-12-24T21:25:54.107+0000] {logging_mixin.py:188} INFO - [2025-12-24T21:25:54.106+0000] {dagbag.py:538} INFO - Filling up the DagBag from /opt/airflow/dags/ecom.py
[2025-12-24T21:25:54.126+0000] {logging_mixin.py:188} INFO - [2025-12-24T21:25:54.125+0000] {dagbag.py:348} ERROR - Failed to import: /opt/airflow/dags/ecom.py
Traceback (most recent call last):
  File "/home/airflow/.local/lib/python3.8/site-packages/airflow/models/dagbag.py", line 344, in parse
    loader.exec_module(new_module)
  File "<frozen importlib._bootstrap_external>", line 839, in exec_module
  File "<frozen importlib._bootstrap_external>", line 976, in get_code
  File "<frozen importlib._bootstrap_external>", line 906, in source_to_code
  File "<frozen importlib._bootstrap>", line 219, in _call_with_frames_removed
  File "/opt/airflow/dags/ecom.py", line 22
    hook.
        ^
SyntaxError: invalid syntax
[2025-12-24T21:25:54.126+0000] {processor.py:842} WARNING - No viable dags retrieved from /opt/airflow/dags/ecom.py
[2025-12-24T21:25:54.150+0000] {processor.py:183} INFO - Processing /opt/airflow/dags/ecom.py took 0.050 seconds
[2025-12-24T21:26:07.042+0000] {processor.py:161} INFO - Started process (PID=39763) to work on /opt/airflow/dags/ecom.py
[2025-12-24T21:26:07.043+0000] {processor.py:830} INFO - Processing file /opt/airflow/dags/ecom.py for tasks to queue
[2025-12-24T21:26:07.044+0000] {logging_mixin.py:188} INFO - [2025-12-24T21:26:07.044+0000] {dagbag.py:538} INFO - Filling up the DagBag from /opt/airflow/dags/ecom.py
[2025-12-24T21:26:07.060+0000] {logging_mixin.py:188} INFO - [2025-12-24T21:26:07.060+0000] {dagbag.py:348} ERROR - Failed to import: /opt/airflow/dags/ecom.py
Traceback (most recent call last):
  File "/home/airflow/.local/lib/python3.8/site-packages/airflow/models/dagbag.py", line 344, in parse
    loader.exec_module(new_module)
  File "<frozen importlib._bootstrap_external>", line 839, in exec_module
  File "<frozen importlib._bootstrap_external>", line 976, in get_code
  File "<frozen importlib._bootstrap_external>", line 906, in source_to_code
  File "<frozen importlib._bootstrap>", line 219, in _call_with_frames_removed
  File "/opt/airflow/dags/ecom.py", line 39
    s3_file_downloader = PythonOperator(
                                       ^
IndentationError: unindent does not match any outer indentation level
[2025-12-24T21:26:07.061+0000] {processor.py:842} WARNING - No viable dags retrieved from /opt/airflow/dags/ecom.py
[2025-12-24T21:26:07.082+0000] {processor.py:183} INFO - Processing /opt/airflow/dags/ecom.py took 0.043 seconds
[2025-12-24T21:26:37.128+0000] {processor.py:161} INFO - Started process (PID=39821) to work on /opt/airflow/dags/ecom.py
[2025-12-24T21:26:37.129+0000] {processor.py:830} INFO - Processing file /opt/airflow/dags/ecom.py for tasks to queue
[2025-12-24T21:26:37.131+0000] {logging_mixin.py:188} INFO - [2025-12-24T21:26:37.130+0000] {dagbag.py:538} INFO - Filling up the DagBag from /opt/airflow/dags/ecom.py
[2025-12-24T21:26:37.147+0000] {logging_mixin.py:188} INFO - [2025-12-24T21:26:37.146+0000] {dagbag.py:348} ERROR - Failed to import: /opt/airflow/dags/ecom.py
Traceback (most recent call last):
  File "/home/airflow/.local/lib/python3.8/site-packages/airflow/models/dagbag.py", line 344, in parse
    loader.exec_module(new_module)
  File "<frozen importlib._bootstrap_external>", line 839, in exec_module
  File "<frozen importlib._bootstrap_external>", line 976, in get_code
  File "<frozen importlib._bootstrap_external>", line 906, in source_to_code
  File "<frozen importlib._bootstrap>", line 219, in _call_with_frames_removed
  File "/opt/airflow/dags/ecom.py", line 39
    s3_file_downloader = PythonOperator(
                                       ^
IndentationError: unindent does not match any outer indentation level
[2025-12-24T21:26:37.147+0000] {processor.py:842} WARNING - No viable dags retrieved from /opt/airflow/dags/ecom.py
[2025-12-24T21:26:37.168+0000] {processor.py:183} INFO - Processing /opt/airflow/dags/ecom.py took 0.044 seconds
[2025-12-24T21:26:59.975+0000] {processor.py:161} INFO - Started process (PID=39853) to work on /opt/airflow/dags/ecom.py
[2025-12-24T21:26:59.977+0000] {processor.py:830} INFO - Processing file /opt/airflow/dags/ecom.py for tasks to queue
[2025-12-24T21:26:59.980+0000] {logging_mixin.py:188} INFO - [2025-12-24T21:26:59.979+0000] {dagbag.py:538} INFO - Filling up the DagBag from /opt/airflow/dags/ecom.py
[2025-12-24T21:27:00.006+0000] {logging_mixin.py:188} INFO - [2025-12-24T21:27:00.005+0000] {dagbag.py:348} ERROR - Failed to import: /opt/airflow/dags/ecom.py
Traceback (most recent call last):
  File "/home/airflow/.local/lib/python3.8/site-packages/airflow/models/dagbag.py", line 344, in parse
    loader.exec_module(new_module)
  File "<frozen importlib._bootstrap_external>", line 839, in exec_module
  File "<frozen importlib._bootstrap_external>", line 976, in get_code
  File "<frozen importlib._bootstrap_external>", line 906, in source_to_code
  File "<frozen importlib._bootstrap>", line 219, in _call_with_frames_removed
  File "/opt/airflow/dags/ecom.py", line 22
    keys = hook.list_keys(bucket_name=BUCKET_NAME, prefix='', delimiter='/')
    ^
IndentationError: unexpected indent
[2025-12-24T21:27:00.007+0000] {processor.py:842} WARNING - No viable dags retrieved from /opt/airflow/dags/ecom.py
[2025-12-24T21:27:00.039+0000] {processor.py:183} INFO - Processing /opt/airflow/dags/ecom.py took 0.068 seconds
[2025-12-24T21:27:03.312+0000] {processor.py:161} INFO - Started process (PID=39867) to work on /opt/airflow/dags/ecom.py
[2025-12-24T21:27:03.314+0000] {processor.py:830} INFO - Processing file /opt/airflow/dags/ecom.py for tasks to queue
[2025-12-24T21:27:03.315+0000] {logging_mixin.py:188} INFO - [2025-12-24T21:27:03.314+0000] {dagbag.py:538} INFO - Filling up the DagBag from /opt/airflow/dags/ecom.py
[2025-12-24T21:27:03.332+0000] {logging_mixin.py:188} INFO - [2025-12-24T21:27:03.331+0000] {dagbag.py:348} ERROR - Failed to import: /opt/airflow/dags/ecom.py
Traceback (most recent call last):
  File "/home/airflow/.local/lib/python3.8/site-packages/airflow/models/dagbag.py", line 344, in parse
    loader.exec_module(new_module)
  File "<frozen importlib._bootstrap_external>", line 839, in exec_module
  File "<frozen importlib._bootstrap_external>", line 976, in get_code
  File "<frozen importlib._bootstrap_external>", line 906, in source_to_code
  File "<frozen importlib._bootstrap>", line 219, in _call_with_frames_removed
  File "/opt/airflow/dags/ecom.py", line 47
    s3_file_downloader = PythonOperator(
                                       ^
IndentationError: unindent does not match any outer indentation level
[2025-12-24T21:27:03.332+0000] {processor.py:842} WARNING - No viable dags retrieved from /opt/airflow/dags/ecom.py
[2025-12-24T21:27:03.356+0000] {processor.py:183} INFO - Processing /opt/airflow/dags/ecom.py took 0.049 seconds
[2025-12-24T21:27:34.285+0000] {processor.py:161} INFO - Started process (PID=39925) to work on /opt/airflow/dags/ecom.py
[2025-12-24T21:27:34.288+0000] {processor.py:830} INFO - Processing file /opt/airflow/dags/ecom.py for tasks to queue
[2025-12-24T21:27:34.290+0000] {logging_mixin.py:188} INFO - [2025-12-24T21:27:34.289+0000] {dagbag.py:538} INFO - Filling up the DagBag from /opt/airflow/dags/ecom.py
[2025-12-24T21:27:34.314+0000] {logging_mixin.py:188} INFO - [2025-12-24T21:27:34.313+0000] {dagbag.py:348} ERROR - Failed to import: /opt/airflow/dags/ecom.py
Traceback (most recent call last):
  File "/home/airflow/.local/lib/python3.8/site-packages/airflow/models/dagbag.py", line 344, in parse
    loader.exec_module(new_module)
  File "<frozen importlib._bootstrap_external>", line 839, in exec_module
  File "<frozen importlib._bootstrap_external>", line 976, in get_code
  File "<frozen importlib._bootstrap_external>", line 906, in source_to_code
  File "<frozen importlib._bootstrap>", line 219, in _call_with_frames_removed
  File "/opt/airflow/dags/ecom.py", line 47
    s3_file_downloader = PythonOperator(
                                       ^
IndentationError: unindent does not match any outer indentation level
[2025-12-24T21:27:34.315+0000] {processor.py:842} WARNING - No viable dags retrieved from /opt/airflow/dags/ecom.py
[2025-12-24T21:27:34.344+0000] {processor.py:183} INFO - Processing /opt/airflow/dags/ecom.py took 0.066 seconds
[2025-12-24T21:28:04.863+0000] {processor.py:161} INFO - Started process (PID=39983) to work on /opt/airflow/dags/ecom.py
[2025-12-24T21:28:04.865+0000] {processor.py:830} INFO - Processing file /opt/airflow/dags/ecom.py for tasks to queue
[2025-12-24T21:28:04.866+0000] {logging_mixin.py:188} INFO - [2025-12-24T21:28:04.866+0000] {dagbag.py:538} INFO - Filling up the DagBag from /opt/airflow/dags/ecom.py
[2025-12-24T21:28:04.890+0000] {logging_mixin.py:188} INFO - [2025-12-24T21:28:04.889+0000] {dagbag.py:348} ERROR - Failed to import: /opt/airflow/dags/ecom.py
Traceback (most recent call last):
  File "/home/airflow/.local/lib/python3.8/site-packages/airflow/models/dagbag.py", line 344, in parse
    loader.exec_module(new_module)
  File "<frozen importlib._bootstrap_external>", line 839, in exec_module
  File "<frozen importlib._bootstrap_external>", line 976, in get_code
  File "<frozen importlib._bootstrap_external>", line 906, in source_to_code
  File "<frozen importlib._bootstrap>", line 219, in _call_with_frames_removed
  File "/opt/airflow/dags/ecom.py", line 47
    s3_file_downloader = PythonOperator(
                                       ^
IndentationError: unindent does not match any outer indentation level
[2025-12-24T21:28:04.890+0000] {processor.py:842} WARNING - No viable dags retrieved from /opt/airflow/dags/ecom.py
[2025-12-24T21:28:04.912+0000] {processor.py:183} INFO - Processing /opt/airflow/dags/ecom.py took 0.054 seconds
[2025-12-24T21:28:20.051+0000] {processor.py:161} INFO - Started process (PID=40022) to work on /opt/airflow/dags/ecom.py
[2025-12-24T21:28:20.052+0000] {processor.py:830} INFO - Processing file /opt/airflow/dags/ecom.py for tasks to queue
[2025-12-24T21:28:20.053+0000] {logging_mixin.py:188} INFO - [2025-12-24T21:28:20.053+0000] {dagbag.py:538} INFO - Filling up the DagBag from /opt/airflow/dags/ecom.py
[2025-12-24T21:28:20.068+0000] {logging_mixin.py:188} INFO - [2025-12-24T21:28:20.067+0000] {dagbag.py:348} ERROR - Failed to import: /opt/airflow/dags/ecom.py
Traceback (most recent call last):
  File "/home/airflow/.local/lib/python3.8/site-packages/airflow/models/dagbag.py", line 344, in parse
    loader.exec_module(new_module)
  File "<frozen importlib._bootstrap_external>", line 839, in exec_module
  File "<frozen importlib._bootstrap_external>", line 976, in get_code
  File "<frozen importlib._bootstrap_external>", line 906, in source_to_code
  File "<frozen importlib._bootstrap>", line 219, in _call_with_frames_removed
  File "/opt/airflow/dags/ecom.py", line 48
    s3_file_downloader = PythonOperator(
                                       ^
IndentationError: unindent does not match any outer indentation level
[2025-12-24T21:28:20.069+0000] {processor.py:842} WARNING - No viable dags retrieved from /opt/airflow/dags/ecom.py
[2025-12-24T21:28:20.089+0000] {processor.py:183} INFO - Processing /opt/airflow/dags/ecom.py took 0.041 seconds
[2025-12-24T21:28:24.137+0000] {processor.py:161} INFO - Started process (PID=40023) to work on /opt/airflow/dags/ecom.py
[2025-12-24T21:28:24.139+0000] {processor.py:830} INFO - Processing file /opt/airflow/dags/ecom.py for tasks to queue
[2025-12-24T21:28:24.140+0000] {logging_mixin.py:188} INFO - [2025-12-24T21:28:24.140+0000] {dagbag.py:538} INFO - Filling up the DagBag from /opt/airflow/dags/ecom.py
[2025-12-24T21:28:24.162+0000] {logging_mixin.py:188} INFO - [2025-12-24T21:28:24.160+0000] {dagbag.py:348} ERROR - Failed to import: /opt/airflow/dags/ecom.py
Traceback (most recent call last):
  File "/home/airflow/.local/lib/python3.8/site-packages/airflow/models/dagbag.py", line 344, in parse
    loader.exec_module(new_module)
  File "<frozen importlib._bootstrap_external>", line 839, in exec_module
  File "<frozen importlib._bootstrap_external>", line 976, in get_code
  File "<frozen importlib._bootstrap_external>", line 906, in source_to_code
  File "<frozen importlib._bootstrap>", line 219, in _call_with_frames_removed
  File "/opt/airflow/dags/ecom.py", line 48
    s3_file_downloader = PythonOperator(
                                       ^
IndentationError: unindent does not match any outer indentation level
[2025-12-24T21:28:24.162+0000] {processor.py:842} WARNING - No viable dags retrieved from /opt/airflow/dags/ecom.py
[2025-12-24T21:28:24.195+0000] {processor.py:183} INFO - Processing /opt/airflow/dags/ecom.py took 0.063 seconds
[2025-12-24T21:28:27.411+0000] {processor.py:161} INFO - Started process (PID=40027) to work on /opt/airflow/dags/ecom.py
[2025-12-24T21:28:27.413+0000] {processor.py:830} INFO - Processing file /opt/airflow/dags/ecom.py for tasks to queue
[2025-12-24T21:28:27.413+0000] {logging_mixin.py:188} INFO - [2025-12-24T21:28:27.413+0000] {dagbag.py:538} INFO - Filling up the DagBag from /opt/airflow/dags/ecom.py
[2025-12-24T21:28:27.432+0000] {logging_mixin.py:188} INFO - [2025-12-24T21:28:27.431+0000] {dagbag.py:348} ERROR - Failed to import: /opt/airflow/dags/ecom.py
Traceback (most recent call last):
  File "/home/airflow/.local/lib/python3.8/site-packages/airflow/models/dagbag.py", line 344, in parse
    loader.exec_module(new_module)
  File "<frozen importlib._bootstrap_external>", line 839, in exec_module
  File "<frozen importlib._bootstrap_external>", line 976, in get_code
  File "<frozen importlib._bootstrap_external>", line 906, in source_to_code
  File "<frozen importlib._bootstrap>", line 219, in _call_with_frames_removed
  File "/opt/airflow/dags/ecom.py", line 48
    s3_file_downloader = PythonOperator(
                                       ^
IndentationError: unindent does not match any outer indentation level
[2025-12-24T21:28:27.433+0000] {processor.py:842} WARNING - No viable dags retrieved from /opt/airflow/dags/ecom.py
[2025-12-24T21:28:27.456+0000] {processor.py:183} INFO - Processing /opt/airflow/dags/ecom.py took 0.049 seconds
[2025-12-24T21:28:30.949+0000] {processor.py:161} INFO - Started process (PID=40031) to work on /opt/airflow/dags/ecom.py
[2025-12-24T21:28:30.952+0000] {processor.py:830} INFO - Processing file /opt/airflow/dags/ecom.py for tasks to queue
[2025-12-24T21:28:30.954+0000] {logging_mixin.py:188} INFO - [2025-12-24T21:28:30.953+0000] {dagbag.py:538} INFO - Filling up the DagBag from /opt/airflow/dags/ecom.py
[2025-12-24T21:28:30.985+0000] {logging_mixin.py:188} INFO - [2025-12-24T21:28:30.984+0000] {dagbag.py:348} ERROR - Failed to import: /opt/airflow/dags/ecom.py
Traceback (most recent call last):
  File "/home/airflow/.local/lib/python3.8/site-packages/airflow/models/dagbag.py", line 344, in parse
    loader.exec_module(new_module)
  File "<frozen importlib._bootstrap_external>", line 839, in exec_module
  File "<frozen importlib._bootstrap_external>", line 976, in get_code
  File "<frozen importlib._bootstrap_external>", line 906, in source_to_code
  File "<frozen importlib._bootstrap>", line 219, in _call_with_frames_removed
  File "/opt/airflow/dags/ecom.py", line 48
    s3_file_downloader = PythonOperator(
                                       ^
IndentationError: unindent does not match any outer indentation level
[2025-12-24T21:28:30.987+0000] {processor.py:842} WARNING - No viable dags retrieved from /opt/airflow/dags/ecom.py
[2025-12-24T21:28:31.033+0000] {processor.py:183} INFO - Processing /opt/airflow/dags/ecom.py took 0.092 seconds
[2025-12-24T21:28:32.869+0000] {processor.py:161} INFO - Started process (PID=40037) to work on /opt/airflow/dags/ecom.py
[2025-12-24T21:28:32.871+0000] {processor.py:830} INFO - Processing file /opt/airflow/dags/ecom.py for tasks to queue
[2025-12-24T21:28:32.873+0000] {logging_mixin.py:188} INFO - [2025-12-24T21:28:32.873+0000] {dagbag.py:538} INFO - Filling up the DagBag from /opt/airflow/dags/ecom.py
[2025-12-24T21:28:32.936+0000] {logging_mixin.py:188} INFO - [2025-12-24T21:28:32.932+0000] {dagbag.py:348} ERROR - Failed to import: /opt/airflow/dags/ecom.py
Traceback (most recent call last):
  File "/home/airflow/.local/lib/python3.8/site-packages/airflow/models/dagbag.py", line 344, in parse
    loader.exec_module(new_module)
  File "<frozen importlib._bootstrap_external>", line 839, in exec_module
  File "<frozen importlib._bootstrap_external>", line 976, in get_code
  File "<frozen importlib._bootstrap_external>", line 906, in source_to_code
  File "<frozen importlib._bootstrap>", line 219, in _call_with_frames_removed
  File "/opt/airflow/dags/ecom.py", line 48
    s3_file_downloader = PythonOperator(
                                       ^
IndentationError: unindent does not match any outer indentation level
[2025-12-24T21:28:32.938+0000] {processor.py:842} WARNING - No viable dags retrieved from /opt/airflow/dags/ecom.py
[2025-12-24T21:28:33.008+0000] {processor.py:183} INFO - Processing /opt/airflow/dags/ecom.py took 0.151 seconds
[2025-12-24T21:28:34.350+0000] {processor.py:161} INFO - Started process (PID=40046) to work on /opt/airflow/dags/ecom.py
[2025-12-24T21:28:34.353+0000] {processor.py:830} INFO - Processing file /opt/airflow/dags/ecom.py for tasks to queue
[2025-12-24T21:28:34.354+0000] {logging_mixin.py:188} INFO - [2025-12-24T21:28:34.353+0000] {dagbag.py:538} INFO - Filling up the DagBag from /opt/airflow/dags/ecom.py
[2025-12-24T21:28:34.391+0000] {logging_mixin.py:188} INFO - [2025-12-24T21:28:34.390+0000] {dagbag.py:348} ERROR - Failed to import: /opt/airflow/dags/ecom.py
Traceback (most recent call last):
  File "/home/airflow/.local/lib/python3.8/site-packages/airflow/models/dagbag.py", line 344, in parse
    loader.exec_module(new_module)
  File "<frozen importlib._bootstrap_external>", line 839, in exec_module
  File "<frozen importlib._bootstrap_external>", line 976, in get_code
  File "<frozen importlib._bootstrap_external>", line 906, in source_to_code
  File "<frozen importlib._bootstrap>", line 219, in _call_with_frames_removed
  File "/opt/airflow/dags/ecom.py", line 48
    s3_file_downloader = PythonOperator(
                                       ^
IndentationError: unindent does not match any outer indentation level
[2025-12-24T21:28:34.392+0000] {processor.py:842} WARNING - No viable dags retrieved from /opt/airflow/dags/ecom.py
[2025-12-24T21:28:34.429+0000] {processor.py:183} INFO - Processing /opt/airflow/dags/ecom.py took 0.085 seconds
[2025-12-24T21:28:37.230+0000] {processor.py:161} INFO - Started process (PID=40060) to work on /opt/airflow/dags/ecom.py
[2025-12-24T21:28:37.231+0000] {processor.py:830} INFO - Processing file /opt/airflow/dags/ecom.py for tasks to queue
[2025-12-24T21:28:37.232+0000] {logging_mixin.py:188} INFO - [2025-12-24T21:28:37.232+0000] {dagbag.py:538} INFO - Filling up the DagBag from /opt/airflow/dags/ecom.py
[2025-12-24T21:28:37.253+0000] {logging_mixin.py:188} INFO - [2025-12-24T21:28:37.252+0000] {dagbag.py:348} ERROR - Failed to import: /opt/airflow/dags/ecom.py
Traceback (most recent call last):
  File "/home/airflow/.local/lib/python3.8/site-packages/airflow/models/dagbag.py", line 344, in parse
    loader.exec_module(new_module)
  File "<frozen importlib._bootstrap_external>", line 839, in exec_module
  File "<frozen importlib._bootstrap_external>", line 976, in get_code
  File "<frozen importlib._bootstrap_external>", line 906, in source_to_code
  File "<frozen importlib._bootstrap>", line 219, in _call_with_frames_removed
  File "/opt/airflow/dags/ecom.py", line 48
    s3_file_downloader = PythonOperator(
                                       ^
IndentationError: unindent does not match any outer indentation level
[2025-12-24T21:28:37.253+0000] {processor.py:842} WARNING - No viable dags retrieved from /opt/airflow/dags/ecom.py
[2025-12-24T21:28:37.281+0000] {processor.py:183} INFO - Processing /opt/airflow/dags/ecom.py took 0.055 seconds
[2025-12-24T21:28:39.277+0000] {processor.py:161} INFO - Started process (PID=40061) to work on /opt/airflow/dags/ecom.py
[2025-12-24T21:28:39.279+0000] {processor.py:830} INFO - Processing file /opt/airflow/dags/ecom.py for tasks to queue
[2025-12-24T21:28:39.281+0000] {logging_mixin.py:188} INFO - [2025-12-24T21:28:39.280+0000] {dagbag.py:538} INFO - Filling up the DagBag from /opt/airflow/dags/ecom.py
[2025-12-24T21:28:39.315+0000] {logging_mixin.py:188} INFO - [2025-12-24T21:28:39.314+0000] {dagbag.py:348} ERROR - Failed to import: /opt/airflow/dags/ecom.py
Traceback (most recent call last):
  File "/home/airflow/.local/lib/python3.8/site-packages/airflow/models/dagbag.py", line 344, in parse
    loader.exec_module(new_module)
  File "<frozen importlib._bootstrap_external>", line 839, in exec_module
  File "<frozen importlib._bootstrap_external>", line 976, in get_code
  File "<frozen importlib._bootstrap_external>", line 906, in source_to_code
  File "<frozen importlib._bootstrap>", line 219, in _call_with_frames_removed
  File "/opt/airflow/dags/ecom.py", line 48
    s3_file_downloader = PythonOperator(
                                       ^
IndentationError: unindent does not match any outer indentation level
[2025-12-24T21:28:39.316+0000] {processor.py:842} WARNING - No viable dags retrieved from /opt/airflow/dags/ecom.py
[2025-12-24T21:28:39.342+0000] {processor.py:183} INFO - Processing /opt/airflow/dags/ecom.py took 0.069 seconds
[2025-12-24T21:28:41.355+0000] {processor.py:161} INFO - Started process (PID=40062) to work on /opt/airflow/dags/ecom.py
[2025-12-24T21:28:41.356+0000] {processor.py:830} INFO - Processing file /opt/airflow/dags/ecom.py for tasks to queue
[2025-12-24T21:28:41.357+0000] {logging_mixin.py:188} INFO - [2025-12-24T21:28:41.357+0000] {dagbag.py:538} INFO - Filling up the DagBag from /opt/airflow/dags/ecom.py
[2025-12-24T21:28:41.375+0000] {logging_mixin.py:188} INFO - [2025-12-24T21:28:41.374+0000] {dagbag.py:348} ERROR - Failed to import: /opt/airflow/dags/ecom.py
Traceback (most recent call last):
  File "/home/airflow/.local/lib/python3.8/site-packages/airflow/models/dagbag.py", line 344, in parse
    loader.exec_module(new_module)
  File "<frozen importlib._bootstrap_external>", line 839, in exec_module
  File "<frozen importlib._bootstrap_external>", line 976, in get_code
  File "<frozen importlib._bootstrap_external>", line 906, in source_to_code
  File "<frozen importlib._bootstrap>", line 219, in _call_with_frames_removed
  File "/opt/airflow/dags/ecom.py", line 49
    s3_file_downloader = PythonOperator(
                                       ^
IndentationError: unindent does not match any outer indentation level
[2025-12-24T21:28:41.376+0000] {processor.py:842} WARNING - No viable dags retrieved from /opt/airflow/dags/ecom.py
[2025-12-24T21:28:41.396+0000] {processor.py:183} INFO - Processing /opt/airflow/dags/ecom.py took 0.047 seconds
[2025-12-24T21:28:43.357+0000] {processor.py:161} INFO - Started process (PID=40072) to work on /opt/airflow/dags/ecom.py
[2025-12-24T21:28:43.358+0000] {processor.py:830} INFO - Processing file /opt/airflow/dags/ecom.py for tasks to queue
[2025-12-24T21:28:43.360+0000] {logging_mixin.py:188} INFO - [2025-12-24T21:28:43.359+0000] {dagbag.py:538} INFO - Filling up the DagBag from /opt/airflow/dags/ecom.py
[2025-12-24T21:28:43.385+0000] {logging_mixin.py:188} INFO - [2025-12-24T21:28:43.384+0000] {dagbag.py:348} ERROR - Failed to import: /opt/airflow/dags/ecom.py
Traceback (most recent call last):
  File "/home/airflow/.local/lib/python3.8/site-packages/airflow/models/dagbag.py", line 344, in parse
    loader.exec_module(new_module)
  File "<frozen importlib._bootstrap_external>", line 839, in exec_module
  File "<frozen importlib._bootstrap_external>", line 976, in get_code
  File "<frozen importlib._bootstrap_external>", line 906, in source_to_code
  File "<frozen importlib._bootstrap>", line 219, in _call_with_frames_removed
  File "/opt/airflow/dags/ecom.py", line 49
    s3_file_downloader = PythonOperator(
                                       ^
IndentationError: unindent does not match any outer indentation level
[2025-12-24T21:28:43.386+0000] {processor.py:842} WARNING - No viable dags retrieved from /opt/airflow/dags/ecom.py
[2025-12-24T21:28:43.415+0000] {processor.py:183} INFO - Processing /opt/airflow/dags/ecom.py took 0.062 seconds
[2025-12-24T21:28:48.405+0000] {processor.py:161} INFO - Started process (PID=40087) to work on /opt/airflow/dags/ecom.py
[2025-12-24T21:28:48.407+0000] {processor.py:830} INFO - Processing file /opt/airflow/dags/ecom.py for tasks to queue
[2025-12-24T21:28:48.408+0000] {logging_mixin.py:188} INFO - [2025-12-24T21:28:48.407+0000] {dagbag.py:538} INFO - Filling up the DagBag from /opt/airflow/dags/ecom.py
[2025-12-24T21:28:48.426+0000] {logging_mixin.py:188} INFO - [2025-12-24T21:28:48.425+0000] {dagbag.py:348} ERROR - Failed to import: /opt/airflow/dags/ecom.py
Traceback (most recent call last):
  File "/home/airflow/.local/lib/python3.8/site-packages/airflow/models/dagbag.py", line 344, in parse
    loader.exec_module(new_module)
  File "<frozen importlib._bootstrap_external>", line 839, in exec_module
  File "<frozen importlib._bootstrap_external>", line 976, in get_code
  File "<frozen importlib._bootstrap_external>", line 906, in source_to_code
  File "<frozen importlib._bootstrap>", line 219, in _call_with_frames_removed
  File "/opt/airflow/dags/ecom.py", line 49
    s3_file_downloader = PythonOperator(
                                       ^
IndentationError: unindent does not match any outer indentation level
[2025-12-24T21:28:48.426+0000] {processor.py:842} WARNING - No viable dags retrieved from /opt/airflow/dags/ecom.py
[2025-12-24T21:28:48.450+0000] {processor.py:183} INFO - Processing /opt/airflow/dags/ecom.py took 0.049 seconds
[2025-12-24T21:28:52.585+0000] {processor.py:161} INFO - Started process (PID=40090) to work on /opt/airflow/dags/ecom.py
[2025-12-24T21:28:52.586+0000] {processor.py:830} INFO - Processing file /opt/airflow/dags/ecom.py for tasks to queue
[2025-12-24T21:28:52.588+0000] {logging_mixin.py:188} INFO - [2025-12-24T21:28:52.587+0000] {dagbag.py:538} INFO - Filling up the DagBag from /opt/airflow/dags/ecom.py
[2025-12-24T21:28:52.604+0000] {logging_mixin.py:188} INFO - [2025-12-24T21:28:52.603+0000] {dagbag.py:348} ERROR - Failed to import: /opt/airflow/dags/ecom.py
Traceback (most recent call last):
  File "/home/airflow/.local/lib/python3.8/site-packages/airflow/models/dagbag.py", line 344, in parse
    loader.exec_module(new_module)
  File "<frozen importlib._bootstrap_external>", line 839, in exec_module
  File "<frozen importlib._bootstrap_external>", line 976, in get_code
  File "<frozen importlib._bootstrap_external>", line 906, in source_to_code
  File "<frozen importlib._bootstrap>", line 219, in _call_with_frames_removed
  File "/opt/airflow/dags/ecom.py", line 49
    s3_file_downloader = PythonOperator(
                                       ^
IndentationError: unindent does not match any outer indentation level
[2025-12-24T21:28:52.605+0000] {processor.py:842} WARNING - No viable dags retrieved from /opt/airflow/dags/ecom.py
[2025-12-24T21:28:52.630+0000] {processor.py:183} INFO - Processing /opt/airflow/dags/ecom.py took 0.050 seconds
[2025-12-24T21:29:10.765+0000] {processor.py:161} INFO - Started process (PID=40123) to work on /opt/airflow/dags/ecom.py
[2025-12-24T21:29:10.766+0000] {processor.py:830} INFO - Processing file /opt/airflow/dags/ecom.py for tasks to queue
[2025-12-24T21:29:10.767+0000] {logging_mixin.py:188} INFO - [2025-12-24T21:29:10.767+0000] {dagbag.py:538} INFO - Filling up the DagBag from /opt/airflow/dags/ecom.py
[2025-12-24T21:29:10.783+0000] {logging_mixin.py:188} INFO - [2025-12-24T21:29:10.782+0000] {dagbag.py:348} ERROR - Failed to import: /opt/airflow/dags/ecom.py
Traceback (most recent call last):
  File "/home/airflow/.local/lib/python3.8/site-packages/airflow/models/dagbag.py", line 344, in parse
    loader.exec_module(new_module)
  File "<frozen importlib._bootstrap_external>", line 839, in exec_module
  File "<frozen importlib._bootstrap_external>", line 976, in get_code
  File "<frozen importlib._bootstrap_external>", line 906, in source_to_code
  File "<frozen importlib._bootstrap>", line 219, in _call_with_frames_removed
  File "/opt/airflow/dags/ecom.py", line 49
    s3_file_downloader = PythonOperator(
                                       ^
IndentationError: unindent does not match any outer indentation level
[2025-12-24T21:29:10.784+0000] {processor.py:842} WARNING - No viable dags retrieved from /opt/airflow/dags/ecom.py
[2025-12-24T21:29:10.823+0000] {processor.py:183} INFO - Processing /opt/airflow/dags/ecom.py took 0.061 seconds
[2025-12-24T21:29:12.879+0000] {processor.py:161} INFO - Started process (PID=40124) to work on /opt/airflow/dags/ecom.py
[2025-12-24T21:29:12.881+0000] {processor.py:830} INFO - Processing file /opt/airflow/dags/ecom.py for tasks to queue
[2025-12-24T21:29:12.882+0000] {logging_mixin.py:188} INFO - [2025-12-24T21:29:12.882+0000] {dagbag.py:538} INFO - Filling up the DagBag from /opt/airflow/dags/ecom.py
[2025-12-24T21:29:12.904+0000] {logging_mixin.py:188} INFO - [2025-12-24T21:29:12.903+0000] {dagbag.py:348} ERROR - Failed to import: /opt/airflow/dags/ecom.py
Traceback (most recent call last):
  File "/home/airflow/.local/lib/python3.8/site-packages/airflow/models/dagbag.py", line 344, in parse
    loader.exec_module(new_module)
  File "<frozen importlib._bootstrap_external>", line 839, in exec_module
  File "<frozen importlib._bootstrap_external>", line 976, in get_code
  File "<frozen importlib._bootstrap_external>", line 906, in source_to_code
  File "<frozen importlib._bootstrap>", line 219, in _call_with_frames_removed
  File "/opt/airflow/dags/ecom.py", line 49
    s3_file_downloader = PythonOperator(
                                       ^
IndentationError: unindent does not match any outer indentation level
[2025-12-24T21:29:12.905+0000] {processor.py:842} WARNING - No viable dags retrieved from /opt/airflow/dags/ecom.py
[2025-12-24T21:29:12.933+0000] {processor.py:183} INFO - Processing /opt/airflow/dags/ecom.py took 0.060 seconds
[2025-12-24T21:29:13.176+0000] {processor.py:161} INFO - Started process (PID=40129) to work on /opt/airflow/dags/ecom.py
[2025-12-24T21:29:13.177+0000] {processor.py:830} INFO - Processing file /opt/airflow/dags/ecom.py for tasks to queue
[2025-12-24T21:29:13.179+0000] {logging_mixin.py:188} INFO - [2025-12-24T21:29:13.178+0000] {dagbag.py:538} INFO - Filling up the DagBag from /opt/airflow/dags/ecom.py
[2025-12-24T21:29:13.195+0000] {logging_mixin.py:188} INFO - [2025-12-24T21:29:13.195+0000] {dagbag.py:348} ERROR - Failed to import: /opt/airflow/dags/ecom.py
Traceback (most recent call last):
  File "/home/airflow/.local/lib/python3.8/site-packages/airflow/models/dagbag.py", line 344, in parse
    loader.exec_module(new_module)
  File "<frozen importlib._bootstrap_external>", line 839, in exec_module
  File "<frozen importlib._bootstrap_external>", line 976, in get_code
  File "<frozen importlib._bootstrap_external>", line 906, in source_to_code
  File "<frozen importlib._bootstrap>", line 219, in _call_with_frames_removed
  File "/opt/airflow/dags/ecom.py", line 32
    df.dropna(axis = 0, how=)
                            ^
SyntaxError: invalid syntax
[2025-12-24T21:29:13.196+0000] {processor.py:842} WARNING - No viable dags retrieved from /opt/airflow/dags/ecom.py
[2025-12-24T21:29:13.218+0000] {processor.py:183} INFO - Processing /opt/airflow/dags/ecom.py took 0.045 seconds
[2025-12-24T21:29:15.784+0000] {processor.py:161} INFO - Started process (PID=40138) to work on /opt/airflow/dags/ecom.py
[2025-12-24T21:29:15.786+0000] {processor.py:830} INFO - Processing file /opt/airflow/dags/ecom.py for tasks to queue
[2025-12-24T21:29:15.788+0000] {logging_mixin.py:188} INFO - [2025-12-24T21:29:15.787+0000] {dagbag.py:538} INFO - Filling up the DagBag from /opt/airflow/dags/ecom.py
[2025-12-24T21:29:15.808+0000] {logging_mixin.py:188} INFO - [2025-12-24T21:29:15.807+0000] {dagbag.py:348} ERROR - Failed to import: /opt/airflow/dags/ecom.py
Traceback (most recent call last):
  File "/home/airflow/.local/lib/python3.8/site-packages/airflow/models/dagbag.py", line 344, in parse
    loader.exec_module(new_module)
  File "<frozen importlib._bootstrap_external>", line 839, in exec_module
  File "<frozen importlib._bootstrap_external>", line 976, in get_code
  File "<frozen importlib._bootstrap_external>", line 906, in source_to_code
  File "<frozen importlib._bootstrap>", line 219, in _call_with_frames_removed
  File "/opt/airflow/dags/ecom.py", line 49
    s3_file_downloader = PythonOperator(
                                       ^
IndentationError: unindent does not match any outer indentation level
[2025-12-24T21:29:15.808+0000] {processor.py:842} WARNING - No viable dags retrieved from /opt/airflow/dags/ecom.py
[2025-12-24T21:29:15.832+0000] {processor.py:183} INFO - Processing /opt/airflow/dags/ecom.py took 0.052 seconds
[2025-12-24T21:29:18.652+0000] {processor.py:161} INFO - Started process (PID=40150) to work on /opt/airflow/dags/ecom.py
[2025-12-24T21:29:18.654+0000] {processor.py:830} INFO - Processing file /opt/airflow/dags/ecom.py for tasks to queue
[2025-12-24T21:29:18.655+0000] {logging_mixin.py:188} INFO - [2025-12-24T21:29:18.655+0000] {dagbag.py:538} INFO - Filling up the DagBag from /opt/airflow/dags/ecom.py
[2025-12-24T21:29:18.682+0000] {logging_mixin.py:188} INFO - [2025-12-24T21:29:18.681+0000] {dagbag.py:348} ERROR - Failed to import: /opt/airflow/dags/ecom.py
Traceback (most recent call last):
  File "/home/airflow/.local/lib/python3.8/site-packages/airflow/models/dagbag.py", line 344, in parse
    loader.exec_module(new_module)
  File "<frozen importlib._bootstrap_external>", line 839, in exec_module
  File "<frozen importlib._bootstrap_external>", line 976, in get_code
  File "<frozen importlib._bootstrap_external>", line 906, in source_to_code
  File "<frozen importlib._bootstrap>", line 219, in _call_with_frames_removed
  File "/opt/airflow/dags/ecom.py", line 49
    s3_file_downloader = PythonOperator(
                                       ^
IndentationError: unindent does not match any outer indentation level
[2025-12-24T21:29:18.683+0000] {processor.py:842} WARNING - No viable dags retrieved from /opt/airflow/dags/ecom.py
[2025-12-24T21:29:18.707+0000] {processor.py:183} INFO - Processing /opt/airflow/dags/ecom.py took 0.060 seconds
[2025-12-24T21:29:35.545+0000] {processor.py:161} INFO - Started process (PID=40172) to work on /opt/airflow/dags/ecom.py
[2025-12-24T21:29:35.546+0000] {processor.py:830} INFO - Processing file /opt/airflow/dags/ecom.py for tasks to queue
[2025-12-24T21:29:35.547+0000] {logging_mixin.py:188} INFO - [2025-12-24T21:29:35.547+0000] {dagbag.py:538} INFO - Filling up the DagBag from /opt/airflow/dags/ecom.py
[2025-12-24T21:29:35.563+0000] {logging_mixin.py:188} INFO - [2025-12-24T21:29:35.562+0000] {dagbag.py:348} ERROR - Failed to import: /opt/airflow/dags/ecom.py
Traceback (most recent call last):
  File "/home/airflow/.local/lib/python3.8/site-packages/airflow/models/dagbag.py", line 344, in parse
    loader.exec_module(new_module)
  File "<frozen importlib._bootstrap_external>", line 839, in exec_module
  File "<frozen importlib._bootstrap_external>", line 976, in get_code
  File "<frozen importlib._bootstrap_external>", line 906, in source_to_code
  File "<frozen importlib._bootstrap>", line 219, in _call_with_frames_removed
  File "/opt/airflow/dags/ecom.py", line 32
    df.dropna(axis = 0, how="any",ignore_index=  )
                                                 ^
SyntaxError: invalid syntax
[2025-12-24T21:29:35.564+0000] {processor.py:842} WARNING - No viable dags retrieved from /opt/airflow/dags/ecom.py
[2025-12-24T21:29:35.586+0000] {processor.py:183} INFO - Processing /opt/airflow/dags/ecom.py took 0.044 seconds
[2025-12-24T21:29:37.732+0000] {processor.py:161} INFO - Started process (PID=40180) to work on /opt/airflow/dags/ecom.py
[2025-12-24T21:29:37.734+0000] {processor.py:830} INFO - Processing file /opt/airflow/dags/ecom.py for tasks to queue
[2025-12-24T21:29:37.735+0000] {logging_mixin.py:188} INFO - [2025-12-24T21:29:37.735+0000] {dagbag.py:538} INFO - Filling up the DagBag from /opt/airflow/dags/ecom.py
[2025-12-24T21:29:37.755+0000] {logging_mixin.py:188} INFO - [2025-12-24T21:29:37.753+0000] {dagbag.py:348} ERROR - Failed to import: /opt/airflow/dags/ecom.py
Traceback (most recent call last):
  File "/home/airflow/.local/lib/python3.8/site-packages/airflow/models/dagbag.py", line 344, in parse
    loader.exec_module(new_module)
  File "<frozen importlib._bootstrap_external>", line 839, in exec_module
  File "<frozen importlib._bootstrap_external>", line 976, in get_code
  File "<frozen importlib._bootstrap_external>", line 906, in source_to_code
  File "<frozen importlib._bootstrap>", line 219, in _call_with_frames_removed
  File "/opt/airflow/dags/ecom.py", line 49
    s3_file_downloader = PythonOperator(
                                       ^
IndentationError: unindent does not match any outer indentation level
[2025-12-24T21:29:37.756+0000] {processor.py:842} WARNING - No viable dags retrieved from /opt/airflow/dags/ecom.py
[2025-12-24T21:29:37.795+0000] {processor.py:183} INFO - Processing /opt/airflow/dags/ecom.py took 0.068 seconds
[2025-12-24T21:29:38.841+0000] {processor.py:161} INFO - Started process (PID=40183) to work on /opt/airflow/dags/ecom.py
[2025-12-24T21:29:38.843+0000] {processor.py:830} INFO - Processing file /opt/airflow/dags/ecom.py for tasks to queue
[2025-12-24T21:29:38.845+0000] {logging_mixin.py:188} INFO - [2025-12-24T21:29:38.844+0000] {dagbag.py:538} INFO - Filling up the DagBag from /opt/airflow/dags/ecom.py
[2025-12-24T21:29:38.877+0000] {logging_mixin.py:188} INFO - [2025-12-24T21:29:38.875+0000] {dagbag.py:348} ERROR - Failed to import: /opt/airflow/dags/ecom.py
Traceback (most recent call last):
  File "/home/airflow/.local/lib/python3.8/site-packages/airflow/models/dagbag.py", line 344, in parse
    loader.exec_module(new_module)
  File "<frozen importlib._bootstrap_external>", line 839, in exec_module
  File "<frozen importlib._bootstrap_external>", line 976, in get_code
  File "<frozen importlib._bootstrap_external>", line 906, in source_to_code
  File "<frozen importlib._bootstrap>", line 219, in _call_with_frames_removed
  File "/opt/airflow/dags/ecom.py", line 49
    s3_file_downloader = PythonOperator(
                                       ^
IndentationError: unindent does not match any outer indentation level
[2025-12-24T21:29:38.878+0000] {processor.py:842} WARNING - No viable dags retrieved from /opt/airflow/dags/ecom.py
[2025-12-24T21:29:38.915+0000] {processor.py:183} INFO - Processing /opt/airflow/dags/ecom.py took 0.080 seconds
[2025-12-24T21:30:09.411+0000] {processor.py:161} INFO - Started process (PID=40239) to work on /opt/airflow/dags/ecom.py
[2025-12-24T21:30:09.413+0000] {processor.py:830} INFO - Processing file /opt/airflow/dags/ecom.py for tasks to queue
[2025-12-24T21:30:09.414+0000] {logging_mixin.py:188} INFO - [2025-12-24T21:30:09.414+0000] {dagbag.py:538} INFO - Filling up the DagBag from /opt/airflow/dags/ecom.py
[2025-12-24T21:30:09.437+0000] {logging_mixin.py:188} INFO - [2025-12-24T21:30:09.436+0000] {dagbag.py:348} ERROR - Failed to import: /opt/airflow/dags/ecom.py
Traceback (most recent call last):
  File "/home/airflow/.local/lib/python3.8/site-packages/airflow/models/dagbag.py", line 344, in parse
    loader.exec_module(new_module)
  File "<frozen importlib._bootstrap_external>", line 839, in exec_module
  File "<frozen importlib._bootstrap_external>", line 976, in get_code
  File "<frozen importlib._bootstrap_external>", line 906, in source_to_code
  File "<frozen importlib._bootstrap>", line 219, in _call_with_frames_removed
  File "/opt/airflow/dags/ecom.py", line 49
    s3_file_downloader = PythonOperator(
                                       ^
IndentationError: unindent does not match any outer indentation level
[2025-12-24T21:30:09.438+0000] {processor.py:842} WARNING - No viable dags retrieved from /opt/airflow/dags/ecom.py
[2025-12-24T21:30:09.466+0000] {processor.py:183} INFO - Processing /opt/airflow/dags/ecom.py took 0.059 seconds
[2025-12-24T21:30:11.705+0000] {processor.py:161} INFO - Started process (PID=40246) to work on /opt/airflow/dags/ecom.py
[2025-12-24T21:30:11.707+0000] {processor.py:830} INFO - Processing file /opt/airflow/dags/ecom.py for tasks to queue
[2025-12-24T21:30:11.709+0000] {logging_mixin.py:188} INFO - [2025-12-24T21:30:11.709+0000] {dagbag.py:538} INFO - Filling up the DagBag from /opt/airflow/dags/ecom.py
[2025-12-24T21:30:11.729+0000] {logging_mixin.py:188} INFO - [2025-12-24T21:30:11.728+0000] {dagbag.py:348} ERROR - Failed to import: /opt/airflow/dags/ecom.py
Traceback (most recent call last):
  File "/home/airflow/.local/lib/python3.8/site-packages/airflow/models/dagbag.py", line 344, in parse
    loader.exec_module(new_module)
  File "<frozen importlib._bootstrap_external>", line 839, in exec_module
  File "<frozen importlib._bootstrap_external>", line 976, in get_code
  File "<frozen importlib._bootstrap_external>", line 906, in source_to_code
  File "<frozen importlib._bootstrap>", line 219, in _call_with_frames_removed
  File "/opt/airflow/dags/ecom.py", line 49
    s3_file_downloader = PythonOperator(
                                       ^
IndentationError: unindent does not match any outer indentation level
[2025-12-24T21:30:11.729+0000] {processor.py:842} WARNING - No viable dags retrieved from /opt/airflow/dags/ecom.py
[2025-12-24T21:30:11.755+0000] {processor.py:183} INFO - Processing /opt/airflow/dags/ecom.py took 0.055 seconds
[2025-12-24T21:30:42.543+0000] {processor.py:161} INFO - Started process (PID=40304) to work on /opt/airflow/dags/ecom.py
[2025-12-24T21:30:42.544+0000] {processor.py:830} INFO - Processing file /opt/airflow/dags/ecom.py for tasks to queue
[2025-12-24T21:30:42.545+0000] {logging_mixin.py:188} INFO - [2025-12-24T21:30:42.544+0000] {dagbag.py:538} INFO - Filling up the DagBag from /opt/airflow/dags/ecom.py
[2025-12-24T21:30:42.561+0000] {logging_mixin.py:188} INFO - [2025-12-24T21:30:42.561+0000] {dagbag.py:348} ERROR - Failed to import: /opt/airflow/dags/ecom.py
Traceback (most recent call last):
  File "/home/airflow/.local/lib/python3.8/site-packages/airflow/models/dagbag.py", line 344, in parse
    loader.exec_module(new_module)
  File "<frozen importlib._bootstrap_external>", line 839, in exec_module
  File "<frozen importlib._bootstrap_external>", line 976, in get_code
  File "<frozen importlib._bootstrap_external>", line 906, in source_to_code
  File "<frozen importlib._bootstrap>", line 219, in _call_with_frames_removed
  File "/opt/airflow/dags/ecom.py", line 49
    s3_file_downloader = PythonOperator(
                                       ^
IndentationError: unindent does not match any outer indentation level
[2025-12-24T21:30:42.562+0000] {processor.py:842} WARNING - No viable dags retrieved from /opt/airflow/dags/ecom.py
[2025-12-24T21:30:42.584+0000] {processor.py:183} INFO - Processing /opt/airflow/dags/ecom.py took 0.045 seconds
[2025-12-24T21:31:12.759+0000] {processor.py:161} INFO - Started process (PID=40362) to work on /opt/airflow/dags/ecom.py
[2025-12-24T21:31:12.761+0000] {processor.py:830} INFO - Processing file /opt/airflow/dags/ecom.py for tasks to queue
[2025-12-24T21:31:12.762+0000] {logging_mixin.py:188} INFO - [2025-12-24T21:31:12.761+0000] {dagbag.py:538} INFO - Filling up the DagBag from /opt/airflow/dags/ecom.py
[2025-12-24T21:31:12.786+0000] {logging_mixin.py:188} INFO - [2025-12-24T21:31:12.785+0000] {dagbag.py:348} ERROR - Failed to import: /opt/airflow/dags/ecom.py
Traceback (most recent call last):
  File "/home/airflow/.local/lib/python3.8/site-packages/airflow/models/dagbag.py", line 344, in parse
    loader.exec_module(new_module)
  File "<frozen importlib._bootstrap_external>", line 839, in exec_module
  File "<frozen importlib._bootstrap_external>", line 976, in get_code
  File "<frozen importlib._bootstrap_external>", line 906, in source_to_code
  File "<frozen importlib._bootstrap>", line 219, in _call_with_frames_removed
  File "/opt/airflow/dags/ecom.py", line 49
    s3_file_downloader = PythonOperator(
                                       ^
IndentationError: unindent does not match any outer indentation level
[2025-12-24T21:31:12.787+0000] {processor.py:842} WARNING - No viable dags retrieved from /opt/airflow/dags/ecom.py
[2025-12-24T21:31:12.808+0000] {processor.py:183} INFO - Processing /opt/airflow/dags/ecom.py took 0.053 seconds
[2025-12-24T21:31:43.092+0000] {processor.py:161} INFO - Started process (PID=40416) to work on /opt/airflow/dags/ecom.py
[2025-12-24T21:31:43.093+0000] {processor.py:830} INFO - Processing file /opt/airflow/dags/ecom.py for tasks to queue
[2025-12-24T21:31:43.094+0000] {logging_mixin.py:188} INFO - [2025-12-24T21:31:43.094+0000] {dagbag.py:538} INFO - Filling up the DagBag from /opt/airflow/dags/ecom.py
[2025-12-24T21:31:43.109+0000] {logging_mixin.py:188} INFO - [2025-12-24T21:31:43.108+0000] {dagbag.py:348} ERROR - Failed to import: /opt/airflow/dags/ecom.py
Traceback (most recent call last):
  File "/home/airflow/.local/lib/python3.8/site-packages/airflow/models/dagbag.py", line 344, in parse
    loader.exec_module(new_module)
  File "<frozen importlib._bootstrap_external>", line 839, in exec_module
  File "<frozen importlib._bootstrap_external>", line 976, in get_code
  File "<frozen importlib._bootstrap_external>", line 906, in source_to_code
  File "<frozen importlib._bootstrap>", line 219, in _call_with_frames_removed
  File "/opt/airflow/dags/ecom.py", line 49
    s3_file_downloader = PythonOperator(
                                       ^
IndentationError: unindent does not match any outer indentation level
[2025-12-24T21:31:43.110+0000] {processor.py:842} WARNING - No viable dags retrieved from /opt/airflow/dags/ecom.py
[2025-12-24T21:31:43.134+0000] {processor.py:183} INFO - Processing /opt/airflow/dags/ecom.py took 0.046 seconds
[2025-12-24T21:32:13.554+0000] {processor.py:161} INFO - Started process (PID=40474) to work on /opt/airflow/dags/ecom.py
[2025-12-24T21:32:13.556+0000] {processor.py:830} INFO - Processing file /opt/airflow/dags/ecom.py for tasks to queue
[2025-12-24T21:32:13.557+0000] {logging_mixin.py:188} INFO - [2025-12-24T21:32:13.557+0000] {dagbag.py:538} INFO - Filling up the DagBag from /opt/airflow/dags/ecom.py
[2025-12-24T21:32:13.577+0000] {logging_mixin.py:188} INFO - [2025-12-24T21:32:13.576+0000] {dagbag.py:348} ERROR - Failed to import: /opt/airflow/dags/ecom.py
Traceback (most recent call last):
  File "/home/airflow/.local/lib/python3.8/site-packages/airflow/models/dagbag.py", line 344, in parse
    loader.exec_module(new_module)
  File "<frozen importlib._bootstrap_external>", line 839, in exec_module
  File "<frozen importlib._bootstrap_external>", line 976, in get_code
  File "<frozen importlib._bootstrap_external>", line 906, in source_to_code
  File "<frozen importlib._bootstrap>", line 219, in _call_with_frames_removed
  File "/opt/airflow/dags/ecom.py", line 49
    s3_file_downloader = PythonOperator(
                                       ^
IndentationError: unindent does not match any outer indentation level
[2025-12-24T21:32:13.577+0000] {processor.py:842} WARNING - No viable dags retrieved from /opt/airflow/dags/ecom.py
[2025-12-24T21:32:13.601+0000] {processor.py:183} INFO - Processing /opt/airflow/dags/ecom.py took 0.052 seconds
[2025-12-24T21:32:43.889+0000] {processor.py:161} INFO - Started process (PID=40532) to work on /opt/airflow/dags/ecom.py
[2025-12-24T21:32:43.891+0000] {processor.py:830} INFO - Processing file /opt/airflow/dags/ecom.py for tasks to queue
[2025-12-24T21:32:43.892+0000] {logging_mixin.py:188} INFO - [2025-12-24T21:32:43.892+0000] {dagbag.py:538} INFO - Filling up the DagBag from /opt/airflow/dags/ecom.py
[2025-12-24T21:32:43.911+0000] {logging_mixin.py:188} INFO - [2025-12-24T21:32:43.910+0000] {dagbag.py:348} ERROR - Failed to import: /opt/airflow/dags/ecom.py
Traceback (most recent call last):
  File "/home/airflow/.local/lib/python3.8/site-packages/airflow/models/dagbag.py", line 344, in parse
    loader.exec_module(new_module)
  File "<frozen importlib._bootstrap_external>", line 839, in exec_module
  File "<frozen importlib._bootstrap_external>", line 976, in get_code
  File "<frozen importlib._bootstrap_external>", line 906, in source_to_code
  File "<frozen importlib._bootstrap>", line 219, in _call_with_frames_removed
  File "/opt/airflow/dags/ecom.py", line 49
    s3_file_downloader = PythonOperator(
                                       ^
IndentationError: unindent does not match any outer indentation level
[2025-12-24T21:32:43.911+0000] {processor.py:842} WARNING - No viable dags retrieved from /opt/airflow/dags/ecom.py
[2025-12-24T21:32:43.938+0000] {processor.py:183} INFO - Processing /opt/airflow/dags/ecom.py took 0.054 seconds
[2025-12-24T21:33:14.231+0000] {processor.py:161} INFO - Started process (PID=40590) to work on /opt/airflow/dags/ecom.py
[2025-12-24T21:33:14.232+0000] {processor.py:830} INFO - Processing file /opt/airflow/dags/ecom.py for tasks to queue
[2025-12-24T21:33:14.234+0000] {logging_mixin.py:188} INFO - [2025-12-24T21:33:14.233+0000] {dagbag.py:538} INFO - Filling up the DagBag from /opt/airflow/dags/ecom.py
[2025-12-24T21:33:14.253+0000] {logging_mixin.py:188} INFO - [2025-12-24T21:33:14.252+0000] {dagbag.py:348} ERROR - Failed to import: /opt/airflow/dags/ecom.py
Traceback (most recent call last):
  File "/home/airflow/.local/lib/python3.8/site-packages/airflow/models/dagbag.py", line 344, in parse
    loader.exec_module(new_module)
  File "<frozen importlib._bootstrap_external>", line 839, in exec_module
  File "<frozen importlib._bootstrap_external>", line 976, in get_code
  File "<frozen importlib._bootstrap_external>", line 906, in source_to_code
  File "<frozen importlib._bootstrap>", line 219, in _call_with_frames_removed
  File "/opt/airflow/dags/ecom.py", line 49
    s3_file_downloader = PythonOperator(
                                       ^
IndentationError: unindent does not match any outer indentation level
[2025-12-24T21:33:14.254+0000] {processor.py:842} WARNING - No viable dags retrieved from /opt/airflow/dags/ecom.py
[2025-12-24T21:33:14.279+0000] {processor.py:183} INFO - Processing /opt/airflow/dags/ecom.py took 0.052 seconds
[2025-12-24T21:33:35.662+0000] {processor.py:161} INFO - Started process (PID=40626) to work on /opt/airflow/dags/ecom.py
[2025-12-24T21:33:35.663+0000] {processor.py:830} INFO - Processing file /opt/airflow/dags/ecom.py for tasks to queue
[2025-12-24T21:33:35.664+0000] {logging_mixin.py:188} INFO - [2025-12-24T21:33:35.664+0000] {dagbag.py:538} INFO - Filling up the DagBag from /opt/airflow/dags/ecom.py
[2025-12-24T21:33:35.693+0000] {logging_mixin.py:188} INFO - [2025-12-24T21:33:35.691+0000] {dagbag.py:348} ERROR - Failed to import: /opt/airflow/dags/ecom.py
Traceback (most recent call last):
  File "/home/airflow/.local/lib/python3.8/site-packages/airflow/models/dagbag.py", line 344, in parse
    loader.exec_module(new_module)
  File "<frozen importlib._bootstrap_external>", line 839, in exec_module
  File "<frozen importlib._bootstrap_external>", line 976, in get_code
  File "<frozen importlib._bootstrap_external>", line 906, in source_to_code
  File "<frozen importlib._bootstrap>", line 219, in _call_with_frames_removed
  File "/opt/airflow/dags/ecom.py", line 49
    s3_file_downloader = PythonOperator(
                                       ^
IndentationError: unindent does not match any outer indentation level
[2025-12-24T21:33:35.693+0000] {processor.py:842} WARNING - No viable dags retrieved from /opt/airflow/dags/ecom.py
[2025-12-24T21:33:35.726+0000] {processor.py:183} INFO - Processing /opt/airflow/dags/ecom.py took 0.070 seconds
[2025-12-24T21:33:38.501+0000] {processor.py:161} INFO - Started process (PID=40638) to work on /opt/airflow/dags/ecom.py
[2025-12-24T21:33:38.502+0000] {processor.py:830} INFO - Processing file /opt/airflow/dags/ecom.py for tasks to queue
[2025-12-24T21:33:38.503+0000] {logging_mixin.py:188} INFO - [2025-12-24T21:33:38.503+0000] {dagbag.py:538} INFO - Filling up the DagBag from /opt/airflow/dags/ecom.py
[2025-12-24T21:33:38.520+0000] {logging_mixin.py:188} INFO - [2025-12-24T21:33:38.519+0000] {dagbag.py:348} ERROR - Failed to import: /opt/airflow/dags/ecom.py
Traceback (most recent call last):
  File "/home/airflow/.local/lib/python3.8/site-packages/airflow/models/dagbag.py", line 344, in parse
    loader.exec_module(new_module)
  File "<frozen importlib._bootstrap_external>", line 839, in exec_module
  File "<frozen importlib._bootstrap_external>", line 976, in get_code
  File "<frozen importlib._bootstrap_external>", line 906, in source_to_code
  File "<frozen importlib._bootstrap>", line 219, in _call_with_frames_removed
  File "/opt/airflow/dags/ecom.py", line 49
    s3_file_downloader = PythonOperator(
                                       ^
IndentationError: unindent does not match any outer indentation level
[2025-12-24T21:33:38.521+0000] {processor.py:842} WARNING - No viable dags retrieved from /opt/airflow/dags/ecom.py
[2025-12-24T21:33:38.542+0000] {processor.py:183} INFO - Processing /opt/airflow/dags/ecom.py took 0.045 seconds
[2025-12-24T21:34:09.238+0000] {processor.py:161} INFO - Started process (PID=40696) to work on /opt/airflow/dags/ecom.py
[2025-12-24T21:34:09.239+0000] {processor.py:830} INFO - Processing file /opt/airflow/dags/ecom.py for tasks to queue
[2025-12-24T21:34:09.241+0000] {logging_mixin.py:188} INFO - [2025-12-24T21:34:09.240+0000] {dagbag.py:538} INFO - Filling up the DagBag from /opt/airflow/dags/ecom.py
[2025-12-24T21:34:09.256+0000] {logging_mixin.py:188} INFO - [2025-12-24T21:34:09.255+0000] {dagbag.py:348} ERROR - Failed to import: /opt/airflow/dags/ecom.py
Traceback (most recent call last):
  File "/home/airflow/.local/lib/python3.8/site-packages/airflow/models/dagbag.py", line 344, in parse
    loader.exec_module(new_module)
  File "<frozen importlib._bootstrap_external>", line 839, in exec_module
  File "<frozen importlib._bootstrap_external>", line 976, in get_code
  File "<frozen importlib._bootstrap_external>", line 906, in source_to_code
  File "<frozen importlib._bootstrap>", line 219, in _call_with_frames_removed
  File "/opt/airflow/dags/ecom.py", line 49
    s3_file_downloader = PythonOperator(
                                       ^
IndentationError: unindent does not match any outer indentation level
[2025-12-24T21:34:09.256+0000] {processor.py:842} WARNING - No viable dags retrieved from /opt/airflow/dags/ecom.py
[2025-12-24T21:34:09.280+0000] {processor.py:183} INFO - Processing /opt/airflow/dags/ecom.py took 0.046 seconds
[2025-12-24T21:34:39.556+0000] {processor.py:161} INFO - Started process (PID=40754) to work on /opt/airflow/dags/ecom.py
[2025-12-24T21:34:39.558+0000] {processor.py:830} INFO - Processing file /opt/airflow/dags/ecom.py for tasks to queue
[2025-12-24T21:34:39.559+0000] {logging_mixin.py:188} INFO - [2025-12-24T21:34:39.558+0000] {dagbag.py:538} INFO - Filling up the DagBag from /opt/airflow/dags/ecom.py
[2025-12-24T21:34:39.575+0000] {logging_mixin.py:188} INFO - [2025-12-24T21:34:39.574+0000] {dagbag.py:348} ERROR - Failed to import: /opt/airflow/dags/ecom.py
Traceback (most recent call last):
  File "/home/airflow/.local/lib/python3.8/site-packages/airflow/models/dagbag.py", line 344, in parse
    loader.exec_module(new_module)
  File "<frozen importlib._bootstrap_external>", line 839, in exec_module
  File "<frozen importlib._bootstrap_external>", line 976, in get_code
  File "<frozen importlib._bootstrap_external>", line 906, in source_to_code
  File "<frozen importlib._bootstrap>", line 219, in _call_with_frames_removed
  File "/opt/airflow/dags/ecom.py", line 49
    s3_file_downloader = PythonOperator(
                                       ^
IndentationError: unindent does not match any outer indentation level
[2025-12-24T21:34:39.575+0000] {processor.py:842} WARNING - No viable dags retrieved from /opt/airflow/dags/ecom.py
[2025-12-24T21:34:39.606+0000] {processor.py:183} INFO - Processing /opt/airflow/dags/ecom.py took 0.054 seconds
[2025-12-24T21:34:40.827+0000] {processor.py:161} INFO - Started process (PID=40758) to work on /opt/airflow/dags/ecom.py
[2025-12-24T21:34:40.829+0000] {processor.py:830} INFO - Processing file /opt/airflow/dags/ecom.py for tasks to queue
[2025-12-24T21:34:40.839+0000] {logging_mixin.py:188} INFO - [2025-12-24T21:34:40.839+0000] {dagbag.py:538} INFO - Filling up the DagBag from /opt/airflow/dags/ecom.py
[2025-12-24T21:34:40.866+0000] {logging_mixin.py:188} INFO - [2025-12-24T21:34:40.865+0000] {dagbag.py:348} ERROR - Failed to import: /opt/airflow/dags/ecom.py
Traceback (most recent call last):
  File "/home/airflow/.local/lib/python3.8/site-packages/airflow/models/dagbag.py", line 344, in parse
    loader.exec_module(new_module)
  File "<frozen importlib._bootstrap_external>", line 839, in exec_module
  File "<frozen importlib._bootstrap_external>", line 976, in get_code
  File "<frozen importlib._bootstrap_external>", line 906, in source_to_code
  File "<frozen importlib._bootstrap>", line 219, in _call_with_frames_removed
  File "/opt/airflow/dags/ecom.py", line 49
    s3_file_downloader = PythonOperator(
                                       ^
IndentationError: unindent does not match any outer indentation level
[2025-12-24T21:34:40.869+0000] {processor.py:842} WARNING - No viable dags retrieved from /opt/airflow/dags/ecom.py
[2025-12-24T21:34:40.917+0000] {processor.py:183} INFO - Processing /opt/airflow/dags/ecom.py took 0.096 seconds
[2025-12-24T21:34:43.339+0000] {processor.py:161} INFO - Started process (PID=40765) to work on /opt/airflow/dags/ecom.py
[2025-12-24T21:34:43.340+0000] {processor.py:830} INFO - Processing file /opt/airflow/dags/ecom.py for tasks to queue
[2025-12-24T21:34:43.341+0000] {logging_mixin.py:188} INFO - [2025-12-24T21:34:43.341+0000] {dagbag.py:538} INFO - Filling up the DagBag from /opt/airflow/dags/ecom.py
[2025-12-24T21:34:43.363+0000] {logging_mixin.py:188} INFO - [2025-12-24T21:34:43.362+0000] {dagbag.py:348} ERROR - Failed to import: /opt/airflow/dags/ecom.py
Traceback (most recent call last):
  File "/home/airflow/.local/lib/python3.8/site-packages/airflow/models/dagbag.py", line 344, in parse
    loader.exec_module(new_module)
  File "<frozen importlib._bootstrap_external>", line 839, in exec_module
  File "<frozen importlib._bootstrap_external>", line 976, in get_code
  File "<frozen importlib._bootstrap_external>", line 906, in source_to_code
  File "<frozen importlib._bootstrap>", line 219, in _call_with_frames_removed
  File "/opt/airflow/dags/ecom.py", line 50
    s3_file_downloader = PythonOperator(
                                       ^
IndentationError: unindent does not match any outer indentation level
[2025-12-24T21:34:43.364+0000] {processor.py:842} WARNING - No viable dags retrieved from /opt/airflow/dags/ecom.py
[2025-12-24T21:34:43.390+0000] {processor.py:183} INFO - Processing /opt/airflow/dags/ecom.py took 0.056 seconds
[2025-12-24T21:34:45.449+0000] {processor.py:161} INFO - Started process (PID=40768) to work on /opt/airflow/dags/ecom.py
[2025-12-24T21:34:45.450+0000] {processor.py:830} INFO - Processing file /opt/airflow/dags/ecom.py for tasks to queue
[2025-12-24T21:34:45.451+0000] {logging_mixin.py:188} INFO - [2025-12-24T21:34:45.451+0000] {dagbag.py:538} INFO - Filling up the DagBag from /opt/airflow/dags/ecom.py
[2025-12-24T21:34:45.468+0000] {logging_mixin.py:188} INFO - [2025-12-24T21:34:45.467+0000] {dagbag.py:348} ERROR - Failed to import: /opt/airflow/dags/ecom.py
Traceback (most recent call last):
  File "/home/airflow/.local/lib/python3.8/site-packages/airflow/models/dagbag.py", line 344, in parse
    loader.exec_module(new_module)
  File "<frozen importlib._bootstrap_external>", line 839, in exec_module
  File "<frozen importlib._bootstrap_external>", line 976, in get_code
  File "<frozen importlib._bootstrap_external>", line 906, in source_to_code
  File "<frozen importlib._bootstrap>", line 219, in _call_with_frames_removed
  File "/opt/airflow/dags/ecom.py", line 49
    s3_file_downloader = PythonOperator(
                                       ^
IndentationError: unindent does not match any outer indentation level
[2025-12-24T21:34:45.468+0000] {processor.py:842} WARNING - No viable dags retrieved from /opt/airflow/dags/ecom.py
[2025-12-24T21:34:45.489+0000] {processor.py:183} INFO - Processing /opt/airflow/dags/ecom.py took 0.044 seconds
[2025-12-24T21:34:47.502+0000] {processor.py:161} INFO - Started process (PID=40769) to work on /opt/airflow/dags/ecom.py
[2025-12-24T21:34:47.504+0000] {processor.py:830} INFO - Processing file /opt/airflow/dags/ecom.py for tasks to queue
[2025-12-24T21:34:47.505+0000] {logging_mixin.py:188} INFO - [2025-12-24T21:34:47.505+0000] {dagbag.py:538} INFO - Filling up the DagBag from /opt/airflow/dags/ecom.py
[2025-12-24T21:34:47.522+0000] {logging_mixin.py:188} INFO - [2025-12-24T21:34:47.521+0000] {dagbag.py:348} ERROR - Failed to import: /opt/airflow/dags/ecom.py
Traceback (most recent call last):
  File "/home/airflow/.local/lib/python3.8/site-packages/airflow/models/dagbag.py", line 344, in parse
    loader.exec_module(new_module)
  File "<frozen importlib._bootstrap_external>", line 839, in exec_module
  File "<frozen importlib._bootstrap_external>", line 976, in get_code
  File "<frozen importlib._bootstrap_external>", line 906, in source_to_code
  File "<frozen importlib._bootstrap>", line 219, in _call_with_frames_removed
  File "/opt/airflow/dags/ecom.py", line 50
    s3_file_downloader = PythonOperator(
                                       ^
IndentationError: unindent does not match any outer indentation level
[2025-12-24T21:34:47.522+0000] {processor.py:842} WARNING - No viable dags retrieved from /opt/airflow/dags/ecom.py
[2025-12-24T21:34:47.541+0000] {processor.py:183} INFO - Processing /opt/airflow/dags/ecom.py took 0.043 seconds
[2025-12-24T21:34:55.592+0000] {processor.py:161} INFO - Started process (PID=40799) to work on /opt/airflow/dags/ecom.py
[2025-12-24T21:34:55.594+0000] {processor.py:830} INFO - Processing file /opt/airflow/dags/ecom.py for tasks to queue
[2025-12-24T21:34:55.596+0000] {logging_mixin.py:188} INFO - [2025-12-24T21:34:55.595+0000] {dagbag.py:538} INFO - Filling up the DagBag from /opt/airflow/dags/ecom.py
[2025-12-24T21:34:55.628+0000] {logging_mixin.py:188} INFO - [2025-12-24T21:34:55.626+0000] {dagbag.py:348} ERROR - Failed to import: /opt/airflow/dags/ecom.py
Traceback (most recent call last):
  File "/home/airflow/.local/lib/python3.8/site-packages/airflow/models/dagbag.py", line 344, in parse
    loader.exec_module(new_module)
  File "<frozen importlib._bootstrap_external>", line 839, in exec_module
  File "<frozen importlib._bootstrap_external>", line 976, in get_code
  File "<frozen importlib._bootstrap_external>", line 906, in source_to_code
  File "<frozen importlib._bootstrap>", line 219, in _call_with_frames_removed
  File "/opt/airflow/dags/ecom.py", line 33
    df =
        ^
SyntaxError: invalid syntax
[2025-12-24T21:34:55.629+0000] {processor.py:842} WARNING - No viable dags retrieved from /opt/airflow/dags/ecom.py
[2025-12-24T21:34:55.663+0000] {processor.py:183} INFO - Processing /opt/airflow/dags/ecom.py took 0.079 seconds
[2025-12-24T21:34:57.663+0000] {processor.py:161} INFO - Started process (PID=40800) to work on /opt/airflow/dags/ecom.py
[2025-12-24T21:34:57.665+0000] {processor.py:830} INFO - Processing file /opt/airflow/dags/ecom.py for tasks to queue
[2025-12-24T21:34:57.666+0000] {logging_mixin.py:188} INFO - [2025-12-24T21:34:57.665+0000] {dagbag.py:538} INFO - Filling up the DagBag from /opt/airflow/dags/ecom.py
[2025-12-24T21:34:57.684+0000] {logging_mixin.py:188} INFO - [2025-12-24T21:34:57.683+0000] {dagbag.py:348} ERROR - Failed to import: /opt/airflow/dags/ecom.py
Traceback (most recent call last):
  File "/home/airflow/.local/lib/python3.8/site-packages/airflow/models/dagbag.py", line 344, in parse
    loader.exec_module(new_module)
  File "<frozen importlib._bootstrap_external>", line 839, in exec_module
  File "<frozen importlib._bootstrap_external>", line 976, in get_code
  File "<frozen importlib._bootstrap_external>", line 906, in source_to_code
  File "<frozen importlib._bootstrap>", line 219, in _call_with_frames_removed
  File "/opt/airflow/dags/ecom.py", line 33
    df = df[]
            ^
SyntaxError: invalid syntax
[2025-12-24T21:34:57.685+0000] {processor.py:842} WARNING - No viable dags retrieved from /opt/airflow/dags/ecom.py
[2025-12-24T21:34:57.712+0000] {processor.py:183} INFO - Processing /opt/airflow/dags/ecom.py took 0.053 seconds
[2025-12-24T21:35:02.984+0000] {processor.py:161} INFO - Started process (PID=40804) to work on /opt/airflow/dags/ecom.py
[2025-12-24T21:35:02.986+0000] {processor.py:830} INFO - Processing file /opt/airflow/dags/ecom.py for tasks to queue
[2025-12-24T21:35:02.987+0000] {logging_mixin.py:188} INFO - [2025-12-24T21:35:02.987+0000] {dagbag.py:538} INFO - Filling up the DagBag from /opt/airflow/dags/ecom.py
[2025-12-24T21:35:03.007+0000] {logging_mixin.py:188} INFO - [2025-12-24T21:35:03.006+0000] {dagbag.py:348} ERROR - Failed to import: /opt/airflow/dags/ecom.py
Traceback (most recent call last):
  File "/home/airflow/.local/lib/python3.8/site-packages/airflow/models/dagbag.py", line 344, in parse
    loader.exec_module(new_module)
  File "<frozen importlib._bootstrap_external>", line 839, in exec_module
  File "<frozen importlib._bootstrap_external>", line 976, in get_code
  File "<frozen importlib._bootstrap_external>", line 906, in source_to_code
  File "<frozen importlib._bootstrap>", line 219, in _call_with_frames_removed
  File "/opt/airflow/dags/ecom.py", line 33
    df = df.iloc[]
                 ^
SyntaxError: invalid syntax
[2025-12-24T21:35:03.007+0000] {processor.py:842} WARNING - No viable dags retrieved from /opt/airflow/dags/ecom.py
[2025-12-24T21:35:03.076+0000] {processor.py:183} INFO - Processing /opt/airflow/dags/ecom.py took 0.096 seconds
[2025-12-24T21:35:04.017+0000] {processor.py:161} INFO - Started process (PID=40805) to work on /opt/airflow/dags/ecom.py
[2025-12-24T21:35:04.020+0000] {processor.py:830} INFO - Processing file /opt/airflow/dags/ecom.py for tasks to queue
[2025-12-24T21:35:04.024+0000] {logging_mixin.py:188} INFO - [2025-12-24T21:35:04.022+0000] {dagbag.py:538} INFO - Filling up the DagBag from /opt/airflow/dags/ecom.py
[2025-12-24T21:35:04.055+0000] {logging_mixin.py:188} INFO - [2025-12-24T21:35:04.054+0000] {dagbag.py:348} ERROR - Failed to import: /opt/airflow/dags/ecom.py
Traceback (most recent call last):
  File "/home/airflow/.local/lib/python3.8/site-packages/airflow/models/dagbag.py", line 344, in parse
    loader.exec_module(new_module)
  File "<frozen importlib._bootstrap_external>", line 839, in exec_module
  File "<frozen importlib._bootstrap_external>", line 976, in get_code
  File "<frozen importlib._bootstrap_external>", line 906, in source_to_code
  File "<frozen importlib._bootstrap>", line 219, in _call_with_frames_removed
  File "/opt/airflow/dags/ecom.py", line 33
    df = df.iloc[;]
                 ^
SyntaxError: invalid syntax
[2025-12-24T21:35:04.056+0000] {processor.py:842} WARNING - No viable dags retrieved from /opt/airflow/dags/ecom.py
[2025-12-24T21:35:04.137+0000] {processor.py:183} INFO - Processing /opt/airflow/dags/ecom.py took 0.125 seconds
[2025-12-24T21:35:08.924+0000] {processor.py:161} INFO - Started process (PID=40816) to work on /opt/airflow/dags/ecom.py
[2025-12-24T21:35:08.926+0000] {processor.py:830} INFO - Processing file /opt/airflow/dags/ecom.py for tasks to queue
[2025-12-24T21:35:08.927+0000] {logging_mixin.py:188} INFO - [2025-12-24T21:35:08.927+0000] {dagbag.py:538} INFO - Filling up the DagBag from /opt/airflow/dags/ecom.py
[2025-12-24T21:35:08.948+0000] {logging_mixin.py:188} INFO - [2025-12-24T21:35:08.947+0000] {dagbag.py:348} ERROR - Failed to import: /opt/airflow/dags/ecom.py
Traceback (most recent call last):
  File "/home/airflow/.local/lib/python3.8/site-packages/airflow/models/dagbag.py", line 344, in parse
    loader.exec_module(new_module)
  File "<frozen importlib._bootstrap_external>", line 839, in exec_module
  File "<frozen importlib._bootstrap_external>", line 976, in get_code
  File "<frozen importlib._bootstrap_external>", line 906, in source_to_code
  File "<frozen importlib._bootstrap>", line 219, in _call_with_frames_removed
  File "/opt/airflow/dags/ecom.py", line 50
    s3_file_downloader = PythonOperator(
                                       ^
IndentationError: unindent does not match any outer indentation level
[2025-12-24T21:35:08.949+0000] {processor.py:842} WARNING - No viable dags retrieved from /opt/airflow/dags/ecom.py
[2025-12-24T21:35:08.987+0000] {processor.py:183} INFO - Processing /opt/airflow/dags/ecom.py took 0.070 seconds
[2025-12-24T21:35:12.975+0000] {processor.py:161} INFO - Started process (PID=40829) to work on /opt/airflow/dags/ecom.py
[2025-12-24T21:35:12.976+0000] {processor.py:830} INFO - Processing file /opt/airflow/dags/ecom.py for tasks to queue
[2025-12-24T21:35:12.977+0000] {logging_mixin.py:188} INFO - [2025-12-24T21:35:12.977+0000] {dagbag.py:538} INFO - Filling up the DagBag from /opt/airflow/dags/ecom.py
[2025-12-24T21:35:12.995+0000] {logging_mixin.py:188} INFO - [2025-12-24T21:35:12.994+0000] {dagbag.py:348} ERROR - Failed to import: /opt/airflow/dags/ecom.py
Traceback (most recent call last):
  File "/home/airflow/.local/lib/python3.8/site-packages/airflow/models/dagbag.py", line 344, in parse
    loader.exec_module(new_module)
  File "<frozen importlib._bootstrap_external>", line 839, in exec_module
  File "<frozen importlib._bootstrap_external>", line 976, in get_code
  File "<frozen importlib._bootstrap_external>", line 906, in source_to_code
  File "<frozen importlib._bootstrap>", line 219, in _call_with_frames_removed
  File "/opt/airflow/dags/ecom.py", line 51
    s3_file_downloader = PythonOperator(
                                       ^
IndentationError: unindent does not match any outer indentation level
[2025-12-24T21:35:12.996+0000] {processor.py:842} WARNING - No viable dags retrieved from /opt/airflow/dags/ecom.py
[2025-12-24T21:35:13.018+0000] {processor.py:183} INFO - Processing /opt/airflow/dags/ecom.py took 0.046 seconds
[2025-12-24T21:35:34.422+0000] {processor.py:161} INFO - Started process (PID=40865) to work on /opt/airflow/dags/ecom.py
[2025-12-24T21:35:34.424+0000] {processor.py:830} INFO - Processing file /opt/airflow/dags/ecom.py for tasks to queue
[2025-12-24T21:35:34.426+0000] {logging_mixin.py:188} INFO - [2025-12-24T21:35:34.425+0000] {dagbag.py:538} INFO - Filling up the DagBag from /opt/airflow/dags/ecom.py
[2025-12-24T21:35:34.446+0000] {logging_mixin.py:188} INFO - [2025-12-24T21:35:34.445+0000] {dagbag.py:348} ERROR - Failed to import: /opt/airflow/dags/ecom.py
Traceback (most recent call last):
  File "/home/airflow/.local/lib/python3.8/site-packages/airflow/models/dagbag.py", line 344, in parse
    loader.exec_module(new_module)
  File "<frozen importlib._bootstrap_external>", line 839, in exec_module
  File "<frozen importlib._bootstrap_external>", line 976, in get_code
  File "<frozen importlib._bootstrap_external>", line 906, in source_to_code
  File "<frozen importlib._bootstrap>", line 219, in _call_with_frames_removed
  File "/opt/airflow/dags/ecom.py", line 51
    s3_file_downloader = PythonOperator(
                                       ^
IndentationError: unindent does not match any outer indentation level
[2025-12-24T21:35:34.447+0000] {processor.py:842} WARNING - No viable dags retrieved from /opt/airflow/dags/ecom.py
[2025-12-24T21:35:34.486+0000] {processor.py:183} INFO - Processing /opt/airflow/dags/ecom.py took 0.069 seconds
[2025-12-24T21:35:35.436+0000] {processor.py:161} INFO - Started process (PID=40866) to work on /opt/airflow/dags/ecom.py
[2025-12-24T21:35:35.437+0000] {processor.py:830} INFO - Processing file /opt/airflow/dags/ecom.py for tasks to queue
[2025-12-24T21:35:35.439+0000] {logging_mixin.py:188} INFO - [2025-12-24T21:35:35.438+0000] {dagbag.py:538} INFO - Filling up the DagBag from /opt/airflow/dags/ecom.py
[2025-12-24T21:35:35.455+0000] {logging_mixin.py:188} INFO - [2025-12-24T21:35:35.454+0000] {dagbag.py:348} ERROR - Failed to import: /opt/airflow/dags/ecom.py
Traceback (most recent call last):
  File "/home/airflow/.local/lib/python3.8/site-packages/airflow/models/dagbag.py", line 344, in parse
    loader.exec_module(new_module)
  File "<frozen importlib._bootstrap_external>", line 839, in exec_module
  File "<frozen importlib._bootstrap_external>", line 976, in get_code
  File "<frozen importlib._bootstrap_external>", line 906, in source_to_code
  File "<frozen importlib._bootstrap>", line 219, in _call_with_frames_removed
  File "/opt/airflow/dags/ecom.py", line 51
    s3_file_downloader = PythonOperator(
                                       ^
IndentationError: unindent does not match any outer indentation level
[2025-12-24T21:35:35.455+0000] {processor.py:842} WARNING - No viable dags retrieved from /opt/airflow/dags/ecom.py
[2025-12-24T21:35:35.478+0000] {processor.py:183} INFO - Processing /opt/airflow/dags/ecom.py took 0.046 seconds
[2025-12-24T21:35:37.461+0000] {processor.py:161} INFO - Started process (PID=40873) to work on /opt/airflow/dags/ecom.py
[2025-12-24T21:35:37.463+0000] {processor.py:830} INFO - Processing file /opt/airflow/dags/ecom.py for tasks to queue
[2025-12-24T21:35:37.464+0000] {logging_mixin.py:188} INFO - [2025-12-24T21:35:37.464+0000] {dagbag.py:538} INFO - Filling up the DagBag from /opt/airflow/dags/ecom.py
[2025-12-24T21:35:37.480+0000] {logging_mixin.py:188} INFO - [2025-12-24T21:35:37.479+0000] {dagbag.py:348} ERROR - Failed to import: /opt/airflow/dags/ecom.py
Traceback (most recent call last):
  File "/home/airflow/.local/lib/python3.8/site-packages/airflow/models/dagbag.py", line 344, in parse
    loader.exec_module(new_module)
  File "<frozen importlib._bootstrap_external>", line 839, in exec_module
  File "<frozen importlib._bootstrap_external>", line 976, in get_code
  File "<frozen importlib._bootstrap_external>", line 906, in source_to_code
  File "<frozen importlib._bootstrap>", line 219, in _call_with_frames_removed
  File "/opt/airflow/dags/ecom.py", line 51
    s3_file_downloader = PythonOperator(
                                       ^
IndentationError: unindent does not match any outer indentation level
[2025-12-24T21:35:37.480+0000] {processor.py:842} WARNING - No viable dags retrieved from /opt/airflow/dags/ecom.py
[2025-12-24T21:35:37.505+0000] {processor.py:183} INFO - Processing /opt/airflow/dags/ecom.py took 0.047 seconds
[2025-12-24T21:36:07.640+0000] {processor.py:161} INFO - Started process (PID=40931) to work on /opt/airflow/dags/ecom.py
[2025-12-24T21:36:07.642+0000] {processor.py:830} INFO - Processing file /opt/airflow/dags/ecom.py for tasks to queue
[2025-12-24T21:36:07.643+0000] {logging_mixin.py:188} INFO - [2025-12-24T21:36:07.642+0000] {dagbag.py:538} INFO - Filling up the DagBag from /opt/airflow/dags/ecom.py
[2025-12-24T21:36:07.659+0000] {logging_mixin.py:188} INFO - [2025-12-24T21:36:07.658+0000] {dagbag.py:348} ERROR - Failed to import: /opt/airflow/dags/ecom.py
Traceback (most recent call last):
  File "/home/airflow/.local/lib/python3.8/site-packages/airflow/models/dagbag.py", line 344, in parse
    loader.exec_module(new_module)
  File "<frozen importlib._bootstrap_external>", line 839, in exec_module
  File "<frozen importlib._bootstrap_external>", line 976, in get_code
  File "<frozen importlib._bootstrap_external>", line 906, in source_to_code
  File "<frozen importlib._bootstrap>", line 219, in _call_with_frames_removed
  File "/opt/airflow/dags/ecom.py", line 51
    s3_file_downloader = PythonOperator(
                                       ^
IndentationError: unindent does not match any outer indentation level
[2025-12-24T21:36:07.660+0000] {processor.py:842} WARNING - No viable dags retrieved from /opt/airflow/dags/ecom.py
[2025-12-24T21:36:07.683+0000] {processor.py:183} INFO - Processing /opt/airflow/dags/ecom.py took 0.047 seconds
[2025-12-24T21:36:37.822+0000] {processor.py:161} INFO - Started process (PID=40989) to work on /opt/airflow/dags/ecom.py
[2025-12-24T21:36:37.823+0000] {processor.py:830} INFO - Processing file /opt/airflow/dags/ecom.py for tasks to queue
[2025-12-24T21:36:37.824+0000] {logging_mixin.py:188} INFO - [2025-12-24T21:36:37.824+0000] {dagbag.py:538} INFO - Filling up the DagBag from /opt/airflow/dags/ecom.py
[2025-12-24T21:36:37.839+0000] {logging_mixin.py:188} INFO - [2025-12-24T21:36:37.838+0000] {dagbag.py:348} ERROR - Failed to import: /opt/airflow/dags/ecom.py
Traceback (most recent call last):
  File "/home/airflow/.local/lib/python3.8/site-packages/airflow/models/dagbag.py", line 344, in parse
    loader.exec_module(new_module)
  File "<frozen importlib._bootstrap_external>", line 839, in exec_module
  File "<frozen importlib._bootstrap_external>", line 976, in get_code
  File "<frozen importlib._bootstrap_external>", line 906, in source_to_code
  File "<frozen importlib._bootstrap>", line 219, in _call_with_frames_removed
  File "/opt/airflow/dags/ecom.py", line 51
    s3_file_downloader = PythonOperator(
                                       ^
IndentationError: unindent does not match any outer indentation level
[2025-12-24T21:36:37.840+0000] {processor.py:842} WARNING - No viable dags retrieved from /opt/airflow/dags/ecom.py
[2025-12-24T21:36:37.863+0000] {processor.py:183} INFO - Processing /opt/airflow/dags/ecom.py took 0.044 seconds
[2025-12-24T21:36:42.589+0000] {processor.py:161} INFO - Started process (PID=41001) to work on /opt/airflow/dags/ecom.py
[2025-12-24T21:36:42.590+0000] {processor.py:830} INFO - Processing file /opt/airflow/dags/ecom.py for tasks to queue
[2025-12-24T21:36:42.592+0000] {logging_mixin.py:188} INFO - [2025-12-24T21:36:42.591+0000] {dagbag.py:538} INFO - Filling up the DagBag from /opt/airflow/dags/ecom.py
[2025-12-24T21:36:42.608+0000] {logging_mixin.py:188} INFO - [2025-12-24T21:36:42.607+0000] {dagbag.py:348} ERROR - Failed to import: /opt/airflow/dags/ecom.py
Traceback (most recent call last):
  File "/home/airflow/.local/lib/python3.8/site-packages/airflow/models/dagbag.py", line 344, in parse
    loader.exec_module(new_module)
  File "<frozen importlib._bootstrap_external>", line 839, in exec_module
  File "<frozen importlib._bootstrap_external>", line 976, in get_code
  File "<frozen importlib._bootstrap_external>", line 906, in source_to_code
  File "<frozen importlib._bootstrap>", line 219, in _call_with_frames_removed
  File "/opt/airflow/dags/ecom.py", line 51
    s3_file_downloader = PythonOperator(
                                       ^
IndentationError: unindent does not match any outer indentation level
[2025-12-24T21:36:42.609+0000] {processor.py:842} WARNING - No viable dags retrieved from /opt/airflow/dags/ecom.py
[2025-12-24T21:36:42.632+0000] {processor.py:183} INFO - Processing /opt/airflow/dags/ecom.py took 0.047 seconds
[2025-12-24T21:36:43.925+0000] {processor.py:161} INFO - Started process (PID=41007) to work on /opt/airflow/dags/ecom.py
[2025-12-24T21:36:43.926+0000] {processor.py:830} INFO - Processing file /opt/airflow/dags/ecom.py for tasks to queue
[2025-12-24T21:36:43.927+0000] {logging_mixin.py:188} INFO - [2025-12-24T21:36:43.927+0000] {dagbag.py:538} INFO - Filling up the DagBag from /opt/airflow/dags/ecom.py
[2025-12-24T21:36:43.943+0000] {logging_mixin.py:188} INFO - [2025-12-24T21:36:43.942+0000] {dagbag.py:348} ERROR - Failed to import: /opt/airflow/dags/ecom.py
Traceback (most recent call last):
  File "/home/airflow/.local/lib/python3.8/site-packages/airflow/models/dagbag.py", line 344, in parse
    loader.exec_module(new_module)
  File "<frozen importlib._bootstrap_external>", line 839, in exec_module
  File "<frozen importlib._bootstrap_external>", line 976, in get_code
  File "<frozen importlib._bootstrap_external>", line 906, in source_to_code
  File "<frozen importlib._bootstrap>", line 219, in _call_with_frames_removed
  File "/opt/airflow/dags/ecom.py", line 52
    s3_file_downloader = PythonOperator(
                                       ^
IndentationError: unindent does not match any outer indentation level
[2025-12-24T21:36:43.944+0000] {processor.py:842} WARNING - No viable dags retrieved from /opt/airflow/dags/ecom.py
[2025-12-24T21:36:43.969+0000] {processor.py:183} INFO - Processing /opt/airflow/dags/ecom.py took 0.048 seconds
[2025-12-24T21:37:06.905+0000] {processor.py:161} INFO - Started process (PID=41049) to work on /opt/airflow/dags/ecom.py
[2025-12-24T21:37:06.906+0000] {processor.py:830} INFO - Processing file /opt/airflow/dags/ecom.py for tasks to queue
[2025-12-24T21:37:06.907+0000] {logging_mixin.py:188} INFO - [2025-12-24T21:37:06.907+0000] {dagbag.py:538} INFO - Filling up the DagBag from /opt/airflow/dags/ecom.py
[2025-12-24T21:37:06.931+0000] {logging_mixin.py:188} INFO - [2025-12-24T21:37:06.930+0000] {dagbag.py:348} ERROR - Failed to import: /opt/airflow/dags/ecom.py
Traceback (most recent call last):
  File "/home/airflow/.local/lib/python3.8/site-packages/airflow/models/dagbag.py", line 344, in parse
    loader.exec_module(new_module)
  File "<frozen importlib._bootstrap_external>", line 839, in exec_module
  File "<frozen importlib._bootstrap_external>", line 976, in get_code
  File "<frozen importlib._bootstrap_external>", line 906, in source_to_code
  File "<frozen importlib._bootstrap>", line 219, in _call_with_frames_removed
  File "/opt/airflow/dags/ecom.py", line 53
    s3_file_downloader = PythonOperator(
                                       ^
IndentationError: unindent does not match any outer indentation level
[2025-12-24T21:37:06.932+0000] {processor.py:842} WARNING - No viable dags retrieved from /opt/airflow/dags/ecom.py
[2025-12-24T21:37:06.957+0000] {processor.py:183} INFO - Processing /opt/airflow/dags/ecom.py took 0.057 seconds
[2025-12-24T21:37:09.342+0000] {processor.py:161} INFO - Started process (PID=41052) to work on /opt/airflow/dags/ecom.py
[2025-12-24T21:37:09.343+0000] {processor.py:830} INFO - Processing file /opt/airflow/dags/ecom.py for tasks to queue
[2025-12-24T21:37:09.345+0000] {logging_mixin.py:188} INFO - [2025-12-24T21:37:09.344+0000] {dagbag.py:538} INFO - Filling up the DagBag from /opt/airflow/dags/ecom.py
[2025-12-24T21:37:09.363+0000] {logging_mixin.py:188} INFO - [2025-12-24T21:37:09.362+0000] {dagbag.py:348} ERROR - Failed to import: /opt/airflow/dags/ecom.py
Traceback (most recent call last):
  File "/home/airflow/.local/lib/python3.8/site-packages/airflow/models/dagbag.py", line 344, in parse
    loader.exec_module(new_module)
  File "<frozen importlib._bootstrap_external>", line 839, in exec_module
  File "<frozen importlib._bootstrap_external>", line 976, in get_code
  File "<frozen importlib._bootstrap_external>", line 906, in source_to_code
  File "<frozen importlib._bootstrap>", line 219, in _call_with_frames_removed
  File "/opt/airflow/dags/ecom.py", line 53
    s3_file_downloader = PythonOperator(
                                       ^
IndentationError: unindent does not match any outer indentation level
[2025-12-24T21:37:09.364+0000] {processor.py:842} WARNING - No viable dags retrieved from /opt/airflow/dags/ecom.py
[2025-12-24T21:37:09.392+0000] {processor.py:183} INFO - Processing /opt/airflow/dags/ecom.py took 0.054 seconds
[2025-12-24T21:37:10.493+0000] {processor.py:161} INFO - Started process (PID=41055) to work on /opt/airflow/dags/ecom.py
[2025-12-24T21:37:10.494+0000] {processor.py:830} INFO - Processing file /opt/airflow/dags/ecom.py for tasks to queue
[2025-12-24T21:37:10.495+0000] {logging_mixin.py:188} INFO - [2025-12-24T21:37:10.494+0000] {dagbag.py:538} INFO - Filling up the DagBag from /opt/airflow/dags/ecom.py
[2025-12-24T21:37:10.511+0000] {logging_mixin.py:188} INFO - [2025-12-24T21:37:10.510+0000] {dagbag.py:348} ERROR - Failed to import: /opt/airflow/dags/ecom.py
Traceback (most recent call last):
  File "/home/airflow/.local/lib/python3.8/site-packages/airflow/models/dagbag.py", line 344, in parse
    loader.exec_module(new_module)
  File "<frozen importlib._bootstrap_external>", line 839, in exec_module
  File "<frozen importlib._bootstrap_external>", line 976, in get_code
  File "<frozen importlib._bootstrap_external>", line 906, in source_to_code
  File "<frozen importlib._bootstrap>", line 219, in _call_with_frames_removed
  File "/opt/airflow/dags/ecom.py", line 53
    s3_file_downloader = PythonOperator(
                                       ^
IndentationError: unindent does not match any outer indentation level
[2025-12-24T21:37:10.511+0000] {processor.py:842} WARNING - No viable dags retrieved from /opt/airflow/dags/ecom.py
[2025-12-24T21:37:10.540+0000] {processor.py:183} INFO - Processing /opt/airflow/dags/ecom.py took 0.051 seconds
[2025-12-24T21:37:11.877+0000] {processor.py:161} INFO - Started process (PID=41060) to work on /opt/airflow/dags/ecom.py
[2025-12-24T21:37:11.878+0000] {processor.py:830} INFO - Processing file /opt/airflow/dags/ecom.py for tasks to queue
[2025-12-24T21:37:11.880+0000] {logging_mixin.py:188} INFO - [2025-12-24T21:37:11.880+0000] {dagbag.py:538} INFO - Filling up the DagBag from /opt/airflow/dags/ecom.py
[2025-12-24T21:37:11.898+0000] {logging_mixin.py:188} INFO - [2025-12-24T21:37:11.897+0000] {dagbag.py:348} ERROR - Failed to import: /opt/airflow/dags/ecom.py
Traceback (most recent call last):
  File "/home/airflow/.local/lib/python3.8/site-packages/airflow/models/dagbag.py", line 344, in parse
    loader.exec_module(new_module)
  File "<frozen importlib._bootstrap_external>", line 839, in exec_module
  File "<frozen importlib._bootstrap_external>", line 976, in get_code
  File "<frozen importlib._bootstrap_external>", line 906, in source_to_code
  File "<frozen importlib._bootstrap>", line 219, in _call_with_frames_removed
  File "/opt/airflow/dags/ecom.py", line 53
    s3_file_downloader = PythonOperator(
                                       ^
IndentationError: unindent does not match any outer indentation level
[2025-12-24T21:37:11.898+0000] {processor.py:842} WARNING - No viable dags retrieved from /opt/airflow/dags/ecom.py
[2025-12-24T21:37:11.922+0000] {processor.py:183} INFO - Processing /opt/airflow/dags/ecom.py took 0.050 seconds
[2025-12-24T21:37:18.516+0000] {processor.py:161} INFO - Started process (PID=41072) to work on /opt/airflow/dags/ecom.py
[2025-12-24T21:37:18.517+0000] {processor.py:830} INFO - Processing file /opt/airflow/dags/ecom.py for tasks to queue
[2025-12-24T21:37:18.519+0000] {logging_mixin.py:188} INFO - [2025-12-24T21:37:18.518+0000] {dagbag.py:538} INFO - Filling up the DagBag from /opt/airflow/dags/ecom.py
[2025-12-24T21:37:18.542+0000] {logging_mixin.py:188} INFO - [2025-12-24T21:37:18.541+0000] {dagbag.py:348} ERROR - Failed to import: /opt/airflow/dags/ecom.py
Traceback (most recent call last):
  File "/home/airflow/.local/lib/python3.8/site-packages/airflow/models/dagbag.py", line 344, in parse
    loader.exec_module(new_module)
  File "<frozen importlib._bootstrap_external>", line 839, in exec_module
  File "<frozen importlib._bootstrap_external>", line 976, in get_code
  File "<frozen importlib._bootstrap_external>", line 906, in source_to_code
  File "<frozen importlib._bootstrap>", line 219, in _call_with_frames_removed
  File "/opt/airflow/dags/ecom.py", line 54
    s3_file_downloader = PythonOperator(
                                       ^
IndentationError: unindent does not match any outer indentation level
[2025-12-24T21:37:18.543+0000] {processor.py:842} WARNING - No viable dags retrieved from /opt/airflow/dags/ecom.py
[2025-12-24T21:37:18.568+0000] {processor.py:183} INFO - Processing /opt/airflow/dags/ecom.py took 0.057 seconds
[2025-12-24T21:37:22.662+0000] {processor.py:161} INFO - Started process (PID=41074) to work on /opt/airflow/dags/ecom.py
[2025-12-24T21:37:22.663+0000] {processor.py:830} INFO - Processing file /opt/airflow/dags/ecom.py for tasks to queue
[2025-12-24T21:37:22.664+0000] {logging_mixin.py:188} INFO - [2025-12-24T21:37:22.664+0000] {dagbag.py:538} INFO - Filling up the DagBag from /opt/airflow/dags/ecom.py
[2025-12-24T21:37:22.696+0000] {logging_mixin.py:188} INFO - [2025-12-24T21:37:22.694+0000] {dagbag.py:348} ERROR - Failed to import: /opt/airflow/dags/ecom.py
Traceback (most recent call last):
  File "/home/airflow/.local/lib/python3.8/site-packages/airflow/models/dagbag.py", line 344, in parse
    loader.exec_module(new_module)
  File "<frozen importlib._bootstrap_external>", line 839, in exec_module
  File "<frozen importlib._bootstrap_external>", line 976, in get_code
  File "<frozen importlib._bootstrap_external>", line 906, in source_to_code
  File "<frozen importlib._bootstrap>", line 219, in _call_with_frames_removed
  File "/opt/airflow/dags/ecom.py", line 54
    s3_file_downloader = PythonOperator(
                                       ^
IndentationError: unindent does not match any outer indentation level
[2025-12-24T21:37:22.697+0000] {processor.py:842} WARNING - No viable dags retrieved from /opt/airflow/dags/ecom.py
[2025-12-24T21:37:22.737+0000] {processor.py:183} INFO - Processing /opt/airflow/dags/ecom.py took 0.079 seconds
[2025-12-24T21:37:25.301+0000] {processor.py:161} INFO - Started process (PID=41081) to work on /opt/airflow/dags/ecom.py
[2025-12-24T21:37:25.302+0000] {processor.py:830} INFO - Processing file /opt/airflow/dags/ecom.py for tasks to queue
[2025-12-24T21:37:25.303+0000] {logging_mixin.py:188} INFO - [2025-12-24T21:37:25.302+0000] {dagbag.py:538} INFO - Filling up the DagBag from /opt/airflow/dags/ecom.py
[2025-12-24T21:37:25.326+0000] {logging_mixin.py:188} INFO - [2025-12-24T21:37:25.325+0000] {dagbag.py:348} ERROR - Failed to import: /opt/airflow/dags/ecom.py
Traceback (most recent call last):
  File "/home/airflow/.local/lib/python3.8/site-packages/airflow/models/dagbag.py", line 344, in parse
    loader.exec_module(new_module)
  File "<frozen importlib._bootstrap_external>", line 839, in exec_module
  File "<frozen importlib._bootstrap_external>", line 976, in get_code
  File "<frozen importlib._bootstrap_external>", line 906, in source_to_code
  File "<frozen importlib._bootstrap>", line 219, in _call_with_frames_removed
  File "/opt/airflow/dags/ecom.py", line 54
    s3_file_downloader = PythonOperator(
                                       ^
IndentationError: unindent does not match any outer indentation level
[2025-12-24T21:37:25.326+0000] {processor.py:842} WARNING - No viable dags retrieved from /opt/airflow/dags/ecom.py
[2025-12-24T21:37:25.392+0000] {processor.py:183} INFO - Processing /opt/airflow/dags/ecom.py took 0.095 seconds
[2025-12-24T21:37:26.332+0000] {processor.py:161} INFO - Started process (PID=41082) to work on /opt/airflow/dags/ecom.py
[2025-12-24T21:37:26.333+0000] {processor.py:830} INFO - Processing file /opt/airflow/dags/ecom.py for tasks to queue
[2025-12-24T21:37:26.334+0000] {logging_mixin.py:188} INFO - [2025-12-24T21:37:26.334+0000] {dagbag.py:538} INFO - Filling up the DagBag from /opt/airflow/dags/ecom.py
[2025-12-24T21:37:26.349+0000] {logging_mixin.py:188} INFO - [2025-12-24T21:37:26.349+0000] {dagbag.py:348} ERROR - Failed to import: /opt/airflow/dags/ecom.py
Traceback (most recent call last):
  File "/home/airflow/.local/lib/python3.8/site-packages/airflow/models/dagbag.py", line 344, in parse
    loader.exec_module(new_module)
  File "<frozen importlib._bootstrap_external>", line 839, in exec_module
  File "<frozen importlib._bootstrap_external>", line 976, in get_code
  File "<frozen importlib._bootstrap_external>", line 906, in source_to_code
  File "<frozen importlib._bootstrap>", line 219, in _call_with_frames_removed
  File "/opt/airflow/dags/ecom.py", line 54
    s3_file_downloader = PythonOperator(
                                       ^
IndentationError: unindent does not match any outer indentation level
[2025-12-24T21:37:26.350+0000] {processor.py:842} WARNING - No viable dags retrieved from /opt/airflow/dags/ecom.py
[2025-12-24T21:37:26.371+0000] {processor.py:183} INFO - Processing /opt/airflow/dags/ecom.py took 0.043 seconds
[2025-12-24T21:37:34.419+0000] {processor.py:161} INFO - Started process (PID=41108) to work on /opt/airflow/dags/ecom.py
[2025-12-24T21:37:34.421+0000] {processor.py:830} INFO - Processing file /opt/airflow/dags/ecom.py for tasks to queue
[2025-12-24T21:37:34.422+0000] {logging_mixin.py:188} INFO - [2025-12-24T21:37:34.422+0000] {dagbag.py:538} INFO - Filling up the DagBag from /opt/airflow/dags/ecom.py
[2025-12-24T21:37:34.445+0000] {logging_mixin.py:188} INFO - [2025-12-24T21:37:34.444+0000] {dagbag.py:348} ERROR - Failed to import: /opt/airflow/dags/ecom.py
Traceback (most recent call last):
  File "/home/airflow/.local/lib/python3.8/site-packages/airflow/models/dagbag.py", line 344, in parse
    loader.exec_module(new_module)
  File "<frozen importlib._bootstrap_external>", line 839, in exec_module
  File "<frozen importlib._bootstrap_external>", line 976, in get_code
  File "<frozen importlib._bootstrap_external>", line 906, in source_to_code
  File "<frozen importlib._bootstrap>", line 219, in _call_with_frames_removed
  File "/opt/airflow/dags/ecom.py", line 54
    s3_file_downloader = PythonOperator(
                                       ^
IndentationError: unindent does not match any outer indentation level
[2025-12-24T21:37:34.445+0000] {processor.py:842} WARNING - No viable dags retrieved from /opt/airflow/dags/ecom.py
[2025-12-24T21:37:34.502+0000] {processor.py:183} INFO - Processing /opt/airflow/dags/ecom.py took 0.086 seconds
[2025-12-24T21:37:53.700+0000] {processor.py:161} INFO - Started process (PID=41135) to work on /opt/airflow/dags/ecom.py
[2025-12-24T21:37:53.702+0000] {processor.py:830} INFO - Processing file /opt/airflow/dags/ecom.py for tasks to queue
[2025-12-24T21:37:53.704+0000] {logging_mixin.py:188} INFO - [2025-12-24T21:37:53.703+0000] {dagbag.py:538} INFO - Filling up the DagBag from /opt/airflow/dags/ecom.py
[2025-12-24T21:37:53.730+0000] {logging_mixin.py:188} INFO - [2025-12-24T21:37:53.729+0000] {dagbag.py:348} ERROR - Failed to import: /opt/airflow/dags/ecom.py
Traceback (most recent call last):
  File "/home/airflow/.local/lib/python3.8/site-packages/airflow/models/dagbag.py", line 344, in parse
    loader.exec_module(new_module)
  File "<frozen importlib._bootstrap_external>", line 839, in exec_module
  File "<frozen importlib._bootstrap_external>", line 976, in get_code
  File "<frozen importlib._bootstrap_external>", line 906, in source_to_code
  File "<frozen importlib._bootstrap>", line 219, in _call_with_frames_removed
  File "/opt/airflow/dags/ecom.py", line 54
    s3_file_downloader = PythonOperator(
                                       ^
IndentationError: unindent does not match any outer indentation level
[2025-12-24T21:37:53.731+0000] {processor.py:842} WARNING - No viable dags retrieved from /opt/airflow/dags/ecom.py
[2025-12-24T21:37:53.854+0000] {processor.py:183} INFO - Processing /opt/airflow/dags/ecom.py took 0.159 seconds
[2025-12-24T21:38:03.998+0000] {processor.py:161} INFO - Started process (PID=41167) to work on /opt/airflow/dags/ecom.py
[2025-12-24T21:38:03.999+0000] {processor.py:830} INFO - Processing file /opt/airflow/dags/ecom.py for tasks to queue
[2025-12-24T21:38:04.001+0000] {logging_mixin.py:188} INFO - [2025-12-24T21:38:04.000+0000] {dagbag.py:538} INFO - Filling up the DagBag from /opt/airflow/dags/ecom.py
[2025-12-24T21:38:04.025+0000] {logging_mixin.py:188} INFO - [2025-12-24T21:38:04.025+0000] {dagbag.py:348} ERROR - Failed to import: /opt/airflow/dags/ecom.py
Traceback (most recent call last):
  File "/home/airflow/.local/lib/python3.8/site-packages/airflow/models/dagbag.py", line 344, in parse
    loader.exec_module(new_module)
  File "<frozen importlib._bootstrap_external>", line 839, in exec_module
  File "<frozen importlib._bootstrap_external>", line 976, in get_code
  File "<frozen importlib._bootstrap_external>", line 906, in source_to_code
  File "<frozen importlib._bootstrap>", line 219, in _call_with_frames_removed
  File "/opt/airflow/dags/ecom.py", line 54
    s3_file_downloader = PythonOperator(
                                       ^
IndentationError: unindent does not match any outer indentation level
[2025-12-24T21:38:04.026+0000] {processor.py:842} WARNING - No viable dags retrieved from /opt/airflow/dags/ecom.py
[2025-12-24T21:38:04.050+0000] {processor.py:183} INFO - Processing /opt/airflow/dags/ecom.py took 0.055 seconds
[2025-12-24T21:38:11.466+0000] {processor.py:161} INFO - Started process (PID=41178) to work on /opt/airflow/dags/ecom.py
[2025-12-24T21:38:11.468+0000] {processor.py:830} INFO - Processing file /opt/airflow/dags/ecom.py for tasks to queue
[2025-12-24T21:38:11.469+0000] {logging_mixin.py:188} INFO - [2025-12-24T21:38:11.469+0000] {dagbag.py:538} INFO - Filling up the DagBag from /opt/airflow/dags/ecom.py
[2025-12-24T21:38:11.494+0000] {logging_mixin.py:188} INFO - [2025-12-24T21:38:11.493+0000] {dagbag.py:348} ERROR - Failed to import: /opt/airflow/dags/ecom.py
Traceback (most recent call last):
  File "/home/airflow/.local/lib/python3.8/site-packages/airflow/models/dagbag.py", line 344, in parse
    loader.exec_module(new_module)
  File "<frozen importlib._bootstrap_external>", line 839, in exec_module
  File "<frozen importlib._bootstrap_external>", line 976, in get_code
  File "<frozen importlib._bootstrap_external>", line 906, in source_to_code
  File "<frozen importlib._bootstrap>", line 219, in _call_with_frames_removed
  File "/opt/airflow/dags/ecom.py", line 54
    s3_file_downloader = PythonOperator(
                                       ^
IndentationError: unindent does not match any outer indentation level
[2025-12-24T21:38:11.495+0000] {processor.py:842} WARNING - No viable dags retrieved from /opt/airflow/dags/ecom.py
[2025-12-24T21:38:11.536+0000] {processor.py:183} INFO - Processing /opt/airflow/dags/ecom.py took 0.075 seconds
[2025-12-24T21:38:12.688+0000] {processor.py:161} INFO - Started process (PID=41185) to work on /opt/airflow/dags/ecom.py
[2025-12-24T21:38:12.690+0000] {processor.py:830} INFO - Processing file /opt/airflow/dags/ecom.py for tasks to queue
[2025-12-24T21:38:12.691+0000] {logging_mixin.py:188} INFO - [2025-12-24T21:38:12.691+0000] {dagbag.py:538} INFO - Filling up the DagBag from /opt/airflow/dags/ecom.py
[2025-12-24T21:38:12.719+0000] {logging_mixin.py:188} INFO - [2025-12-24T21:38:12.718+0000] {dagbag.py:348} ERROR - Failed to import: /opt/airflow/dags/ecom.py
Traceback (most recent call last):
  File "/home/airflow/.local/lib/python3.8/site-packages/airflow/models/dagbag.py", line 344, in parse
    loader.exec_module(new_module)
  File "<frozen importlib._bootstrap_external>", line 839, in exec_module
  File "<frozen importlib._bootstrap_external>", line 976, in get_code
  File "<frozen importlib._bootstrap_external>", line 906, in source_to_code
  File "<frozen importlib._bootstrap>", line 219, in _call_with_frames_removed
  File "/opt/airflow/dags/ecom.py", line 54
    s3_file_downloader = PythonOperator(
                                       ^
IndentationError: unindent does not match any outer indentation level
[2025-12-24T21:38:12.720+0000] {processor.py:842} WARNING - No viable dags retrieved from /opt/airflow/dags/ecom.py
[2025-12-24T21:38:12.749+0000] {processor.py:183} INFO - Processing /opt/airflow/dags/ecom.py took 0.067 seconds
[2025-12-24T21:38:13.804+0000] {processor.py:161} INFO - Started process (PID=41187) to work on /opt/airflow/dags/ecom.py
[2025-12-24T21:38:13.805+0000] {processor.py:830} INFO - Processing file /opt/airflow/dags/ecom.py for tasks to queue
[2025-12-24T21:38:13.806+0000] {logging_mixin.py:188} INFO - [2025-12-24T21:38:13.806+0000] {dagbag.py:538} INFO - Filling up the DagBag from /opt/airflow/dags/ecom.py
[2025-12-24T21:38:13.829+0000] {logging_mixin.py:188} INFO - [2025-12-24T21:38:13.828+0000] {dagbag.py:348} ERROR - Failed to import: /opt/airflow/dags/ecom.py
Traceback (most recent call last):
  File "/home/airflow/.local/lib/python3.8/site-packages/airflow/models/dagbag.py", line 344, in parse
    loader.exec_module(new_module)
  File "<frozen importlib._bootstrap_external>", line 839, in exec_module
  File "<frozen importlib._bootstrap_external>", line 976, in get_code
  File "<frozen importlib._bootstrap_external>", line 906, in source_to_code
  File "<frozen importlib._bootstrap>", line 219, in _call_with_frames_removed
  File "/opt/airflow/dags/ecom.py", line 54
    s3_file_downloader = PythonOperator(
                                       ^
IndentationError: unindent does not match any outer indentation level
[2025-12-24T21:38:13.829+0000] {processor.py:842} WARNING - No viable dags retrieved from /opt/airflow/dags/ecom.py
[2025-12-24T21:38:13.856+0000] {processor.py:183} INFO - Processing /opt/airflow/dags/ecom.py took 0.056 seconds
[2025-12-24T21:38:17.205+0000] {processor.py:161} INFO - Started process (PID=41194) to work on /opt/airflow/dags/ecom.py
[2025-12-24T21:38:17.206+0000] {processor.py:830} INFO - Processing file /opt/airflow/dags/ecom.py for tasks to queue
[2025-12-24T21:38:17.208+0000] {logging_mixin.py:188} INFO - [2025-12-24T21:38:17.208+0000] {dagbag.py:538} INFO - Filling up the DagBag from /opt/airflow/dags/ecom.py
[2025-12-24T21:38:17.226+0000] {logging_mixin.py:188} INFO - [2025-12-24T21:38:17.225+0000] {dagbag.py:348} ERROR - Failed to import: /opt/airflow/dags/ecom.py
Traceback (most recent call last):
  File "/home/airflow/.local/lib/python3.8/site-packages/airflow/models/dagbag.py", line 344, in parse
    loader.exec_module(new_module)
  File "<frozen importlib._bootstrap_external>", line 839, in exec_module
  File "<frozen importlib._bootstrap_external>", line 976, in get_code
  File "<frozen importlib._bootstrap_external>", line 906, in source_to_code
  File "<frozen importlib._bootstrap>", line 219, in _call_with_frames_removed
  File "/opt/airflow/dags/ecom.py", line 63
    s3_file_downloader = PythonOperator(
                                       ^
IndentationError: unindent does not match any outer indentation level
[2025-12-24T21:38:17.227+0000] {processor.py:842} WARNING - No viable dags retrieved from /opt/airflow/dags/ecom.py
[2025-12-24T21:38:17.255+0000] {processor.py:183} INFO - Processing /opt/airflow/dags/ecom.py took 0.055 seconds
[2025-12-24T21:38:26.681+0000] {processor.py:161} INFO - Started process (PID=41202) to work on /opt/airflow/dags/ecom.py
[2025-12-24T21:38:26.683+0000] {processor.py:830} INFO - Processing file /opt/airflow/dags/ecom.py for tasks to queue
[2025-12-24T21:38:26.684+0000] {logging_mixin.py:188} INFO - [2025-12-24T21:38:26.684+0000] {dagbag.py:538} INFO - Filling up the DagBag from /opt/airflow/dags/ecom.py
[2025-12-24T21:38:26.704+0000] {logging_mixin.py:188} INFO - [2025-12-24T21:38:26.703+0000] {dagbag.py:348} ERROR - Failed to import: /opt/airflow/dags/ecom.py
Traceback (most recent call last):
  File "/home/airflow/.local/lib/python3.8/site-packages/airflow/models/dagbag.py", line 344, in parse
    loader.exec_module(new_module)
  File "<frozen importlib._bootstrap_external>", line 839, in exec_module
  File "<frozen importlib._bootstrap_external>", line 976, in get_code
  File "<frozen importlib._bootstrap_external>", line 906, in source_to_code
  File "<frozen importlib._bootstrap>", line 219, in _call_with_frames_removed
  File "/opt/airflow/dags/ecom.py", line 41
    key="output_path,
                     ^
SyntaxError: EOL while scanning string literal
[2025-12-24T21:38:26.705+0000] {processor.py:842} WARNING - No viable dags retrieved from /opt/airflow/dags/ecom.py
[2025-12-24T21:38:26.728+0000] {processor.py:183} INFO - Processing /opt/airflow/dags/ecom.py took 0.054 seconds
[2025-12-24T21:38:44.498+0000] {processor.py:161} INFO - Started process (PID=41246) to work on /opt/airflow/dags/ecom.py
[2025-12-24T21:38:44.499+0000] {processor.py:830} INFO - Processing file /opt/airflow/dags/ecom.py for tasks to queue
[2025-12-24T21:38:44.500+0000] {logging_mixin.py:188} INFO - [2025-12-24T21:38:44.500+0000] {dagbag.py:538} INFO - Filling up the DagBag from /opt/airflow/dags/ecom.py
[2025-12-24T21:38:44.521+0000] {logging_mixin.py:188} INFO - [2025-12-24T21:38:44.520+0000] {dagbag.py:348} ERROR - Failed to import: /opt/airflow/dags/ecom.py
Traceback (most recent call last):
  File "/home/airflow/.local/lib/python3.8/site-packages/airflow/models/dagbag.py", line 344, in parse
    loader.exec_module(new_module)
  File "<frozen importlib._bootstrap_external>", line 839, in exec_module
  File "<frozen importlib._bootstrap_external>", line 976, in get_code
  File "<frozen importlib._bootstrap_external>", line 906, in source_to_code
  File "<frozen importlib._bootstrap>", line 219, in _call_with_frames_removed
  File "/opt/airflow/dags/ecom.py", line 63
    s3_file_downloader = PythonOperator(
                                       ^
IndentationError: unindent does not match any outer indentation level
[2025-12-24T21:38:44.522+0000] {processor.py:842} WARNING - No viable dags retrieved from /opt/airflow/dags/ecom.py
[2025-12-24T21:38:44.554+0000] {processor.py:183} INFO - Processing /opt/airflow/dags/ecom.py took 0.060 seconds
[2025-12-24T21:39:02.679+0000] {processor.py:161} INFO - Started process (PID=41276) to work on /opt/airflow/dags/ecom.py
[2025-12-24T21:39:02.681+0000] {processor.py:830} INFO - Processing file /opt/airflow/dags/ecom.py for tasks to queue
[2025-12-24T21:39:02.683+0000] {logging_mixin.py:188} INFO - [2025-12-24T21:39:02.682+0000] {dagbag.py:538} INFO - Filling up the DagBag from /opt/airflow/dags/ecom.py
[2025-12-24T21:39:03.357+0000] {processor.py:840} INFO - DAG(s) 'hello_airflow_xcom' retrieved from /opt/airflow/dags/ecom.py
[2025-12-24T21:39:03.497+0000] {logging_mixin.py:188} INFO - [2025-12-24T21:39:03.497+0000] {dag.py:3036} INFO - Sync 1 DAGs
[2025-12-24T21:39:03.517+0000] {logging_mixin.py:188} INFO - [2025-12-24T21:39:03.517+0000] {dag.py:3823} INFO - Setting next_dagrun for hello_airflow_xcom to 2025-12-24 00:00:00+00:00, run_after=2025-12-25 00:00:00+00:00
[2025-12-24T21:39:03.552+0000] {processor.py:183} INFO - Processing /opt/airflow/dags/ecom.py took 0.879 seconds
[2025-12-24T21:39:13.871+0000] {processor.py:161} INFO - Started process (PID=41305) to work on /opt/airflow/dags/ecom.py
[2025-12-24T21:39:13.873+0000] {processor.py:830} INFO - Processing file /opt/airflow/dags/ecom.py for tasks to queue
[2025-12-24T21:39:13.875+0000] {logging_mixin.py:188} INFO - [2025-12-24T21:39:13.874+0000] {dagbag.py:538} INFO - Filling up the DagBag from /opt/airflow/dags/ecom.py
[2025-12-24T21:39:13.906+0000] {logging_mixin.py:188} INFO - [2025-12-24T21:39:13.905+0000] {dagbag.py:348} ERROR - Failed to import: /opt/airflow/dags/ecom.py
Traceback (most recent call last):
  File "/home/airflow/.local/lib/python3.8/site-packages/airflow/models/dagbag.py", line 344, in parse
    loader.exec_module(new_module)
  File "<frozen importlib._bootstrap_external>", line 839, in exec_module
  File "<frozen importlib._bootstrap_external>", line 976, in get_code
  File "<frozen importlib._bootstrap_external>", line 906, in source_to_code
  File "<frozen importlib._bootstrap>", line 219, in _call_with_frames_removed
  File "/opt/airflow/dags/ecom.py", line 66
    re
    ^
SyntaxError: positional argument follows keyword argument
[2025-12-24T21:39:13.907+0000] {processor.py:842} WARNING - No viable dags retrieved from /opt/airflow/dags/ecom.py
[2025-12-24T21:39:13.940+0000] {processor.py:183} INFO - Processing /opt/airflow/dags/ecom.py took 0.073 seconds
[2025-12-24T21:39:17.419+0000] {processor.py:161} INFO - Started process (PID=41312) to work on /opt/airflow/dags/ecom.py
[2025-12-24T21:39:17.420+0000] {processor.py:830} INFO - Processing file /opt/airflow/dags/ecom.py for tasks to queue
[2025-12-24T21:39:17.423+0000] {logging_mixin.py:188} INFO - [2025-12-24T21:39:17.421+0000] {dagbag.py:538} INFO - Filling up the DagBag from /opt/airflow/dags/ecom.py
[2025-12-24T21:39:17.454+0000] {logging_mixin.py:188} INFO - [2025-12-24T21:39:17.453+0000] {dagbag.py:348} ERROR - Failed to import: /opt/airflow/dags/ecom.py
Traceback (most recent call last):
  File "/home/airflow/.local/lib/python3.8/site-packages/airflow/models/dagbag.py", line 344, in parse
    loader.exec_module(new_module)
  File "<frozen importlib._bootstrap_external>", line 839, in exec_module
  File "<frozen importlib._bootstrap_external>", line 976, in get_code
  File "<frozen importlib._bootstrap_external>", line 906, in source_to_code
  File "<frozen importlib._bootstrap>", line 219, in _call_with_frames_removed
  File "/opt/airflow/dags/ecom.py", line 66
    retr
    ^
SyntaxError: positional argument follows keyword argument
[2025-12-24T21:39:17.455+0000] {processor.py:842} WARNING - No viable dags retrieved from /opt/airflow/dags/ecom.py
[2025-12-24T21:39:17.640+0000] {processor.py:183} INFO - Processing /opt/airflow/dags/ecom.py took 0.226 seconds
[2025-12-24T21:39:19.767+0000] {processor.py:161} INFO - Started process (PID=41316) to work on /opt/airflow/dags/ecom.py
[2025-12-24T21:39:19.768+0000] {processor.py:830} INFO - Processing file /opt/airflow/dags/ecom.py for tasks to queue
[2025-12-24T21:39:19.768+0000] {logging_mixin.py:188} INFO - [2025-12-24T21:39:19.768+0000] {dagbag.py:538} INFO - Filling up the DagBag from /opt/airflow/dags/ecom.py
[2025-12-24T21:39:20.979+0000] {processor.py:840} INFO - DAG(s) 'hello_airflow_xcom' retrieved from /opt/airflow/dags/ecom.py
[2025-12-24T21:39:21.040+0000] {logging_mixin.py:188} INFO - [2025-12-24T21:39:21.040+0000] {dag.py:3036} INFO - Sync 1 DAGs
[2025-12-24T21:39:21.085+0000] {logging_mixin.py:188} INFO - [2025-12-24T21:39:21.085+0000] {dag.py:3823} INFO - Setting next_dagrun for hello_airflow_xcom to 2025-12-24 00:00:00+00:00, run_after=2025-12-25 00:00:00+00:00
[2025-12-24T21:39:21.129+0000] {processor.py:183} INFO - Processing /opt/airflow/dags/ecom.py took 1.365 seconds
[2025-12-24T21:39:51.461+0000] {processor.py:161} INFO - Started process (PID=41375) to work on /opt/airflow/dags/ecom.py
[2025-12-24T21:39:51.462+0000] {processor.py:830} INFO - Processing file /opt/airflow/dags/ecom.py for tasks to queue
[2025-12-24T21:39:51.463+0000] {logging_mixin.py:188} INFO - [2025-12-24T21:39:51.463+0000] {dagbag.py:538} INFO - Filling up the DagBag from /opt/airflow/dags/ecom.py
[2025-12-24T21:39:51.861+0000] {processor.py:840} INFO - DAG(s) 'hello_airflow_xcom' retrieved from /opt/airflow/dags/ecom.py
[2025-12-24T21:39:51.876+0000] {logging_mixin.py:188} INFO - [2025-12-24T21:39:51.876+0000] {dag.py:3036} INFO - Sync 1 DAGs
[2025-12-24T21:39:51.896+0000] {logging_mixin.py:188} INFO - [2025-12-24T21:39:51.895+0000] {dag.py:3823} INFO - Setting next_dagrun for hello_airflow_xcom to 2025-12-24 00:00:00+00:00, run_after=2025-12-25 00:00:00+00:00
[2025-12-24T21:39:51.915+0000] {processor.py:183} INFO - Processing /opt/airflow/dags/ecom.py took 0.457 seconds
[2025-12-24T21:40:10.667+0000] {processor.py:161} INFO - Started process (PID=41415) to work on /opt/airflow/dags/ecom.py
[2025-12-24T21:40:10.669+0000] {processor.py:830} INFO - Processing file /opt/airflow/dags/ecom.py for tasks to queue
[2025-12-24T21:40:10.673+0000] {logging_mixin.py:188} INFO - [2025-12-24T21:40:10.672+0000] {dagbag.py:538} INFO - Filling up the DagBag from /opt/airflow/dags/ecom.py
[2025-12-24T21:40:11.404+0000] {processor.py:840} INFO - DAG(s) 'hello_airflow_xcom' retrieved from /opt/airflow/dags/ecom.py
[2025-12-24T21:40:11.416+0000] {logging_mixin.py:188} INFO - [2025-12-24T21:40:11.416+0000] {dag.py:3036} INFO - Sync 1 DAGs
[2025-12-24T21:40:11.448+0000] {logging_mixin.py:188} INFO - [2025-12-24T21:40:11.448+0000] {dag.py:3823} INFO - Setting next_dagrun for hello_airflow_xcom to 2025-12-24 00:00:00+00:00, run_after=2025-12-25 00:00:00+00:00
[2025-12-24T21:40:11.481+0000] {processor.py:183} INFO - Processing /opt/airflow/dags/ecom.py took 0.819 seconds
[2025-12-24T21:40:19.117+0000] {processor.py:161} INFO - Started process (PID=41433) to work on /opt/airflow/dags/ecom.py
[2025-12-24T21:40:19.118+0000] {processor.py:830} INFO - Processing file /opt/airflow/dags/ecom.py for tasks to queue
[2025-12-24T21:40:19.119+0000] {logging_mixin.py:188} INFO - [2025-12-24T21:40:19.119+0000] {dagbag.py:538} INFO - Filling up the DagBag from /opt/airflow/dags/ecom.py
[2025-12-24T21:40:19.143+0000] {logging_mixin.py:188} INFO - [2025-12-24T21:40:19.142+0000] {dagbag.py:348} ERROR - Failed to import: /opt/airflow/dags/ecom.py
Traceback (most recent call last):
  File "/home/airflow/.local/lib/python3.8/site-packages/airflow/models/dagbag.py", line 344, in parse
    loader.exec_module(new_module)
  File "<frozen importlib._bootstrap_external>", line 839, in exec_module
  File "<frozen importlib._bootstrap_external>", line 976, in get_code
  File "<frozen importlib._bootstrap_external>", line 906, in source_to_code
  File "<frozen importlib._bootstrap>", line 219, in _call_with_frames_removed
  File "/opt/airflow/dags/ecom.py", line 69
    postgres_data_insert =
                          ^
SyntaxError: invalid syntax
[2025-12-24T21:40:19.144+0000] {processor.py:842} WARNING - No viable dags retrieved from /opt/airflow/dags/ecom.py
[2025-12-24T21:40:19.171+0000] {processor.py:183} INFO - Processing /opt/airflow/dags/ecom.py took 0.058 seconds
[2025-12-24T21:40:20.234+0000] {processor.py:161} INFO - Started process (PID=41435) to work on /opt/airflow/dags/ecom.py
[2025-12-24T21:40:20.237+0000] {processor.py:830} INFO - Processing file /opt/airflow/dags/ecom.py for tasks to queue
[2025-12-24T21:40:20.240+0000] {logging_mixin.py:188} INFO - [2025-12-24T21:40:20.239+0000] {dagbag.py:538} INFO - Filling up the DagBag from /opt/airflow/dags/ecom.py
[2025-12-24T21:40:20.894+0000] {logging_mixin.py:188} INFO - [2025-12-24T21:40:20.889+0000] {dagbag.py:348} ERROR - Failed to import: /opt/airflow/dags/ecom.py
Traceback (most recent call last):
  File "/home/airflow/.local/lib/python3.8/site-packages/airflow/models/dagbag.py", line 344, in parse
    loader.exec_module(new_module)
  File "<frozen importlib._bootstrap_external>", line 843, in exec_module
  File "<frozen importlib._bootstrap>", line 219, in _call_with_frames_removed
  File "/opt/airflow/dags/ecom.py", line 69, in <module>
    postgres_data_insert = P
NameError: name 'P' is not defined
[2025-12-24T21:40:20.897+0000] {processor.py:842} WARNING - No viable dags retrieved from /opt/airflow/dags/ecom.py
[2025-12-24T21:40:20.930+0000] {processor.py:183} INFO - Processing /opt/airflow/dags/ecom.py took 0.705 seconds
[2025-12-24T21:40:21.441+0000] {processor.py:161} INFO - Started process (PID=41439) to work on /opt/airflow/dags/ecom.py
[2025-12-24T21:40:21.442+0000] {processor.py:830} INFO - Processing file /opt/airflow/dags/ecom.py for tasks to queue
[2025-12-24T21:40:21.443+0000] {logging_mixin.py:188} INFO - [2025-12-24T21:40:21.443+0000] {dagbag.py:538} INFO - Filling up the DagBag from /opt/airflow/dags/ecom.py
[2025-12-24T21:40:21.960+0000] {logging_mixin.py:188} INFO - [2025-12-24T21:40:21.955+0000] {dagbag.py:348} ERROR - Failed to import: /opt/airflow/dags/ecom.py
Traceback (most recent call last):
  File "/home/airflow/.local/lib/python3.8/site-packages/airflow/models/dagbag.py", line 344, in parse
    loader.exec_module(new_module)
  File "<frozen importlib._bootstrap_external>", line 843, in exec_module
  File "<frozen importlib._bootstrap>", line 219, in _call_with_frames_removed
  File "/opt/airflow/dags/ecom.py", line 69, in <module>
    postgres_data_insert = Pyt
NameError: name 'Pyt' is not defined
[2025-12-24T21:40:21.962+0000] {processor.py:842} WARNING - No viable dags retrieved from /opt/airflow/dags/ecom.py
[2025-12-24T21:40:21.983+0000] {processor.py:183} INFO - Processing /opt/airflow/dags/ecom.py took 0.547 seconds
[2025-12-24T21:40:25.349+0000] {processor.py:161} INFO - Started process (PID=41442) to work on /opt/airflow/dags/ecom.py
[2025-12-24T21:40:25.351+0000] {processor.py:830} INFO - Processing file /opt/airflow/dags/ecom.py for tasks to queue
[2025-12-24T21:40:25.353+0000] {logging_mixin.py:188} INFO - [2025-12-24T21:40:25.352+0000] {dagbag.py:538} INFO - Filling up the DagBag from /opt/airflow/dags/ecom.py
[2025-12-24T21:40:26.210+0000] {logging_mixin.py:188} INFO - [2025-12-24T21:40:26.204+0000] {dagbag.py:348} ERROR - Failed to import: /opt/airflow/dags/ecom.py
Traceback (most recent call last):
  File "/home/airflow/.local/lib/python3.8/site-packages/airflow/models/dagbag.py", line 344, in parse
    loader.exec_module(new_module)
  File "<frozen importlib._bootstrap_external>", line 843, in exec_module
  File "<frozen importlib._bootstrap>", line 219, in _call_with_frames_removed
  File "/opt/airflow/dags/ecom.py", line 70, in <module>
    task
NameError: name 'task' is not defined
[2025-12-24T21:40:26.212+0000] {processor.py:842} WARNING - No viable dags retrieved from /opt/airflow/dags/ecom.py
[2025-12-24T21:40:26.241+0000] {processor.py:183} INFO - Processing /opt/airflow/dags/ecom.py took 0.897 seconds
[2025-12-24T21:40:31.951+0000] {processor.py:161} INFO - Started process (PID=41452) to work on /opt/airflow/dags/ecom.py
[2025-12-24T21:40:31.952+0000] {processor.py:830} INFO - Processing file /opt/airflow/dags/ecom.py for tasks to queue
[2025-12-24T21:40:31.953+0000] {logging_mixin.py:188} INFO - [2025-12-24T21:40:31.953+0000] {dagbag.py:538} INFO - Filling up the DagBag from /opt/airflow/dags/ecom.py
[2025-12-24T21:40:32.412+0000] {logging_mixin.py:188} INFO - [2025-12-24T21:40:32.407+0000] {dagbag.py:348} ERROR - Failed to import: /opt/airflow/dags/ecom.py
Traceback (most recent call last):
  File "/home/airflow/.local/lib/python3.8/site-packages/airflow/models/dagbag.py", line 344, in parse
    loader.exec_module(new_module)
  File "<frozen importlib._bootstrap_external>", line 843, in exec_module
  File "<frozen importlib._bootstrap>", line 219, in _call_with_frames_removed
  File "/opt/airflow/dags/ecom.py", line 70, in <module>
    task_id
NameError: name 'task_id' is not defined
[2025-12-24T21:40:32.413+0000] {processor.py:842} WARNING - No viable dags retrieved from /opt/airflow/dags/ecom.py
[2025-12-24T21:40:32.430+0000] {processor.py:183} INFO - Processing /opt/airflow/dags/ecom.py took 0.482 seconds
[2025-12-24T21:40:35.397+0000] {processor.py:161} INFO - Started process (PID=41473) to work on /opt/airflow/dags/ecom.py
[2025-12-24T21:40:35.403+0000] {processor.py:830} INFO - Processing file /opt/airflow/dags/ecom.py for tasks to queue
[2025-12-24T21:40:35.404+0000] {logging_mixin.py:188} INFO - [2025-12-24T21:40:35.404+0000] {dagbag.py:538} INFO - Filling up the DagBag from /opt/airflow/dags/ecom.py
[2025-12-24T21:40:36.079+0000] {logging_mixin.py:188} INFO - [2025-12-24T21:40:36.073+0000] {dagbag.py:348} ERROR - Failed to import: /opt/airflow/dags/ecom.py
Traceback (most recent call last):
  File "/home/airflow/.local/lib/python3.8/site-packages/airflow/models/dagbag.py", line 344, in parse
    loader.exec_module(new_module)
  File "<frozen importlib._bootstrap_external>", line 843, in exec_module
  File "<frozen importlib._bootstrap>", line 219, in _call_with_frames_removed
  File "/opt/airflow/dags/ecom.py", line 69, in <module>
    postgres_data_insert = PythonOperator(
  File "/home/airflow/.local/lib/python3.8/site-packages/airflow/models/baseoperator.py", line 420, in apply_defaults
    raise AirflowException(f"missing keyword argument {missing_args.pop()!r}")
airflow.exceptions.AirflowException: missing keyword argument 'python_callable'
[2025-12-24T21:40:36.081+0000] {processor.py:842} WARNING - No viable dags retrieved from /opt/airflow/dags/ecom.py
[2025-12-24T21:40:36.100+0000] {processor.py:183} INFO - Processing /opt/airflow/dags/ecom.py took 0.711 seconds
[2025-12-24T21:40:37.086+0000] {processor.py:161} INFO - Started process (PID=41477) to work on /opt/airflow/dags/ecom.py
[2025-12-24T21:40:37.088+0000] {processor.py:830} INFO - Processing file /opt/airflow/dags/ecom.py for tasks to queue
[2025-12-24T21:40:37.089+0000] {logging_mixin.py:188} INFO - [2025-12-24T21:40:37.089+0000] {dagbag.py:538} INFO - Filling up the DagBag from /opt/airflow/dags/ecom.py
[2025-12-24T21:40:37.118+0000] {logging_mixin.py:188} INFO - [2025-12-24T21:40:37.117+0000] {dagbag.py:348} ERROR - Failed to import: /opt/airflow/dags/ecom.py
Traceback (most recent call last):
  File "/home/airflow/.local/lib/python3.8/site-packages/airflow/models/dagbag.py", line 344, in parse
    loader.exec_module(new_module)
  File "<frozen importlib._bootstrap_external>", line 839, in exec_module
  File "<frozen importlib._bootstrap_external>", line 976, in get_code
  File "<frozen importlib._bootstrap_external>", line 906, in source_to_code
  File "<frozen importlib._bootstrap>", line 219, in _call_with_frames_removed
  File "/opt/airflow/dags/ecom.py", line 71
    )
    ^
SyntaxError: invalid syntax
[2025-12-24T21:40:37.119+0000] {processor.py:842} WARNING - No viable dags retrieved from /opt/airflow/dags/ecom.py
[2025-12-24T21:40:37.154+0000] {processor.py:183} INFO - Processing /opt/airflow/dags/ecom.py took 0.073 seconds
[2025-12-24T21:40:42.574+0000] {processor.py:161} INFO - Started process (PID=41489) to work on /opt/airflow/dags/ecom.py
[2025-12-24T21:40:42.575+0000] {processor.py:830} INFO - Processing file /opt/airflow/dags/ecom.py for tasks to queue
[2025-12-24T21:40:42.576+0000] {logging_mixin.py:188} INFO - [2025-12-24T21:40:42.576+0000] {dagbag.py:538} INFO - Filling up the DagBag from /opt/airflow/dags/ecom.py
[2025-12-24T21:40:43.026+0000] {logging_mixin.py:188} INFO - [2025-12-24T21:40:43.021+0000] {dagbag.py:348} ERROR - Failed to import: /opt/airflow/dags/ecom.py
Traceback (most recent call last):
  File "/home/airflow/.local/lib/python3.8/site-packages/airflow/models/dagbag.py", line 344, in parse
    loader.exec_module(new_module)
  File "<frozen importlib._bootstrap_external>", line 843, in exec_module
  File "<frozen importlib._bootstrap>", line 219, in _call_with_frames_removed
  File "/opt/airflow/dags/ecom.py", line 69, in <module>
    postgres_data_insert = PythonOperator(
  File "/home/airflow/.local/lib/python3.8/site-packages/airflow/models/baseoperator.py", line 420, in apply_defaults
    raise AirflowException(f"missing keyword argument {missing_args.pop()!r}")
airflow.exceptions.AirflowException: missing keyword argument 'python_callable'
[2025-12-24T21:40:43.027+0000] {processor.py:842} WARNING - No viable dags retrieved from /opt/airflow/dags/ecom.py
[2025-12-24T21:40:43.044+0000] {processor.py:183} INFO - Processing /opt/airflow/dags/ecom.py took 0.475 seconds
[2025-12-24T21:40:45.789+0000] {processor.py:161} INFO - Started process (PID=41498) to work on /opt/airflow/dags/ecom.py
[2025-12-24T21:40:45.791+0000] {processor.py:830} INFO - Processing file /opt/airflow/dags/ecom.py for tasks to queue
[2025-12-24T21:40:45.792+0000] {logging_mixin.py:188} INFO - [2025-12-24T21:40:45.792+0000] {dagbag.py:538} INFO - Filling up the DagBag from /opt/airflow/dags/ecom.py
[2025-12-24T21:40:46.236+0000] {logging_mixin.py:188} INFO - [2025-12-24T21:40:46.231+0000] {dagbag.py:348} ERROR - Failed to import: /opt/airflow/dags/ecom.py
Traceback (most recent call last):
  File "/home/airflow/.local/lib/python3.8/site-packages/airflow/models/dagbag.py", line 344, in parse
    loader.exec_module(new_module)
  File "<frozen importlib._bootstrap_external>", line 843, in exec_module
  File "<frozen importlib._bootstrap>", line 219, in _call_with_frames_removed
  File "/opt/airflow/dags/ecom.py", line 69, in <module>
    postgres_data_insert = PythonOperator(
  File "/home/airflow/.local/lib/python3.8/site-packages/airflow/models/baseoperator.py", line 420, in apply_defaults
    raise AirflowException(f"missing keyword argument {missing_args.pop()!r}")
airflow.exceptions.AirflowException: missing keyword argument 'python_callable'
[2025-12-24T21:40:46.237+0000] {processor.py:842} WARNING - No viable dags retrieved from /opt/airflow/dags/ecom.py
[2025-12-24T21:40:46.253+0000] {processor.py:183} INFO - Processing /opt/airflow/dags/ecom.py took 0.468 seconds
[2025-12-24T21:40:48.360+0000] {processor.py:161} INFO - Started process (PID=41504) to work on /opt/airflow/dags/ecom.py
[2025-12-24T21:40:48.362+0000] {processor.py:830} INFO - Processing file /opt/airflow/dags/ecom.py for tasks to queue
[2025-12-24T21:40:48.366+0000] {logging_mixin.py:188} INFO - [2025-12-24T21:40:48.365+0000] {dagbag.py:538} INFO - Filling up the DagBag from /opt/airflow/dags/ecom.py
[2025-12-24T21:40:48.399+0000] {logging_mixin.py:188} INFO - [2025-12-24T21:40:48.398+0000] {dagbag.py:348} ERROR - Failed to import: /opt/airflow/dags/ecom.py
Traceback (most recent call last):
  File "/home/airflow/.local/lib/python3.8/site-packages/airflow/models/dagbag.py", line 344, in parse
    loader.exec_module(new_module)
  File "<frozen importlib._bootstrap_external>", line 839, in exec_module
  File "<frozen importlib._bootstrap_external>", line 976, in get_code
  File "<frozen importlib._bootstrap_external>", line 906, in source_to_code
  File "<frozen importlib._bootstrap>", line 219, in _call_with_frames_removed
  File "/opt/airflow/dags/ecom.py", line 71
    pyth
    ^
SyntaxError: positional argument follows keyword argument
[2025-12-24T21:40:48.400+0000] {processor.py:842} WARNING - No viable dags retrieved from /opt/airflow/dags/ecom.py
[2025-12-24T21:40:48.425+0000] {processor.py:183} INFO - Processing /opt/airflow/dags/ecom.py took 0.070 seconds
[2025-12-24T21:40:51.654+0000] {processor.py:161} INFO - Started process (PID=41510) to work on /opt/airflow/dags/ecom.py
[2025-12-24T21:40:51.655+0000] {processor.py:830} INFO - Processing file /opt/airflow/dags/ecom.py for tasks to queue
[2025-12-24T21:40:51.656+0000] {logging_mixin.py:188} INFO - [2025-12-24T21:40:51.656+0000] {dagbag.py:538} INFO - Filling up the DagBag from /opt/airflow/dags/ecom.py
[2025-12-24T21:40:51.671+0000] {logging_mixin.py:188} INFO - [2025-12-24T21:40:51.670+0000] {dagbag.py:348} ERROR - Failed to import: /opt/airflow/dags/ecom.py
Traceback (most recent call last):
  File "/home/airflow/.local/lib/python3.8/site-packages/airflow/models/dagbag.py", line 344, in parse
    loader.exec_module(new_module)
  File "<frozen importlib._bootstrap_external>", line 839, in exec_module
  File "<frozen importlib._bootstrap_external>", line 976, in get_code
  File "<frozen importlib._bootstrap_external>", line 906, in source_to_code
  File "<frozen importlib._bootstrap>", line 219, in _call_with_frames_removed
  File "/opt/airflow/dags/ecom.py", line 72
    )
    ^
SyntaxError: invalid syntax
[2025-12-24T21:40:51.672+0000] {processor.py:842} WARNING - No viable dags retrieved from /opt/airflow/dags/ecom.py
[2025-12-24T21:40:51.693+0000] {processor.py:183} INFO - Processing /opt/airflow/dags/ecom.py took 0.043 seconds
[2025-12-24T21:40:53.776+0000] {processor.py:161} INFO - Started process (PID=41511) to work on /opt/airflow/dags/ecom.py
[2025-12-24T21:40:53.778+0000] {processor.py:830} INFO - Processing file /opt/airflow/dags/ecom.py for tasks to queue
[2025-12-24T21:40:53.779+0000] {logging_mixin.py:188} INFO - [2025-12-24T21:40:53.778+0000] {dagbag.py:538} INFO - Filling up the DagBag from /opt/airflow/dags/ecom.py
[2025-12-24T21:40:53.810+0000] {logging_mixin.py:188} INFO - [2025-12-24T21:40:53.809+0000] {dagbag.py:348} ERROR - Failed to import: /opt/airflow/dags/ecom.py
Traceback (most recent call last):
  File "/home/airflow/.local/lib/python3.8/site-packages/airflow/models/dagbag.py", line 344, in parse
    loader.exec_module(new_module)
  File "<frozen importlib._bootstrap_external>", line 839, in exec_module
  File "<frozen importlib._bootstrap_external>", line 976, in get_code
  File "<frozen importlib._bootstrap_external>", line 906, in source_to_code
  File "<frozen importlib._bootstrap>", line 219, in _call_with_frames_removed
  File "/opt/airflow/dags/ecom.py", line 72
    )
    ^
SyntaxError: invalid syntax
[2025-12-24T21:40:53.811+0000] {processor.py:842} WARNING - No viable dags retrieved from /opt/airflow/dags/ecom.py
[2025-12-24T21:40:53.844+0000] {processor.py:183} INFO - Processing /opt/airflow/dags/ecom.py took 0.073 seconds
[2025-12-24T21:40:58.052+0000] {processor.py:161} INFO - Started process (PID=41515) to work on /opt/airflow/dags/ecom.py
[2025-12-24T21:40:58.053+0000] {processor.py:830} INFO - Processing file /opt/airflow/dags/ecom.py for tasks to queue
[2025-12-24T21:40:58.055+0000] {logging_mixin.py:188} INFO - [2025-12-24T21:40:58.054+0000] {dagbag.py:538} INFO - Filling up the DagBag from /opt/airflow/dags/ecom.py
[2025-12-24T21:40:58.632+0000] {logging_mixin.py:188} INFO - [2025-12-24T21:40:58.627+0000] {dagbag.py:348} ERROR - Failed to import: /opt/airflow/dags/ecom.py
Traceback (most recent call last):
  File "/home/airflow/.local/lib/python3.8/site-packages/airflow/models/dagbag.py", line 344, in parse
    loader.exec_module(new_module)
  File "<frozen importlib._bootstrap_external>", line 843, in exec_module
  File "<frozen importlib._bootstrap>", line 219, in _call_with_frames_removed
  File "/opt/airflow/dags/ecom.py", line 71, in <module>
    python_callable= pg_loader
NameError: name 'pg_loader' is not defined
[2025-12-24T21:40:58.634+0000] {processor.py:842} WARNING - No viable dags retrieved from /opt/airflow/dags/ecom.py
[2025-12-24T21:40:58.650+0000] {processor.py:183} INFO - Processing /opt/airflow/dags/ecom.py took 0.602 seconds
[2025-12-24T21:41:04.360+0000] {processor.py:161} INFO - Started process (PID=41526) to work on /opt/airflow/dags/ecom.py
[2025-12-24T21:41:04.362+0000] {processor.py:830} INFO - Processing file /opt/airflow/dags/ecom.py for tasks to queue
[2025-12-24T21:41:04.363+0000] {logging_mixin.py:188} INFO - [2025-12-24T21:41:04.363+0000] {dagbag.py:538} INFO - Filling up the DagBag from /opt/airflow/dags/ecom.py
[2025-12-24T21:41:04.386+0000] {logging_mixin.py:188} INFO - [2025-12-24T21:41:04.385+0000] {dagbag.py:348} ERROR - Failed to import: /opt/airflow/dags/ecom.py
Traceback (most recent call last):
  File "/home/airflow/.local/lib/python3.8/site-packages/airflow/models/dagbag.py", line 344, in parse
    loader.exec_module(new_module)
  File "<frozen importlib._bootstrap_external>", line 839, in exec_module
  File "<frozen importlib._bootstrap_external>", line 976, in get_code
  File "<frozen importlib._bootstrap_external>", line 906, in source_to_code
  File "<frozen importlib._bootstrap>", line 219, in _call_with_frames_removed
  File "/opt/airflow/dags/ecom.py", line 46
    def pgloader()
                 ^
SyntaxError: invalid syntax
[2025-12-24T21:41:04.386+0000] {processor.py:842} WARNING - No viable dags retrieved from /opt/airflow/dags/ecom.py
[2025-12-24T21:41:04.412+0000] {processor.py:183} INFO - Processing /opt/airflow/dags/ecom.py took 0.057 seconds
[2025-12-24T21:41:07.792+0000] {processor.py:161} INFO - Started process (PID=41551) to work on /opt/airflow/dags/ecom.py
[2025-12-24T21:41:07.794+0000] {processor.py:830} INFO - Processing file /opt/airflow/dags/ecom.py for tasks to queue
[2025-12-24T21:41:07.796+0000] {logging_mixin.py:188} INFO - [2025-12-24T21:41:07.795+0000] {dagbag.py:538} INFO - Filling up the DagBag from /opt/airflow/dags/ecom.py
[2025-12-24T21:41:07.827+0000] {logging_mixin.py:188} INFO - [2025-12-24T21:41:07.826+0000] {dagbag.py:348} ERROR - Failed to import: /opt/airflow/dags/ecom.py
Traceback (most recent call last):
  File "/home/airflow/.local/lib/python3.8/site-packages/airflow/models/dagbag.py", line 344, in parse
    loader.exec_module(new_module)
  File "<frozen importlib._bootstrap_external>", line 839, in exec_module
  File "<frozen importlib._bootstrap_external>", line 976, in get_code
  File "<frozen importlib._bootstrap_external>", line 906, in source_to_code
  File "<frozen importlib._bootstrap>", line 219, in _call_with_frames_removed
  File "/opt/airflow/dags/ecom.py", line 46
    def pgloader(ti)
                   ^
SyntaxError: invalid syntax
[2025-12-24T21:41:07.828+0000] {processor.py:842} WARNING - No viable dags retrieved from /opt/airflow/dags/ecom.py
[2025-12-24T21:41:07.860+0000] {processor.py:183} INFO - Processing /opt/airflow/dags/ecom.py took 0.075 seconds
[2025-12-24T21:41:11.478+0000] {processor.py:161} INFO - Started process (PID=41554) to work on /opt/airflow/dags/ecom.py
[2025-12-24T21:41:11.479+0000] {processor.py:830} INFO - Processing file /opt/airflow/dags/ecom.py for tasks to queue
[2025-12-24T21:41:11.480+0000] {logging_mixin.py:188} INFO - [2025-12-24T21:41:11.479+0000] {dagbag.py:538} INFO - Filling up the DagBag from /opt/airflow/dags/ecom.py
[2025-12-24T21:41:11.496+0000] {logging_mixin.py:188} INFO - [2025-12-24T21:41:11.495+0000] {dagbag.py:348} ERROR - Failed to import: /opt/airflow/dags/ecom.py
Traceback (most recent call last):
  File "/home/airflow/.local/lib/python3.8/site-packages/airflow/models/dagbag.py", line 344, in parse
    loader.exec_module(new_module)
  File "<frozen importlib._bootstrap_external>", line 839, in exec_module
  File "<frozen importlib._bootstrap_external>", line 976, in get_code
  File "<frozen importlib._bootstrap_external>", line 906, in source_to_code
  File "<frozen importlib._bootstrap>", line 219, in _call_with_frames_removed
  File "/opt/airflow/dags/ecom.py", line 46
    def pgloader(ti)
                   ^
SyntaxError: invalid syntax
[2025-12-24T21:41:11.496+0000] {processor.py:842} WARNING - No viable dags retrieved from /opt/airflow/dags/ecom.py
[2025-12-24T21:41:11.520+0000] {processor.py:183} INFO - Processing /opt/airflow/dags/ecom.py took 0.046 seconds
[2025-12-24T21:41:16.186+0000] {processor.py:161} INFO - Started process (PID=41565) to work on /opt/airflow/dags/ecom.py
[2025-12-24T21:41:16.187+0000] {processor.py:830} INFO - Processing file /opt/airflow/dags/ecom.py for tasks to queue
[2025-12-24T21:41:16.189+0000] {logging_mixin.py:188} INFO - [2025-12-24T21:41:16.188+0000] {dagbag.py:538} INFO - Filling up the DagBag from /opt/airflow/dags/ecom.py
[2025-12-24T21:41:16.212+0000] {logging_mixin.py:188} INFO - [2025-12-24T21:41:16.211+0000] {dagbag.py:348} ERROR - Failed to import: /opt/airflow/dags/ecom.py
Traceback (most recent call last):
  File "/home/airflow/.local/lib/python3.8/site-packages/airflow/models/dagbag.py", line 344, in parse
    loader.exec_module(new_module)
  File "<frozen importlib._bootstrap_external>", line 839, in exec_module
  File "<frozen importlib._bootstrap_external>", line 976, in get_code
  File "<frozen importlib._bootstrap_external>", line 906, in source_to_code
  File "<frozen importlib._bootstrap>", line 219, in _call_with_frames_removed
  File "/opt/airflow/dags/ecom.py", line 46
    ti.
      ^
SyntaxError: invalid syntax
[2025-12-24T21:41:16.212+0000] {processor.py:842} WARNING - No viable dags retrieved from /opt/airflow/dags/ecom.py
[2025-12-24T21:41:16.238+0000] {processor.py:183} INFO - Processing /opt/airflow/dags/ecom.py took 0.056 seconds
[2025-12-24T21:41:21.637+0000] {processor.py:161} INFO - Started process (PID=41573) to work on /opt/airflow/dags/ecom.py
[2025-12-24T21:41:21.639+0000] {processor.py:830} INFO - Processing file /opt/airflow/dags/ecom.py for tasks to queue
[2025-12-24T21:41:21.641+0000] {logging_mixin.py:188} INFO - [2025-12-24T21:41:21.640+0000] {dagbag.py:538} INFO - Filling up the DagBag from /opt/airflow/dags/ecom.py
[2025-12-24T21:41:21.660+0000] {logging_mixin.py:188} INFO - [2025-12-24T21:41:21.659+0000] {dagbag.py:348} ERROR - Failed to import: /opt/airflow/dags/ecom.py
Traceback (most recent call last):
  File "/home/airflow/.local/lib/python3.8/site-packages/airflow/models/dagbag.py", line 344, in parse
    loader.exec_module(new_module)
  File "<frozen importlib._bootstrap_external>", line 839, in exec_module
  File "<frozen importlib._bootstrap_external>", line 976, in get_code
  File "<frozen importlib._bootstrap_external>", line 906, in source_to_code
  File "<frozen importlib._bootstrap>", line 219, in _call_with_frames_removed
  File "/opt/airflow/dags/ecom.py", line 48
    def pgloader(ti)
                   ^
SyntaxError: invalid syntax
[2025-12-24T21:41:21.661+0000] {processor.py:842} WARNING - No viable dags retrieved from /opt/airflow/dags/ecom.py
[2025-12-24T21:41:21.685+0000] {processor.py:183} INFO - Processing /opt/airflow/dags/ecom.py took 0.052 seconds
[2025-12-24T21:41:22.754+0000] {processor.py:161} INFO - Started process (PID=41576) to work on /opt/airflow/dags/ecom.py
[2025-12-24T21:41:22.756+0000] {processor.py:830} INFO - Processing file /opt/airflow/dags/ecom.py for tasks to queue
[2025-12-24T21:41:22.757+0000] {logging_mixin.py:188} INFO - [2025-12-24T21:41:22.757+0000] {dagbag.py:538} INFO - Filling up the DagBag from /opt/airflow/dags/ecom.py
[2025-12-24T21:41:22.782+0000] {logging_mixin.py:188} INFO - [2025-12-24T21:41:22.781+0000] {dagbag.py:348} ERROR - Failed to import: /opt/airflow/dags/ecom.py
Traceback (most recent call last):
  File "/home/airflow/.local/lib/python3.8/site-packages/airflow/models/dagbag.py", line 344, in parse
    loader.exec_module(new_module)
  File "<frozen importlib._bootstrap_external>", line 839, in exec_module
  File "<frozen importlib._bootstrap_external>", line 976, in get_code
  File "<frozen importlib._bootstrap_external>", line 906, in source_to_code
  File "<frozen importlib._bootstrap>", line 219, in _call_with_frames_removed
  File "/opt/airflow/dags/ecom.py", line 46
    ti.xcom.
           ^
SyntaxError: invalid syntax
[2025-12-24T21:41:22.782+0000] {processor.py:842} WARNING - No viable dags retrieved from /opt/airflow/dags/ecom.py
[2025-12-24T21:41:22.805+0000] {processor.py:183} INFO - Processing /opt/airflow/dags/ecom.py took 0.055 seconds
[2025-12-24T21:41:24.818+0000] {processor.py:161} INFO - Started process (PID=41577) to work on /opt/airflow/dags/ecom.py
[2025-12-24T21:41:24.820+0000] {processor.py:830} INFO - Processing file /opt/airflow/dags/ecom.py for tasks to queue
[2025-12-24T21:41:24.822+0000] {logging_mixin.py:188} INFO - [2025-12-24T21:41:24.821+0000] {dagbag.py:538} INFO - Filling up the DagBag from /opt/airflow/dags/ecom.py
[2025-12-24T21:41:24.845+0000] {logging_mixin.py:188} INFO - [2025-12-24T21:41:24.844+0000] {dagbag.py:348} ERROR - Failed to import: /opt/airflow/dags/ecom.py
Traceback (most recent call last):
  File "/home/airflow/.local/lib/python3.8/site-packages/airflow/models/dagbag.py", line 344, in parse
    loader.exec_module(new_module)
  File "<frozen importlib._bootstrap_external>", line 839, in exec_module
  File "<frozen importlib._bootstrap_external>", line 976, in get_code
  File "<frozen importlib._bootstrap_external>", line 906, in source_to_code
  File "<frozen importlib._bootstrap>", line 219, in _call_with_frames_removed
  File "/opt/airflow/dags/ecom.py", line 48
    def pgloader(ti)
                   ^
SyntaxError: invalid syntax
[2025-12-24T21:41:24.845+0000] {processor.py:842} WARNING - No viable dags retrieved from /opt/airflow/dags/ecom.py
[2025-12-24T21:41:24.874+0000] {processor.py:183} INFO - Processing /opt/airflow/dags/ecom.py took 0.060 seconds
[2025-12-24T21:41:28.825+0000] {processor.py:161} INFO - Started process (PID=41583) to work on /opt/airflow/dags/ecom.py
[2025-12-24T21:41:28.827+0000] {processor.py:830} INFO - Processing file /opt/airflow/dags/ecom.py for tasks to queue
[2025-12-24T21:41:28.829+0000] {logging_mixin.py:188} INFO - [2025-12-24T21:41:28.828+0000] {dagbag.py:538} INFO - Filling up the DagBag from /opt/airflow/dags/ecom.py
[2025-12-24T21:41:28.850+0000] {logging_mixin.py:188} INFO - [2025-12-24T21:41:28.849+0000] {dagbag.py:348} ERROR - Failed to import: /opt/airflow/dags/ecom.py
Traceback (most recent call last):
  File "/home/airflow/.local/lib/python3.8/site-packages/airflow/models/dagbag.py", line 344, in parse
    loader.exec_module(new_module)
  File "<frozen importlib._bootstrap_external>", line 839, in exec_module
  File "<frozen importlib._bootstrap_external>", line 976, in get_code
  File "<frozen importlib._bootstrap_external>", line 906, in source_to_code
  File "<frozen importlib._bootstrap>", line 219, in _call_with_frames_removed
  File "/opt/airflow/dags/ecom.py", line 48
    def pgloader(ti)
                   ^
SyntaxError: invalid syntax
[2025-12-24T21:41:28.850+0000] {processor.py:842} WARNING - No viable dags retrieved from /opt/airflow/dags/ecom.py
[2025-12-24T21:41:28.907+0000] {processor.py:183} INFO - Processing /opt/airflow/dags/ecom.py took 0.089 seconds
[2025-12-24T21:41:38.740+0000] {processor.py:161} INFO - Started process (PID=41615) to work on /opt/airflow/dags/ecom.py
[2025-12-24T21:41:38.742+0000] {processor.py:830} INFO - Processing file /opt/airflow/dags/ecom.py for tasks to queue
[2025-12-24T21:41:38.743+0000] {logging_mixin.py:188} INFO - [2025-12-24T21:41:38.742+0000] {dagbag.py:538} INFO - Filling up the DagBag from /opt/airflow/dags/ecom.py
[2025-12-24T21:41:38.762+0000] {logging_mixin.py:188} INFO - [2025-12-24T21:41:38.762+0000] {dagbag.py:348} ERROR - Failed to import: /opt/airflow/dags/ecom.py
Traceback (most recent call last):
  File "/home/airflow/.local/lib/python3.8/site-packages/airflow/models/dagbag.py", line 344, in parse
    loader.exec_module(new_module)
  File "<frozen importlib._bootstrap_external>", line 839, in exec_module
  File "<frozen importlib._bootstrap_external>", line 976, in get_code
  File "<frozen importlib._bootstrap_external>", line 906, in source_to_code
  File "<frozen importlib._bootstrap>", line 219, in _call_with_frames_removed
  File "/opt/airflow/dags/ecom.py", line 48
    def pgloader(ti)
                   ^
SyntaxError: invalid syntax
[2025-12-24T21:41:38.763+0000] {processor.py:842} WARNING - No viable dags retrieved from /opt/airflow/dags/ecom.py
[2025-12-24T21:41:38.785+0000] {processor.py:183} INFO - Processing /opt/airflow/dags/ecom.py took 0.049 seconds
[2025-12-24T21:41:51.115+0000] {processor.py:161} INFO - Started process (PID=41634) to work on /opt/airflow/dags/ecom.py
[2025-12-24T21:41:51.116+0000] {processor.py:830} INFO - Processing file /opt/airflow/dags/ecom.py for tasks to queue
[2025-12-24T21:41:51.117+0000] {logging_mixin.py:188} INFO - [2025-12-24T21:41:51.117+0000] {dagbag.py:538} INFO - Filling up the DagBag from /opt/airflow/dags/ecom.py
[2025-12-24T21:41:51.147+0000] {logging_mixin.py:188} INFO - [2025-12-24T21:41:51.145+0000] {dagbag.py:348} ERROR - Failed to import: /opt/airflow/dags/ecom.py
Traceback (most recent call last):
  File "/home/airflow/.local/lib/python3.8/site-packages/airflow/models/dagbag.py", line 344, in parse
    loader.exec_module(new_module)
  File "<frozen importlib._bootstrap_external>", line 839, in exec_module
  File "<frozen importlib._bootstrap_external>", line 976, in get_code
  File "<frozen importlib._bootstrap_external>", line 906, in source_to_code
  File "<frozen importlib._bootstrap>", line 219, in _call_with_frames_removed
  File "/opt/airflow/dags/ecom.py", line 48
    def pgloader(ti)
                   ^
SyntaxError: invalid syntax
[2025-12-24T21:41:51.148+0000] {processor.py:842} WARNING - No viable dags retrieved from /opt/airflow/dags/ecom.py
[2025-12-24T21:41:51.174+0000] {processor.py:183} INFO - Processing /opt/airflow/dags/ecom.py took 0.064 seconds
[2025-12-24T21:41:55.267+0000] {processor.py:161} INFO - Started process (PID=41638) to work on /opt/airflow/dags/ecom.py
[2025-12-24T21:41:55.268+0000] {processor.py:830} INFO - Processing file /opt/airflow/dags/ecom.py for tasks to queue
[2025-12-24T21:41:55.269+0000] {logging_mixin.py:188} INFO - [2025-12-24T21:41:55.269+0000] {dagbag.py:538} INFO - Filling up the DagBag from /opt/airflow/dags/ecom.py
[2025-12-24T21:41:55.299+0000] {logging_mixin.py:188} INFO - [2025-12-24T21:41:55.297+0000] {dagbag.py:348} ERROR - Failed to import: /opt/airflow/dags/ecom.py
Traceback (most recent call last):
  File "/home/airflow/.local/lib/python3.8/site-packages/airflow/models/dagbag.py", line 344, in parse
    loader.exec_module(new_module)
  File "<frozen importlib._bootstrap_external>", line 839, in exec_module
  File "<frozen importlib._bootstrap_external>", line 976, in get_code
  File "<frozen importlib._bootstrap_external>", line 906, in source_to_code
  File "<frozen importlib._bootstrap>", line 219, in _call_with_frames_removed
  File "/opt/airflow/dags/ecom.py", line 48
    def pgloader(ti)
                   ^
SyntaxError: invalid syntax
[2025-12-24T21:41:55.300+0000] {processor.py:842} WARNING - No viable dags retrieved from /opt/airflow/dags/ecom.py
[2025-12-24T21:41:55.329+0000] {processor.py:183} INFO - Processing /opt/airflow/dags/ecom.py took 0.066 seconds
[2025-12-24T21:42:25.546+0000] {processor.py:161} INFO - Started process (PID=41696) to work on /opt/airflow/dags/ecom.py
[2025-12-24T21:42:25.547+0000] {processor.py:830} INFO - Processing file /opt/airflow/dags/ecom.py for tasks to queue
[2025-12-24T21:42:25.548+0000] {logging_mixin.py:188} INFO - [2025-12-24T21:42:25.548+0000] {dagbag.py:538} INFO - Filling up the DagBag from /opt/airflow/dags/ecom.py
[2025-12-24T21:42:25.565+0000] {logging_mixin.py:188} INFO - [2025-12-24T21:42:25.565+0000] {dagbag.py:348} ERROR - Failed to import: /opt/airflow/dags/ecom.py
Traceback (most recent call last):
  File "/home/airflow/.local/lib/python3.8/site-packages/airflow/models/dagbag.py", line 344, in parse
    loader.exec_module(new_module)
  File "<frozen importlib._bootstrap_external>", line 839, in exec_module
  File "<frozen importlib._bootstrap_external>", line 976, in get_code
  File "<frozen importlib._bootstrap_external>", line 906, in source_to_code
  File "<frozen importlib._bootstrap>", line 219, in _call_with_frames_removed
  File "/opt/airflow/dags/ecom.py", line 48
    def pgloader(ti)
                   ^
SyntaxError: invalid syntax
[2025-12-24T21:42:25.566+0000] {processor.py:842} WARNING - No viable dags retrieved from /opt/airflow/dags/ecom.py
[2025-12-24T21:42:25.586+0000] {processor.py:183} INFO - Processing /opt/airflow/dags/ecom.py took 0.045 seconds
[2025-12-24T21:42:28.658+0000] {processor.py:161} INFO - Started process (PID=41698) to work on /opt/airflow/dags/ecom.py
[2025-12-24T21:42:28.659+0000] {processor.py:830} INFO - Processing file /opt/airflow/dags/ecom.py for tasks to queue
[2025-12-24T21:42:28.660+0000] {logging_mixin.py:188} INFO - [2025-12-24T21:42:28.660+0000] {dagbag.py:538} INFO - Filling up the DagBag from /opt/airflow/dags/ecom.py
[2025-12-24T21:42:28.678+0000] {logging_mixin.py:188} INFO - [2025-12-24T21:42:28.677+0000] {dagbag.py:348} ERROR - Failed to import: /opt/airflow/dags/ecom.py
Traceback (most recent call last):
  File "/home/airflow/.local/lib/python3.8/site-packages/airflow/models/dagbag.py", line 344, in parse
    loader.exec_module(new_module)
  File "<frozen importlib._bootstrap_external>", line 839, in exec_module
  File "<frozen importlib._bootstrap_external>", line 976, in get_code
  File "<frozen importlib._bootstrap_external>", line 906, in source_to_code
  File "<frozen importlib._bootstrap>", line 219, in _call_with_frames_removed
  File "/opt/airflow/dags/ecom.py", line 48
    def pgloader(ti)
                   ^
SyntaxError: invalid syntax
[2025-12-24T21:42:28.679+0000] {processor.py:842} WARNING - No viable dags retrieved from /opt/airflow/dags/ecom.py
[2025-12-24T21:42:28.703+0000] {processor.py:183} INFO - Processing /opt/airflow/dags/ecom.py took 0.050 seconds
[2025-12-24T21:42:31.259+0000] {processor.py:161} INFO - Started process (PID=41705) to work on /opt/airflow/dags/ecom.py
[2025-12-24T21:42:31.261+0000] {processor.py:830} INFO - Processing file /opt/airflow/dags/ecom.py for tasks to queue
[2025-12-24T21:42:31.263+0000] {logging_mixin.py:188} INFO - [2025-12-24T21:42:31.262+0000] {dagbag.py:538} INFO - Filling up the DagBag from /opt/airflow/dags/ecom.py
[2025-12-24T21:42:31.287+0000] {logging_mixin.py:188} INFO - [2025-12-24T21:42:31.286+0000] {dagbag.py:348} ERROR - Failed to import: /opt/airflow/dags/ecom.py
Traceback (most recent call last):
  File "/home/airflow/.local/lib/python3.8/site-packages/airflow/models/dagbag.py", line 344, in parse
    loader.exec_module(new_module)
  File "<frozen importlib._bootstrap_external>", line 839, in exec_module
  File "<frozen importlib._bootstrap_external>", line 976, in get_code
  File "<frozen importlib._bootstrap_external>", line 906, in source_to_code
  File "<frozen importlib._bootstrap>", line 219, in _call_with_frames_removed
  File "/opt/airflow/dags/ecom.py", line 48
    def pgloader(ti)
                   ^
SyntaxError: invalid syntax
[2025-12-24T21:42:31.288+0000] {processor.py:842} WARNING - No viable dags retrieved from /opt/airflow/dags/ecom.py
[2025-12-24T21:42:31.324+0000] {processor.py:183} INFO - Processing /opt/airflow/dags/ecom.py took 0.072 seconds
[2025-12-24T21:42:48.493+0000] {processor.py:161} INFO - Started process (PID=41748) to work on /opt/airflow/dags/ecom.py
[2025-12-24T21:42:48.496+0000] {processor.py:830} INFO - Processing file /opt/airflow/dags/ecom.py for tasks to queue
[2025-12-24T21:42:48.498+0000] {logging_mixin.py:188} INFO - [2025-12-24T21:42:48.497+0000] {dagbag.py:538} INFO - Filling up the DagBag from /opt/airflow/dags/ecom.py
[2025-12-24T21:42:48.529+0000] {logging_mixin.py:188} INFO - [2025-12-24T21:42:48.528+0000] {dagbag.py:348} ERROR - Failed to import: /opt/airflow/dags/ecom.py
Traceback (most recent call last):
  File "/home/airflow/.local/lib/python3.8/site-packages/airflow/models/dagbag.py", line 344, in parse
    loader.exec_module(new_module)
  File "<frozen importlib._bootstrap_external>", line 839, in exec_module
  File "<frozen importlib._bootstrap_external>", line 976, in get_code
  File "<frozen importlib._bootstrap_external>", line 906, in source_to_code
  File "<frozen importlib._bootstrap>", line 219, in _call_with_frames_removed
  File "/opt/airflow/dags/ecom.py", line 48
    def pgloader(ti)
                   ^
SyntaxError: invalid syntax
[2025-12-24T21:42:48.530+0000] {processor.py:842} WARNING - No viable dags retrieved from /opt/airflow/dags/ecom.py
[2025-12-24T21:42:48.561+0000] {processor.py:183} INFO - Processing /opt/airflow/dags/ecom.py took 0.075 seconds
[2025-12-24T21:42:50.743+0000] {processor.py:161} INFO - Started process (PID=41752) to work on /opt/airflow/dags/ecom.py
[2025-12-24T21:42:50.745+0000] {processor.py:830} INFO - Processing file /opt/airflow/dags/ecom.py for tasks to queue
[2025-12-24T21:42:50.746+0000] {logging_mixin.py:188} INFO - [2025-12-24T21:42:50.745+0000] {dagbag.py:538} INFO - Filling up the DagBag from /opt/airflow/dags/ecom.py
[2025-12-24T21:42:50.765+0000] {logging_mixin.py:188} INFO - [2025-12-24T21:42:50.764+0000] {dagbag.py:348} ERROR - Failed to import: /opt/airflow/dags/ecom.py
Traceback (most recent call last):
  File "/home/airflow/.local/lib/python3.8/site-packages/airflow/models/dagbag.py", line 344, in parse
    loader.exec_module(new_module)
  File "<frozen importlib._bootstrap_external>", line 839, in exec_module
  File "<frozen importlib._bootstrap_external>", line 976, in get_code
  File "<frozen importlib._bootstrap_external>", line 906, in source_to_code
  File "<frozen importlib._bootstrap>", line 219, in _call_with_frames_removed
  File "/opt/airflow/dags/ecom.py", line 48
    def pgloader(ti)
                   ^
SyntaxError: invalid syntax
[2025-12-24T21:42:50.766+0000] {processor.py:842} WARNING - No viable dags retrieved from /opt/airflow/dags/ecom.py
[2025-12-24T21:42:50.790+0000] {processor.py:183} INFO - Processing /opt/airflow/dags/ecom.py took 0.051 seconds
[2025-12-24T21:42:54.052+0000] {processor.py:161} INFO - Started process (PID=41758) to work on /opt/airflow/dags/ecom.py
[2025-12-24T21:42:54.054+0000] {processor.py:830} INFO - Processing file /opt/airflow/dags/ecom.py for tasks to queue
[2025-12-24T21:42:54.055+0000] {logging_mixin.py:188} INFO - [2025-12-24T21:42:54.054+0000] {dagbag.py:538} INFO - Filling up the DagBag from /opt/airflow/dags/ecom.py
[2025-12-24T21:42:54.479+0000] {logging_mixin.py:188} INFO - [2025-12-24T21:42:54.474+0000] {dagbag.py:348} ERROR - Failed to import: /opt/airflow/dags/ecom.py
Traceback (most recent call last):
  File "/home/airflow/.local/lib/python3.8/site-packages/airflow/models/dagbag.py", line 344, in parse
    loader.exec_module(new_module)
  File "<frozen importlib._bootstrap_external>", line 843, in exec_module
  File "<frozen importlib._bootstrap>", line 219, in _call_with_frames_removed
  File "/opt/airflow/dags/ecom.py", line 74, in <module>
    python_callable= pg_loader
NameError: name 'pg_loader' is not defined
[2025-12-24T21:42:54.480+0000] {processor.py:842} WARNING - No viable dags retrieved from /opt/airflow/dags/ecom.py
[2025-12-24T21:42:54.496+0000] {processor.py:183} INFO - Processing /opt/airflow/dags/ecom.py took 0.447 seconds
[2025-12-24T21:43:25.186+0000] {processor.py:161} INFO - Started process (PID=41817) to work on /opt/airflow/dags/ecom.py
[2025-12-24T21:43:25.187+0000] {processor.py:830} INFO - Processing file /opt/airflow/dags/ecom.py for tasks to queue
[2025-12-24T21:43:25.188+0000] {logging_mixin.py:188} INFO - [2025-12-24T21:43:25.187+0000] {dagbag.py:538} INFO - Filling up the DagBag from /opt/airflow/dags/ecom.py
[2025-12-24T21:43:25.637+0000] {logging_mixin.py:188} INFO - [2025-12-24T21:43:25.631+0000] {dagbag.py:348} ERROR - Failed to import: /opt/airflow/dags/ecom.py
Traceback (most recent call last):
  File "/home/airflow/.local/lib/python3.8/site-packages/airflow/models/dagbag.py", line 344, in parse
    loader.exec_module(new_module)
  File "<frozen importlib._bootstrap_external>", line 843, in exec_module
  File "<frozen importlib._bootstrap>", line 219, in _call_with_frames_removed
  File "/opt/airflow/dags/ecom.py", line 74, in <module>
    python_callable= pg_loader
NameError: name 'pg_loader' is not defined
[2025-12-24T21:43:25.638+0000] {processor.py:842} WARNING - No viable dags retrieved from /opt/airflow/dags/ecom.py
[2025-12-24T21:43:25.653+0000] {processor.py:183} INFO - Processing /opt/airflow/dags/ecom.py took 0.471 seconds
[2025-12-24T21:43:55.752+0000] {processor.py:161} INFO - Started process (PID=41876) to work on /opt/airflow/dags/ecom.py
[2025-12-24T21:43:55.753+0000] {processor.py:830} INFO - Processing file /opt/airflow/dags/ecom.py for tasks to queue
[2025-12-24T21:43:55.754+0000] {logging_mixin.py:188} INFO - [2025-12-24T21:43:55.754+0000] {dagbag.py:538} INFO - Filling up the DagBag from /opt/airflow/dags/ecom.py
[2025-12-24T21:43:56.176+0000] {logging_mixin.py:188} INFO - [2025-12-24T21:43:56.171+0000] {dagbag.py:348} ERROR - Failed to import: /opt/airflow/dags/ecom.py
Traceback (most recent call last):
  File "/home/airflow/.local/lib/python3.8/site-packages/airflow/models/dagbag.py", line 344, in parse
    loader.exec_module(new_module)
  File "<frozen importlib._bootstrap_external>", line 843, in exec_module
  File "<frozen importlib._bootstrap>", line 219, in _call_with_frames_removed
  File "/opt/airflow/dags/ecom.py", line 74, in <module>
    python_callable= pg_loader
NameError: name 'pg_loader' is not defined
[2025-12-24T21:43:56.178+0000] {processor.py:842} WARNING - No viable dags retrieved from /opt/airflow/dags/ecom.py
[2025-12-24T21:43:56.195+0000] {processor.py:183} INFO - Processing /opt/airflow/dags/ecom.py took 0.447 seconds
[2025-12-24T21:44:27.044+0000] {processor.py:161} INFO - Started process (PID=41935) to work on /opt/airflow/dags/ecom.py
[2025-12-24T21:44:27.045+0000] {processor.py:830} INFO - Processing file /opt/airflow/dags/ecom.py for tasks to queue
[2025-12-24T21:44:27.047+0000] {logging_mixin.py:188} INFO - [2025-12-24T21:44:27.046+0000] {dagbag.py:538} INFO - Filling up the DagBag from /opt/airflow/dags/ecom.py
[2025-12-24T21:44:27.471+0000] {logging_mixin.py:188} INFO - [2025-12-24T21:44:27.466+0000] {dagbag.py:348} ERROR - Failed to import: /opt/airflow/dags/ecom.py
Traceback (most recent call last):
  File "/home/airflow/.local/lib/python3.8/site-packages/airflow/models/dagbag.py", line 344, in parse
    loader.exec_module(new_module)
  File "<frozen importlib._bootstrap_external>", line 843, in exec_module
  File "<frozen importlib._bootstrap>", line 219, in _call_with_frames_removed
  File "/opt/airflow/dags/ecom.py", line 74, in <module>
    python_callable= pg_loader
NameError: name 'pg_loader' is not defined
[2025-12-24T21:44:27.472+0000] {processor.py:842} WARNING - No viable dags retrieved from /opt/airflow/dags/ecom.py
[2025-12-24T21:44:27.488+0000] {processor.py:183} INFO - Processing /opt/airflow/dags/ecom.py took 0.447 seconds
[2025-12-24T21:44:48.244+0000] {processor.py:161} INFO - Started process (PID=41980) to work on /opt/airflow/dags/ecom.py
[2025-12-24T21:44:48.245+0000] {processor.py:830} INFO - Processing file /opt/airflow/dags/ecom.py for tasks to queue
[2025-12-24T21:44:48.247+0000] {logging_mixin.py:188} INFO - [2025-12-24T21:44:48.246+0000] {dagbag.py:538} INFO - Filling up the DagBag from /opt/airflow/dags/ecom.py
[2025-12-24T21:44:48.814+0000] {logging_mixin.py:188} INFO - [2025-12-24T21:44:48.810+0000] {dagbag.py:348} ERROR - Failed to import: /opt/airflow/dags/ecom.py
Traceback (most recent call last):
  File "/home/airflow/.local/lib/python3.8/site-packages/airflow/models/dagbag.py", line 344, in parse
    loader.exec_module(new_module)
  File "<frozen importlib._bootstrap_external>", line 843, in exec_module
  File "<frozen importlib._bootstrap>", line 219, in _call_with_frames_removed
  File "/opt/airflow/dags/ecom.py", line 75, in <module>
    python_callable= pg_loader
NameError: name 'pg_loader' is not defined
[2025-12-24T21:44:48.816+0000] {processor.py:842} WARNING - No viable dags retrieved from /opt/airflow/dags/ecom.py
[2025-12-24T21:44:48.833+0000] {processor.py:183} INFO - Processing /opt/airflow/dags/ecom.py took 0.594 seconds
[2025-12-24T21:44:50.268+0000] {processor.py:161} INFO - Started process (PID=41990) to work on /opt/airflow/dags/ecom.py
[2025-12-24T21:44:50.269+0000] {processor.py:830} INFO - Processing file /opt/airflow/dags/ecom.py for tasks to queue
[2025-12-24T21:44:50.270+0000] {logging_mixin.py:188} INFO - [2025-12-24T21:44:50.270+0000] {dagbag.py:538} INFO - Filling up the DagBag from /opt/airflow/dags/ecom.py
[2025-12-24T21:44:50.738+0000] {logging_mixin.py:188} INFO - [2025-12-24T21:44:50.733+0000] {dagbag.py:348} ERROR - Failed to import: /opt/airflow/dags/ecom.py
Traceback (most recent call last):
  File "/home/airflow/.local/lib/python3.8/site-packages/airflow/models/dagbag.py", line 344, in parse
    loader.exec_module(new_module)
  File "<frozen importlib._bootstrap_external>", line 843, in exec_module
  File "<frozen importlib._bootstrap>", line 219, in _call_with_frames_removed
  File "/opt/airflow/dags/ecom.py", line 75, in <module>
    python_callable= pg_loader
NameError: name 'pg_loader' is not defined
[2025-12-24T21:44:50.741+0000] {processor.py:842} WARNING - No viable dags retrieved from /opt/airflow/dags/ecom.py
[2025-12-24T21:44:50.765+0000] {processor.py:183} INFO - Processing /opt/airflow/dags/ecom.py took 0.501 seconds
[2025-12-24T21:45:20.955+0000] {processor.py:161} INFO - Started process (PID=42049) to work on /opt/airflow/dags/ecom.py
[2025-12-24T21:45:20.962+0000] {processor.py:830} INFO - Processing file /opt/airflow/dags/ecom.py for tasks to queue
[2025-12-24T21:45:20.965+0000] {logging_mixin.py:188} INFO - [2025-12-24T21:45:20.964+0000] {dagbag.py:538} INFO - Filling up the DagBag from /opt/airflow/dags/ecom.py
[2025-12-24T21:45:21.887+0000] {logging_mixin.py:188} INFO - [2025-12-24T21:45:21.881+0000] {dagbag.py:348} ERROR - Failed to import: /opt/airflow/dags/ecom.py
Traceback (most recent call last):
  File "/home/airflow/.local/lib/python3.8/site-packages/airflow/models/dagbag.py", line 344, in parse
    loader.exec_module(new_module)
  File "<frozen importlib._bootstrap_external>", line 843, in exec_module
  File "<frozen importlib._bootstrap>", line 219, in _call_with_frames_removed
  File "/opt/airflow/dags/ecom.py", line 75, in <module>
    python_callable= pg_loader
NameError: name 'pg_loader' is not defined
[2025-12-24T21:45:21.891+0000] {processor.py:842} WARNING - No viable dags retrieved from /opt/airflow/dags/ecom.py
[2025-12-24T21:45:21.958+0000] {processor.py:183} INFO - Processing /opt/airflow/dags/ecom.py took 1.011 seconds
[2025-12-24T21:45:52.752+0000] {processor.py:161} INFO - Started process (PID=42108) to work on /opt/airflow/dags/ecom.py
[2025-12-24T21:45:52.753+0000] {processor.py:830} INFO - Processing file /opt/airflow/dags/ecom.py for tasks to queue
[2025-12-24T21:45:52.755+0000] {logging_mixin.py:188} INFO - [2025-12-24T21:45:52.755+0000] {dagbag.py:538} INFO - Filling up the DagBag from /opt/airflow/dags/ecom.py
[2025-12-24T21:45:53.213+0000] {logging_mixin.py:188} INFO - [2025-12-24T21:45:53.204+0000] {dagbag.py:348} ERROR - Failed to import: /opt/airflow/dags/ecom.py
Traceback (most recent call last):
  File "/home/airflow/.local/lib/python3.8/site-packages/airflow/models/dagbag.py", line 344, in parse
    loader.exec_module(new_module)
  File "<frozen importlib._bootstrap_external>", line 843, in exec_module
  File "<frozen importlib._bootstrap>", line 219, in _call_with_frames_removed
  File "/opt/airflow/dags/ecom.py", line 75, in <module>
    python_callable= pg_loader
NameError: name 'pg_loader' is not defined
[2025-12-24T21:45:53.216+0000] {processor.py:842} WARNING - No viable dags retrieved from /opt/airflow/dags/ecom.py
[2025-12-24T21:45:53.240+0000] {processor.py:183} INFO - Processing /opt/airflow/dags/ecom.py took 0.494 seconds
[2025-12-24T21:46:23.943+0000] {processor.py:161} INFO - Started process (PID=42168) to work on /opt/airflow/dags/ecom.py
[2025-12-24T21:46:23.944+0000] {processor.py:830} INFO - Processing file /opt/airflow/dags/ecom.py for tasks to queue
[2025-12-24T21:46:23.945+0000] {logging_mixin.py:188} INFO - [2025-12-24T21:46:23.945+0000] {dagbag.py:538} INFO - Filling up the DagBag from /opt/airflow/dags/ecom.py
[2025-12-24T21:46:24.413+0000] {logging_mixin.py:188} INFO - [2025-12-24T21:46:24.394+0000] {dagbag.py:348} ERROR - Failed to import: /opt/airflow/dags/ecom.py
Traceback (most recent call last):
  File "/home/airflow/.local/lib/python3.8/site-packages/airflow/models/dagbag.py", line 344, in parse
    loader.exec_module(new_module)
  File "<frozen importlib._bootstrap_external>", line 843, in exec_module
  File "<frozen importlib._bootstrap>", line 219, in _call_with_frames_removed
  File "/opt/airflow/dags/ecom.py", line 75, in <module>
    python_callable= pg_loader
NameError: name 'pg_loader' is not defined
[2025-12-24T21:46:24.415+0000] {processor.py:842} WARNING - No viable dags retrieved from /opt/airflow/dags/ecom.py
[2025-12-24T21:46:24.446+0000] {processor.py:183} INFO - Processing /opt/airflow/dags/ecom.py took 0.507 seconds
[2025-12-24T21:46:55.325+0000] {processor.py:161} INFO - Started process (PID=42229) to work on /opt/airflow/dags/ecom.py
[2025-12-24T21:46:55.326+0000] {processor.py:830} INFO - Processing file /opt/airflow/dags/ecom.py for tasks to queue
[2025-12-24T21:46:55.327+0000] {logging_mixin.py:188} INFO - [2025-12-24T21:46:55.327+0000] {dagbag.py:538} INFO - Filling up the DagBag from /opt/airflow/dags/ecom.py
[2025-12-24T21:46:55.779+0000] {logging_mixin.py:188} INFO - [2025-12-24T21:46:55.774+0000] {dagbag.py:348} ERROR - Failed to import: /opt/airflow/dags/ecom.py
Traceback (most recent call last):
  File "/home/airflow/.local/lib/python3.8/site-packages/airflow/models/dagbag.py", line 344, in parse
    loader.exec_module(new_module)
  File "<frozen importlib._bootstrap_external>", line 843, in exec_module
  File "<frozen importlib._bootstrap>", line 219, in _call_with_frames_removed
  File "/opt/airflow/dags/ecom.py", line 75, in <module>
    python_callable= pg_loader
NameError: name 'pg_loader' is not defined
[2025-12-24T21:46:55.781+0000] {processor.py:842} WARNING - No viable dags retrieved from /opt/airflow/dags/ecom.py
[2025-12-24T21:46:55.802+0000] {processor.py:183} INFO - Processing /opt/airflow/dags/ecom.py took 0.481 seconds
[2025-12-24T21:47:15.538+0000] {processor.py:161} INFO - Started process (PID=42268) to work on /opt/airflow/dags/ecom.py
[2025-12-24T21:47:15.543+0000] {processor.py:830} INFO - Processing file /opt/airflow/dags/ecom.py for tasks to queue
[2025-12-24T21:47:15.544+0000] {logging_mixin.py:188} INFO - [2025-12-24T21:47:15.544+0000] {dagbag.py:538} INFO - Filling up the DagBag from /opt/airflow/dags/ecom.py
[2025-12-24T21:47:15.565+0000] {logging_mixin.py:188} INFO - [2025-12-24T21:47:15.564+0000] {dagbag.py:348} ERROR - Failed to import: /opt/airflow/dags/ecom.py
Traceback (most recent call last):
  File "/home/airflow/.local/lib/python3.8/site-packages/airflow/models/dagbag.py", line 344, in parse
    loader.exec_module(new_module)
  File "<frozen importlib._bootstrap_external>", line 839, in exec_module
  File "<frozen importlib._bootstrap_external>", line 976, in get_code
  File "<frozen importlib._bootstrap_external>", line 906, in source_to_code
  File "<frozen importlib._bootstrap>", line 219, in _call_with_frames_removed
  File "/opt/airflow/dags/ecom.py", line 51
    pg_hook = PostgresHook.get_hook(POSTGRES_CONN_ID)
    ^
IndentationError: unexpected indent
[2025-12-24T21:47:15.566+0000] {processor.py:842} WARNING - No viable dags retrieved from /opt/airflow/dags/ecom.py
[2025-12-24T21:47:15.590+0000] {processor.py:183} INFO - Processing /opt/airflow/dags/ecom.py took 0.055 seconds
[2025-12-24T21:47:21.017+0000] {processor.py:161} INFO - Started process (PID=42274) to work on /opt/airflow/dags/ecom.py
[2025-12-24T21:47:21.018+0000] {processor.py:830} INFO - Processing file /opt/airflow/dags/ecom.py for tasks to queue
[2025-12-24T21:47:21.019+0000] {logging_mixin.py:188} INFO - [2025-12-24T21:47:21.019+0000] {dagbag.py:538} INFO - Filling up the DagBag from /opt/airflow/dags/ecom.py
[2025-12-24T21:47:21.036+0000] {logging_mixin.py:188} INFO - [2025-12-24T21:47:21.035+0000] {dagbag.py:348} ERROR - Failed to import: /opt/airflow/dags/ecom.py
Traceback (most recent call last):
  File "/home/airflow/.local/lib/python3.8/site-packages/airflow/models/dagbag.py", line 344, in parse
    loader.exec_module(new_module)
  File "<frozen importlib._bootstrap_external>", line 839, in exec_module
  File "<frozen importlib._bootstrap_external>", line 976, in get_code
  File "<frozen importlib._bootstrap_external>", line 906, in source_to_code
  File "<frozen importlib._bootstrap>", line 219, in _call_with_frames_removed
  File "/opt/airflow/dags/ecom.py", line 51
    pg_hook = PostgresHook.get_hook(POSTGRES_CONN_ID)
    ^
IndentationError: unexpected indent
[2025-12-24T21:47:21.036+0000] {processor.py:842} WARNING - No viable dags retrieved from /opt/airflow/dags/ecom.py
[2025-12-24T21:47:21.057+0000] {processor.py:183} INFO - Processing /opt/airflow/dags/ecom.py took 0.044 seconds
[2025-12-24T21:47:24.049+0000] {processor.py:161} INFO - Started process (PID=42288) to work on /opt/airflow/dags/ecom.py
[2025-12-24T21:47:24.051+0000] {processor.py:830} INFO - Processing file /opt/airflow/dags/ecom.py for tasks to queue
[2025-12-24T21:47:24.052+0000] {logging_mixin.py:188} INFO - [2025-12-24T21:47:24.052+0000] {dagbag.py:538} INFO - Filling up the DagBag from /opt/airflow/dags/ecom.py
[2025-12-24T21:47:24.076+0000] {logging_mixin.py:188} INFO - [2025-12-24T21:47:24.075+0000] {dagbag.py:348} ERROR - Failed to import: /opt/airflow/dags/ecom.py
Traceback (most recent call last):
  File "/home/airflow/.local/lib/python3.8/site-packages/airflow/models/dagbag.py", line 344, in parse
    loader.exec_module(new_module)
  File "<frozen importlib._bootstrap_external>", line 839, in exec_module
  File "<frozen importlib._bootstrap_external>", line 976, in get_code
  File "<frozen importlib._bootstrap_external>", line 906, in source_to_code
  File "<frozen importlib._bootstrap>", line 219, in _call_with_frames_removed
  File "/opt/airflow/dags/ecom.py", line 51
    pg_hook = PostgresHook.get_hook(POSTGRES_CONN_ID)
    ^
IndentationError: unexpected indent
[2025-12-24T21:47:24.076+0000] {processor.py:842} WARNING - No viable dags retrieved from /opt/airflow/dags/ecom.py
[2025-12-24T21:47:24.100+0000] {processor.py:183} INFO - Processing /opt/airflow/dags/ecom.py took 0.057 seconds
[2025-12-24T21:47:26.785+0000] {processor.py:161} INFO - Started process (PID=42292) to work on /opt/airflow/dags/ecom.py
[2025-12-24T21:47:26.787+0000] {processor.py:830} INFO - Processing file /opt/airflow/dags/ecom.py for tasks to queue
[2025-12-24T21:47:26.788+0000] {logging_mixin.py:188} INFO - [2025-12-24T21:47:26.788+0000] {dagbag.py:538} INFO - Filling up the DagBag from /opt/airflow/dags/ecom.py
[2025-12-24T21:47:26.815+0000] {logging_mixin.py:188} INFO - [2025-12-24T21:47:26.815+0000] {dagbag.py:348} ERROR - Failed to import: /opt/airflow/dags/ecom.py
Traceback (most recent call last):
  File "/home/airflow/.local/lib/python3.8/site-packages/airflow/models/dagbag.py", line 344, in parse
    loader.exec_module(new_module)
  File "<frozen importlib._bootstrap_external>", line 839, in exec_module
  File "<frozen importlib._bootstrap_external>", line 976, in get_code
  File "<frozen importlib._bootstrap_external>", line 906, in source_to_code
  File "<frozen importlib._bootstrap>", line 219, in _call_with_frames_removed
  File "/opt/airflow/dags/ecom.py", line 51
    pg_hook = PostgresHook.get_hook(POSTGRES_CONN_ID)
    ^
IndentationError: unexpected indent
[2025-12-24T21:47:26.816+0000] {processor.py:842} WARNING - No viable dags retrieved from /opt/airflow/dags/ecom.py
[2025-12-24T21:47:26.839+0000] {processor.py:183} INFO - Processing /opt/airflow/dags/ecom.py took 0.062 seconds
[2025-12-24T21:47:27.909+0000] {processor.py:161} INFO - Started process (PID=42295) to work on /opt/airflow/dags/ecom.py
[2025-12-24T21:47:27.910+0000] {processor.py:830} INFO - Processing file /opt/airflow/dags/ecom.py for tasks to queue
[2025-12-24T21:47:27.911+0000] {logging_mixin.py:188} INFO - [2025-12-24T21:47:27.911+0000] {dagbag.py:538} INFO - Filling up the DagBag from /opt/airflow/dags/ecom.py
[2025-12-24T21:47:27.931+0000] {logging_mixin.py:188} INFO - [2025-12-24T21:47:27.930+0000] {dagbag.py:348} ERROR - Failed to import: /opt/airflow/dags/ecom.py
Traceback (most recent call last):
  File "/home/airflow/.local/lib/python3.8/site-packages/airflow/models/dagbag.py", line 344, in parse
    loader.exec_module(new_module)
  File "<frozen importlib._bootstrap_external>", line 839, in exec_module
  File "<frozen importlib._bootstrap_external>", line 976, in get_code
  File "<frozen importlib._bootstrap_external>", line 906, in source_to_code
  File "<frozen importlib._bootstrap>", line 219, in _call_with_frames_removed
  File "/opt/airflow/dags/ecom.py", line 52
    logging.info("Exporting query to file")
    ^
IndentationError: unexpected indent
[2025-12-24T21:47:27.931+0000] {processor.py:842} WARNING - No viable dags retrieved from /opt/airflow/dags/ecom.py
[2025-12-24T21:47:27.956+0000] {processor.py:183} INFO - Processing /opt/airflow/dags/ecom.py took 0.052 seconds
[2025-12-24T21:47:29.959+0000] {processor.py:161} INFO - Started process (PID=42296) to work on /opt/airflow/dags/ecom.py
[2025-12-24T21:47:29.960+0000] {processor.py:830} INFO - Processing file /opt/airflow/dags/ecom.py for tasks to queue
[2025-12-24T21:47:29.961+0000] {logging_mixin.py:188} INFO - [2025-12-24T21:47:29.961+0000] {dagbag.py:538} INFO - Filling up the DagBag from /opt/airflow/dags/ecom.py
[2025-12-24T21:47:30.463+0000] {logging_mixin.py:188} INFO - [2025-12-24T21:47:30.458+0000] {dagbag.py:348} ERROR - Failed to import: /opt/airflow/dags/ecom.py
Traceback (most recent call last):
  File "/home/airflow/.local/lib/python3.8/site-packages/airflow/models/dagbag.py", line 344, in parse
    loader.exec_module(new_module)
  File "<frozen importlib._bootstrap_external>", line 843, in exec_module
  File "<frozen importlib._bootstrap>", line 219, in _call_with_frames_removed
  File "/opt/airflow/dags/ecom.py", line 77, in <module>
    python_callable= pg_loader
NameError: name 'pg_loader' is not defined
[2025-12-24T21:47:30.465+0000] {processor.py:842} WARNING - No viable dags retrieved from /opt/airflow/dags/ecom.py
[2025-12-24T21:47:30.487+0000] {processor.py:183} INFO - Processing /opt/airflow/dags/ecom.py took 0.533 seconds
[2025-12-24T21:47:50.920+0000] {processor.py:161} INFO - Started process (PID=42334) to work on /opt/airflow/dags/ecom.py
[2025-12-24T21:47:50.921+0000] {processor.py:830} INFO - Processing file /opt/airflow/dags/ecom.py for tasks to queue
[2025-12-24T21:47:50.922+0000] {logging_mixin.py:188} INFO - [2025-12-24T21:47:50.922+0000] {dagbag.py:538} INFO - Filling up the DagBag from /opt/airflow/dags/ecom.py
[2025-12-24T21:47:51.497+0000] {logging_mixin.py:188} INFO - [2025-12-24T21:47:51.492+0000] {dagbag.py:348} ERROR - Failed to import: /opt/airflow/dags/ecom.py
Traceback (most recent call last):
  File "/home/airflow/.local/lib/python3.8/site-packages/airflow/models/dagbag.py", line 344, in parse
    loader.exec_module(new_module)
  File "<frozen importlib._bootstrap_external>", line 843, in exec_module
  File "<frozen importlib._bootstrap>", line 219, in _call_with_frames_removed
  File "/opt/airflow/dags/ecom.py", line 77, in <module>
    python_callable= pg_loader
NameError: name 'pg_loader' is not defined
[2025-12-24T21:47:51.499+0000] {processor.py:842} WARNING - No viable dags retrieved from /opt/airflow/dags/ecom.py
[2025-12-24T21:47:51.636+0000] {processor.py:183} INFO - Processing /opt/airflow/dags/ecom.py took 0.721 seconds
[2025-12-24T21:47:52.899+0000] {processor.py:161} INFO - Started process (PID=42348) to work on /opt/airflow/dags/ecom.py
[2025-12-24T21:47:52.901+0000] {processor.py:830} INFO - Processing file /opt/airflow/dags/ecom.py for tasks to queue
[2025-12-24T21:47:52.902+0000] {logging_mixin.py:188} INFO - [2025-12-24T21:47:52.902+0000] {dagbag.py:538} INFO - Filling up the DagBag from /opt/airflow/dags/ecom.py
[2025-12-24T21:47:53.857+0000] {logging_mixin.py:188} INFO - [2025-12-24T21:47:53.853+0000] {dagbag.py:348} ERROR - Failed to import: /opt/airflow/dags/ecom.py
Traceback (most recent call last):
  File "/home/airflow/.local/lib/python3.8/site-packages/airflow/models/dagbag.py", line 344, in parse
    loader.exec_module(new_module)
  File "<frozen importlib._bootstrap_external>", line 843, in exec_module
  File "<frozen importlib._bootstrap>", line 219, in _call_with_frames_removed
  File "/opt/airflow/dags/ecom.py", line 77, in <module>
    python_callable= pg_loader
NameError: name 'pg_loader' is not defined
[2025-12-24T21:47:53.859+0000] {processor.py:842} WARNING - No viable dags retrieved from /opt/airflow/dags/ecom.py
[2025-12-24T21:47:53.924+0000] {processor.py:183} INFO - Processing /opt/airflow/dags/ecom.py took 1.030 seconds
[2025-12-24T21:47:57.558+0000] {processor.py:161} INFO - Started process (PID=42357) to work on /opt/airflow/dags/ecom.py
[2025-12-24T21:47:57.559+0000] {processor.py:830} INFO - Processing file /opt/airflow/dags/ecom.py for tasks to queue
[2025-12-24T21:47:57.560+0000] {logging_mixin.py:188} INFO - [2025-12-24T21:47:57.560+0000] {dagbag.py:538} INFO - Filling up the DagBag from /opt/airflow/dags/ecom.py
[2025-12-24T21:47:58.111+0000] {logging_mixin.py:188} INFO - [2025-12-24T21:47:58.104+0000] {dagbag.py:348} ERROR - Failed to import: /opt/airflow/dags/ecom.py
Traceback (most recent call last):
  File "/home/airflow/.local/lib/python3.8/site-packages/airflow/models/dagbag.py", line 344, in parse
    loader.exec_module(new_module)
  File "<frozen importlib._bootstrap_external>", line 843, in exec_module
  File "<frozen importlib._bootstrap>", line 219, in _call_with_frames_removed
  File "/opt/airflow/dags/ecom.py", line 78, in <module>
    python_callable= pg_loader
NameError: name 'pg_loader' is not defined
[2025-12-24T21:47:58.112+0000] {processor.py:842} WARNING - No viable dags retrieved from /opt/airflow/dags/ecom.py
[2025-12-24T21:47:58.136+0000] {processor.py:183} INFO - Processing /opt/airflow/dags/ecom.py took 0.585 seconds
[2025-12-24T21:48:08.939+0000] {processor.py:161} INFO - Started process (PID=42376) to work on /opt/airflow/dags/ecom.py
[2025-12-24T21:48:08.941+0000] {processor.py:830} INFO - Processing file /opt/airflow/dags/ecom.py for tasks to queue
[2025-12-24T21:48:08.943+0000] {logging_mixin.py:188} INFO - [2025-12-24T21:48:08.943+0000] {dagbag.py:538} INFO - Filling up the DagBag from /opt/airflow/dags/ecom.py
[2025-12-24T21:48:08.975+0000] {logging_mixin.py:188} INFO - [2025-12-24T21:48:08.974+0000] {dagbag.py:348} ERROR - Failed to import: /opt/airflow/dags/ecom.py
Traceback (most recent call last):
  File "/home/airflow/.local/lib/python3.8/site-packages/airflow/models/dagbag.py", line 344, in parse
    loader.exec_module(new_module)
  File "<frozen importlib._bootstrap_external>", line 839, in exec_module
  File "<frozen importlib._bootstrap_external>", line 976, in get_code
  File "<frozen importlib._bootstrap_external>", line 906, in source_to_code
  File "<frozen importlib._bootstrap>", line 219, in _call_with_frames_removed
  File "/opt/airflow/dags/ecom.py", line 54
    pg_hook.copy_export(copy_sql,       filename=)
                                                 ^
SyntaxError: invalid syntax
[2025-12-24T21:48:08.976+0000] {processor.py:842} WARNING - No viable dags retrieved from /opt/airflow/dags/ecom.py
[2025-12-24T21:48:09.006+0000] {processor.py:183} INFO - Processing /opt/airflow/dags/ecom.py took 0.072 seconds
[2025-12-24T21:48:11.647+0000] {processor.py:161} INFO - Started process (PID=42386) to work on /opt/airflow/dags/ecom.py
[2025-12-24T21:48:11.648+0000] {processor.py:830} INFO - Processing file /opt/airflow/dags/ecom.py for tasks to queue
[2025-12-24T21:48:11.649+0000] {logging_mixin.py:188} INFO - [2025-12-24T21:48:11.649+0000] {dagbag.py:538} INFO - Filling up the DagBag from /opt/airflow/dags/ecom.py
[2025-12-24T21:48:12.170+0000] {logging_mixin.py:188} INFO - [2025-12-24T21:48:12.165+0000] {dagbag.py:348} ERROR - Failed to import: /opt/airflow/dags/ecom.py
Traceback (most recent call last):
  File "/home/airflow/.local/lib/python3.8/site-packages/airflow/models/dagbag.py", line 344, in parse
    loader.exec_module(new_module)
  File "<frozen importlib._bootstrap_external>", line 843, in exec_module
  File "<frozen importlib._bootstrap>", line 219, in _call_with_frames_removed
  File "/opt/airflow/dags/ecom.py", line 78, in <module>
    python_callable= pg_loader
NameError: name 'pg_loader' is not defined
[2025-12-24T21:48:12.172+0000] {processor.py:842} WARNING - No viable dags retrieved from /opt/airflow/dags/ecom.py
[2025-12-24T21:48:12.190+0000] {processor.py:183} INFO - Processing /opt/airflow/dags/ecom.py took 0.548 seconds
[2025-12-24T21:48:42.480+0000] {processor.py:161} INFO - Started process (PID=42445) to work on /opt/airflow/dags/ecom.py
[2025-12-24T21:48:42.482+0000] {processor.py:830} INFO - Processing file /opt/airflow/dags/ecom.py for tasks to queue
[2025-12-24T21:48:42.483+0000] {logging_mixin.py:188} INFO - [2025-12-24T21:48:42.482+0000] {dagbag.py:538} INFO - Filling up the DagBag from /opt/airflow/dags/ecom.py
[2025-12-24T21:48:42.943+0000] {logging_mixin.py:188} INFO - [2025-12-24T21:48:42.937+0000] {dagbag.py:348} ERROR - Failed to import: /opt/airflow/dags/ecom.py
Traceback (most recent call last):
  File "/home/airflow/.local/lib/python3.8/site-packages/airflow/models/dagbag.py", line 344, in parse
    loader.exec_module(new_module)
  File "<frozen importlib._bootstrap_external>", line 843, in exec_module
  File "<frozen importlib._bootstrap>", line 219, in _call_with_frames_removed
  File "/opt/airflow/dags/ecom.py", line 78, in <module>
    python_callable= pg_loader
NameError: name 'pg_loader' is not defined
[2025-12-24T21:48:42.944+0000] {processor.py:842} WARNING - No viable dags retrieved from /opt/airflow/dags/ecom.py
[2025-12-24T21:48:42.962+0000] {processor.py:183} INFO - Processing /opt/airflow/dags/ecom.py took 0.486 seconds
[2025-12-24T21:49:13.132+0000] {processor.py:161} INFO - Started process (PID=42504) to work on /opt/airflow/dags/ecom.py
[2025-12-24T21:49:13.134+0000] {processor.py:830} INFO - Processing file /opt/airflow/dags/ecom.py for tasks to queue
[2025-12-24T21:49:13.136+0000] {logging_mixin.py:188} INFO - [2025-12-24T21:49:13.135+0000] {dagbag.py:538} INFO - Filling up the DagBag from /opt/airflow/dags/ecom.py
[2025-12-24T21:49:13.704+0000] {logging_mixin.py:188} INFO - [2025-12-24T21:49:13.693+0000] {dagbag.py:348} ERROR - Failed to import: /opt/airflow/dags/ecom.py
Traceback (most recent call last):
  File "/home/airflow/.local/lib/python3.8/site-packages/airflow/models/dagbag.py", line 344, in parse
    loader.exec_module(new_module)
  File "<frozen importlib._bootstrap_external>", line 843, in exec_module
  File "<frozen importlib._bootstrap>", line 219, in _call_with_frames_removed
  File "/opt/airflow/dags/ecom.py", line 78, in <module>
    python_callable= pg_loader
NameError: name 'pg_loader' is not defined
[2025-12-24T21:49:13.706+0000] {processor.py:842} WARNING - No viable dags retrieved from /opt/airflow/dags/ecom.py
[2025-12-24T21:49:13.761+0000] {processor.py:183} INFO - Processing /opt/airflow/dags/ecom.py took 0.635 seconds
[2025-12-24T21:49:16.061+0000] {processor.py:161} INFO - Started process (PID=42514) to work on /opt/airflow/dags/ecom.py
[2025-12-24T21:49:16.063+0000] {processor.py:830} INFO - Processing file /opt/airflow/dags/ecom.py for tasks to queue
[2025-12-24T21:49:16.064+0000] {logging_mixin.py:188} INFO - [2025-12-24T21:49:16.064+0000] {dagbag.py:538} INFO - Filling up the DagBag from /opt/airflow/dags/ecom.py
[2025-12-24T21:49:16.690+0000] {logging_mixin.py:188} INFO - [2025-12-24T21:49:16.685+0000] {dagbag.py:348} ERROR - Failed to import: /opt/airflow/dags/ecom.py
Traceback (most recent call last):
  File "/home/airflow/.local/lib/python3.8/site-packages/airflow/models/dagbag.py", line 344, in parse
    loader.exec_module(new_module)
  File "<frozen importlib._bootstrap_external>", line 843, in exec_module
  File "<frozen importlib._bootstrap>", line 219, in _call_with_frames_removed
  File "/opt/airflow/dags/ecom.py", line 79, in <module>
    python_callable= pg_loader
NameError: name 'pg_loader' is not defined
[2025-12-24T21:49:16.694+0000] {processor.py:842} WARNING - No viable dags retrieved from /opt/airflow/dags/ecom.py
[2025-12-24T21:49:16.719+0000] {processor.py:183} INFO - Processing /opt/airflow/dags/ecom.py took 0.663 seconds
[2025-12-24T21:49:18.533+0000] {processor.py:161} INFO - Started process (PID=42518) to work on /opt/airflow/dags/ecom.py
[2025-12-24T21:49:18.537+0000] {processor.py:830} INFO - Processing file /opt/airflow/dags/ecom.py for tasks to queue
[2025-12-24T21:49:18.539+0000] {logging_mixin.py:188} INFO - [2025-12-24T21:49:18.539+0000] {dagbag.py:538} INFO - Filling up the DagBag from /opt/airflow/dags/ecom.py
[2025-12-24T21:49:19.117+0000] {logging_mixin.py:188} INFO - [2025-12-24T21:49:19.111+0000] {dagbag.py:348} ERROR - Failed to import: /opt/airflow/dags/ecom.py
Traceback (most recent call last):
  File "/home/airflow/.local/lib/python3.8/site-packages/airflow/models/dagbag.py", line 344, in parse
    loader.exec_module(new_module)
  File "<frozen importlib._bootstrap_external>", line 843, in exec_module
  File "<frozen importlib._bootstrap>", line 219, in _call_with_frames_removed
  File "/opt/airflow/dags/ecom.py", line 79, in <module>
    python_callable= pg_loader
NameError: name 'pg_loader' is not defined
[2025-12-24T21:49:19.120+0000] {processor.py:842} WARNING - No viable dags retrieved from /opt/airflow/dags/ecom.py
[2025-12-24T21:49:19.142+0000] {processor.py:183} INFO - Processing /opt/airflow/dags/ecom.py took 0.616 seconds
[2025-12-24T21:49:23.018+0000] {processor.py:161} INFO - Started process (PID=42522) to work on /opt/airflow/dags/ecom.py
[2025-12-24T21:49:23.022+0000] {processor.py:830} INFO - Processing file /opt/airflow/dags/ecom.py for tasks to queue
[2025-12-24T21:49:23.025+0000] {logging_mixin.py:188} INFO - [2025-12-24T21:49:23.023+0000] {dagbag.py:538} INFO - Filling up the DagBag from /opt/airflow/dags/ecom.py
[2025-12-24T21:49:23.695+0000] {logging_mixin.py:188} INFO - [2025-12-24T21:49:23.689+0000] {dagbag.py:348} ERROR - Failed to import: /opt/airflow/dags/ecom.py
Traceback (most recent call last):
  File "/home/airflow/.local/lib/python3.8/site-packages/airflow/models/dagbag.py", line 344, in parse
    loader.exec_module(new_module)
  File "<frozen importlib._bootstrap_external>", line 843, in exec_module
  File "<frozen importlib._bootstrap>", line 219, in _call_with_frames_removed
  File "/opt/airflow/dags/ecom.py", line 79, in <module>
    python_callable= pg_loader
NameError: name 'pg_loader' is not defined
[2025-12-24T21:49:23.697+0000] {processor.py:842} WARNING - No viable dags retrieved from /opt/airflow/dags/ecom.py
[2025-12-24T21:49:23.720+0000] {processor.py:183} INFO - Processing /opt/airflow/dags/ecom.py took 0.709 seconds
[2025-12-24T21:49:32.844+0000] {processor.py:161} INFO - Started process (PID=42545) to work on /opt/airflow/dags/ecom.py
[2025-12-24T21:49:32.845+0000] {processor.py:830} INFO - Processing file /opt/airflow/dags/ecom.py for tasks to queue
[2025-12-24T21:49:32.846+0000] {logging_mixin.py:188} INFO - [2025-12-24T21:49:32.846+0000] {dagbag.py:538} INFO - Filling up the DagBag from /opt/airflow/dags/ecom.py
[2025-12-24T21:49:33.315+0000] {logging_mixin.py:188} INFO - [2025-12-24T21:49:33.310+0000] {dagbag.py:348} ERROR - Failed to import: /opt/airflow/dags/ecom.py
Traceback (most recent call last):
  File "/home/airflow/.local/lib/python3.8/site-packages/airflow/models/dagbag.py", line 344, in parse
    loader.exec_module(new_module)
  File "<frozen importlib._bootstrap_external>", line 843, in exec_module
  File "<frozen importlib._bootstrap>", line 219, in _call_with_frames_removed
  File "/opt/airflow/dags/ecom.py", line 79, in <module>
    python_callable= pg_loader
NameError: name 'pg_loader' is not defined
[2025-12-24T21:49:33.316+0000] {processor.py:842} WARNING - No viable dags retrieved from /opt/airflow/dags/ecom.py
[2025-12-24T21:49:33.354+0000] {processor.py:183} INFO - Processing /opt/airflow/dags/ecom.py took 0.515 seconds
[2025-12-24T21:49:39.585+0000] {processor.py:161} INFO - Started process (PID=42562) to work on /opt/airflow/dags/ecom.py
[2025-12-24T21:49:39.586+0000] {processor.py:830} INFO - Processing file /opt/airflow/dags/ecom.py for tasks to queue
[2025-12-24T21:49:39.587+0000] {logging_mixin.py:188} INFO - [2025-12-24T21:49:39.587+0000] {dagbag.py:538} INFO - Filling up the DagBag from /opt/airflow/dags/ecom.py
[2025-12-24T21:49:40.007+0000] {logging_mixin.py:188} INFO - [2025-12-24T21:49:40.002+0000] {dagbag.py:348} ERROR - Failed to import: /opt/airflow/dags/ecom.py
Traceback (most recent call last):
  File "/home/airflow/.local/lib/python3.8/site-packages/airflow/models/dagbag.py", line 344, in parse
    loader.exec_module(new_module)
  File "<frozen importlib._bootstrap_external>", line 843, in exec_module
  File "<frozen importlib._bootstrap>", line 219, in _call_with_frames_removed
  File "/opt/airflow/dags/ecom.py", line 79, in <module>
    python_callable= pg_loader
NameError: name 'pg_loader' is not defined
[2025-12-24T21:49:40.009+0000] {processor.py:842} WARNING - No viable dags retrieved from /opt/airflow/dags/ecom.py
[2025-12-24T21:49:40.024+0000] {processor.py:183} INFO - Processing /opt/airflow/dags/ecom.py took 0.443 seconds
[2025-12-24T21:49:54.099+0000] {processor.py:161} INFO - Started process (PID=42585) to work on /opt/airflow/dags/ecom.py
[2025-12-24T21:49:54.100+0000] {processor.py:830} INFO - Processing file /opt/airflow/dags/ecom.py for tasks to queue
[2025-12-24T21:49:54.102+0000] {logging_mixin.py:188} INFO - [2025-12-24T21:49:54.101+0000] {dagbag.py:538} INFO - Filling up the DagBag from /opt/airflow/dags/ecom.py
[2025-12-24T21:49:54.628+0000] {logging_mixin.py:188} INFO - [2025-12-24T21:49:54.622+0000] {dagbag.py:348} ERROR - Failed to import: /opt/airflow/dags/ecom.py
Traceback (most recent call last):
  File "/home/airflow/.local/lib/python3.8/site-packages/airflow/models/dagbag.py", line 344, in parse
    loader.exec_module(new_module)
  File "<frozen importlib._bootstrap_external>", line 843, in exec_module
  File "<frozen importlib._bootstrap>", line 219, in _call_with_frames_removed
  File "/opt/airflow/dags/ecom.py", line 79, in <module>
    python_callable= pg_loader
NameError: name 'pg_loader' is not defined
[2025-12-24T21:49:54.629+0000] {processor.py:842} WARNING - No viable dags retrieved from /opt/airflow/dags/ecom.py
[2025-12-24T21:49:54.649+0000] {processor.py:183} INFO - Processing /opt/airflow/dags/ecom.py took 0.555 seconds
[2025-12-24T21:50:13.579+0000] {processor.py:161} INFO - Started process (PID=42632) to work on /opt/airflow/dags/ecom.py
[2025-12-24T21:50:13.580+0000] {processor.py:830} INFO - Processing file /opt/airflow/dags/ecom.py for tasks to queue
[2025-12-24T21:50:13.583+0000] {logging_mixin.py:188} INFO - [2025-12-24T21:50:13.583+0000] {dagbag.py:538} INFO - Filling up the DagBag from /opt/airflow/dags/ecom.py
[2025-12-24T21:50:14.095+0000] {logging_mixin.py:188} INFO - [2025-12-24T21:50:14.089+0000] {dagbag.py:348} ERROR - Failed to import: /opt/airflow/dags/ecom.py
Traceback (most recent call last):
  File "/home/airflow/.local/lib/python3.8/site-packages/airflow/models/dagbag.py", line 344, in parse
    loader.exec_module(new_module)
  File "<frozen importlib._bootstrap_external>", line 843, in exec_module
  File "<frozen importlib._bootstrap>", line 219, in _call_with_frames_removed
  File "/opt/airflow/dags/ecom.py", line 79, in <module>
    python_callable= pg_loader
NameError: name 'pg_loader' is not defined
[2025-12-24T21:50:14.097+0000] {processor.py:842} WARNING - No viable dags retrieved from /opt/airflow/dags/ecom.py
[2025-12-24T21:50:14.117+0000] {processor.py:183} INFO - Processing /opt/airflow/dags/ecom.py took 0.541 seconds
[2025-12-24T21:50:33.625+0000] {processor.py:161} INFO - Started process (PID=42667) to work on /opt/airflow/dags/ecom.py
[2025-12-24T21:50:33.626+0000] {processor.py:830} INFO - Processing file /opt/airflow/dags/ecom.py for tasks to queue
[2025-12-24T21:50:33.627+0000] {logging_mixin.py:188} INFO - [2025-12-24T21:50:33.627+0000] {dagbag.py:538} INFO - Filling up the DagBag from /opt/airflow/dags/ecom.py
[2025-12-24T21:50:34.102+0000] {logging_mixin.py:188} INFO - [2025-12-24T21:50:34.097+0000] {dagbag.py:348} ERROR - Failed to import: /opt/airflow/dags/ecom.py
Traceback (most recent call last):
  File "/home/airflow/.local/lib/python3.8/site-packages/airflow/models/dagbag.py", line 344, in parse
    loader.exec_module(new_module)
  File "<frozen importlib._bootstrap_external>", line 843, in exec_module
  File "<frozen importlib._bootstrap>", line 219, in _call_with_frames_removed
  File "/opt/airflow/dags/ecom.py", line 79, in <module>
    python_callable= pg_loader
NameError: name 'pg_loader' is not defined
[2025-12-24T21:50:34.103+0000] {processor.py:842} WARNING - No viable dags retrieved from /opt/airflow/dags/ecom.py
[2025-12-24T21:50:34.123+0000] {processor.py:183} INFO - Processing /opt/airflow/dags/ecom.py took 0.502 seconds
[2025-12-24T21:51:04.213+0000] {processor.py:161} INFO - Started process (PID=42726) to work on /opt/airflow/dags/ecom.py
[2025-12-24T21:51:04.214+0000] {processor.py:830} INFO - Processing file /opt/airflow/dags/ecom.py for tasks to queue
[2025-12-24T21:51:04.216+0000] {logging_mixin.py:188} INFO - [2025-12-24T21:51:04.216+0000] {dagbag.py:538} INFO - Filling up the DagBag from /opt/airflow/dags/ecom.py
[2025-12-24T21:51:04.642+0000] {logging_mixin.py:188} INFO - [2025-12-24T21:51:04.636+0000] {dagbag.py:348} ERROR - Failed to import: /opt/airflow/dags/ecom.py
Traceback (most recent call last):
  File "/home/airflow/.local/lib/python3.8/site-packages/airflow/models/dagbag.py", line 344, in parse
    loader.exec_module(new_module)
  File "<frozen importlib._bootstrap_external>", line 843, in exec_module
  File "<frozen importlib._bootstrap>", line 219, in _call_with_frames_removed
  File "/opt/airflow/dags/ecom.py", line 79, in <module>
    python_callable= pg_loader
NameError: name 'pg_loader' is not defined
[2025-12-24T21:51:04.643+0000] {processor.py:842} WARNING - No viable dags retrieved from /opt/airflow/dags/ecom.py
[2025-12-24T21:51:04.671+0000] {processor.py:183} INFO - Processing /opt/airflow/dags/ecom.py took 0.464 seconds
[2025-12-24T21:51:34.911+0000] {processor.py:161} INFO - Started process (PID=42785) to work on /opt/airflow/dags/ecom.py
[2025-12-24T21:51:34.912+0000] {processor.py:830} INFO - Processing file /opt/airflow/dags/ecom.py for tasks to queue
[2025-12-24T21:51:34.913+0000] {logging_mixin.py:188} INFO - [2025-12-24T21:51:34.912+0000] {dagbag.py:538} INFO - Filling up the DagBag from /opt/airflow/dags/ecom.py
[2025-12-24T21:51:35.303+0000] {logging_mixin.py:188} INFO - [2025-12-24T21:51:35.298+0000] {dagbag.py:348} ERROR - Failed to import: /opt/airflow/dags/ecom.py
Traceback (most recent call last):
  File "/home/airflow/.local/lib/python3.8/site-packages/airflow/models/dagbag.py", line 344, in parse
    loader.exec_module(new_module)
  File "<frozen importlib._bootstrap_external>", line 843, in exec_module
  File "<frozen importlib._bootstrap>", line 219, in _call_with_frames_removed
  File "/opt/airflow/dags/ecom.py", line 79, in <module>
    python_callable= pg_loader
NameError: name 'pg_loader' is not defined
[2025-12-24T21:51:35.305+0000] {processor.py:842} WARNING - No viable dags retrieved from /opt/airflow/dags/ecom.py
[2025-12-24T21:51:35.322+0000] {processor.py:183} INFO - Processing /opt/airflow/dags/ecom.py took 0.415 seconds
[2025-12-24T21:52:05.396+0000] {processor.py:161} INFO - Started process (PID=42844) to work on /opt/airflow/dags/ecom.py
[2025-12-24T21:52:05.397+0000] {processor.py:830} INFO - Processing file /opt/airflow/dags/ecom.py for tasks to queue
[2025-12-24T21:52:05.398+0000] {logging_mixin.py:188} INFO - [2025-12-24T21:52:05.398+0000] {dagbag.py:538} INFO - Filling up the DagBag from /opt/airflow/dags/ecom.py
[2025-12-24T21:52:05.907+0000] {logging_mixin.py:188} INFO - [2025-12-24T21:52:05.903+0000] {dagbag.py:348} ERROR - Failed to import: /opt/airflow/dags/ecom.py
Traceback (most recent call last):
  File "/home/airflow/.local/lib/python3.8/site-packages/airflow/models/dagbag.py", line 344, in parse
    loader.exec_module(new_module)
  File "<frozen importlib._bootstrap_external>", line 843, in exec_module
  File "<frozen importlib._bootstrap>", line 219, in _call_with_frames_removed
  File "/opt/airflow/dags/ecom.py", line 79, in <module>
    python_callable= pg_loader
NameError: name 'pg_loader' is not defined
[2025-12-24T21:52:05.909+0000] {processor.py:842} WARNING - No viable dags retrieved from /opt/airflow/dags/ecom.py
[2025-12-24T21:52:05.929+0000] {processor.py:183} INFO - Processing /opt/airflow/dags/ecom.py took 0.537 seconds
[2025-12-24T21:52:36.024+0000] {processor.py:161} INFO - Started process (PID=42903) to work on /opt/airflow/dags/ecom.py
[2025-12-24T21:52:36.026+0000] {processor.py:830} INFO - Processing file /opt/airflow/dags/ecom.py for tasks to queue
[2025-12-24T21:52:36.027+0000] {logging_mixin.py:188} INFO - [2025-12-24T21:52:36.027+0000] {dagbag.py:538} INFO - Filling up the DagBag from /opt/airflow/dags/ecom.py
[2025-12-24T21:52:36.428+0000] {logging_mixin.py:188} INFO - [2025-12-24T21:52:36.424+0000] {dagbag.py:348} ERROR - Failed to import: /opt/airflow/dags/ecom.py
Traceback (most recent call last):
  File "/home/airflow/.local/lib/python3.8/site-packages/airflow/models/dagbag.py", line 344, in parse
    loader.exec_module(new_module)
  File "<frozen importlib._bootstrap_external>", line 843, in exec_module
  File "<frozen importlib._bootstrap>", line 219, in _call_with_frames_removed
  File "/opt/airflow/dags/ecom.py", line 79, in <module>
    python_callable= pg_loader
NameError: name 'pg_loader' is not defined
[2025-12-24T21:52:36.430+0000] {processor.py:842} WARNING - No viable dags retrieved from /opt/airflow/dags/ecom.py
[2025-12-24T21:52:36.447+0000] {processor.py:183} INFO - Processing /opt/airflow/dags/ecom.py took 0.427 seconds
[2025-12-24T21:53:06.971+0000] {processor.py:161} INFO - Started process (PID=42962) to work on /opt/airflow/dags/ecom.py
[2025-12-24T21:53:06.972+0000] {processor.py:830} INFO - Processing file /opt/airflow/dags/ecom.py for tasks to queue
[2025-12-24T21:53:06.973+0000] {logging_mixin.py:188} INFO - [2025-12-24T21:53:06.973+0000] {dagbag.py:538} INFO - Filling up the DagBag from /opt/airflow/dags/ecom.py
[2025-12-24T21:53:07.375+0000] {logging_mixin.py:188} INFO - [2025-12-24T21:53:07.370+0000] {dagbag.py:348} ERROR - Failed to import: /opt/airflow/dags/ecom.py
Traceback (most recent call last):
  File "/home/airflow/.local/lib/python3.8/site-packages/airflow/models/dagbag.py", line 344, in parse
    loader.exec_module(new_module)
  File "<frozen importlib._bootstrap_external>", line 843, in exec_module
  File "<frozen importlib._bootstrap>", line 219, in _call_with_frames_removed
  File "/opt/airflow/dags/ecom.py", line 79, in <module>
    python_callable= pg_loader
NameError: name 'pg_loader' is not defined
[2025-12-24T21:53:07.376+0000] {processor.py:842} WARNING - No viable dags retrieved from /opt/airflow/dags/ecom.py
[2025-12-24T21:53:07.392+0000] {processor.py:183} INFO - Processing /opt/airflow/dags/ecom.py took 0.425 seconds
[2025-12-24T21:53:37.534+0000] {processor.py:161} INFO - Started process (PID=43021) to work on /opt/airflow/dags/ecom.py
[2025-12-24T21:53:37.535+0000] {processor.py:830} INFO - Processing file /opt/airflow/dags/ecom.py for tasks to queue
[2025-12-24T21:53:37.536+0000] {logging_mixin.py:188} INFO - [2025-12-24T21:53:37.536+0000] {dagbag.py:538} INFO - Filling up the DagBag from /opt/airflow/dags/ecom.py
[2025-12-24T21:53:37.955+0000] {logging_mixin.py:188} INFO - [2025-12-24T21:53:37.950+0000] {dagbag.py:348} ERROR - Failed to import: /opt/airflow/dags/ecom.py
Traceback (most recent call last):
  File "/home/airflow/.local/lib/python3.8/site-packages/airflow/models/dagbag.py", line 344, in parse
    loader.exec_module(new_module)
  File "<frozen importlib._bootstrap_external>", line 843, in exec_module
  File "<frozen importlib._bootstrap>", line 219, in _call_with_frames_removed
  File "/opt/airflow/dags/ecom.py", line 79, in <module>
    python_callable= pg_loader
NameError: name 'pg_loader' is not defined
[2025-12-24T21:53:37.957+0000] {processor.py:842} WARNING - No viable dags retrieved from /opt/airflow/dags/ecom.py
[2025-12-24T21:53:37.974+0000] {processor.py:183} INFO - Processing /opt/airflow/dags/ecom.py took 0.444 seconds
[2025-12-24T21:54:08.198+0000] {processor.py:161} INFO - Started process (PID=43080) to work on /opt/airflow/dags/ecom.py
[2025-12-24T21:54:08.199+0000] {processor.py:830} INFO - Processing file /opt/airflow/dags/ecom.py for tasks to queue
[2025-12-24T21:54:08.200+0000] {logging_mixin.py:188} INFO - [2025-12-24T21:54:08.200+0000] {dagbag.py:538} INFO - Filling up the DagBag from /opt/airflow/dags/ecom.py
[2025-12-24T21:54:08.609+0000] {logging_mixin.py:188} INFO - [2025-12-24T21:54:08.604+0000] {dagbag.py:348} ERROR - Failed to import: /opt/airflow/dags/ecom.py
Traceback (most recent call last):
  File "/home/airflow/.local/lib/python3.8/site-packages/airflow/models/dagbag.py", line 344, in parse
    loader.exec_module(new_module)
  File "<frozen importlib._bootstrap_external>", line 843, in exec_module
  File "<frozen importlib._bootstrap>", line 219, in _call_with_frames_removed
  File "/opt/airflow/dags/ecom.py", line 79, in <module>
    python_callable= pg_loader
NameError: name 'pg_loader' is not defined
[2025-12-24T21:54:08.610+0000] {processor.py:842} WARNING - No viable dags retrieved from /opt/airflow/dags/ecom.py
[2025-12-24T21:54:08.626+0000] {processor.py:183} INFO - Processing /opt/airflow/dags/ecom.py took 0.432 seconds
[2025-12-24T21:54:38.773+0000] {processor.py:161} INFO - Started process (PID=43139) to work on /opt/airflow/dags/ecom.py
[2025-12-24T21:54:38.774+0000] {processor.py:830} INFO - Processing file /opt/airflow/dags/ecom.py for tasks to queue
[2025-12-24T21:54:38.775+0000] {logging_mixin.py:188} INFO - [2025-12-24T21:54:38.775+0000] {dagbag.py:538} INFO - Filling up the DagBag from /opt/airflow/dags/ecom.py
[2025-12-24T21:54:39.257+0000] {logging_mixin.py:188} INFO - [2025-12-24T21:54:39.252+0000] {dagbag.py:348} ERROR - Failed to import: /opt/airflow/dags/ecom.py
Traceback (most recent call last):
  File "/home/airflow/.local/lib/python3.8/site-packages/airflow/models/dagbag.py", line 344, in parse
    loader.exec_module(new_module)
  File "<frozen importlib._bootstrap_external>", line 843, in exec_module
  File "<frozen importlib._bootstrap>", line 219, in _call_with_frames_removed
  File "/opt/airflow/dags/ecom.py", line 79, in <module>
    python_callable= pg_loader
NameError: name 'pg_loader' is not defined
[2025-12-24T21:54:39.259+0000] {processor.py:842} WARNING - No viable dags retrieved from /opt/airflow/dags/ecom.py
[2025-12-24T21:54:39.277+0000] {processor.py:183} INFO - Processing /opt/airflow/dags/ecom.py took 0.508 seconds
[2025-12-24T21:55:09.626+0000] {processor.py:161} INFO - Started process (PID=43204) to work on /opt/airflow/dags/ecom.py
[2025-12-24T21:55:09.628+0000] {processor.py:830} INFO - Processing file /opt/airflow/dags/ecom.py for tasks to queue
[2025-12-24T21:55:09.629+0000] {logging_mixin.py:188} INFO - [2025-12-24T21:55:09.628+0000] {dagbag.py:538} INFO - Filling up the DagBag from /opt/airflow/dags/ecom.py
[2025-12-24T21:55:09.921+0000] {logging_mixin.py:188} INFO - [2025-12-24T21:55:09.916+0000] {dagbag.py:348} ERROR - Failed to import: /opt/airflow/dags/ecom.py
Traceback (most recent call last):
  File "/home/airflow/.local/lib/python3.8/site-packages/airflow/models/dagbag.py", line 344, in parse
    loader.exec_module(new_module)
  File "<frozen importlib._bootstrap_external>", line 843, in exec_module
  File "<frozen importlib._bootstrap>", line 219, in _call_with_frames_removed
  File "/opt/airflow/dags/ecom.py", line 79, in <module>
    python_callable= pg_loader
NameError: name 'pg_loader' is not defined
[2025-12-24T21:55:09.923+0000] {processor.py:842} WARNING - No viable dags retrieved from /opt/airflow/dags/ecom.py
[2025-12-24T21:55:09.942+0000] {processor.py:183} INFO - Processing /opt/airflow/dags/ecom.py took 0.320 seconds
[2025-12-24T21:55:40.116+0000] {processor.py:161} INFO - Started process (PID=43264) to work on /opt/airflow/dags/ecom.py
[2025-12-24T21:55:40.117+0000] {processor.py:830} INFO - Processing file /opt/airflow/dags/ecom.py for tasks to queue
[2025-12-24T21:55:40.118+0000] {logging_mixin.py:188} INFO - [2025-12-24T21:55:40.118+0000] {dagbag.py:538} INFO - Filling up the DagBag from /opt/airflow/dags/ecom.py
[2025-12-24T21:55:40.415+0000] {logging_mixin.py:188} INFO - [2025-12-24T21:55:40.407+0000] {dagbag.py:348} ERROR - Failed to import: /opt/airflow/dags/ecom.py
Traceback (most recent call last):
  File "/home/airflow/.local/lib/python3.8/site-packages/airflow/models/dagbag.py", line 344, in parse
    loader.exec_module(new_module)
  File "<frozen importlib._bootstrap_external>", line 843, in exec_module
  File "<frozen importlib._bootstrap>", line 219, in _call_with_frames_removed
  File "/opt/airflow/dags/ecom.py", line 79, in <module>
    python_callable= pg_loader
NameError: name 'pg_loader' is not defined
[2025-12-24T21:55:40.416+0000] {processor.py:842} WARNING - No viable dags retrieved from /opt/airflow/dags/ecom.py
[2025-12-24T21:55:40.436+0000] {processor.py:183} INFO - Processing /opt/airflow/dags/ecom.py took 0.324 seconds
[2025-12-24T21:56:10.505+0000] {processor.py:161} INFO - Started process (PID=43323) to work on /opt/airflow/dags/ecom.py
[2025-12-24T21:56:10.506+0000] {processor.py:830} INFO - Processing file /opt/airflow/dags/ecom.py for tasks to queue
[2025-12-24T21:56:10.507+0000] {logging_mixin.py:188} INFO - [2025-12-24T21:56:10.506+0000] {dagbag.py:538} INFO - Filling up the DagBag from /opt/airflow/dags/ecom.py
[2025-12-24T21:56:11.032+0000] {logging_mixin.py:188} INFO - [2025-12-24T21:56:11.027+0000] {dagbag.py:348} ERROR - Failed to import: /opt/airflow/dags/ecom.py
Traceback (most recent call last):
  File "/home/airflow/.local/lib/python3.8/site-packages/airflow/models/dagbag.py", line 344, in parse
    loader.exec_module(new_module)
  File "<frozen importlib._bootstrap_external>", line 843, in exec_module
  File "<frozen importlib._bootstrap>", line 219, in _call_with_frames_removed
  File "/opt/airflow/dags/ecom.py", line 79, in <module>
    python_callable= pg_loader
NameError: name 'pg_loader' is not defined
[2025-12-24T21:56:11.033+0000] {processor.py:842} WARNING - No viable dags retrieved from /opt/airflow/dags/ecom.py
[2025-12-24T21:56:11.057+0000] {processor.py:183} INFO - Processing /opt/airflow/dags/ecom.py took 0.556 seconds
[2025-12-24T21:56:41.924+0000] {processor.py:161} INFO - Started process (PID=43382) to work on /opt/airflow/dags/ecom.py
[2025-12-24T21:56:41.925+0000] {processor.py:830} INFO - Processing file /opt/airflow/dags/ecom.py for tasks to queue
[2025-12-24T21:56:41.927+0000] {logging_mixin.py:188} INFO - [2025-12-24T21:56:41.927+0000] {dagbag.py:538} INFO - Filling up the DagBag from /opt/airflow/dags/ecom.py
[2025-12-24T21:56:42.360+0000] {logging_mixin.py:188} INFO - [2025-12-24T21:56:42.355+0000] {dagbag.py:348} ERROR - Failed to import: /opt/airflow/dags/ecom.py
Traceback (most recent call last):
  File "/home/airflow/.local/lib/python3.8/site-packages/airflow/models/dagbag.py", line 344, in parse
    loader.exec_module(new_module)
  File "<frozen importlib._bootstrap_external>", line 843, in exec_module
  File "<frozen importlib._bootstrap>", line 219, in _call_with_frames_removed
  File "/opt/airflow/dags/ecom.py", line 79, in <module>
    python_callable= pg_loader
NameError: name 'pg_loader' is not defined
[2025-12-24T21:56:42.362+0000] {processor.py:842} WARNING - No viable dags retrieved from /opt/airflow/dags/ecom.py
[2025-12-24T21:56:42.381+0000] {processor.py:183} INFO - Processing /opt/airflow/dags/ecom.py took 0.462 seconds
[2025-12-24T21:57:12.460+0000] {processor.py:161} INFO - Started process (PID=43443) to work on /opt/airflow/dags/ecom.py
[2025-12-24T21:57:12.462+0000] {processor.py:830} INFO - Processing file /opt/airflow/dags/ecom.py for tasks to queue
[2025-12-24T21:57:12.463+0000] {logging_mixin.py:188} INFO - [2025-12-24T21:57:12.463+0000] {dagbag.py:538} INFO - Filling up the DagBag from /opt/airflow/dags/ecom.py
[2025-12-24T21:57:12.860+0000] {logging_mixin.py:188} INFO - [2025-12-24T21:57:12.854+0000] {dagbag.py:348} ERROR - Failed to import: /opt/airflow/dags/ecom.py
Traceback (most recent call last):
  File "/home/airflow/.local/lib/python3.8/site-packages/airflow/models/dagbag.py", line 344, in parse
    loader.exec_module(new_module)
  File "<frozen importlib._bootstrap_external>", line 843, in exec_module
  File "<frozen importlib._bootstrap>", line 219, in _call_with_frames_removed
  File "/opt/airflow/dags/ecom.py", line 79, in <module>
    python_callable= pg_loader
NameError: name 'pg_loader' is not defined
[2025-12-24T21:57:12.861+0000] {processor.py:842} WARNING - No viable dags retrieved from /opt/airflow/dags/ecom.py
[2025-12-24T21:57:12.883+0000] {processor.py:183} INFO - Processing /opt/airflow/dags/ecom.py took 0.428 seconds
[2025-12-24T21:57:21.096+0000] {processor.py:161} INFO - Started process (PID=43462) to work on /opt/airflow/dags/ecom.py
[2025-12-24T21:57:21.098+0000] {processor.py:830} INFO - Processing file /opt/airflow/dags/ecom.py for tasks to queue
[2025-12-24T21:57:21.099+0000] {logging_mixin.py:188} INFO - [2025-12-24T21:57:21.098+0000] {dagbag.py:538} INFO - Filling up the DagBag from /opt/airflow/dags/ecom.py
[2025-12-24T21:57:21.498+0000] {processor.py:840} INFO - DAG(s) 'hello_airflow_postgres_auto' retrieved from /opt/airflow/dags/ecom.py
[2025-12-24T21:57:21.721+0000] {logging_mixin.py:188} INFO - [2025-12-24T21:57:21.720+0000] {override.py:1769} INFO - Created Permission View: can delete on DAG:hello_airflow_postgres_auto
[2025-12-24T21:57:21.746+0000] {logging_mixin.py:188} INFO - [2025-12-24T21:57:21.746+0000] {override.py:1769} INFO - Created Permission View: can edit on DAG:hello_airflow_postgres_auto
[2025-12-24T21:57:21.758+0000] {logging_mixin.py:188} INFO - [2025-12-24T21:57:21.758+0000] {override.py:1769} INFO - Created Permission View: can read on DAG:hello_airflow_postgres_auto
[2025-12-24T21:57:21.760+0000] {logging_mixin.py:188} INFO - [2025-12-24T21:57:21.759+0000] {dag.py:3036} INFO - Sync 1 DAGs
[2025-12-24T21:57:21.784+0000] {logging_mixin.py:188} INFO - [2025-12-24T21:57:21.783+0000] {dag.py:3058} INFO - Creating ORM DAG for hello_airflow_postgres_auto
[2025-12-24T21:57:21.807+0000] {logging_mixin.py:188} INFO - [2025-12-24T21:57:21.807+0000] {dag.py:3823} INFO - Setting next_dagrun for hello_airflow_postgres_auto to 2025-12-23 00:00:00+00:00, run_after=2025-12-24 00:00:00+00:00
[2025-12-24T21:57:21.855+0000] {processor.py:183} INFO - Processing /opt/airflow/dags/ecom.py took 0.764 seconds
[2025-12-24T21:57:52.127+0000] {processor.py:161} INFO - Started process (PID=43521) to work on /opt/airflow/dags/ecom.py
[2025-12-24T21:57:52.128+0000] {processor.py:830} INFO - Processing file /opt/airflow/dags/ecom.py for tasks to queue
[2025-12-24T21:57:52.129+0000] {logging_mixin.py:188} INFO - [2025-12-24T21:57:52.129+0000] {dagbag.py:538} INFO - Filling up the DagBag from /opt/airflow/dags/ecom.py
[2025-12-24T21:57:52.392+0000] {processor.py:840} INFO - DAG(s) 'hello_airflow_postgres_auto' retrieved from /opt/airflow/dags/ecom.py
[2025-12-24T21:57:52.413+0000] {logging_mixin.py:188} INFO - [2025-12-24T21:57:52.413+0000] {dag.py:3036} INFO - Sync 1 DAGs
[2025-12-24T21:57:52.438+0000] {logging_mixin.py:188} INFO - [2025-12-24T21:57:52.438+0000] {dag.py:3823} INFO - Setting next_dagrun for hello_airflow_postgres_auto to 2025-12-23 00:00:00+00:00, run_after=2025-12-24 00:00:00+00:00
[2025-12-24T21:57:52.461+0000] {processor.py:183} INFO - Processing /opt/airflow/dags/ecom.py took 0.338 seconds
[2025-12-24T21:58:22.545+0000] {processor.py:161} INFO - Started process (PID=43580) to work on /opt/airflow/dags/ecom.py
[2025-12-24T21:58:22.547+0000] {processor.py:830} INFO - Processing file /opt/airflow/dags/ecom.py for tasks to queue
[2025-12-24T21:58:22.548+0000] {logging_mixin.py:188} INFO - [2025-12-24T21:58:22.548+0000] {dagbag.py:538} INFO - Filling up the DagBag from /opt/airflow/dags/ecom.py
[2025-12-24T21:58:22.931+0000] {processor.py:840} INFO - DAG(s) 'hello_airflow_postgres_auto' retrieved from /opt/airflow/dags/ecom.py
[2025-12-24T21:58:22.968+0000] {logging_mixin.py:188} INFO - [2025-12-24T21:58:22.967+0000] {dag.py:3036} INFO - Sync 1 DAGs
[2025-12-24T21:58:23.001+0000] {logging_mixin.py:188} INFO - [2025-12-24T21:58:23.001+0000] {dag.py:3823} INFO - Setting next_dagrun for hello_airflow_postgres_auto to 2025-12-23 00:00:00+00:00, run_after=2025-12-24 00:00:00+00:00
[2025-12-24T21:58:23.050+0000] {processor.py:183} INFO - Processing /opt/airflow/dags/ecom.py took 0.510 seconds
[2025-12-24T21:58:24.045+0000] {processor.py:161} INFO - Started process (PID=43586) to work on /opt/airflow/dags/ecom.py
[2025-12-24T21:58:24.046+0000] {processor.py:830} INFO - Processing file /opt/airflow/dags/ecom.py for tasks to queue
[2025-12-24T21:58:24.047+0000] {logging_mixin.py:188} INFO - [2025-12-24T21:58:24.047+0000] {dagbag.py:538} INFO - Filling up the DagBag from /opt/airflow/dags/ecom.py
[2025-12-24T21:58:24.442+0000] {processor.py:840} INFO - DAG(s) 'hello_airflow_postgres_auto' retrieved from /opt/airflow/dags/ecom.py
[2025-12-24T21:58:24.468+0000] {logging_mixin.py:188} INFO - [2025-12-24T21:58:24.467+0000] {dag.py:3036} INFO - Sync 1 DAGs
[2025-12-24T21:58:24.496+0000] {logging_mixin.py:188} INFO - [2025-12-24T21:58:24.496+0000] {dag.py:3823} INFO - Setting next_dagrun for hello_airflow_postgres_auto to 2025-12-23 00:00:00+00:00, run_after=2025-12-24 00:00:00+00:00
[2025-12-24T21:58:24.531+0000] {processor.py:183} INFO - Processing /opt/airflow/dags/ecom.py took 0.490 seconds
[2025-12-24T21:58:26.842+0000] {processor.py:161} INFO - Started process (PID=43592) to work on /opt/airflow/dags/ecom.py
[2025-12-24T21:58:26.843+0000] {processor.py:830} INFO - Processing file /opt/airflow/dags/ecom.py for tasks to queue
[2025-12-24T21:58:26.845+0000] {logging_mixin.py:188} INFO - [2025-12-24T21:58:26.845+0000] {dagbag.py:538} INFO - Filling up the DagBag from /opt/airflow/dags/ecom.py
[2025-12-24T21:58:27.253+0000] {processor.py:840} INFO - DAG(s) 'hello_airflow_postgres_auto' retrieved from /opt/airflow/dags/ecom.py
[2025-12-24T21:58:27.288+0000] {logging_mixin.py:188} INFO - [2025-12-24T21:58:27.288+0000] {dag.py:3036} INFO - Sync 1 DAGs
[2025-12-24T21:58:27.334+0000] {logging_mixin.py:188} INFO - [2025-12-24T21:58:27.333+0000] {dag.py:3823} INFO - Setting next_dagrun for hello_airflow_postgres_auto to 2025-12-23 00:00:00+00:00, run_after=2025-12-24 00:00:00+00:00
[2025-12-24T21:58:27.402+0000] {processor.py:183} INFO - Processing /opt/airflow/dags/ecom.py took 0.565 seconds
[2025-12-24T21:58:28.470+0000] {processor.py:161} INFO - Started process (PID=43594) to work on /opt/airflow/dags/ecom.py
[2025-12-24T21:58:28.471+0000] {processor.py:830} INFO - Processing file /opt/airflow/dags/ecom.py for tasks to queue
[2025-12-24T21:58:28.472+0000] {logging_mixin.py:188} INFO - [2025-12-24T21:58:28.472+0000] {dagbag.py:538} INFO - Filling up the DagBag from /opt/airflow/dags/ecom.py
[2025-12-24T21:58:29.045+0000] {processor.py:840} INFO - DAG(s) 'hello_airflow_postgres_auto' retrieved from /opt/airflow/dags/ecom.py
[2025-12-24T21:58:29.081+0000] {logging_mixin.py:188} INFO - [2025-12-24T21:58:29.081+0000] {dag.py:3036} INFO - Sync 1 DAGs
[2025-12-24T21:58:29.119+0000] {logging_mixin.py:188} INFO - [2025-12-24T21:58:29.119+0000] {dag.py:3823} INFO - Setting next_dagrun for hello_airflow_postgres_auto to 2025-12-23 00:00:00+00:00, run_after=2025-12-24 00:00:00+00:00
[2025-12-24T21:58:29.200+0000] {processor.py:183} INFO - Processing /opt/airflow/dags/ecom.py took 0.734 seconds
[2025-12-24T21:58:29.947+0000] {processor.py:161} INFO - Started process (PID=43598) to work on /opt/airflow/dags/ecom.py
[2025-12-24T21:58:29.949+0000] {processor.py:830} INFO - Processing file /opt/airflow/dags/ecom.py for tasks to queue
[2025-12-24T21:58:29.950+0000] {logging_mixin.py:188} INFO - [2025-12-24T21:58:29.950+0000] {dagbag.py:538} INFO - Filling up the DagBag from /opt/airflow/dags/ecom.py
[2025-12-24T21:58:30.471+0000] {processor.py:840} INFO - DAG(s) 'hello_airflow_postgres_auto' retrieved from /opt/airflow/dags/ecom.py
[2025-12-24T21:58:30.512+0000] {logging_mixin.py:188} INFO - [2025-12-24T21:58:30.512+0000] {dag.py:3036} INFO - Sync 1 DAGs
[2025-12-24T21:58:30.582+0000] {logging_mixin.py:188} INFO - [2025-12-24T21:58:30.582+0000] {dag.py:3823} INFO - Setting next_dagrun for hello_airflow_postgres_auto to 2025-12-23 00:00:00+00:00, run_after=2025-12-24 00:00:00+00:00
[2025-12-24T21:58:30.666+0000] {processor.py:183} INFO - Processing /opt/airflow/dags/ecom.py took 0.724 seconds
[2025-12-24T21:58:32.331+0000] {processor.py:161} INFO - Started process (PID=43603) to work on /opt/airflow/dags/ecom.py
[2025-12-24T21:58:32.333+0000] {processor.py:830} INFO - Processing file /opt/airflow/dags/ecom.py for tasks to queue
[2025-12-24T21:58:32.335+0000] {logging_mixin.py:188} INFO - [2025-12-24T21:58:32.335+0000] {dagbag.py:538} INFO - Filling up the DagBag from /opt/airflow/dags/ecom.py
[2025-12-24T21:58:32.758+0000] {processor.py:840} INFO - DAG(s) 'hello_airflow_postgres_auto' retrieved from /opt/airflow/dags/ecom.py
[2025-12-24T21:58:32.783+0000] {logging_mixin.py:188} INFO - [2025-12-24T21:58:32.782+0000] {dag.py:3036} INFO - Sync 1 DAGs
[2025-12-24T21:58:32.815+0000] {logging_mixin.py:188} INFO - [2025-12-24T21:58:32.815+0000] {dag.py:3823} INFO - Setting next_dagrun for hello_airflow_postgres_auto to 2025-12-23 00:00:00+00:00, run_after=2025-12-24 00:00:00+00:00
[2025-12-24T21:58:32.849+0000] {processor.py:183} INFO - Processing /opt/airflow/dags/ecom.py took 0.526 seconds
[2025-12-24T21:58:45.798+0000] {processor.py:161} INFO - Started process (PID=43634) to work on /opt/airflow/dags/ecom.py
[2025-12-24T21:58:45.799+0000] {processor.py:830} INFO - Processing file /opt/airflow/dags/ecom.py for tasks to queue
[2025-12-24T21:58:45.801+0000] {logging_mixin.py:188} INFO - [2025-12-24T21:58:45.801+0000] {dagbag.py:538} INFO - Filling up the DagBag from /opt/airflow/dags/ecom.py
[2025-12-24T21:58:46.214+0000] {logging_mixin.py:188} INFO - [2025-12-24T21:58:46.210+0000] {dagbag.py:348} ERROR - Failed to import: /opt/airflow/dags/ecom.py
Traceback (most recent call last):
  File "/home/airflow/.local/lib/python3.8/site-packages/airflow/models/dagbag.py", line 344, in parse
    loader.exec_module(new_module)
  File "<frozen importlib._bootstrap_external>", line 843, in exec_module
  File "<frozen importlib._bootstrap>", line 219, in _call_with_frames_removed
  File "/opt/airflow/dags/ecom.py", line 110, in <module>
    slack_task
NameError: name 'slack_task' is not defined
[2025-12-24T21:58:46.215+0000] {processor.py:842} WARNING - No viable dags retrieved from /opt/airflow/dags/ecom.py
[2025-12-24T21:58:46.238+0000] {processor.py:183} INFO - Processing /opt/airflow/dags/ecom.py took 0.445 seconds
[2025-12-24T21:58:47.189+0000] {processor.py:161} INFO - Started process (PID=43638) to work on /opt/airflow/dags/ecom.py
[2025-12-24T21:58:47.190+0000] {processor.py:830} INFO - Processing file /opt/airflow/dags/ecom.py for tasks to queue
[2025-12-24T21:58:47.192+0000] {logging_mixin.py:188} INFO - [2025-12-24T21:58:47.191+0000] {dagbag.py:538} INFO - Filling up the DagBag from /opt/airflow/dags/ecom.py
[2025-12-24T21:58:47.213+0000] {logging_mixin.py:188} INFO - [2025-12-24T21:58:47.212+0000] {dagbag.py:348} ERROR - Failed to import: /opt/airflow/dags/ecom.py
Traceback (most recent call last):
  File "/home/airflow/.local/lib/python3.8/site-packages/airflow/models/dagbag.py", line 344, in parse
    loader.exec_module(new_module)
  File "<frozen importlib._bootstrap_external>", line 839, in exec_module
  File "<frozen importlib._bootstrap_external>", line 976, in get_code
  File "<frozen importlib._bootstrap_external>", line 906, in source_to_code
  File "<frozen importlib._bootstrap>", line 219, in _call_with_frames_removed
  File "/opt/airflow/dags/ecom.py", line 110
    slack_task =
                ^
SyntaxError: invalid syntax
[2025-12-24T21:58:47.213+0000] {processor.py:842} WARNING - No viable dags retrieved from /opt/airflow/dags/ecom.py
[2025-12-24T21:58:47.243+0000] {processor.py:183} INFO - Processing /opt/airflow/dags/ecom.py took 0.059 seconds
[2025-12-24T21:58:50.218+0000] {processor.py:161} INFO - Started process (PID=43649) to work on /opt/airflow/dags/ecom.py
[2025-12-24T21:58:50.225+0000] {processor.py:830} INFO - Processing file /opt/airflow/dags/ecom.py for tasks to queue
[2025-12-24T21:58:50.229+0000] {logging_mixin.py:188} INFO - [2025-12-24T21:58:50.229+0000] {dagbag.py:538} INFO - Filling up the DagBag from /opt/airflow/dags/ecom.py
[2025-12-24T21:58:50.637+0000] {processor.py:840} INFO - DAG(s) 'hello_airflow_postgres_auto' retrieved from /opt/airflow/dags/ecom.py
[2025-12-24T21:58:50.670+0000] {logging_mixin.py:188} INFO - [2025-12-24T21:58:50.670+0000] {dag.py:3036} INFO - Sync 1 DAGs
[2025-12-24T21:58:50.699+0000] {logging_mixin.py:188} INFO - [2025-12-24T21:58:50.699+0000] {dag.py:3823} INFO - Setting next_dagrun for hello_airflow_postgres_auto to 2025-12-23 00:00:00+00:00, run_after=2025-12-24 00:00:00+00:00
[2025-12-24T21:58:50.739+0000] {processor.py:183} INFO - Processing /opt/airflow/dags/ecom.py took 0.538 seconds
[2025-12-24T21:58:56.606+0000] {processor.py:161} INFO - Started process (PID=43662) to work on /opt/airflow/dags/ecom.py
[2025-12-24T21:58:56.607+0000] {processor.py:830} INFO - Processing file /opt/airflow/dags/ecom.py for tasks to queue
[2025-12-24T21:58:56.608+0000] {logging_mixin.py:188} INFO - [2025-12-24T21:58:56.608+0000] {dagbag.py:538} INFO - Filling up the DagBag from /opt/airflow/dags/ecom.py
[2025-12-24T21:58:56.634+0000] {logging_mixin.py:188} INFO - [2025-12-24T21:58:56.633+0000] {dagbag.py:348} ERROR - Failed to import: /opt/airflow/dags/ecom.py
Traceback (most recent call last):
  File "/home/airflow/.local/lib/python3.8/site-packages/airflow/models/dagbag.py", line 344, in parse
    loader.exec_module(new_module)
  File "<frozen importlib._bootstrap_external>", line 839, in exec_module
  File "<frozen importlib._bootstrap_external>", line 976, in get_code
  File "<frozen importlib._bootstrap_external>", line 906, in source_to_code
  File "<frozen importlib._bootstrap>", line 219, in _call_with_frames_removed
  File "/opt/airflow/dags/ecom.py", line 112
    )
    ^
SyntaxError: invalid syntax
[2025-12-24T21:58:56.635+0000] {processor.py:842} WARNING - No viable dags retrieved from /opt/airflow/dags/ecom.py
[2025-12-24T21:58:56.680+0000] {processor.py:183} INFO - Processing /opt/airflow/dags/ecom.py took 0.078 seconds
[2025-12-24T21:59:02.899+0000] {processor.py:161} INFO - Started process (PID=43665) to work on /opt/airflow/dags/ecom.py
[2025-12-24T21:59:02.900+0000] {processor.py:830} INFO - Processing file /opt/airflow/dags/ecom.py for tasks to queue
[2025-12-24T21:59:02.901+0000] {logging_mixin.py:188} INFO - [2025-12-24T21:59:02.901+0000] {dagbag.py:538} INFO - Filling up the DagBag from /opt/airflow/dags/ecom.py
[2025-12-24T21:59:03.251+0000] {logging_mixin.py:188} INFO - [2025-12-24T21:59:03.245+0000] {dagbag.py:348} ERROR - Failed to import: /opt/airflow/dags/ecom.py
Traceback (most recent call last):
  File "/home/airflow/.local/lib/python3.8/site-packages/airflow/models/dagbag.py", line 344, in parse
    loader.exec_module(new_module)
  File "<frozen importlib._bootstrap_external>", line 843, in exec_module
  File "<frozen importlib._bootstrap>", line 219, in _call_with_frames_removed
  File "/opt/airflow/dags/ecom.py", line 110, in <module>
    slack_task = PythonOperator(
  File "/home/airflow/.local/lib/python3.8/site-packages/airflow/models/baseoperator.py", line 420, in apply_defaults
    raise AirflowException(f"missing keyword argument {missing_args.pop()!r}")
airflow.exceptions.AirflowException: missing keyword argument 'python_callable'
[2025-12-24T21:59:03.252+0000] {processor.py:842} WARNING - No viable dags retrieved from /opt/airflow/dags/ecom.py
[2025-12-24T21:59:03.272+0000] {processor.py:183} INFO - Processing /opt/airflow/dags/ecom.py took 0.377 seconds
[2025-12-24T21:59:03.719+0000] {processor.py:161} INFO - Started process (PID=43674) to work on /opt/airflow/dags/ecom.py
[2025-12-24T21:59:03.720+0000] {processor.py:830} INFO - Processing file /opt/airflow/dags/ecom.py for tasks to queue
[2025-12-24T21:59:03.721+0000] {logging_mixin.py:188} INFO - [2025-12-24T21:59:03.721+0000] {dagbag.py:538} INFO - Filling up the DagBag from /opt/airflow/dags/ecom.py
[2025-12-24T21:59:04.036+0000] {logging_mixin.py:188} INFO - [2025-12-24T21:59:04.031+0000] {dagbag.py:348} ERROR - Failed to import: /opt/airflow/dags/ecom.py
Traceback (most recent call last):
  File "/home/airflow/.local/lib/python3.8/site-packages/airflow/models/dagbag.py", line 344, in parse
    loader.exec_module(new_module)
  File "<frozen importlib._bootstrap_external>", line 843, in exec_module
  File "<frozen importlib._bootstrap>", line 219, in _call_with_frames_removed
  File "/opt/airflow/dags/ecom.py", line 110, in <module>
    slack_task = PythonOperator(
  File "/home/airflow/.local/lib/python3.8/site-packages/airflow/models/baseoperator.py", line 420, in apply_defaults
    raise AirflowException(f"missing keyword argument {missing_args.pop()!r}")
airflow.exceptions.AirflowException: missing keyword argument 'python_callable'
[2025-12-24T21:59:04.037+0000] {processor.py:842} WARNING - No viable dags retrieved from /opt/airflow/dags/ecom.py
[2025-12-24T21:59:04.090+0000] {processor.py:183} INFO - Processing /opt/airflow/dags/ecom.py took 0.375 seconds
[2025-12-24T21:59:07.331+0000] {processor.py:161} INFO - Started process (PID=43680) to work on /opt/airflow/dags/ecom.py
[2025-12-24T21:59:07.333+0000] {processor.py:830} INFO - Processing file /opt/airflow/dags/ecom.py for tasks to queue
[2025-12-24T21:59:07.336+0000] {logging_mixin.py:188} INFO - [2025-12-24T21:59:07.335+0000] {dagbag.py:538} INFO - Filling up the DagBag from /opt/airflow/dags/ecom.py
[2025-12-24T21:59:07.821+0000] {logging_mixin.py:188} INFO - [2025-12-24T21:59:07.814+0000] {dagbag.py:348} ERROR - Failed to import: /opt/airflow/dags/ecom.py
Traceback (most recent call last):
  File "/home/airflow/.local/lib/python3.8/site-packages/airflow/models/dagbag.py", line 344, in parse
    loader.exec_module(new_module)
  File "<frozen importlib._bootstrap_external>", line 843, in exec_module
  File "<frozen importlib._bootstrap>", line 219, in _call_with_frames_removed
  File "/opt/airflow/dags/ecom.py", line 110, in <module>
    slack_task = PythonOperator(
  File "/home/airflow/.local/lib/python3.8/site-packages/airflow/models/baseoperator.py", line 420, in apply_defaults
    raise AirflowException(f"missing keyword argument {missing_args.pop()!r}")
airflow.exceptions.AirflowException: missing keyword argument 'python_callable'
[2025-12-24T21:59:07.823+0000] {processor.py:842} WARNING - No viable dags retrieved from /opt/airflow/dags/ecom.py
[2025-12-24T21:59:07.854+0000] {processor.py:183} INFO - Processing /opt/airflow/dags/ecom.py took 0.528 seconds
[2025-12-24T21:59:08.930+0000] {processor.py:161} INFO - Started process (PID=43682) to work on /opt/airflow/dags/ecom.py
[2025-12-24T21:59:08.931+0000] {processor.py:830} INFO - Processing file /opt/airflow/dags/ecom.py for tasks to queue
[2025-12-24T21:59:08.932+0000] {logging_mixin.py:188} INFO - [2025-12-24T21:59:08.932+0000] {dagbag.py:538} INFO - Filling up the DagBag from /opt/airflow/dags/ecom.py
[2025-12-24T21:59:09.403+0000] {logging_mixin.py:188} INFO - [2025-12-24T21:59:09.395+0000] {dagbag.py:348} ERROR - Failed to import: /opt/airflow/dags/ecom.py
Traceback (most recent call last):
  File "/home/airflow/.local/lib/python3.8/site-packages/airflow/models/dagbag.py", line 344, in parse
    loader.exec_module(new_module)
  File "<frozen importlib._bootstrap_external>", line 843, in exec_module
  File "<frozen importlib._bootstrap>", line 219, in _call_with_frames_removed
  File "/opt/airflow/dags/ecom.py", line 110, in <module>
    slack_task = PythonOperator(
  File "/home/airflow/.local/lib/python3.8/site-packages/airflow/models/baseoperator.py", line 420, in apply_defaults
    raise AirflowException(f"missing keyword argument {missing_args.pop()!r}")
airflow.exceptions.AirflowException: missing keyword argument 'python_callable'
[2025-12-24T21:59:09.405+0000] {processor.py:842} WARNING - No viable dags retrieved from /opt/airflow/dags/ecom.py
[2025-12-24T21:59:09.435+0000] {processor.py:183} INFO - Processing /opt/airflow/dags/ecom.py took 0.510 seconds
[2025-12-24T21:59:11.513+0000] {processor.py:161} INFO - Started process (PID=43690) to work on /opt/airflow/dags/ecom.py
[2025-12-24T21:59:11.516+0000] {processor.py:830} INFO - Processing file /opt/airflow/dags/ecom.py for tasks to queue
[2025-12-24T21:59:11.518+0000] {logging_mixin.py:188} INFO - [2025-12-24T21:59:11.518+0000] {dagbag.py:538} INFO - Filling up the DagBag from /opt/airflow/dags/ecom.py
[2025-12-24T21:59:12.154+0000] {logging_mixin.py:188} INFO - [2025-12-24T21:59:12.147+0000] {dagbag.py:348} ERROR - Failed to import: /opt/airflow/dags/ecom.py
Traceback (most recent call last):
  File "/home/airflow/.local/lib/python3.8/site-packages/airflow/models/dagbag.py", line 344, in parse
    loader.exec_module(new_module)
  File "<frozen importlib._bootstrap_external>", line 843, in exec_module
  File "<frozen importlib._bootstrap>", line 219, in _call_with_frames_removed
  File "/opt/airflow/dags/ecom.py", line 110, in <module>
    slack_task = PythonOperator(
  File "/home/airflow/.local/lib/python3.8/site-packages/airflow/models/baseoperator.py", line 420, in apply_defaults
    raise AirflowException(f"missing keyword argument {missing_args.pop()!r}")
airflow.exceptions.AirflowException: missing keyword argument 'python_callable'
[2025-12-24T21:59:12.157+0000] {processor.py:842} WARNING - No viable dags retrieved from /opt/airflow/dags/ecom.py
[2025-12-24T21:59:12.227+0000] {processor.py:183} INFO - Processing /opt/airflow/dags/ecom.py took 0.721 seconds
[2025-12-24T21:59:13.465+0000] {processor.py:161} INFO - Started process (PID=43696) to work on /opt/airflow/dags/ecom.py
[2025-12-24T21:59:13.466+0000] {processor.py:830} INFO - Processing file /opt/airflow/dags/ecom.py for tasks to queue
[2025-12-24T21:59:13.467+0000] {logging_mixin.py:188} INFO - [2025-12-24T21:59:13.467+0000] {dagbag.py:538} INFO - Filling up the DagBag from /opt/airflow/dags/ecom.py
[2025-12-24T21:59:13.484+0000] {logging_mixin.py:188} INFO - [2025-12-24T21:59:13.484+0000] {dagbag.py:348} ERROR - Failed to import: /opt/airflow/dags/ecom.py
Traceback (most recent call last):
  File "/home/airflow/.local/lib/python3.8/site-packages/airflow/models/dagbag.py", line 344, in parse
    loader.exec_module(new_module)
  File "<frozen importlib._bootstrap_external>", line 839, in exec_module
  File "<frozen importlib._bootstrap_external>", line 976, in get_code
  File "<frozen importlib._bootstrap_external>", line 906, in source_to_code
  File "<frozen importlib._bootstrap>", line 219, in _call_with_frames_removed
  File "/opt/airflow/dags/ecom.py", line 112
    py
    ^
SyntaxError: positional argument follows keyword argument
[2025-12-24T21:59:13.485+0000] {processor.py:842} WARNING - No viable dags retrieved from /opt/airflow/dags/ecom.py
[2025-12-24T21:59:13.524+0000] {processor.py:183} INFO - Processing /opt/airflow/dags/ecom.py took 0.064 seconds
[2025-12-24T21:59:14.100+0000] {processor.py:161} INFO - Started process (PID=43704) to work on /opt/airflow/dags/ecom.py
[2025-12-24T21:59:14.101+0000] {processor.py:830} INFO - Processing file /opt/airflow/dags/ecom.py for tasks to queue
[2025-12-24T21:59:14.103+0000] {logging_mixin.py:188} INFO - [2025-12-24T21:59:14.102+0000] {dagbag.py:538} INFO - Filling up the DagBag from /opt/airflow/dags/ecom.py
[2025-12-24T21:59:14.125+0000] {logging_mixin.py:188} INFO - [2025-12-24T21:59:14.125+0000] {dagbag.py:348} ERROR - Failed to import: /opt/airflow/dags/ecom.py
Traceback (most recent call last):
  File "/home/airflow/.local/lib/python3.8/site-packages/airflow/models/dagbag.py", line 344, in parse
    loader.exec_module(new_module)
  File "<frozen importlib._bootstrap_external>", line 839, in exec_module
  File "<frozen importlib._bootstrap_external>", line 976, in get_code
  File "<frozen importlib._bootstrap_external>", line 906, in source_to_code
  File "<frozen importlib._bootstrap>", line 219, in _call_with_frames_removed
  File "/opt/airflow/dags/ecom.py", line 112
    PythonOperator
    ^
SyntaxError: positional argument follows keyword argument
[2025-12-24T21:59:14.126+0000] {processor.py:842} WARNING - No viable dags retrieved from /opt/airflow/dags/ecom.py
[2025-12-24T21:59:14.190+0000] {processor.py:183} INFO - Processing /opt/airflow/dags/ecom.py took 0.095 seconds
[2025-12-24T21:59:18.018+0000] {processor.py:161} INFO - Started process (PID=43711) to work on /opt/airflow/dags/ecom.py
[2025-12-24T21:59:18.020+0000] {processor.py:830} INFO - Processing file /opt/airflow/dags/ecom.py for tasks to queue
[2025-12-24T21:59:18.021+0000] {logging_mixin.py:188} INFO - [2025-12-24T21:59:18.020+0000] {dagbag.py:538} INFO - Filling up the DagBag from /opt/airflow/dags/ecom.py
[2025-12-24T21:59:18.049+0000] {logging_mixin.py:188} INFO - [2025-12-24T21:59:18.048+0000] {dagbag.py:348} ERROR - Failed to import: /opt/airflow/dags/ecom.py
Traceback (most recent call last):
  File "/home/airflow/.local/lib/python3.8/site-packages/airflow/models/dagbag.py", line 344, in parse
    loader.exec_module(new_module)
  File "<frozen importlib._bootstrap_external>", line 839, in exec_module
  File "<frozen importlib._bootstrap_external>", line 976, in get_code
  File "<frozen importlib._bootstrap_external>", line 906, in source_to_code
  File "<frozen importlib._bootstrap>", line 219, in _call_with_frames_removed
  File "/opt/airflow/dags/ecom.py", line 112
    py
    ^
SyntaxError: positional argument follows keyword argument
[2025-12-24T21:59:18.050+0000] {processor.py:842} WARNING - No viable dags retrieved from /opt/airflow/dags/ecom.py
[2025-12-24T21:59:18.078+0000] {processor.py:183} INFO - Processing /opt/airflow/dags/ecom.py took 0.065 seconds
[2025-12-24T21:59:29.441+0000] {processor.py:161} INFO - Started process (PID=43733) to work on /opt/airflow/dags/ecom.py
[2025-12-24T21:59:29.442+0000] {processor.py:830} INFO - Processing file /opt/airflow/dags/ecom.py for tasks to queue
[2025-12-24T21:59:29.444+0000] {logging_mixin.py:188} INFO - [2025-12-24T21:59:29.443+0000] {dagbag.py:538} INFO - Filling up the DagBag from /opt/airflow/dags/ecom.py
[2025-12-24T21:59:29.464+0000] {logging_mixin.py:188} INFO - [2025-12-24T21:59:29.463+0000] {dagbag.py:348} ERROR - Failed to import: /opt/airflow/dags/ecom.py
Traceback (most recent call last):
  File "/home/airflow/.local/lib/python3.8/site-packages/airflow/models/dagbag.py", line 344, in parse
    loader.exec_module(new_module)
  File "<frozen importlib._bootstrap_external>", line 839, in exec_module
  File "<frozen importlib._bootstrap_external>", line 976, in get_code
  File "<frozen importlib._bootstrap_external>", line 906, in source_to_code
  File "<frozen importlib._bootstrap>", line 219, in _call_with_frames_removed
  File "/opt/airflow/dags/ecom.py", line 112
    python
    ^
SyntaxError: positional argument follows keyword argument
[2025-12-24T21:59:29.465+0000] {processor.py:842} WARNING - No viable dags retrieved from /opt/airflow/dags/ecom.py
[2025-12-24T21:59:29.487+0000] {processor.py:183} INFO - Processing /opt/airflow/dags/ecom.py took 0.049 seconds
[2025-12-24T21:59:37.626+0000] {processor.py:161} INFO - Started process (PID=43747) to work on /opt/airflow/dags/ecom.py
[2025-12-24T21:59:37.628+0000] {processor.py:830} INFO - Processing file /opt/airflow/dags/ecom.py for tasks to queue
[2025-12-24T21:59:37.629+0000] {logging_mixin.py:188} INFO - [2025-12-24T21:59:37.628+0000] {dagbag.py:538} INFO - Filling up the DagBag from /opt/airflow/dags/ecom.py
[2025-12-24T21:59:37.928+0000] {logging_mixin.py:188} INFO - [2025-12-24T21:59:37.922+0000] {dagbag.py:348} ERROR - Failed to import: /opt/airflow/dags/ecom.py
Traceback (most recent call last):
  File "/home/airflow/.local/lib/python3.8/site-packages/airflow/models/dagbag.py", line 344, in parse
    loader.exec_module(new_module)
  File "<frozen importlib._bootstrap_external>", line 843, in exec_module
  File "<frozen importlib._bootstrap>", line 219, in _call_with_frames_removed
  File "/opt/airflow/dags/ecom.py", line 112, in <module>
    python_callable = slack_call
NameError: name 'slack_call' is not defined
[2025-12-24T21:59:37.930+0000] {processor.py:842} WARNING - No viable dags retrieved from /opt/airflow/dags/ecom.py
[2025-12-24T21:59:37.953+0000] {processor.py:183} INFO - Processing /opt/airflow/dags/ecom.py took 0.330 seconds
[2025-12-24T21:59:47.043+0000] {processor.py:161} INFO - Started process (PID=43770) to work on /opt/airflow/dags/ecom.py
[2025-12-24T21:59:47.045+0000] {processor.py:830} INFO - Processing file /opt/airflow/dags/ecom.py for tasks to queue
[2025-12-24T21:59:47.046+0000] {logging_mixin.py:188} INFO - [2025-12-24T21:59:47.046+0000] {dagbag.py:538} INFO - Filling up the DagBag from /opt/airflow/dags/ecom.py
[2025-12-24T21:59:47.382+0000] {logging_mixin.py:188} INFO - [2025-12-24T21:59:47.378+0000] {dagbag.py:348} ERROR - Failed to import: /opt/airflow/dags/ecom.py
Traceback (most recent call last):
  File "/home/airflow/.local/lib/python3.8/site-packages/airflow/models/dagbag.py", line 344, in parse
    loader.exec_module(new_module)
  File "<frozen importlib._bootstrap_external>", line 843, in exec_module
  File "<frozen importlib._bootstrap>", line 219, in _call_with_frames_removed
  File "/opt/airflow/dags/ecom.py", line 114, in <module>
    python_callable = slack_call
NameError: name 'slack_call' is not defined
[2025-12-24T21:59:47.384+0000] {processor.py:842} WARNING - No viable dags retrieved from /opt/airflow/dags/ecom.py
[2025-12-24T21:59:47.404+0000] {processor.py:183} INFO - Processing /opt/airflow/dags/ecom.py took 0.366 seconds
[2025-12-24T21:59:54.579+0000] {processor.py:161} INFO - Started process (PID=43787) to work on /opt/airflow/dags/ecom.py
[2025-12-24T21:59:54.580+0000] {processor.py:830} INFO - Processing file /opt/airflow/dags/ecom.py for tasks to queue
[2025-12-24T21:59:54.581+0000] {logging_mixin.py:188} INFO - [2025-12-24T21:59:54.581+0000] {dagbag.py:538} INFO - Filling up the DagBag from /opt/airflow/dags/ecom.py
[2025-12-24T21:59:54.596+0000] {logging_mixin.py:188} INFO - [2025-12-24T21:59:54.596+0000] {dagbag.py:348} ERROR - Failed to import: /opt/airflow/dags/ecom.py
Traceback (most recent call last):
  File "/home/airflow/.local/lib/python3.8/site-packages/airflow/models/dagbag.py", line 344, in parse
    loader.exec_module(new_module)
  File "<frozen importlib._bootstrap_external>", line 839, in exec_module
  File "<frozen importlib._bootstrap_external>", line 976, in get_code
  File "<frozen importlib._bootstrap_external>", line 906, in source_to_code
  File "<frozen importlib._bootstrap>", line 219, in _call_with_frames_removed
  File "/opt/airflow/dags/ecom.py", line 84
    def slack_call()
                   ^
SyntaxError: invalid syntax
[2025-12-24T21:59:54.597+0000] {processor.py:842} WARNING - No viable dags retrieved from /opt/airflow/dags/ecom.py
[2025-12-24T21:59:54.617+0000] {processor.py:183} INFO - Processing /opt/airflow/dags/ecom.py took 0.042 seconds
[2025-12-24T21:59:59.129+0000] {processor.py:161} INFO - Started process (PID=43796) to work on /opt/airflow/dags/ecom.py
[2025-12-24T21:59:59.130+0000] {processor.py:830} INFO - Processing file /opt/airflow/dags/ecom.py for tasks to queue
[2025-12-24T21:59:59.131+0000] {logging_mixin.py:188} INFO - [2025-12-24T21:59:59.130+0000] {dagbag.py:538} INFO - Filling up the DagBag from /opt/airflow/dags/ecom.py
[2025-12-24T21:59:59.153+0000] {logging_mixin.py:188} INFO - [2025-12-24T21:59:59.152+0000] {dagbag.py:348} ERROR - Failed to import: /opt/airflow/dags/ecom.py
Traceback (most recent call last):
  File "/home/airflow/.local/lib/python3.8/site-packages/airflow/models/dagbag.py", line 344, in parse
    loader.exec_module(new_module)
  File "<frozen importlib._bootstrap_external>", line 839, in exec_module
  File "<frozen importlib._bootstrap_external>", line 976, in get_code
  File "<frozen importlib._bootstrap_external>", line 906, in source_to_code
  File "<frozen importlib._bootstrap>", line 219, in _call_with_frames_removed
  File "/opt/airflow/dags/ecom.py", line 84
    def slack_call(ti)
                     ^
SyntaxError: invalid syntax
[2025-12-24T21:59:59.154+0000] {processor.py:842} WARNING - No viable dags retrieved from /opt/airflow/dags/ecom.py
[2025-12-24T21:59:59.175+0000] {processor.py:183} INFO - Processing /opt/airflow/dags/ecom.py took 0.050 seconds
[2025-12-24T22:00:01.236+0000] {processor.py:161} INFO - Started process (PID=43798) to work on /opt/airflow/dags/ecom.py
[2025-12-24T22:00:01.237+0000] {processor.py:830} INFO - Processing file /opt/airflow/dags/ecom.py for tasks to queue
[2025-12-24T22:00:01.238+0000] {logging_mixin.py:188} INFO - [2025-12-24T22:00:01.238+0000] {dagbag.py:538} INFO - Filling up the DagBag from /opt/airflow/dags/ecom.py
[2025-12-24T22:00:01.253+0000] {logging_mixin.py:188} INFO - [2025-12-24T22:00:01.253+0000] {dagbag.py:348} ERROR - Failed to import: /opt/airflow/dags/ecom.py
Traceback (most recent call last):
  File "/home/airflow/.local/lib/python3.8/site-packages/airflow/models/dagbag.py", line 344, in parse
    loader.exec_module(new_module)
  File "<frozen importlib._bootstrap_external>", line 839, in exec_module
  File "<frozen importlib._bootstrap_external>", line 976, in get_code
  File "<frozen importlib._bootstrap_external>", line 906, in source_to_code
  File "<frozen importlib._bootstrap>", line 219, in _call_with_frames_removed
  File "/opt/airflow/dags/ecom.py", line 86
    with DAG(
    ^
IndentationError: expected an indented block
[2025-12-24T22:00:01.254+0000] {processor.py:842} WARNING - No viable dags retrieved from /opt/airflow/dags/ecom.py
[2025-12-24T22:00:01.278+0000] {processor.py:183} INFO - Processing /opt/airflow/dags/ecom.py took 0.046 seconds
[2025-12-24T22:00:16.817+0000] {processor.py:161} INFO - Started process (PID=43832) to work on /opt/airflow/dags/ecom.py
[2025-12-24T22:00:16.818+0000] {processor.py:830} INFO - Processing file /opt/airflow/dags/ecom.py for tasks to queue
[2025-12-24T22:00:16.819+0000] {logging_mixin.py:188} INFO - [2025-12-24T22:00:16.819+0000] {dagbag.py:538} INFO - Filling up the DagBag from /opt/airflow/dags/ecom.py
[2025-12-24T22:00:16.840+0000] {logging_mixin.py:188} INFO - [2025-12-24T22:00:16.839+0000] {dagbag.py:348} ERROR - Failed to import: /opt/airflow/dags/ecom.py
Traceback (most recent call last):
  File "/home/airflow/.local/lib/python3.8/site-packages/airflow/models/dagbag.py", line 344, in parse
    loader.exec_module(new_module)
  File "<frozen importlib._bootstrap_external>", line 839, in exec_module
  File "<frozen importlib._bootstrap_external>", line 976, in get_code
  File "<frozen importlib._bootstrap_external>", line 906, in source_to_code
  File "<frozen importlib._bootstrap>", line 219, in _call_with_frames_removed
  File "/opt/airflow/dags/ecom.py", line 60
    try
      ^
SyntaxError: invalid syntax
[2025-12-24T22:00:16.841+0000] {processor.py:842} WARNING - No viable dags retrieved from /opt/airflow/dags/ecom.py
[2025-12-24T22:00:16.863+0000] {processor.py:183} INFO - Processing /opt/airflow/dags/ecom.py took 0.050 seconds
[2025-12-24T22:00:20.246+0000] {processor.py:161} INFO - Started process (PID=43837) to work on /opt/airflow/dags/ecom.py
[2025-12-24T22:00:20.247+0000] {processor.py:830} INFO - Processing file /opt/airflow/dags/ecom.py for tasks to queue
[2025-12-24T22:00:20.248+0000] {logging_mixin.py:188} INFO - [2025-12-24T22:00:20.248+0000] {dagbag.py:538} INFO - Filling up the DagBag from /opt/airflow/dags/ecom.py
[2025-12-24T22:00:20.271+0000] {logging_mixin.py:188} INFO - [2025-12-24T22:00:20.269+0000] {dagbag.py:348} ERROR - Failed to import: /opt/airflow/dags/ecom.py
Traceback (most recent call last):
  File "/home/airflow/.local/lib/python3.8/site-packages/airflow/models/dagbag.py", line 344, in parse
    loader.exec_module(new_module)
  File "<frozen importlib._bootstrap_external>", line 839, in exec_module
  File "<frozen importlib._bootstrap_external>", line 976, in get_code
  File "<frozen importlib._bootstrap_external>", line 906, in source_to_code
  File "<frozen importlib._bootstrap>", line 219, in _call_with_frames_removed
  File "/opt/airflow/dags/ecom.py", line 60
    try
      ^
SyntaxError: invalid syntax
[2025-12-24T22:00:20.272+0000] {processor.py:842} WARNING - No viable dags retrieved from /opt/airflow/dags/ecom.py
[2025-12-24T22:00:20.293+0000] {processor.py:183} INFO - Processing /opt/airflow/dags/ecom.py took 0.050 seconds
[2025-12-24T22:00:21.297+0000] {processor.py:161} INFO - Started process (PID=43838) to work on /opt/airflow/dags/ecom.py
[2025-12-24T22:00:21.299+0000] {processor.py:830} INFO - Processing file /opt/airflow/dags/ecom.py for tasks to queue
[2025-12-24T22:00:21.300+0000] {logging_mixin.py:188} INFO - [2025-12-24T22:00:21.300+0000] {dagbag.py:538} INFO - Filling up the DagBag from /opt/airflow/dags/ecom.py
[2025-12-24T22:00:21.327+0000] {logging_mixin.py:188} INFO - [2025-12-24T22:00:21.326+0000] {dagbag.py:348} ERROR - Failed to import: /opt/airflow/dags/ecom.py
Traceback (most recent call last):
  File "/home/airflow/.local/lib/python3.8/site-packages/airflow/models/dagbag.py", line 344, in parse
    loader.exec_module(new_module)
  File "<frozen importlib._bootstrap_external>", line 839, in exec_module
  File "<frozen importlib._bootstrap_external>", line 976, in get_code
  File "<frozen importlib._bootstrap_external>", line 906, in source_to_code
  File "<frozen importlib._bootstrap>", line 219, in _call_with_frames_removed
  File "/opt/airflow/dags/ecom.py", line 62
    s3_key = ti.xcom_pull(key='s3_key_file', task_ids="transform_task")
    ^
IndentationError: expected an indented block
[2025-12-24T22:00:21.328+0000] {processor.py:842} WARNING - No viable dags retrieved from /opt/airflow/dags/ecom.py
[2025-12-24T22:00:21.357+0000] {processor.py:183} INFO - Processing /opt/airflow/dags/ecom.py took 0.064 seconds
[2025-12-24T22:00:26.209+0000] {processor.py:161} INFO - Started process (PID=43850) to work on /opt/airflow/dags/ecom.py
[2025-12-24T22:00:26.211+0000] {processor.py:830} INFO - Processing file /opt/airflow/dags/ecom.py for tasks to queue
[2025-12-24T22:00:26.212+0000] {logging_mixin.py:188} INFO - [2025-12-24T22:00:26.212+0000] {dagbag.py:538} INFO - Filling up the DagBag from /opt/airflow/dags/ecom.py
[2025-12-24T22:00:26.235+0000] {logging_mixin.py:188} INFO - [2025-12-24T22:00:26.234+0000] {dagbag.py:348} ERROR - Failed to import: /opt/airflow/dags/ecom.py
Traceback (most recent call last):
  File "/home/airflow/.local/lib/python3.8/site-packages/airflow/models/dagbag.py", line 344, in parse
    loader.exec_module(new_module)
  File "<frozen importlib._bootstrap_external>", line 839, in exec_module
  File "<frozen importlib._bootstrap_external>", line 976, in get_code
  File "<frozen importlib._bootstrap_external>", line 906, in source_to_code
  File "<frozen importlib._bootstrap>", line 219, in _call_with_frames_removed
  File "/opt/airflow/dags/ecom.py", line 86
    def slack_call(ti):
                      ^
IndentationError: unexpected unindent
[2025-12-24T22:00:26.236+0000] {processor.py:842} WARNING - No viable dags retrieved from /opt/airflow/dags/ecom.py
[2025-12-24T22:00:26.264+0000] {processor.py:183} INFO - Processing /opt/airflow/dags/ecom.py took 0.059 seconds
[2025-12-24T22:00:29.803+0000] {processor.py:161} INFO - Started process (PID=43859) to work on /opt/airflow/dags/ecom.py
[2025-12-24T22:00:29.805+0000] {processor.py:830} INFO - Processing file /opt/airflow/dags/ecom.py for tasks to queue
[2025-12-24T22:00:29.806+0000] {logging_mixin.py:188} INFO - [2025-12-24T22:00:29.806+0000] {dagbag.py:538} INFO - Filling up the DagBag from /opt/airflow/dags/ecom.py
[2025-12-24T22:00:29.826+0000] {logging_mixin.py:188} INFO - [2025-12-24T22:00:29.825+0000] {dagbag.py:348} ERROR - Failed to import: /opt/airflow/dags/ecom.py
Traceback (most recent call last):
  File "/home/airflow/.local/lib/python3.8/site-packages/airflow/models/dagbag.py", line 344, in parse
    loader.exec_module(new_module)
  File "<frozen importlib._bootstrap_external>", line 839, in exec_module
  File "<frozen importlib._bootstrap_external>", line 976, in get_code
  File "<frozen importlib._bootstrap_external>", line 906, in source_to_code
  File "<frozen importlib._bootstrap>", line 219, in _call_with_frames_removed
  File "/opt/airflow/dags/ecom.py", line 86
    def slack_call(ti):
                      ^
IndentationError: unexpected unindent
[2025-12-24T22:00:29.827+0000] {processor.py:842} WARNING - No viable dags retrieved from /opt/airflow/dags/ecom.py
[2025-12-24T22:00:29.847+0000] {processor.py:183} INFO - Processing /opt/airflow/dags/ecom.py took 0.047 seconds
[2025-12-24T22:00:33.044+0000] {processor.py:161} INFO - Started process (PID=43862) to work on /opt/airflow/dags/ecom.py
[2025-12-24T22:00:33.045+0000] {processor.py:830} INFO - Processing file /opt/airflow/dags/ecom.py for tasks to queue
[2025-12-24T22:00:33.047+0000] {logging_mixin.py:188} INFO - [2025-12-24T22:00:33.046+0000] {dagbag.py:538} INFO - Filling up the DagBag from /opt/airflow/dags/ecom.py
[2025-12-24T22:00:33.067+0000] {logging_mixin.py:188} INFO - [2025-12-24T22:00:33.066+0000] {dagbag.py:348} ERROR - Failed to import: /opt/airflow/dags/ecom.py
Traceback (most recent call last):
  File "/home/airflow/.local/lib/python3.8/site-packages/airflow/models/dagbag.py", line 344, in parse
    loader.exec_module(new_module)
  File "<frozen importlib._bootstrap_external>", line 839, in exec_module
  File "<frozen importlib._bootstrap_external>", line 976, in get_code
  File "<frozen importlib._bootstrap_external>", line 906, in source_to_code
  File "<frozen importlib._bootstrap>", line 219, in _call_with_frames_removed
  File "/opt/airflow/dags/ecom.py", line 85
    Exc
    ^
SyntaxError: invalid syntax
[2025-12-24T22:00:33.067+0000] {processor.py:842} WARNING - No viable dags retrieved from /opt/airflow/dags/ecom.py
[2025-12-24T22:00:33.098+0000] {processor.py:183} INFO - Processing /opt/airflow/dags/ecom.py took 0.058 seconds
[2025-12-24T22:00:36.919+0000] {processor.py:161} INFO - Started process (PID=43873) to work on /opt/airflow/dags/ecom.py
[2025-12-24T22:00:36.921+0000] {processor.py:830} INFO - Processing file /opt/airflow/dags/ecom.py for tasks to queue
[2025-12-24T22:00:36.924+0000] {logging_mixin.py:188} INFO - [2025-12-24T22:00:36.923+0000] {dagbag.py:538} INFO - Filling up the DagBag from /opt/airflow/dags/ecom.py
[2025-12-24T22:00:36.949+0000] {logging_mixin.py:188} INFO - [2025-12-24T22:00:36.948+0000] {dagbag.py:348} ERROR - Failed to import: /opt/airflow/dags/ecom.py
Traceback (most recent call last):
  File "/home/airflow/.local/lib/python3.8/site-packages/airflow/models/dagbag.py", line 344, in parse
    loader.exec_module(new_module)
  File "<frozen importlib._bootstrap_external>", line 839, in exec_module
  File "<frozen importlib._bootstrap_external>", line 976, in get_code
  File "<frozen importlib._bootstrap_external>", line 906, in source_to_code
  File "<frozen importlib._bootstrap>", line 219, in _call_with_frames_removed
  File "/opt/airflow/dags/ecom.py", line 85
    except
         ^
SyntaxError: invalid syntax
[2025-12-24T22:00:36.950+0000] {processor.py:842} WARNING - No viable dags retrieved from /opt/airflow/dags/ecom.py
[2025-12-24T22:00:36.979+0000] {processor.py:183} INFO - Processing /opt/airflow/dags/ecom.py took 0.066 seconds
[2025-12-24T22:00:42.064+0000] {processor.py:161} INFO - Started process (PID=43881) to work on /opt/airflow/dags/ecom.py
[2025-12-24T22:00:42.066+0000] {processor.py:830} INFO - Processing file /opt/airflow/dags/ecom.py for tasks to queue
[2025-12-24T22:00:42.068+0000] {logging_mixin.py:188} INFO - [2025-12-24T22:00:42.067+0000] {dagbag.py:538} INFO - Filling up the DagBag from /opt/airflow/dags/ecom.py
[2025-12-24T22:00:42.091+0000] {logging_mixin.py:188} INFO - [2025-12-24T22:00:42.090+0000] {dagbag.py:348} ERROR - Failed to import: /opt/airflow/dags/ecom.py
Traceback (most recent call last):
  File "/home/airflow/.local/lib/python3.8/site-packages/airflow/models/dagbag.py", line 344, in parse
    loader.exec_module(new_module)
  File "<frozen importlib._bootstrap_external>", line 839, in exec_module
  File "<frozen importlib._bootstrap_external>", line 976, in get_code
  File "<frozen importlib._bootstrap_external>", line 906, in source_to_code
  File "<frozen importlib._bootstrap>", line 219, in _call_with_frames_removed
  File "/opt/airflow/dags/ecom.py", line 85
    except
          ^
SyntaxError: invalid syntax
[2025-12-24T22:00:42.091+0000] {processor.py:842} WARNING - No viable dags retrieved from /opt/airflow/dags/ecom.py
[2025-12-24T22:00:42.118+0000] {processor.py:183} INFO - Processing /opt/airflow/dags/ecom.py took 0.059 seconds
[2025-12-24T22:00:45.486+0000] {processor.py:161} INFO - Started process (PID=43886) to work on /opt/airflow/dags/ecom.py
[2025-12-24T22:00:45.488+0000] {processor.py:830} INFO - Processing file /opt/airflow/dags/ecom.py for tasks to queue
[2025-12-24T22:00:45.489+0000] {logging_mixin.py:188} INFO - [2025-12-24T22:00:45.489+0000] {dagbag.py:538} INFO - Filling up the DagBag from /opt/airflow/dags/ecom.py
[2025-12-24T22:00:45.516+0000] {logging_mixin.py:188} INFO - [2025-12-24T22:00:45.515+0000] {dagbag.py:348} ERROR - Failed to import: /opt/airflow/dags/ecom.py
Traceback (most recent call last):
  File "/home/airflow/.local/lib/python3.8/site-packages/airflow/models/dagbag.py", line 344, in parse
    loader.exec_module(new_module)
  File "<frozen importlib._bootstrap_external>", line 839, in exec_module
  File "<frozen importlib._bootstrap_external>", line 976, in get_code
  File "<frozen importlib._bootstrap_external>", line 906, in source_to_code
  File "<frozen importlib._bootstrap>", line 219, in _call_with_frames_removed
  File "/opt/airflow/dags/ecom.py", line 87
    def slack_call(ti):
                      ^
IndentationError: expected an indented block
[2025-12-24T22:00:45.517+0000] {processor.py:842} WARNING - No viable dags retrieved from /opt/airflow/dags/ecom.py
[2025-12-24T22:00:45.542+0000] {processor.py:183} INFO - Processing /opt/airflow/dags/ecom.py took 0.062 seconds
[2025-12-24T22:00:50.550+0000] {processor.py:161} INFO - Started process (PID=43902) to work on /opt/airflow/dags/ecom.py
[2025-12-24T22:00:50.552+0000] {processor.py:830} INFO - Processing file /opt/airflow/dags/ecom.py for tasks to queue
[2025-12-24T22:00:50.554+0000] {logging_mixin.py:188} INFO - [2025-12-24T22:00:50.554+0000] {dagbag.py:538} INFO - Filling up the DagBag from /opt/airflow/dags/ecom.py
[2025-12-24T22:00:50.582+0000] {logging_mixin.py:188} INFO - [2025-12-24T22:00:50.581+0000] {dagbag.py:348} ERROR - Failed to import: /opt/airflow/dags/ecom.py
Traceback (most recent call last):
  File "/home/airflow/.local/lib/python3.8/site-packages/airflow/models/dagbag.py", line 344, in parse
    loader.exec_module(new_module)
  File "<frozen importlib._bootstrap_external>", line 839, in exec_module
  File "<frozen importlib._bootstrap_external>", line 976, in get_code
  File "<frozen importlib._bootstrap_external>", line 906, in source_to_code
  File "<frozen importlib._bootstrap>", line 219, in _call_with_frames_removed
  File "/opt/airflow/dags/ecom.py", line 88
    def slack_call(ti):
                      ^
IndentationError: expected an indented block
[2025-12-24T22:00:50.583+0000] {processor.py:842} WARNING - No viable dags retrieved from /opt/airflow/dags/ecom.py
[2025-12-24T22:00:50.615+0000] {processor.py:183} INFO - Processing /opt/airflow/dags/ecom.py took 0.074 seconds
[2025-12-24T22:00:51.597+0000] {processor.py:161} INFO - Started process (PID=43903) to work on /opt/airflow/dags/ecom.py
[2025-12-24T22:00:51.599+0000] {processor.py:830} INFO - Processing file /opt/airflow/dags/ecom.py for tasks to queue
[2025-12-24T22:00:51.600+0000] {logging_mixin.py:188} INFO - [2025-12-24T22:00:51.600+0000] {dagbag.py:538} INFO - Filling up the DagBag from /opt/airflow/dags/ecom.py
[2025-12-24T22:00:51.621+0000] {logging_mixin.py:188} INFO - [2025-12-24T22:00:51.619+0000] {dagbag.py:348} ERROR - Failed to import: /opt/airflow/dags/ecom.py
Traceback (most recent call last):
  File "/home/airflow/.local/lib/python3.8/site-packages/airflow/models/dagbag.py", line 344, in parse
    loader.exec_module(new_module)
  File "<frozen importlib._bootstrap_external>", line 839, in exec_module
  File "<frozen importlib._bootstrap_external>", line 976, in get_code
  File "<frozen importlib._bootstrap_external>", line 906, in source_to_code
  File "<frozen importlib._bootstrap>", line 219, in _call_with_frames_removed
  File "/opt/airflow/dags/ecom.py", line 88
    def slack_call(ti):
                      ^
IndentationError: expected an indented block
[2025-12-24T22:00:51.621+0000] {processor.py:842} WARNING - No viable dags retrieved from /opt/airflow/dags/ecom.py
[2025-12-24T22:00:51.661+0000] {processor.py:183} INFO - Processing /opt/airflow/dags/ecom.py took 0.072 seconds
[2025-12-24T22:00:56.548+0000] {processor.py:161} INFO - Started process (PID=43915) to work on /opt/airflow/dags/ecom.py
[2025-12-24T22:00:56.550+0000] {processor.py:830} INFO - Processing file /opt/airflow/dags/ecom.py for tasks to queue
[2025-12-24T22:00:56.552+0000] {logging_mixin.py:188} INFO - [2025-12-24T22:00:56.552+0000] {dagbag.py:538} INFO - Filling up the DagBag from /opt/airflow/dags/ecom.py
[2025-12-24T22:00:56.624+0000] {logging_mixin.py:188} INFO - [2025-12-24T22:00:56.623+0000] {dagbag.py:348} ERROR - Failed to import: /opt/airflow/dags/ecom.py
Traceback (most recent call last):
  File "/home/airflow/.local/lib/python3.8/site-packages/airflow/models/dagbag.py", line 344, in parse
    loader.exec_module(new_module)
  File "<frozen importlib._bootstrap_external>", line 839, in exec_module
  File "<frozen importlib._bootstrap_external>", line 976, in get_code
  File "<frozen importlib._bootstrap_external>", line 906, in source_to_code
  File "<frozen importlib._bootstrap>", line 219, in _call_with_frames_removed
  File "/opt/airflow/dags/ecom.py", line 85
    ti.
      ^
SyntaxError: invalid syntax
[2025-12-24T22:00:56.625+0000] {processor.py:842} WARNING - No viable dags retrieved from /opt/airflow/dags/ecom.py
[2025-12-24T22:00:56.756+0000] {processor.py:183} INFO - Processing /opt/airflow/dags/ecom.py took 0.213 seconds
[2025-12-24T22:00:59.224+0000] {processor.py:161} INFO - Started process (PID=43924) to work on /opt/airflow/dags/ecom.py
[2025-12-24T22:00:59.225+0000] {processor.py:830} INFO - Processing file /opt/airflow/dags/ecom.py for tasks to queue
[2025-12-24T22:00:59.227+0000] {logging_mixin.py:188} INFO - [2025-12-24T22:00:59.226+0000] {dagbag.py:538} INFO - Filling up the DagBag from /opt/airflow/dags/ecom.py
[2025-12-24T22:00:59.248+0000] {logging_mixin.py:188} INFO - [2025-12-24T22:00:59.247+0000] {dagbag.py:348} ERROR - Failed to import: /opt/airflow/dags/ecom.py
Traceback (most recent call last):
  File "/home/airflow/.local/lib/python3.8/site-packages/airflow/models/dagbag.py", line 344, in parse
    loader.exec_module(new_module)
  File "<frozen importlib._bootstrap_external>", line 839, in exec_module
  File "<frozen importlib._bootstrap_external>", line 976, in get_code
  File "<frozen importlib._bootstrap_external>", line 906, in source_to_code
  File "<frozen importlib._bootstrap>", line 219, in _call_with_frames_removed
  File "/opt/airflow/dags/ecom.py", line 88
    def slack_call(ti):
                      ^
IndentationError: expected an indented block
[2025-12-24T22:00:59.249+0000] {processor.py:842} WARNING - No viable dags retrieved from /opt/airflow/dags/ecom.py
[2025-12-24T22:00:59.273+0000] {processor.py:183} INFO - Processing /opt/airflow/dags/ecom.py took 0.055 seconds
[2025-12-24T22:01:00.284+0000] {processor.py:161} INFO - Started process (PID=43925) to work on /opt/airflow/dags/ecom.py
[2025-12-24T22:01:00.286+0000] {processor.py:830} INFO - Processing file /opt/airflow/dags/ecom.py for tasks to queue
[2025-12-24T22:01:00.287+0000] {logging_mixin.py:188} INFO - [2025-12-24T22:01:00.287+0000] {dagbag.py:538} INFO - Filling up the DagBag from /opt/airflow/dags/ecom.py
[2025-12-24T22:01:00.303+0000] {logging_mixin.py:188} INFO - [2025-12-24T22:01:00.302+0000] {dagbag.py:348} ERROR - Failed to import: /opt/airflow/dags/ecom.py
Traceback (most recent call last):
  File "/home/airflow/.local/lib/python3.8/site-packages/airflow/models/dagbag.py", line 344, in parse
    loader.exec_module(new_module)
  File "<frozen importlib._bootstrap_external>", line 839, in exec_module
  File "<frozen importlib._bootstrap_external>", line 976, in get_code
  File "<frozen importlib._bootstrap_external>", line 906, in source_to_code
  File "<frozen importlib._bootstrap>", line 219, in _call_with_frames_removed
  File "/opt/airflow/dags/ecom.py", line 88
    def slack_call(ti):
                      ^
IndentationError: expected an indented block
[2025-12-24T22:01:00.303+0000] {processor.py:842} WARNING - No viable dags retrieved from /opt/airflow/dags/ecom.py
[2025-12-24T22:01:00.323+0000] {processor.py:183} INFO - Processing /opt/airflow/dags/ecom.py took 0.043 seconds
[2025-12-24T22:01:05.604+0000] {processor.py:161} INFO - Started process (PID=43928) to work on /opt/airflow/dags/ecom.py
[2025-12-24T22:01:05.766+0000] {processor.py:830} INFO - Processing file /opt/airflow/dags/ecom.py for tasks to queue
[2025-12-24T22:01:05.780+0000] {logging_mixin.py:188} INFO - [2025-12-24T22:01:05.779+0000] {dagbag.py:538} INFO - Filling up the DagBag from /opt/airflow/dags/ecom.py
[2025-12-24T22:01:05.917+0000] {logging_mixin.py:188} INFO - [2025-12-24T22:01:05.904+0000] {dagbag.py:348} ERROR - Failed to import: /opt/airflow/dags/ecom.py
Traceback (most recent call last):
  File "/home/airflow/.local/lib/python3.8/site-packages/airflow/models/dagbag.py", line 344, in parse
    loader.exec_module(new_module)
  File "<frozen importlib._bootstrap_external>", line 839, in exec_module
  File "<frozen importlib._bootstrap_external>", line 976, in get_code
  File "<frozen importlib._bootstrap_external>", line 906, in source_to_code
  File "<frozen importlib._bootstrap>", line 219, in _call_with_frames_removed
  File "/opt/airflow/dags/ecom.py", line 88
    def slack_call(ti):
                      ^
IndentationError: expected an indented block
[2025-12-24T22:01:05.921+0000] {processor.py:842} WARNING - No viable dags retrieved from /opt/airflow/dags/ecom.py
[2025-12-24T22:01:06.293+0000] {processor.py:183} INFO - Processing /opt/airflow/dags/ecom.py took 0.741 seconds
[2025-12-24T22:01:07.429+0000] {processor.py:161} INFO - Started process (PID=43939) to work on /opt/airflow/dags/ecom.py
[2025-12-24T22:01:07.430+0000] {processor.py:830} INFO - Processing file /opt/airflow/dags/ecom.py for tasks to queue
[2025-12-24T22:01:07.432+0000] {logging_mixin.py:188} INFO - [2025-12-24T22:01:07.432+0000] {dagbag.py:538} INFO - Filling up the DagBag from /opt/airflow/dags/ecom.py
[2025-12-24T22:01:07.454+0000] {logging_mixin.py:188} INFO - [2025-12-24T22:01:07.453+0000] {dagbag.py:348} ERROR - Failed to import: /opt/airflow/dags/ecom.py
Traceback (most recent call last):
  File "/home/airflow/.local/lib/python3.8/site-packages/airflow/models/dagbag.py", line 344, in parse
    loader.exec_module(new_module)
  File "<frozen importlib._bootstrap_external>", line 839, in exec_module
  File "<frozen importlib._bootstrap_external>", line 976, in get_code
  File "<frozen importlib._bootstrap_external>", line 906, in source_to_code
  File "<frozen importlib._bootstrap>", line 219, in _call_with_frames_removed
  File "/opt/airflow/dags/ecom.py", line 88
    def slack_call(ti):
                      ^
IndentationError: expected an indented block
[2025-12-24T22:01:07.455+0000] {processor.py:842} WARNING - No viable dags retrieved from /opt/airflow/dags/ecom.py
[2025-12-24T22:01:07.482+0000] {processor.py:183} INFO - Processing /opt/airflow/dags/ecom.py took 0.058 seconds
[2025-12-24T22:01:10.566+0000] {processor.py:161} INFO - Started process (PID=43947) to work on /opt/airflow/dags/ecom.py
[2025-12-24T22:01:10.568+0000] {processor.py:830} INFO - Processing file /opt/airflow/dags/ecom.py for tasks to queue
[2025-12-24T22:01:10.569+0000] {logging_mixin.py:188} INFO - [2025-12-24T22:01:10.569+0000] {dagbag.py:538} INFO - Filling up the DagBag from /opt/airflow/dags/ecom.py
[2025-12-24T22:01:10.592+0000] {logging_mixin.py:188} INFO - [2025-12-24T22:01:10.591+0000] {dagbag.py:348} ERROR - Failed to import: /opt/airflow/dags/ecom.py
Traceback (most recent call last):
  File "/home/airflow/.local/lib/python3.8/site-packages/airflow/models/dagbag.py", line 344, in parse
    loader.exec_module(new_module)
  File "<frozen importlib._bootstrap_external>", line 839, in exec_module
  File "<frozen importlib._bootstrap_external>", line 976, in get_code
  File "<frozen importlib._bootstrap_external>", line 906, in source_to_code
  File "<frozen importlib._bootstrap>", line 219, in _call_with_frames_removed
  File "/opt/airflow/dags/ecom.py", line 88
    def slack_call(ti):
                      ^
IndentationError: expected an indented block
[2025-12-24T22:01:10.593+0000] {processor.py:842} WARNING - No viable dags retrieved from /opt/airflow/dags/ecom.py
[2025-12-24T22:01:10.620+0000] {processor.py:183} INFO - Processing /opt/airflow/dags/ecom.py took 0.058 seconds
[2025-12-24T22:01:12.597+0000] {processor.py:161} INFO - Started process (PID=43948) to work on /opt/airflow/dags/ecom.py
[2025-12-24T22:01:12.599+0000] {processor.py:830} INFO - Processing file /opt/airflow/dags/ecom.py for tasks to queue
[2025-12-24T22:01:12.600+0000] {logging_mixin.py:188} INFO - [2025-12-24T22:01:12.599+0000] {dagbag.py:538} INFO - Filling up the DagBag from /opt/airflow/dags/ecom.py
[2025-12-24T22:01:12.618+0000] {logging_mixin.py:188} INFO - [2025-12-24T22:01:12.617+0000] {dagbag.py:348} ERROR - Failed to import: /opt/airflow/dags/ecom.py
Traceback (most recent call last):
  File "/home/airflow/.local/lib/python3.8/site-packages/airflow/models/dagbag.py", line 344, in parse
    loader.exec_module(new_module)
  File "<frozen importlib._bootstrap_external>", line 839, in exec_module
  File "<frozen importlib._bootstrap_external>", line 976, in get_code
  File "<frozen importlib._bootstrap_external>", line 906, in source_to_code
  File "<frozen importlib._bootstrap>", line 219, in _call_with_frames_removed
  File "/opt/airflow/dags/ecom.py", line 88
    def slack_call(ti):
                      ^
IndentationError: expected an indented block
[2025-12-24T22:01:12.618+0000] {processor.py:842} WARNING - No viable dags retrieved from /opt/airflow/dags/ecom.py
[2025-12-24T22:01:12.646+0000] {processor.py:183} INFO - Processing /opt/airflow/dags/ecom.py took 0.056 seconds
[2025-12-24T22:01:17.126+0000] {processor.py:161} INFO - Started process (PID=43953) to work on /opt/airflow/dags/ecom.py
[2025-12-24T22:01:17.128+0000] {processor.py:830} INFO - Processing file /opt/airflow/dags/ecom.py for tasks to queue
[2025-12-24T22:01:17.130+0000] {logging_mixin.py:188} INFO - [2025-12-24T22:01:17.129+0000] {dagbag.py:538} INFO - Filling up the DagBag from /opt/airflow/dags/ecom.py
[2025-12-24T22:01:17.152+0000] {logging_mixin.py:188} INFO - [2025-12-24T22:01:17.151+0000] {dagbag.py:348} ERROR - Failed to import: /opt/airflow/dags/ecom.py
Traceback (most recent call last):
  File "/home/airflow/.local/lib/python3.8/site-packages/airflow/models/dagbag.py", line 344, in parse
    loader.exec_module(new_module)
  File "<frozen importlib._bootstrap_external>", line 839, in exec_module
  File "<frozen importlib._bootstrap_external>", line 976, in get_code
  File "<frozen importlib._bootstrap_external>", line 906, in source_to_code
  File "<frozen importlib._bootstrap>", line 219, in _call_with_frames_removed
  File "/opt/airflow/dags/ecom.py", line 88
    def slack_call(ti):
                      ^
IndentationError: expected an indented block
[2025-12-24T22:01:17.153+0000] {processor.py:842} WARNING - No viable dags retrieved from /opt/airflow/dags/ecom.py
[2025-12-24T22:01:17.205+0000] {processor.py:183} INFO - Processing /opt/airflow/dags/ecom.py took 0.084 seconds
[2025-12-24T22:01:21.706+0000] {processor.py:161} INFO - Started process (PID=43969) to work on /opt/airflow/dags/ecom.py
[2025-12-24T22:01:21.707+0000] {processor.py:830} INFO - Processing file /opt/airflow/dags/ecom.py for tasks to queue
[2025-12-24T22:01:21.708+0000] {logging_mixin.py:188} INFO - [2025-12-24T22:01:21.708+0000] {dagbag.py:538} INFO - Filling up the DagBag from /opt/airflow/dags/ecom.py
[2025-12-24T22:01:21.724+0000] {logging_mixin.py:188} INFO - [2025-12-24T22:01:21.723+0000] {dagbag.py:348} ERROR - Failed to import: /opt/airflow/dags/ecom.py
Traceback (most recent call last):
  File "/home/airflow/.local/lib/python3.8/site-packages/airflow/models/dagbag.py", line 344, in parse
    loader.exec_module(new_module)
  File "<frozen importlib._bootstrap_external>", line 839, in exec_module
  File "<frozen importlib._bootstrap_external>", line 976, in get_code
  File "<frozen importlib._bootstrap_external>", line 906, in source_to_code
  File "<frozen importlib._bootstrap>", line 219, in _call_with_frames_removed
  File "/opt/airflow/dags/ecom.py", line 85
    ti.xcom_load(key= "status", value = )
                                        ^
SyntaxError: invalid syntax
[2025-12-24T22:01:21.725+0000] {processor.py:842} WARNING - No viable dags retrieved from /opt/airflow/dags/ecom.py
[2025-12-24T22:01:21.842+0000] {processor.py:183} INFO - Processing /opt/airflow/dags/ecom.py took 0.140 seconds
[2025-12-24T22:01:32.768+0000] {processor.py:161} INFO - Started process (PID=43991) to work on /opt/airflow/dags/ecom.py
[2025-12-24T22:01:32.769+0000] {processor.py:830} INFO - Processing file /opt/airflow/dags/ecom.py for tasks to queue
[2025-12-24T22:01:32.770+0000] {logging_mixin.py:188} INFO - [2025-12-24T22:01:32.770+0000] {dagbag.py:538} INFO - Filling up the DagBag from /opt/airflow/dags/ecom.py
[2025-12-24T22:01:32.785+0000] {logging_mixin.py:188} INFO - [2025-12-24T22:01:32.784+0000] {dagbag.py:348} ERROR - Failed to import: /opt/airflow/dags/ecom.py
Traceback (most recent call last):
  File "/home/airflow/.local/lib/python3.8/site-packages/airflow/models/dagbag.py", line 344, in parse
    loader.exec_module(new_module)
  File "<frozen importlib._bootstrap_external>", line 839, in exec_module
  File "<frozen importlib._bootstrap_external>", line 976, in get_code
  File "<frozen importlib._bootstrap_external>", line 906, in source_to_code
  File "<frozen importlib._bootstrap>", line 219, in _call_with_frames_removed
  File "/opt/airflow/dags/ecom.py", line 88
    def slack_call(ti):
                      ^
IndentationError: expected an indented block
[2025-12-24T22:01:32.786+0000] {processor.py:842} WARNING - No viable dags retrieved from /opt/airflow/dags/ecom.py
[2025-12-24T22:01:32.807+0000] {processor.py:183} INFO - Processing /opt/airflow/dags/ecom.py took 0.043 seconds
[2025-12-24T22:01:35.991+0000] {processor.py:161} INFO - Started process (PID=43992) to work on /opt/airflow/dags/ecom.py
[2025-12-24T22:01:35.999+0000] {processor.py:830} INFO - Processing file /opt/airflow/dags/ecom.py for tasks to queue
[2025-12-24T22:01:36.001+0000] {logging_mixin.py:188} INFO - [2025-12-24T22:01:36.000+0000] {dagbag.py:538} INFO - Filling up the DagBag from /opt/airflow/dags/ecom.py
[2025-12-24T22:01:36.035+0000] {logging_mixin.py:188} INFO - [2025-12-24T22:01:36.033+0000] {dagbag.py:348} ERROR - Failed to import: /opt/airflow/dags/ecom.py
Traceback (most recent call last):
  File "/home/airflow/.local/lib/python3.8/site-packages/airflow/models/dagbag.py", line 344, in parse
    loader.exec_module(new_module)
  File "<frozen importlib._bootstrap_external>", line 839, in exec_module
  File "<frozen importlib._bootstrap_external>", line 976, in get_code
  File "<frozen importlib._bootstrap_external>", line 906, in source_to_code
  File "<frozen importlib._bootstrap>", line 219, in _call_with_frames_removed
  File "/opt/airflow/dags/ecom.py", line 88
    def slack_call(ti):
                      ^
IndentationError: expected an indented block
[2025-12-24T22:01:36.035+0000] {processor.py:842} WARNING - No viable dags retrieved from /opt/airflow/dags/ecom.py
[2025-12-24T22:01:36.083+0000] {processor.py:183} INFO - Processing /opt/airflow/dags/ecom.py took 0.105 seconds
[2025-12-24T22:01:37.895+0000] {processor.py:161} INFO - Started process (PID=44002) to work on /opt/airflow/dags/ecom.py
[2025-12-24T22:01:37.896+0000] {processor.py:830} INFO - Processing file /opt/airflow/dags/ecom.py for tasks to queue
[2025-12-24T22:01:37.898+0000] {logging_mixin.py:188} INFO - [2025-12-24T22:01:37.897+0000] {dagbag.py:538} INFO - Filling up the DagBag from /opt/airflow/dags/ecom.py
[2025-12-24T22:01:37.917+0000] {logging_mixin.py:188} INFO - [2025-12-24T22:01:37.916+0000] {dagbag.py:348} ERROR - Failed to import: /opt/airflow/dags/ecom.py
Traceback (most recent call last):
  File "/home/airflow/.local/lib/python3.8/site-packages/airflow/models/dagbag.py", line 344, in parse
    loader.exec_module(new_module)
  File "<frozen importlib._bootstrap_external>", line 839, in exec_module
  File "<frozen importlib._bootstrap_external>", line 976, in get_code
  File "<frozen importlib._bootstrap_external>", line 906, in source_to_code
  File "<frozen importlib._bootstrap>", line 219, in _call_with_frames_removed
  File "/opt/airflow/dags/ecom.py", line 88
    def slack_call(ti):
                      ^
IndentationError: expected an indented block
[2025-12-24T22:01:37.918+0000] {processor.py:842} WARNING - No viable dags retrieved from /opt/airflow/dags/ecom.py
[2025-12-24T22:01:37.939+0000] {processor.py:183} INFO - Processing /opt/airflow/dags/ecom.py took 0.048 seconds
[2025-12-24T22:01:44.126+0000] {processor.py:161} INFO - Started process (PID=44011) to work on /opt/airflow/dags/ecom.py
[2025-12-24T22:01:44.129+0000] {processor.py:830} INFO - Processing file /opt/airflow/dags/ecom.py for tasks to queue
[2025-12-24T22:01:44.130+0000] {logging_mixin.py:188} INFO - [2025-12-24T22:01:44.130+0000] {dagbag.py:538} INFO - Filling up the DagBag from /opt/airflow/dags/ecom.py
[2025-12-24T22:01:44.156+0000] {logging_mixin.py:188} INFO - [2025-12-24T22:01:44.156+0000] {dagbag.py:348} ERROR - Failed to import: /opt/airflow/dags/ecom.py
Traceback (most recent call last):
  File "/home/airflow/.local/lib/python3.8/site-packages/airflow/models/dagbag.py", line 344, in parse
    loader.exec_module(new_module)
  File "<frozen importlib._bootstrap_external>", line 839, in exec_module
  File "<frozen importlib._bootstrap_external>", line 976, in get_code
  File "<frozen importlib._bootstrap_external>", line 906, in source_to_code
  File "<frozen importlib._bootstrap>", line 219, in _call_with_frames_removed
  File "/opt/airflow/dags/ecom.py", line 90
    with DAG(
    ^
IndentationError: expected an indented block
[2025-12-24T22:01:44.157+0000] {processor.py:842} WARNING - No viable dags retrieved from /opt/airflow/dags/ecom.py
[2025-12-24T22:01:44.183+0000] {processor.py:183} INFO - Processing /opt/airflow/dags/ecom.py took 0.064 seconds
[2025-12-24T22:02:14.427+0000] {processor.py:161} INFO - Started process (PID=44069) to work on /opt/airflow/dags/ecom.py
[2025-12-24T22:02:14.428+0000] {processor.py:830} INFO - Processing file /opt/airflow/dags/ecom.py for tasks to queue
[2025-12-24T22:02:14.429+0000] {logging_mixin.py:188} INFO - [2025-12-24T22:02:14.429+0000] {dagbag.py:538} INFO - Filling up the DagBag from /opt/airflow/dags/ecom.py
[2025-12-24T22:02:14.445+0000] {logging_mixin.py:188} INFO - [2025-12-24T22:02:14.443+0000] {dagbag.py:348} ERROR - Failed to import: /opt/airflow/dags/ecom.py
Traceback (most recent call last):
  File "/home/airflow/.local/lib/python3.8/site-packages/airflow/models/dagbag.py", line 344, in parse
    loader.exec_module(new_module)
  File "<frozen importlib._bootstrap_external>", line 839, in exec_module
  File "<frozen importlib._bootstrap_external>", line 976, in get_code
  File "<frozen importlib._bootstrap_external>", line 906, in source_to_code
  File "<frozen importlib._bootstrap>", line 219, in _call_with_frames_removed
  File "/opt/airflow/dags/ecom.py", line 90
    with DAG(
    ^
IndentationError: expected an indented block
[2025-12-24T22:02:14.445+0000] {processor.py:842} WARNING - No viable dags retrieved from /opt/airflow/dags/ecom.py
[2025-12-24T22:02:14.465+0000] {processor.py:183} INFO - Processing /opt/airflow/dags/ecom.py took 0.041 seconds
[2025-12-24T22:02:31.141+0000] {processor.py:161} INFO - Started process (PID=44108) to work on /opt/airflow/dags/ecom.py
[2025-12-24T22:02:31.142+0000] {processor.py:830} INFO - Processing file /opt/airflow/dags/ecom.py for tasks to queue
[2025-12-24T22:02:31.144+0000] {logging_mixin.py:188} INFO - [2025-12-24T22:02:31.143+0000] {dagbag.py:538} INFO - Filling up the DagBag from /opt/airflow/dags/ecom.py
[2025-12-24T22:02:31.167+0000] {logging_mixin.py:188} INFO - [2025-12-24T22:02:31.166+0000] {dagbag.py:348} ERROR - Failed to import: /opt/airflow/dags/ecom.py
Traceback (most recent call last):
  File "/home/airflow/.local/lib/python3.8/site-packages/airflow/models/dagbag.py", line 344, in parse
    loader.exec_module(new_module)
  File "<frozen importlib._bootstrap_external>", line 839, in exec_module
  File "<frozen importlib._bootstrap_external>", line 976, in get_code
  File "<frozen importlib._bootstrap_external>", line 906, in source_to_code
  File "<frozen importlib._bootstrap>", line 219, in _call_with_frames_removed
  File "/opt/airflow/dags/ecom.py", line 90
    with DAG(
    ^
IndentationError: expected an indented block
[2025-12-24T22:02:31.167+0000] {processor.py:842} WARNING - No viable dags retrieved from /opt/airflow/dags/ecom.py
[2025-12-24T22:02:31.192+0000] {processor.py:183} INFO - Processing /opt/airflow/dags/ecom.py took 0.056 seconds
[2025-12-24T22:02:34.690+0000] {processor.py:161} INFO - Started process (PID=44111) to work on /opt/airflow/dags/ecom.py
[2025-12-24T22:02:34.692+0000] {processor.py:830} INFO - Processing file /opt/airflow/dags/ecom.py for tasks to queue
[2025-12-24T22:02:34.694+0000] {logging_mixin.py:188} INFO - [2025-12-24T22:02:34.694+0000] {dagbag.py:538} INFO - Filling up the DagBag from /opt/airflow/dags/ecom.py
[2025-12-24T22:02:34.727+0000] {logging_mixin.py:188} INFO - [2025-12-24T22:02:34.726+0000] {dagbag.py:348} ERROR - Failed to import: /opt/airflow/dags/ecom.py
Traceback (most recent call last):
  File "/home/airflow/.local/lib/python3.8/site-packages/airflow/models/dagbag.py", line 344, in parse
    loader.exec_module(new_module)
  File "<frozen importlib._bootstrap_external>", line 839, in exec_module
  File "<frozen importlib._bootstrap_external>", line 976, in get_code
  File "<frozen importlib._bootstrap_external>", line 906, in source_to_code
  File "<frozen importlib._bootstrap>", line 219, in _call_with_frames_removed
  File "/opt/airflow/dags/ecom.py", line 90
    with DAG(
    ^
IndentationError: expected an indented block
[2025-12-24T22:02:34.729+0000] {processor.py:842} WARNING - No viable dags retrieved from /opt/airflow/dags/ecom.py
[2025-12-24T22:02:34.780+0000] {processor.py:183} INFO - Processing /opt/airflow/dags/ecom.py took 0.098 seconds
[2025-12-24T22:03:04.836+0000] {processor.py:161} INFO - Started process (PID=44169) to work on /opt/airflow/dags/ecom.py
[2025-12-24T22:03:04.837+0000] {processor.py:830} INFO - Processing file /opt/airflow/dags/ecom.py for tasks to queue
[2025-12-24T22:03:04.838+0000] {logging_mixin.py:188} INFO - [2025-12-24T22:03:04.838+0000] {dagbag.py:538} INFO - Filling up the DagBag from /opt/airflow/dags/ecom.py
[2025-12-24T22:03:04.855+0000] {logging_mixin.py:188} INFO - [2025-12-24T22:03:04.854+0000] {dagbag.py:348} ERROR - Failed to import: /opt/airflow/dags/ecom.py
Traceback (most recent call last):
  File "/home/airflow/.local/lib/python3.8/site-packages/airflow/models/dagbag.py", line 344, in parse
    loader.exec_module(new_module)
  File "<frozen importlib._bootstrap_external>", line 839, in exec_module
  File "<frozen importlib._bootstrap_external>", line 976, in get_code
  File "<frozen importlib._bootstrap_external>", line 906, in source_to_code
  File "<frozen importlib._bootstrap>", line 219, in _call_with_frames_removed
  File "/opt/airflow/dags/ecom.py", line 90
    with DAG(
    ^
IndentationError: expected an indented block
[2025-12-24T22:03:04.855+0000] {processor.py:842} WARNING - No viable dags retrieved from /opt/airflow/dags/ecom.py
[2025-12-24T22:03:04.879+0000] {processor.py:183} INFO - Processing /opt/airflow/dags/ecom.py took 0.047 seconds
[2025-12-24T22:03:12.822+0000] {processor.py:161} INFO - Started process (PID=44187) to work on /opt/airflow/dags/ecom.py
[2025-12-24T22:03:12.823+0000] {processor.py:830} INFO - Processing file /opt/airflow/dags/ecom.py for tasks to queue
[2025-12-24T22:03:12.824+0000] {logging_mixin.py:188} INFO - [2025-12-24T22:03:12.824+0000] {dagbag.py:538} INFO - Filling up the DagBag from /opt/airflow/dags/ecom.py
[2025-12-24T22:03:12.839+0000] {logging_mixin.py:188} INFO - [2025-12-24T22:03:12.838+0000] {dagbag.py:348} ERROR - Failed to import: /opt/airflow/dags/ecom.py
Traceback (most recent call last):
  File "/home/airflow/.local/lib/python3.8/site-packages/airflow/models/dagbag.py", line 344, in parse
    loader.exec_module(new_module)
  File "<frozen importlib._bootstrap_external>", line 839, in exec_module
  File "<frozen importlib._bootstrap_external>", line 976, in get_code
  File "<frozen importlib._bootstrap_external>", line 906, in source_to_code
  File "<frozen importlib._bootstrap>", line 219, in _call_with_frames_removed
  File "/opt/airflow/dags/ecom.py", line 90
    with DAG(
    ^
IndentationError: expected an indented block
[2025-12-24T22:03:12.840+0000] {processor.py:842} WARNING - No viable dags retrieved from /opt/airflow/dags/ecom.py
[2025-12-24T22:03:12.862+0000] {processor.py:183} INFO - Processing /opt/airflow/dags/ecom.py took 0.043 seconds
[2025-12-24T22:03:20.833+0000] {processor.py:161} INFO - Started process (PID=44199) to work on /opt/airflow/dags/ecom.py
[2025-12-24T22:03:20.834+0000] {processor.py:830} INFO - Processing file /opt/airflow/dags/ecom.py for tasks to queue
[2025-12-24T22:03:20.835+0000] {logging_mixin.py:188} INFO - [2025-12-24T22:03:20.835+0000] {dagbag.py:538} INFO - Filling up the DagBag from /opt/airflow/dags/ecom.py
[2025-12-24T22:03:20.861+0000] {logging_mixin.py:188} INFO - [2025-12-24T22:03:20.859+0000] {dagbag.py:348} ERROR - Failed to import: /opt/airflow/dags/ecom.py
Traceback (most recent call last):
  File "/home/airflow/.local/lib/python3.8/site-packages/airflow/models/dagbag.py", line 344, in parse
    loader.exec_module(new_module)
  File "<frozen importlib._bootstrap_external>", line 839, in exec_module
  File "<frozen importlib._bootstrap_external>", line 976, in get_code
  File "<frozen importlib._bootstrap_external>", line 906, in source_to_code
  File "<frozen importlib._bootstrap>", line 219, in _call_with_frames_removed
  File "/opt/airflow/dags/ecom.py", line 91
    with DAG(
    ^
IndentationError: expected an indented block
[2025-12-24T22:03:20.862+0000] {processor.py:842} WARNING - No viable dags retrieved from /opt/airflow/dags/ecom.py
[2025-12-24T22:03:20.899+0000] {processor.py:183} INFO - Processing /opt/airflow/dags/ecom.py took 0.070 seconds
[2025-12-24T22:03:22.844+0000] {processor.py:161} INFO - Started process (PID=44207) to work on /opt/airflow/dags/ecom.py
[2025-12-24T22:03:22.845+0000] {processor.py:830} INFO - Processing file /opt/airflow/dags/ecom.py for tasks to queue
[2025-12-24T22:03:22.848+0000] {logging_mixin.py:188} INFO - [2025-12-24T22:03:22.848+0000] {dagbag.py:538} INFO - Filling up the DagBag from /opt/airflow/dags/ecom.py
[2025-12-24T22:03:22.864+0000] {logging_mixin.py:188} INFO - [2025-12-24T22:03:22.863+0000] {dagbag.py:348} ERROR - Failed to import: /opt/airflow/dags/ecom.py
Traceback (most recent call last):
  File "/home/airflow/.local/lib/python3.8/site-packages/airflow/models/dagbag.py", line 344, in parse
    loader.exec_module(new_module)
  File "<frozen importlib._bootstrap_external>", line 839, in exec_module
  File "<frozen importlib._bootstrap_external>", line 976, in get_code
  File "<frozen importlib._bootstrap_external>", line 906, in source_to_code
  File "<frozen importlib._bootstrap>", line 219, in _call_with_frames_removed
  File "/opt/airflow/dags/ecom.py", line 19
    try
      ^
SyntaxError: invalid syntax
[2025-12-24T22:03:22.865+0000] {processor.py:842} WARNING - No viable dags retrieved from /opt/airflow/dags/ecom.py
[2025-12-24T22:03:22.887+0000] {processor.py:183} INFO - Processing /opt/airflow/dags/ecom.py took 0.046 seconds
[2025-12-24T22:03:27.563+0000] {processor.py:161} INFO - Started process (PID=44219) to work on /opt/airflow/dags/ecom.py
[2025-12-24T22:03:27.564+0000] {processor.py:830} INFO - Processing file /opt/airflow/dags/ecom.py for tasks to queue
[2025-12-24T22:03:27.566+0000] {logging_mixin.py:188} INFO - [2025-12-24T22:03:27.565+0000] {dagbag.py:538} INFO - Filling up the DagBag from /opt/airflow/dags/ecom.py
[2025-12-24T22:03:27.583+0000] {logging_mixin.py:188} INFO - [2025-12-24T22:03:27.582+0000] {dagbag.py:348} ERROR - Failed to import: /opt/airflow/dags/ecom.py
Traceback (most recent call last):
  File "/home/airflow/.local/lib/python3.8/site-packages/airflow/models/dagbag.py", line 344, in parse
    loader.exec_module(new_module)
  File "<frozen importlib._bootstrap_external>", line 839, in exec_module
  File "<frozen importlib._bootstrap_external>", line 976, in get_code
  File "<frozen importlib._bootstrap_external>", line 906, in source_to_code
  File "<frozen importlib._bootstrap>", line 219, in _call_with_frames_removed
  File "/opt/airflow/dags/ecom.py", line 90
    with DAG(
    ^
IndentationError: expected an indented block
[2025-12-24T22:03:27.584+0000] {processor.py:842} WARNING - No viable dags retrieved from /opt/airflow/dags/ecom.py
[2025-12-24T22:03:27.605+0000] {processor.py:183} INFO - Processing /opt/airflow/dags/ecom.py took 0.046 seconds
[2025-12-24T22:03:57.898+0000] {processor.py:161} INFO - Started process (PID=44275) to work on /opt/airflow/dags/ecom.py
[2025-12-24T22:03:57.899+0000] {processor.py:830} INFO - Processing file /opt/airflow/dags/ecom.py for tasks to queue
[2025-12-24T22:03:57.901+0000] {logging_mixin.py:188} INFO - [2025-12-24T22:03:57.900+0000] {dagbag.py:538} INFO - Filling up the DagBag from /opt/airflow/dags/ecom.py
[2025-12-24T22:03:57.920+0000] {logging_mixin.py:188} INFO - [2025-12-24T22:03:57.919+0000] {dagbag.py:348} ERROR - Failed to import: /opt/airflow/dags/ecom.py
Traceback (most recent call last):
  File "/home/airflow/.local/lib/python3.8/site-packages/airflow/models/dagbag.py", line 344, in parse
    loader.exec_module(new_module)
  File "<frozen importlib._bootstrap_external>", line 839, in exec_module
  File "<frozen importlib._bootstrap_external>", line 976, in get_code
  File "<frozen importlib._bootstrap_external>", line 906, in source_to_code
  File "<frozen importlib._bootstrap>", line 219, in _call_with_frames_removed
  File "/opt/airflow/dags/ecom.py", line 90
    with DAG(
    ^
IndentationError: expected an indented block
[2025-12-24T22:03:57.920+0000] {processor.py:842} WARNING - No viable dags retrieved from /opt/airflow/dags/ecom.py
[2025-12-24T22:03:57.960+0000] {processor.py:183} INFO - Processing /opt/airflow/dags/ecom.py took 0.068 seconds
[2025-12-24T22:04:28.142+0000] {processor.py:161} INFO - Started process (PID=44332) to work on /opt/airflow/dags/ecom.py
[2025-12-24T22:04:28.144+0000] {processor.py:830} INFO - Processing file /opt/airflow/dags/ecom.py for tasks to queue
[2025-12-24T22:04:28.145+0000] {logging_mixin.py:188} INFO - [2025-12-24T22:04:28.145+0000] {dagbag.py:538} INFO - Filling up the DagBag from /opt/airflow/dags/ecom.py
[2025-12-24T22:04:28.162+0000] {logging_mixin.py:188} INFO - [2025-12-24T22:04:28.161+0000] {dagbag.py:348} ERROR - Failed to import: /opt/airflow/dags/ecom.py
Traceback (most recent call last):
  File "/home/airflow/.local/lib/python3.8/site-packages/airflow/models/dagbag.py", line 344, in parse
    loader.exec_module(new_module)
  File "<frozen importlib._bootstrap_external>", line 839, in exec_module
  File "<frozen importlib._bootstrap_external>", line 976, in get_code
  File "<frozen importlib._bootstrap_external>", line 906, in source_to_code
  File "<frozen importlib._bootstrap>", line 219, in _call_with_frames_removed
  File "/opt/airflow/dags/ecom.py", line 90
    with DAG(
    ^
IndentationError: expected an indented block
[2025-12-24T22:04:28.163+0000] {processor.py:842} WARNING - No viable dags retrieved from /opt/airflow/dags/ecom.py
[2025-12-24T22:04:28.186+0000] {processor.py:183} INFO - Processing /opt/airflow/dags/ecom.py took 0.048 seconds
[2025-12-24T22:04:58.261+0000] {processor.py:161} INFO - Started process (PID=44388) to work on /opt/airflow/dags/ecom.py
[2025-12-24T22:04:58.262+0000] {processor.py:830} INFO - Processing file /opt/airflow/dags/ecom.py for tasks to queue
[2025-12-24T22:04:58.264+0000] {logging_mixin.py:188} INFO - [2025-12-24T22:04:58.263+0000] {dagbag.py:538} INFO - Filling up the DagBag from /opt/airflow/dags/ecom.py
[2025-12-24T22:04:58.282+0000] {logging_mixin.py:188} INFO - [2025-12-24T22:04:58.281+0000] {dagbag.py:348} ERROR - Failed to import: /opt/airflow/dags/ecom.py
Traceback (most recent call last):
  File "/home/airflow/.local/lib/python3.8/site-packages/airflow/models/dagbag.py", line 344, in parse
    loader.exec_module(new_module)
  File "<frozen importlib._bootstrap_external>", line 839, in exec_module
  File "<frozen importlib._bootstrap_external>", line 976, in get_code
  File "<frozen importlib._bootstrap_external>", line 906, in source_to_code
  File "<frozen importlib._bootstrap>", line 219, in _call_with_frames_removed
  File "/opt/airflow/dags/ecom.py", line 90
    with DAG(
    ^
IndentationError: expected an indented block
[2025-12-24T22:04:58.283+0000] {processor.py:842} WARNING - No viable dags retrieved from /opt/airflow/dags/ecom.py
[2025-12-24T22:04:58.309+0000] {processor.py:183} INFO - Processing /opt/airflow/dags/ecom.py took 0.051 seconds
[2025-12-24T22:05:28.498+0000] {processor.py:161} INFO - Started process (PID=44446) to work on /opt/airflow/dags/ecom.py
[2025-12-24T22:05:28.499+0000] {processor.py:830} INFO - Processing file /opt/airflow/dags/ecom.py for tasks to queue
[2025-12-24T22:05:28.501+0000] {logging_mixin.py:188} INFO - [2025-12-24T22:05:28.500+0000] {dagbag.py:538} INFO - Filling up the DagBag from /opt/airflow/dags/ecom.py
[2025-12-24T22:05:28.519+0000] {logging_mixin.py:188} INFO - [2025-12-24T22:05:28.518+0000] {dagbag.py:348} ERROR - Failed to import: /opt/airflow/dags/ecom.py
Traceback (most recent call last):
  File "/home/airflow/.local/lib/python3.8/site-packages/airflow/models/dagbag.py", line 344, in parse
    loader.exec_module(new_module)
  File "<frozen importlib._bootstrap_external>", line 839, in exec_module
  File "<frozen importlib._bootstrap_external>", line 976, in get_code
  File "<frozen importlib._bootstrap_external>", line 906, in source_to_code
  File "<frozen importlib._bootstrap>", line 219, in _call_with_frames_removed
  File "/opt/airflow/dags/ecom.py", line 90
    with DAG(
    ^
IndentationError: expected an indented block
[2025-12-24T22:05:28.519+0000] {processor.py:842} WARNING - No viable dags retrieved from /opt/airflow/dags/ecom.py
[2025-12-24T22:05:28.550+0000] {processor.py:183} INFO - Processing /opt/airflow/dags/ecom.py took 0.057 seconds
[2025-12-24T22:05:58.822+0000] {processor.py:161} INFO - Started process (PID=44500) to work on /opt/airflow/dags/ecom.py
[2025-12-24T22:05:58.824+0000] {processor.py:830} INFO - Processing file /opt/airflow/dags/ecom.py for tasks to queue
[2025-12-24T22:05:58.826+0000] {logging_mixin.py:188} INFO - [2025-12-24T22:05:58.825+0000] {dagbag.py:538} INFO - Filling up the DagBag from /opt/airflow/dags/ecom.py
[2025-12-24T22:05:58.862+0000] {logging_mixin.py:188} INFO - [2025-12-24T22:05:58.860+0000] {dagbag.py:348} ERROR - Failed to import: /opt/airflow/dags/ecom.py
Traceback (most recent call last):
  File "/home/airflow/.local/lib/python3.8/site-packages/airflow/models/dagbag.py", line 344, in parse
    loader.exec_module(new_module)
  File "<frozen importlib._bootstrap_external>", line 839, in exec_module
  File "<frozen importlib._bootstrap_external>", line 976, in get_code
  File "<frozen importlib._bootstrap_external>", line 906, in source_to_code
  File "<frozen importlib._bootstrap>", line 219, in _call_with_frames_removed
  File "/opt/airflow/dags/ecom.py", line 90
    with DAG(
    ^
IndentationError: expected an indented block
[2025-12-24T22:05:58.863+0000] {processor.py:842} WARNING - No viable dags retrieved from /opt/airflow/dags/ecom.py
[2025-12-24T22:05:58.922+0000] {processor.py:183} INFO - Processing /opt/airflow/dags/ecom.py took 0.105 seconds
[2025-12-24T22:06:29.340+0000] {processor.py:161} INFO - Started process (PID=44558) to work on /opt/airflow/dags/ecom.py
[2025-12-24T22:06:29.347+0000] {processor.py:830} INFO - Processing file /opt/airflow/dags/ecom.py for tasks to queue
[2025-12-24T22:06:29.349+0000] {logging_mixin.py:188} INFO - [2025-12-24T22:06:29.349+0000] {dagbag.py:538} INFO - Filling up the DagBag from /opt/airflow/dags/ecom.py
[2025-12-24T22:06:29.380+0000] {logging_mixin.py:188} INFO - [2025-12-24T22:06:29.379+0000] {dagbag.py:348} ERROR - Failed to import: /opt/airflow/dags/ecom.py
Traceback (most recent call last):
  File "/home/airflow/.local/lib/python3.8/site-packages/airflow/models/dagbag.py", line 344, in parse
    loader.exec_module(new_module)
  File "<frozen importlib._bootstrap_external>", line 839, in exec_module
  File "<frozen importlib._bootstrap_external>", line 976, in get_code
  File "<frozen importlib._bootstrap_external>", line 906, in source_to_code
  File "<frozen importlib._bootstrap>", line 219, in _call_with_frames_removed
  File "/opt/airflow/dags/ecom.py", line 90
    with DAG(
    ^
IndentationError: expected an indented block
[2025-12-24T22:06:29.381+0000] {processor.py:842} WARNING - No viable dags retrieved from /opt/airflow/dags/ecom.py
[2025-12-24T22:06:29.429+0000] {processor.py:183} INFO - Processing /opt/airflow/dags/ecom.py took 0.095 seconds
[2025-12-24T22:06:30.889+0000] {processor.py:161} INFO - Started process (PID=44562) to work on /opt/airflow/dags/ecom.py
[2025-12-24T22:06:30.891+0000] {processor.py:830} INFO - Processing file /opt/airflow/dags/ecom.py for tasks to queue
[2025-12-24T22:06:30.900+0000] {logging_mixin.py:188} INFO - [2025-12-24T22:06:30.899+0000] {dagbag.py:538} INFO - Filling up the DagBag from /opt/airflow/dags/ecom.py
[2025-12-24T22:06:30.942+0000] {logging_mixin.py:188} INFO - [2025-12-24T22:06:30.940+0000] {dagbag.py:348} ERROR - Failed to import: /opt/airflow/dags/ecom.py
Traceback (most recent call last):
  File "/home/airflow/.local/lib/python3.8/site-packages/airflow/models/dagbag.py", line 344, in parse
    loader.exec_module(new_module)
  File "<frozen importlib._bootstrap_external>", line 839, in exec_module
  File "<frozen importlib._bootstrap_external>", line 976, in get_code
  File "<frozen importlib._bootstrap_external>", line 906, in source_to_code
  File "<frozen importlib._bootstrap>", line 219, in _call_with_frames_removed
  File "/opt/airflow/dags/ecom.py", line 96
    with DAG(
    ^
IndentationError: expected an indented block
[2025-12-24T22:06:30.943+0000] {processor.py:842} WARNING - No viable dags retrieved from /opt/airflow/dags/ecom.py
[2025-12-24T22:06:31.016+0000] {processor.py:183} INFO - Processing /opt/airflow/dags/ecom.py took 0.135 seconds
[2025-12-24T22:06:34.824+0000] {processor.py:161} INFO - Started process (PID=44578) to work on /opt/airflow/dags/ecom.py
[2025-12-24T22:06:34.826+0000] {processor.py:830} INFO - Processing file /opt/airflow/dags/ecom.py for tasks to queue
[2025-12-24T22:06:34.827+0000] {logging_mixin.py:188} INFO - [2025-12-24T22:06:34.827+0000] {dagbag.py:538} INFO - Filling up the DagBag from /opt/airflow/dags/ecom.py
[2025-12-24T22:06:34.853+0000] {logging_mixin.py:188} INFO - [2025-12-24T22:06:34.852+0000] {dagbag.py:348} ERROR - Failed to import: /opt/airflow/dags/ecom.py
Traceback (most recent call last):
  File "/home/airflow/.local/lib/python3.8/site-packages/airflow/models/dagbag.py", line 344, in parse
    loader.exec_module(new_module)
  File "<frozen importlib._bootstrap_external>", line 839, in exec_module
  File "<frozen importlib._bootstrap_external>", line 976, in get_code
  File "<frozen importlib._bootstrap_external>", line 906, in source_to_code
  File "<frozen importlib._bootstrap>", line 219, in _call_with_frames_removed
  File "/opt/airflow/dags/ecom.py", line 92
    with DAG(
    ^
IndentationError: expected an indented block
[2025-12-24T22:06:34.854+0000] {processor.py:842} WARNING - No viable dags retrieved from /opt/airflow/dags/ecom.py
[2025-12-24T22:06:34.899+0000] {processor.py:183} INFO - Processing /opt/airflow/dags/ecom.py took 0.082 seconds
[2025-12-24T22:07:05.075+0000] {processor.py:161} INFO - Started process (PID=44636) to work on /opt/airflow/dags/ecom.py
[2025-12-24T22:07:05.077+0000] {processor.py:830} INFO - Processing file /opt/airflow/dags/ecom.py for tasks to queue
[2025-12-24T22:07:05.078+0000] {logging_mixin.py:188} INFO - [2025-12-24T22:07:05.078+0000] {dagbag.py:538} INFO - Filling up the DagBag from /opt/airflow/dags/ecom.py
[2025-12-24T22:07:05.094+0000] {logging_mixin.py:188} INFO - [2025-12-24T22:07:05.093+0000] {dagbag.py:348} ERROR - Failed to import: /opt/airflow/dags/ecom.py
Traceback (most recent call last):
  File "/home/airflow/.local/lib/python3.8/site-packages/airflow/models/dagbag.py", line 344, in parse
    loader.exec_module(new_module)
  File "<frozen importlib._bootstrap_external>", line 839, in exec_module
  File "<frozen importlib._bootstrap_external>", line 976, in get_code
  File "<frozen importlib._bootstrap_external>", line 906, in source_to_code
  File "<frozen importlib._bootstrap>", line 219, in _call_with_frames_removed
  File "/opt/airflow/dags/ecom.py", line 92
    with DAG(
    ^
IndentationError: expected an indented block
[2025-12-24T22:07:05.095+0000] {processor.py:842} WARNING - No viable dags retrieved from /opt/airflow/dags/ecom.py
[2025-12-24T22:07:05.116+0000] {processor.py:183} INFO - Processing /opt/airflow/dags/ecom.py took 0.044 seconds
[2025-12-24T22:07:09.452+0000] {processor.py:161} INFO - Started process (PID=44639) to work on /opt/airflow/dags/ecom.py
[2025-12-24T22:07:09.454+0000] {processor.py:830} INFO - Processing file /opt/airflow/dags/ecom.py for tasks to queue
[2025-12-24T22:07:09.456+0000] {logging_mixin.py:188} INFO - [2025-12-24T22:07:09.456+0000] {dagbag.py:538} INFO - Filling up the DagBag from /opt/airflow/dags/ecom.py
[2025-12-24T22:07:09.489+0000] {logging_mixin.py:188} INFO - [2025-12-24T22:07:09.488+0000] {dagbag.py:348} ERROR - Failed to import: /opt/airflow/dags/ecom.py
Traceback (most recent call last):
  File "/home/airflow/.local/lib/python3.8/site-packages/airflow/models/dagbag.py", line 344, in parse
    loader.exec_module(new_module)
  File "<frozen importlib._bootstrap_external>", line 839, in exec_module
  File "<frozen importlib._bootstrap_external>", line 976, in get_code
  File "<frozen importlib._bootstrap_external>", line 906, in source_to_code
  File "<frozen importlib._bootstrap>", line 219, in _call_with_frames_removed
  File "/opt/airflow/dags/ecom.py", line 92
    with DAG(
    ^
IndentationError: expected an indented block
[2025-12-24T22:07:09.490+0000] {processor.py:842} WARNING - No viable dags retrieved from /opt/airflow/dags/ecom.py
[2025-12-24T22:07:09.524+0000] {processor.py:183} INFO - Processing /opt/airflow/dags/ecom.py took 0.077 seconds
[2025-12-24T22:07:12.480+0000] {processor.py:161} INFO - Started process (PID=44646) to work on /opt/airflow/dags/ecom.py
[2025-12-24T22:07:12.482+0000] {processor.py:830} INFO - Processing file /opt/airflow/dags/ecom.py for tasks to queue
[2025-12-24T22:07:12.483+0000] {logging_mixin.py:188} INFO - [2025-12-24T22:07:12.483+0000] {dagbag.py:538} INFO - Filling up the DagBag from /opt/airflow/dags/ecom.py
[2025-12-24T22:07:12.504+0000] {logging_mixin.py:188} INFO - [2025-12-24T22:07:12.504+0000] {dagbag.py:348} ERROR - Failed to import: /opt/airflow/dags/ecom.py
Traceback (most recent call last):
  File "/home/airflow/.local/lib/python3.8/site-packages/airflow/models/dagbag.py", line 344, in parse
    loader.exec_module(new_module)
  File "<frozen importlib._bootstrap_external>", line 839, in exec_module
  File "<frozen importlib._bootstrap_external>", line 976, in get_code
  File "<frozen importlib._bootstrap_external>", line 906, in source_to_code
  File "<frozen importlib._bootstrap>", line 219, in _call_with_frames_removed
  File "/opt/airflow/dags/ecom.py", line 92
    with DAG(
    ^
IndentationError: expected an indented block
[2025-12-24T22:07:12.505+0000] {processor.py:842} WARNING - No viable dags retrieved from /opt/airflow/dags/ecom.py
[2025-12-24T22:07:12.534+0000] {processor.py:183} INFO - Processing /opt/airflow/dags/ecom.py took 0.058 seconds
[2025-12-24T22:07:23.912+0000] {processor.py:161} INFO - Started process (PID=44663) to work on /opt/airflow/dags/ecom.py
[2025-12-24T22:07:23.914+0000] {processor.py:830} INFO - Processing file /opt/airflow/dags/ecom.py for tasks to queue
[2025-12-24T22:07:23.915+0000] {logging_mixin.py:188} INFO - [2025-12-24T22:07:23.915+0000] {dagbag.py:538} INFO - Filling up the DagBag from /opt/airflow/dags/ecom.py
[2025-12-24T22:07:23.932+0000] {logging_mixin.py:188} INFO - [2025-12-24T22:07:23.931+0000] {dagbag.py:348} ERROR - Failed to import: /opt/airflow/dags/ecom.py
Traceback (most recent call last):
  File "/home/airflow/.local/lib/python3.8/site-packages/airflow/models/dagbag.py", line 344, in parse
    loader.exec_module(new_module)
  File "<frozen importlib._bootstrap_external>", line 839, in exec_module
  File "<frozen importlib._bootstrap_external>", line 976, in get_code
  File "<frozen importlib._bootstrap_external>", line 906, in source_to_code
  File "<frozen importlib._bootstrap>", line 219, in _call_with_frames_removed
  File "/opt/airflow/dags/ecom.py", line 92
    with DAG(
    ^
IndentationError: expected an indented block
[2025-12-24T22:07:23.932+0000] {processor.py:842} WARNING - No viable dags retrieved from /opt/airflow/dags/ecom.py
[2025-12-24T22:07:23.956+0000] {processor.py:183} INFO - Processing /opt/airflow/dags/ecom.py took 0.048 seconds
[2025-12-24T22:07:27.734+0000] {processor.py:161} INFO - Started process (PID=44678) to work on /opt/airflow/dags/ecom.py
[2025-12-24T22:07:27.735+0000] {processor.py:830} INFO - Processing file /opt/airflow/dags/ecom.py for tasks to queue
[2025-12-24T22:07:27.736+0000] {logging_mixin.py:188} INFO - [2025-12-24T22:07:27.736+0000] {dagbag.py:538} INFO - Filling up the DagBag from /opt/airflow/dags/ecom.py
[2025-12-24T22:07:27.759+0000] {logging_mixin.py:188} INFO - [2025-12-24T22:07:27.758+0000] {dagbag.py:348} ERROR - Failed to import: /opt/airflow/dags/ecom.py
Traceback (most recent call last):
  File "/home/airflow/.local/lib/python3.8/site-packages/airflow/models/dagbag.py", line 344, in parse
    loader.exec_module(new_module)
  File "<frozen importlib._bootstrap_external>", line 839, in exec_module
  File "<frozen importlib._bootstrap_external>", line 976, in get_code
  File "<frozen importlib._bootstrap_external>", line 906, in source_to_code
  File "<frozen importlib._bootstrap>", line 219, in _call_with_frames_removed
  File "/opt/airflow/dags/ecom.py", line 92
    with DAG(
    ^
IndentationError: expected an indented block
[2025-12-24T22:07:27.760+0000] {processor.py:842} WARNING - No viable dags retrieved from /opt/airflow/dags/ecom.py
[2025-12-24T22:07:27.788+0000] {processor.py:183} INFO - Processing /opt/airflow/dags/ecom.py took 0.059 seconds
[2025-12-24T22:07:32.115+0000] {processor.py:161} INFO - Started process (PID=44683) to work on /opt/airflow/dags/ecom.py
[2025-12-24T22:07:32.116+0000] {processor.py:830} INFO - Processing file /opt/airflow/dags/ecom.py for tasks to queue
[2025-12-24T22:07:32.117+0000] {logging_mixin.py:188} INFO - [2025-12-24T22:07:32.117+0000] {dagbag.py:538} INFO - Filling up the DagBag from /opt/airflow/dags/ecom.py
[2025-12-24T22:07:32.134+0000] {logging_mixin.py:188} INFO - [2025-12-24T22:07:32.133+0000] {dagbag.py:348} ERROR - Failed to import: /opt/airflow/dags/ecom.py
Traceback (most recent call last):
  File "/home/airflow/.local/lib/python3.8/site-packages/airflow/models/dagbag.py", line 344, in parse
    loader.exec_module(new_module)
  File "<frozen importlib._bootstrap_external>", line 839, in exec_module
  File "<frozen importlib._bootstrap_external>", line 976, in get_code
  File "<frozen importlib._bootstrap_external>", line 906, in source_to_code
  File "<frozen importlib._bootstrap>", line 219, in _call_with_frames_removed
  File "/opt/airflow/dags/ecom.py", line 92
    with DAG(
    ^
IndentationError: expected an indented block
[2025-12-24T22:07:32.135+0000] {processor.py:842} WARNING - No viable dags retrieved from /opt/airflow/dags/ecom.py
[2025-12-24T22:07:32.160+0000] {processor.py:183} INFO - Processing /opt/airflow/dags/ecom.py took 0.049 seconds
[2025-12-24T22:07:36.563+0000] {processor.py:161} INFO - Started process (PID=44699) to work on /opt/airflow/dags/ecom.py
[2025-12-24T22:07:36.567+0000] {processor.py:830} INFO - Processing file /opt/airflow/dags/ecom.py for tasks to queue
[2025-12-24T22:07:36.571+0000] {logging_mixin.py:188} INFO - [2025-12-24T22:07:36.570+0000] {dagbag.py:538} INFO - Filling up the DagBag from /opt/airflow/dags/ecom.py
[2025-12-24T22:07:36.599+0000] {logging_mixin.py:188} INFO - [2025-12-24T22:07:36.597+0000] {dagbag.py:348} ERROR - Failed to import: /opt/airflow/dags/ecom.py
Traceback (most recent call last):
  File "/home/airflow/.local/lib/python3.8/site-packages/airflow/models/dagbag.py", line 344, in parse
    loader.exec_module(new_module)
  File "<frozen importlib._bootstrap_external>", line 839, in exec_module
  File "<frozen importlib._bootstrap_external>", line 976, in get_code
  File "<frozen importlib._bootstrap_external>", line 906, in source_to_code
  File "<frozen importlib._bootstrap>", line 219, in _call_with_frames_removed
  File "/opt/airflow/dags/ecom.py", line 94
    with DAG(
    ^
IndentationError: expected an indented block
[2025-12-24T22:07:36.605+0000] {processor.py:842} WARNING - No viable dags retrieved from /opt/airflow/dags/ecom.py
[2025-12-24T22:07:36.638+0000] {processor.py:183} INFO - Processing /opt/airflow/dags/ecom.py took 0.081 seconds
[2025-12-24T22:07:37.602+0000] {processor.py:161} INFO - Started process (PID=44700) to work on /opt/airflow/dags/ecom.py
[2025-12-24T22:07:37.608+0000] {processor.py:830} INFO - Processing file /opt/airflow/dags/ecom.py for tasks to queue
[2025-12-24T22:07:37.609+0000] {logging_mixin.py:188} INFO - [2025-12-24T22:07:37.608+0000] {dagbag.py:538} INFO - Filling up the DagBag from /opt/airflow/dags/ecom.py
[2025-12-24T22:07:37.628+0000] {logging_mixin.py:188} INFO - [2025-12-24T22:07:37.627+0000] {dagbag.py:348} ERROR - Failed to import: /opt/airflow/dags/ecom.py
Traceback (most recent call last):
  File "/home/airflow/.local/lib/python3.8/site-packages/airflow/models/dagbag.py", line 344, in parse
    loader.exec_module(new_module)
  File "<frozen importlib._bootstrap_external>", line 839, in exec_module
  File "<frozen importlib._bootstrap_external>", line 976, in get_code
  File "<frozen importlib._bootstrap_external>", line 906, in source_to_code
  File "<frozen importlib._bootstrap>", line 219, in _call_with_frames_removed
  File "/opt/airflow/dags/ecom.py", line 95
    with DAG(
    ^
IndentationError: expected an indented block
[2025-12-24T22:07:37.629+0000] {processor.py:842} WARNING - No viable dags retrieved from /opt/airflow/dags/ecom.py
[2025-12-24T22:07:37.653+0000] {processor.py:183} INFO - Processing /opt/airflow/dags/ecom.py took 0.055 seconds
[2025-12-24T22:07:43.566+0000] {processor.py:161} INFO - Started process (PID=44716) to work on /opt/airflow/dags/ecom.py
[2025-12-24T22:07:43.568+0000] {processor.py:830} INFO - Processing file /opt/airflow/dags/ecom.py for tasks to queue
[2025-12-24T22:07:43.569+0000] {logging_mixin.py:188} INFO - [2025-12-24T22:07:43.569+0000] {dagbag.py:538} INFO - Filling up the DagBag from /opt/airflow/dags/ecom.py
[2025-12-24T22:07:43.589+0000] {logging_mixin.py:188} INFO - [2025-12-24T22:07:43.588+0000] {dagbag.py:348} ERROR - Failed to import: /opt/airflow/dags/ecom.py
Traceback (most recent call last):
  File "/home/airflow/.local/lib/python3.8/site-packages/airflow/models/dagbag.py", line 344, in parse
    loader.exec_module(new_module)
  File "<frozen importlib._bootstrap_external>", line 839, in exec_module
  File "<frozen importlib._bootstrap_external>", line 976, in get_code
  File "<frozen importlib._bootstrap_external>", line 906, in source_to_code
  File "<frozen importlib._bootstrap>", line 219, in _call_with_frames_removed
  File "/opt/airflow/dags/ecom.py", line 95
    with DAG(
    ^
IndentationError: expected an indented block
[2025-12-24T22:07:43.590+0000] {processor.py:842} WARNING - No viable dags retrieved from /opt/airflow/dags/ecom.py
[2025-12-24T22:07:43.617+0000] {processor.py:183} INFO - Processing /opt/airflow/dags/ecom.py took 0.055 seconds
[2025-12-24T22:08:13.736+0000] {processor.py:161} INFO - Started process (PID=44771) to work on /opt/airflow/dags/ecom.py
[2025-12-24T22:08:13.742+0000] {processor.py:830} INFO - Processing file /opt/airflow/dags/ecom.py for tasks to queue
[2025-12-24T22:08:13.746+0000] {logging_mixin.py:188} INFO - [2025-12-24T22:08:13.745+0000] {dagbag.py:538} INFO - Filling up the DagBag from /opt/airflow/dags/ecom.py
[2025-12-24T22:08:13.777+0000] {logging_mixin.py:188} INFO - [2025-12-24T22:08:13.776+0000] {dagbag.py:348} ERROR - Failed to import: /opt/airflow/dags/ecom.py
Traceback (most recent call last):
  File "/home/airflow/.local/lib/python3.8/site-packages/airflow/models/dagbag.py", line 344, in parse
    loader.exec_module(new_module)
  File "<frozen importlib._bootstrap_external>", line 839, in exec_module
  File "<frozen importlib._bootstrap_external>", line 976, in get_code
  File "<frozen importlib._bootstrap_external>", line 906, in source_to_code
  File "<frozen importlib._bootstrap>", line 219, in _call_with_frames_removed
  File "/opt/airflow/dags/ecom.py", line 95
    with DAG(
    ^
IndentationError: expected an indented block
[2025-12-24T22:08:13.778+0000] {processor.py:842} WARNING - No viable dags retrieved from /opt/airflow/dags/ecom.py
[2025-12-24T22:08:13.861+0000] {processor.py:183} INFO - Processing /opt/airflow/dags/ecom.py took 0.131 seconds
[2025-12-24T22:08:44.233+0000] {processor.py:161} INFO - Started process (PID=44829) to work on /opt/airflow/dags/ecom.py
[2025-12-24T22:08:44.235+0000] {processor.py:830} INFO - Processing file /opt/airflow/dags/ecom.py for tasks to queue
[2025-12-24T22:08:44.236+0000] {logging_mixin.py:188} INFO - [2025-12-24T22:08:44.236+0000] {dagbag.py:538} INFO - Filling up the DagBag from /opt/airflow/dags/ecom.py
[2025-12-24T22:08:44.257+0000] {logging_mixin.py:188} INFO - [2025-12-24T22:08:44.256+0000] {dagbag.py:348} ERROR - Failed to import: /opt/airflow/dags/ecom.py
Traceback (most recent call last):
  File "/home/airflow/.local/lib/python3.8/site-packages/airflow/models/dagbag.py", line 344, in parse
    loader.exec_module(new_module)
  File "<frozen importlib._bootstrap_external>", line 839, in exec_module
  File "<frozen importlib._bootstrap_external>", line 976, in get_code
  File "<frozen importlib._bootstrap_external>", line 906, in source_to_code
  File "<frozen importlib._bootstrap>", line 219, in _call_with_frames_removed
  File "/opt/airflow/dags/ecom.py", line 95
    with DAG(
    ^
IndentationError: expected an indented block
[2025-12-24T22:08:44.258+0000] {processor.py:842} WARNING - No viable dags retrieved from /opt/airflow/dags/ecom.py
[2025-12-24T22:08:44.290+0000] {processor.py:183} INFO - Processing /opt/airflow/dags/ecom.py took 0.062 seconds
[2025-12-24T22:09:14.441+0000] {processor.py:161} INFO - Started process (PID=44883) to work on /opt/airflow/dags/ecom.py
[2025-12-24T22:09:14.442+0000] {processor.py:830} INFO - Processing file /opt/airflow/dags/ecom.py for tasks to queue
[2025-12-24T22:09:14.443+0000] {logging_mixin.py:188} INFO - [2025-12-24T22:09:14.443+0000] {dagbag.py:538} INFO - Filling up the DagBag from /opt/airflow/dags/ecom.py
[2025-12-24T22:09:14.459+0000] {logging_mixin.py:188} INFO - [2025-12-24T22:09:14.458+0000] {dagbag.py:348} ERROR - Failed to import: /opt/airflow/dags/ecom.py
Traceback (most recent call last):
  File "/home/airflow/.local/lib/python3.8/site-packages/airflow/models/dagbag.py", line 344, in parse
    loader.exec_module(new_module)
  File "<frozen importlib._bootstrap_external>", line 839, in exec_module
  File "<frozen importlib._bootstrap_external>", line 976, in get_code
  File "<frozen importlib._bootstrap_external>", line 906, in source_to_code
  File "<frozen importlib._bootstrap>", line 219, in _call_with_frames_removed
  File "/opt/airflow/dags/ecom.py", line 95
    with DAG(
    ^
IndentationError: expected an indented block
[2025-12-24T22:09:14.459+0000] {processor.py:842} WARNING - No viable dags retrieved from /opt/airflow/dags/ecom.py
[2025-12-24T22:09:14.484+0000] {processor.py:183} INFO - Processing /opt/airflow/dags/ecom.py took 0.046 seconds
[2025-12-24T22:09:44.661+0000] {processor.py:161} INFO - Started process (PID=44941) to work on /opt/airflow/dags/ecom.py
[2025-12-24T22:09:44.662+0000] {processor.py:830} INFO - Processing file /opt/airflow/dags/ecom.py for tasks to queue
[2025-12-24T22:09:44.663+0000] {logging_mixin.py:188} INFO - [2025-12-24T22:09:44.663+0000] {dagbag.py:538} INFO - Filling up the DagBag from /opt/airflow/dags/ecom.py
[2025-12-24T22:09:44.679+0000] {logging_mixin.py:188} INFO - [2025-12-24T22:09:44.678+0000] {dagbag.py:348} ERROR - Failed to import: /opt/airflow/dags/ecom.py
Traceback (most recent call last):
  File "/home/airflow/.local/lib/python3.8/site-packages/airflow/models/dagbag.py", line 344, in parse
    loader.exec_module(new_module)
  File "<frozen importlib._bootstrap_external>", line 839, in exec_module
  File "<frozen importlib._bootstrap_external>", line 976, in get_code
  File "<frozen importlib._bootstrap_external>", line 906, in source_to_code
  File "<frozen importlib._bootstrap>", line 219, in _call_with_frames_removed
  File "/opt/airflow/dags/ecom.py", line 95
    with DAG(
    ^
IndentationError: expected an indented block
[2025-12-24T22:09:44.680+0000] {processor.py:842} WARNING - No viable dags retrieved from /opt/airflow/dags/ecom.py
[2025-12-24T22:09:44.704+0000] {processor.py:183} INFO - Processing /opt/airflow/dags/ecom.py took 0.047 seconds
[2025-12-24T22:10:14.891+0000] {processor.py:161} INFO - Started process (PID=44999) to work on /opt/airflow/dags/ecom.py
[2025-12-24T22:10:14.892+0000] {processor.py:830} INFO - Processing file /opt/airflow/dags/ecom.py for tasks to queue
[2025-12-24T22:10:14.893+0000] {logging_mixin.py:188} INFO - [2025-12-24T22:10:14.893+0000] {dagbag.py:538} INFO - Filling up the DagBag from /opt/airflow/dags/ecom.py
[2025-12-24T22:10:14.908+0000] {logging_mixin.py:188} INFO - [2025-12-24T22:10:14.908+0000] {dagbag.py:348} ERROR - Failed to import: /opt/airflow/dags/ecom.py
Traceback (most recent call last):
  File "/home/airflow/.local/lib/python3.8/site-packages/airflow/models/dagbag.py", line 344, in parse
    loader.exec_module(new_module)
  File "<frozen importlib._bootstrap_external>", line 839, in exec_module
  File "<frozen importlib._bootstrap_external>", line 976, in get_code
  File "<frozen importlib._bootstrap_external>", line 906, in source_to_code
  File "<frozen importlib._bootstrap>", line 219, in _call_with_frames_removed
  File "/opt/airflow/dags/ecom.py", line 95
    with DAG(
    ^
IndentationError: expected an indented block
[2025-12-24T22:10:14.909+0000] {processor.py:842} WARNING - No viable dags retrieved from /opt/airflow/dags/ecom.py
[2025-12-24T22:10:14.931+0000] {processor.py:183} INFO - Processing /opt/airflow/dags/ecom.py took 0.043 seconds
[2025-12-24T22:10:44.989+0000] {processor.py:161} INFO - Started process (PID=45057) to work on /opt/airflow/dags/ecom.py
[2025-12-24T22:10:44.990+0000] {processor.py:830} INFO - Processing file /opt/airflow/dags/ecom.py for tasks to queue
[2025-12-24T22:10:44.991+0000] {logging_mixin.py:188} INFO - [2025-12-24T22:10:44.991+0000] {dagbag.py:538} INFO - Filling up the DagBag from /opt/airflow/dags/ecom.py
[2025-12-24T22:10:45.008+0000] {logging_mixin.py:188} INFO - [2025-12-24T22:10:45.007+0000] {dagbag.py:348} ERROR - Failed to import: /opt/airflow/dags/ecom.py
Traceback (most recent call last):
  File "/home/airflow/.local/lib/python3.8/site-packages/airflow/models/dagbag.py", line 344, in parse
    loader.exec_module(new_module)
  File "<frozen importlib._bootstrap_external>", line 839, in exec_module
  File "<frozen importlib._bootstrap_external>", line 976, in get_code
  File "<frozen importlib._bootstrap_external>", line 906, in source_to_code
  File "<frozen importlib._bootstrap>", line 219, in _call_with_frames_removed
  File "/opt/airflow/dags/ecom.py", line 95
    with DAG(
    ^
IndentationError: expected an indented block
[2025-12-24T22:10:45.009+0000] {processor.py:842} WARNING - No viable dags retrieved from /opt/airflow/dags/ecom.py
[2025-12-24T22:10:45.030+0000] {processor.py:183} INFO - Processing /opt/airflow/dags/ecom.py took 0.045 seconds
[2025-12-24T22:11:15.262+0000] {processor.py:161} INFO - Started process (PID=45115) to work on /opt/airflow/dags/ecom.py
[2025-12-24T22:11:15.263+0000] {processor.py:830} INFO - Processing file /opt/airflow/dags/ecom.py for tasks to queue
[2025-12-24T22:11:15.265+0000] {logging_mixin.py:188} INFO - [2025-12-24T22:11:15.264+0000] {dagbag.py:538} INFO - Filling up the DagBag from /opt/airflow/dags/ecom.py
[2025-12-24T22:11:15.282+0000] {logging_mixin.py:188} INFO - [2025-12-24T22:11:15.281+0000] {dagbag.py:348} ERROR - Failed to import: /opt/airflow/dags/ecom.py
Traceback (most recent call last):
  File "/home/airflow/.local/lib/python3.8/site-packages/airflow/models/dagbag.py", line 344, in parse
    loader.exec_module(new_module)
  File "<frozen importlib._bootstrap_external>", line 839, in exec_module
  File "<frozen importlib._bootstrap_external>", line 976, in get_code
  File "<frozen importlib._bootstrap_external>", line 906, in source_to_code
  File "<frozen importlib._bootstrap>", line 219, in _call_with_frames_removed
  File "/opt/airflow/dags/ecom.py", line 95
    with DAG(
    ^
IndentationError: expected an indented block
[2025-12-24T22:11:15.282+0000] {processor.py:842} WARNING - No viable dags retrieved from /opt/airflow/dags/ecom.py
[2025-12-24T22:11:15.307+0000] {processor.py:183} INFO - Processing /opt/airflow/dags/ecom.py took 0.049 seconds
[2025-12-24T22:11:46.024+0000] {processor.py:161} INFO - Started process (PID=45173) to work on /opt/airflow/dags/ecom.py
[2025-12-24T22:11:46.025+0000] {processor.py:830} INFO - Processing file /opt/airflow/dags/ecom.py for tasks to queue
[2025-12-24T22:11:46.026+0000] {logging_mixin.py:188} INFO - [2025-12-24T22:11:46.026+0000] {dagbag.py:538} INFO - Filling up the DagBag from /opt/airflow/dags/ecom.py
[2025-12-24T22:11:46.043+0000] {logging_mixin.py:188} INFO - [2025-12-24T22:11:46.042+0000] {dagbag.py:348} ERROR - Failed to import: /opt/airflow/dags/ecom.py
Traceback (most recent call last):
  File "/home/airflow/.local/lib/python3.8/site-packages/airflow/models/dagbag.py", line 344, in parse
    loader.exec_module(new_module)
  File "<frozen importlib._bootstrap_external>", line 839, in exec_module
  File "<frozen importlib._bootstrap_external>", line 976, in get_code
  File "<frozen importlib._bootstrap_external>", line 906, in source_to_code
  File "<frozen importlib._bootstrap>", line 219, in _call_with_frames_removed
  File "/opt/airflow/dags/ecom.py", line 95
    with DAG(
    ^
IndentationError: expected an indented block
[2025-12-24T22:11:46.043+0000] {processor.py:842} WARNING - No viable dags retrieved from /opt/airflow/dags/ecom.py
[2025-12-24T22:11:46.066+0000] {processor.py:183} INFO - Processing /opt/airflow/dags/ecom.py took 0.047 seconds
[2025-12-24T22:12:16.632+0000] {processor.py:161} INFO - Started process (PID=45231) to work on /opt/airflow/dags/ecom.py
[2025-12-24T22:12:16.633+0000] {processor.py:830} INFO - Processing file /opt/airflow/dags/ecom.py for tasks to queue
[2025-12-24T22:12:16.634+0000] {logging_mixin.py:188} INFO - [2025-12-24T22:12:16.633+0000] {dagbag.py:538} INFO - Filling up the DagBag from /opt/airflow/dags/ecom.py
[2025-12-24T22:12:16.651+0000] {logging_mixin.py:188} INFO - [2025-12-24T22:12:16.650+0000] {dagbag.py:348} ERROR - Failed to import: /opt/airflow/dags/ecom.py
Traceback (most recent call last):
  File "/home/airflow/.local/lib/python3.8/site-packages/airflow/models/dagbag.py", line 344, in parse
    loader.exec_module(new_module)
  File "<frozen importlib._bootstrap_external>", line 839, in exec_module
  File "<frozen importlib._bootstrap_external>", line 976, in get_code
  File "<frozen importlib._bootstrap_external>", line 906, in source_to_code
  File "<frozen importlib._bootstrap>", line 219, in _call_with_frames_removed
  File "/opt/airflow/dags/ecom.py", line 95
    with DAG(
    ^
IndentationError: expected an indented block
[2025-12-24T22:12:16.651+0000] {processor.py:842} WARNING - No viable dags retrieved from /opt/airflow/dags/ecom.py
[2025-12-24T22:12:16.676+0000] {processor.py:183} INFO - Processing /opt/airflow/dags/ecom.py took 0.048 seconds
[2025-12-24T22:12:47.210+0000] {processor.py:161} INFO - Started process (PID=45289) to work on /opt/airflow/dags/ecom.py
[2025-12-24T22:12:47.212+0000] {processor.py:830} INFO - Processing file /opt/airflow/dags/ecom.py for tasks to queue
[2025-12-24T22:12:47.213+0000] {logging_mixin.py:188} INFO - [2025-12-24T22:12:47.213+0000] {dagbag.py:538} INFO - Filling up the DagBag from /opt/airflow/dags/ecom.py
[2025-12-24T22:12:47.234+0000] {logging_mixin.py:188} INFO - [2025-12-24T22:12:47.233+0000] {dagbag.py:348} ERROR - Failed to import: /opt/airflow/dags/ecom.py
Traceback (most recent call last):
  File "/home/airflow/.local/lib/python3.8/site-packages/airflow/models/dagbag.py", line 344, in parse
    loader.exec_module(new_module)
  File "<frozen importlib._bootstrap_external>", line 839, in exec_module
  File "<frozen importlib._bootstrap_external>", line 976, in get_code
  File "<frozen importlib._bootstrap_external>", line 906, in source_to_code
  File "<frozen importlib._bootstrap>", line 219, in _call_with_frames_removed
  File "/opt/airflow/dags/ecom.py", line 95
    with DAG(
    ^
IndentationError: expected an indented block
[2025-12-24T22:12:47.234+0000] {processor.py:842} WARNING - No viable dags retrieved from /opt/airflow/dags/ecom.py
[2025-12-24T22:12:47.261+0000] {processor.py:183} INFO - Processing /opt/airflow/dags/ecom.py took 0.056 seconds
[2025-12-24T22:13:17.821+0000] {processor.py:161} INFO - Started process (PID=45347) to work on /opt/airflow/dags/ecom.py
[2025-12-24T22:13:17.823+0000] {processor.py:830} INFO - Processing file /opt/airflow/dags/ecom.py for tasks to queue
[2025-12-24T22:13:17.824+0000] {logging_mixin.py:188} INFO - [2025-12-24T22:13:17.824+0000] {dagbag.py:538} INFO - Filling up the DagBag from /opt/airflow/dags/ecom.py
[2025-12-24T22:13:17.840+0000] {logging_mixin.py:188} INFO - [2025-12-24T22:13:17.839+0000] {dagbag.py:348} ERROR - Failed to import: /opt/airflow/dags/ecom.py
Traceback (most recent call last):
  File "/home/airflow/.local/lib/python3.8/site-packages/airflow/models/dagbag.py", line 344, in parse
    loader.exec_module(new_module)
  File "<frozen importlib._bootstrap_external>", line 839, in exec_module
  File "<frozen importlib._bootstrap_external>", line 976, in get_code
  File "<frozen importlib._bootstrap_external>", line 906, in source_to_code
  File "<frozen importlib._bootstrap>", line 219, in _call_with_frames_removed
  File "/opt/airflow/dags/ecom.py", line 95
    with DAG(
    ^
IndentationError: expected an indented block
[2025-12-24T22:13:17.841+0000] {processor.py:842} WARNING - No viable dags retrieved from /opt/airflow/dags/ecom.py
[2025-12-24T22:13:17.862+0000] {processor.py:183} INFO - Processing /opt/airflow/dags/ecom.py took 0.045 seconds
[2025-12-24T22:13:48.218+0000] {processor.py:161} INFO - Started process (PID=45405) to work on /opt/airflow/dags/ecom.py
[2025-12-24T22:13:48.219+0000] {processor.py:830} INFO - Processing file /opt/airflow/dags/ecom.py for tasks to queue
[2025-12-24T22:13:48.220+0000] {logging_mixin.py:188} INFO - [2025-12-24T22:13:48.220+0000] {dagbag.py:538} INFO - Filling up the DagBag from /opt/airflow/dags/ecom.py
[2025-12-24T22:13:48.235+0000] {logging_mixin.py:188} INFO - [2025-12-24T22:13:48.235+0000] {dagbag.py:348} ERROR - Failed to import: /opt/airflow/dags/ecom.py
Traceback (most recent call last):
  File "/home/airflow/.local/lib/python3.8/site-packages/airflow/models/dagbag.py", line 344, in parse
    loader.exec_module(new_module)
  File "<frozen importlib._bootstrap_external>", line 839, in exec_module
  File "<frozen importlib._bootstrap_external>", line 976, in get_code
  File "<frozen importlib._bootstrap_external>", line 906, in source_to_code
  File "<frozen importlib._bootstrap>", line 219, in _call_with_frames_removed
  File "/opt/airflow/dags/ecom.py", line 95
    with DAG(
    ^
IndentationError: expected an indented block
[2025-12-24T22:13:48.236+0000] {processor.py:842} WARNING - No viable dags retrieved from /opt/airflow/dags/ecom.py
[2025-12-24T22:13:48.338+0000] {processor.py:183} INFO - Processing /opt/airflow/dags/ecom.py took 0.124 seconds
[2025-12-24T22:14:16.228+0000] {processor.py:161} INFO - Started process (PID=45462) to work on /opt/airflow/dags/ecom.py
[2025-12-24T22:14:16.229+0000] {processor.py:830} INFO - Processing file /opt/airflow/dags/ecom.py for tasks to queue
[2025-12-24T22:14:16.230+0000] {logging_mixin.py:188} INFO - [2025-12-24T22:14:16.230+0000] {dagbag.py:538} INFO - Filling up the DagBag from /opt/airflow/dags/ecom.py
[2025-12-24T22:14:16.254+0000] {logging_mixin.py:188} INFO - [2025-12-24T22:14:16.253+0000] {dagbag.py:348} ERROR - Failed to import: /opt/airflow/dags/ecom.py
Traceback (most recent call last):
  File "/home/airflow/.local/lib/python3.8/site-packages/airflow/models/dagbag.py", line 344, in parse
    loader.exec_module(new_module)
  File "<frozen importlib._bootstrap_external>", line 839, in exec_module
  File "<frozen importlib._bootstrap_external>", line 976, in get_code
  File "<frozen importlib._bootstrap_external>", line 906, in source_to_code
  File "<frozen importlib._bootstrap>", line 219, in _call_with_frames_removed
  File "/opt/airflow/dags/ecom.py", line 95
    with DAG(
    ^
IndentationError: expected an indented block
[2025-12-24T22:14:16.254+0000] {processor.py:842} WARNING - No viable dags retrieved from /opt/airflow/dags/ecom.py
[2025-12-24T22:14:16.277+0000] {processor.py:183} INFO - Processing /opt/airflow/dags/ecom.py took 0.054 seconds
[2025-12-24T22:14:46.628+0000] {processor.py:161} INFO - Started process (PID=45520) to work on /opt/airflow/dags/ecom.py
[2025-12-24T22:14:46.630+0000] {processor.py:830} INFO - Processing file /opt/airflow/dags/ecom.py for tasks to queue
[2025-12-24T22:14:46.631+0000] {logging_mixin.py:188} INFO - [2025-12-24T22:14:46.630+0000] {dagbag.py:538} INFO - Filling up the DagBag from /opt/airflow/dags/ecom.py
[2025-12-24T22:14:46.649+0000] {logging_mixin.py:188} INFO - [2025-12-24T22:14:46.648+0000] {dagbag.py:348} ERROR - Failed to import: /opt/airflow/dags/ecom.py
Traceback (most recent call last):
  File "/home/airflow/.local/lib/python3.8/site-packages/airflow/models/dagbag.py", line 344, in parse
    loader.exec_module(new_module)
  File "<frozen importlib._bootstrap_external>", line 839, in exec_module
  File "<frozen importlib._bootstrap_external>", line 976, in get_code
  File "<frozen importlib._bootstrap_external>", line 906, in source_to_code
  File "<frozen importlib._bootstrap>", line 219, in _call_with_frames_removed
  File "/opt/airflow/dags/ecom.py", line 95
    with DAG(
    ^
IndentationError: expected an indented block
[2025-12-24T22:14:46.650+0000] {processor.py:842} WARNING - No viable dags retrieved from /opt/airflow/dags/ecom.py
[2025-12-24T22:14:46.675+0000] {processor.py:183} INFO - Processing /opt/airflow/dags/ecom.py took 0.050 seconds
[2025-12-24T22:15:16.952+0000] {processor.py:161} INFO - Started process (PID=45578) to work on /opt/airflow/dags/ecom.py
[2025-12-24T22:15:16.954+0000] {processor.py:830} INFO - Processing file /opt/airflow/dags/ecom.py for tasks to queue
[2025-12-24T22:15:16.956+0000] {logging_mixin.py:188} INFO - [2025-12-24T22:15:16.956+0000] {dagbag.py:538} INFO - Filling up the DagBag from /opt/airflow/dags/ecom.py
[2025-12-24T22:15:17.025+0000] {logging_mixin.py:188} INFO - [2025-12-24T22:15:17.024+0000] {dagbag.py:348} ERROR - Failed to import: /opt/airflow/dags/ecom.py
Traceback (most recent call last):
  File "/home/airflow/.local/lib/python3.8/site-packages/airflow/models/dagbag.py", line 344, in parse
    loader.exec_module(new_module)
  File "<frozen importlib._bootstrap_external>", line 839, in exec_module
  File "<frozen importlib._bootstrap_external>", line 976, in get_code
  File "<frozen importlib._bootstrap_external>", line 906, in source_to_code
  File "<frozen importlib._bootstrap>", line 219, in _call_with_frames_removed
  File "/opt/airflow/dags/ecom.py", line 95
    with DAG(
    ^
IndentationError: expected an indented block
[2025-12-24T22:15:17.026+0000] {processor.py:842} WARNING - No viable dags retrieved from /opt/airflow/dags/ecom.py
[2025-12-24T22:15:17.088+0000] {processor.py:183} INFO - Processing /opt/airflow/dags/ecom.py took 0.141 seconds
[2025-12-24T22:15:47.354+0000] {processor.py:161} INFO - Started process (PID=45636) to work on /opt/airflow/dags/ecom.py
[2025-12-24T22:15:47.356+0000] {processor.py:830} INFO - Processing file /opt/airflow/dags/ecom.py for tasks to queue
[2025-12-24T22:15:47.357+0000] {logging_mixin.py:188} INFO - [2025-12-24T22:15:47.356+0000] {dagbag.py:538} INFO - Filling up the DagBag from /opt/airflow/dags/ecom.py
[2025-12-24T22:15:47.376+0000] {logging_mixin.py:188} INFO - [2025-12-24T22:15:47.375+0000] {dagbag.py:348} ERROR - Failed to import: /opt/airflow/dags/ecom.py
Traceback (most recent call last):
  File "/home/airflow/.local/lib/python3.8/site-packages/airflow/models/dagbag.py", line 344, in parse
    loader.exec_module(new_module)
  File "<frozen importlib._bootstrap_external>", line 839, in exec_module
  File "<frozen importlib._bootstrap_external>", line 976, in get_code
  File "<frozen importlib._bootstrap_external>", line 906, in source_to_code
  File "<frozen importlib._bootstrap>", line 219, in _call_with_frames_removed
  File "/opt/airflow/dags/ecom.py", line 95
    with DAG(
    ^
IndentationError: expected an indented block
[2025-12-24T22:15:47.376+0000] {processor.py:842} WARNING - No viable dags retrieved from /opt/airflow/dags/ecom.py
[2025-12-24T22:15:47.400+0000] {processor.py:183} INFO - Processing /opt/airflow/dags/ecom.py took 0.050 seconds
[2025-12-24T22:16:18.302+0000] {processor.py:161} INFO - Started process (PID=45694) to work on /opt/airflow/dags/ecom.py
[2025-12-24T22:16:18.303+0000] {processor.py:830} INFO - Processing file /opt/airflow/dags/ecom.py for tasks to queue
[2025-12-24T22:16:18.304+0000] {logging_mixin.py:188} INFO - [2025-12-24T22:16:18.304+0000] {dagbag.py:538} INFO - Filling up the DagBag from /opt/airflow/dags/ecom.py
[2025-12-24T22:16:18.321+0000] {logging_mixin.py:188} INFO - [2025-12-24T22:16:18.320+0000] {dagbag.py:348} ERROR - Failed to import: /opt/airflow/dags/ecom.py
Traceback (most recent call last):
  File "/home/airflow/.local/lib/python3.8/site-packages/airflow/models/dagbag.py", line 344, in parse
    loader.exec_module(new_module)
  File "<frozen importlib._bootstrap_external>", line 839, in exec_module
  File "<frozen importlib._bootstrap_external>", line 976, in get_code
  File "<frozen importlib._bootstrap_external>", line 906, in source_to_code
  File "<frozen importlib._bootstrap>", line 219, in _call_with_frames_removed
  File "/opt/airflow/dags/ecom.py", line 95
    with DAG(
    ^
IndentationError: expected an indented block
[2025-12-24T22:16:18.322+0000] {processor.py:842} WARNING - No viable dags retrieved from /opt/airflow/dags/ecom.py
[2025-12-24T22:16:18.345+0000] {processor.py:183} INFO - Processing /opt/airflow/dags/ecom.py took 0.047 seconds
[2025-12-24T22:16:48.655+0000] {processor.py:161} INFO - Started process (PID=45752) to work on /opt/airflow/dags/ecom.py
[2025-12-24T22:16:48.657+0000] {processor.py:830} INFO - Processing file /opt/airflow/dags/ecom.py for tasks to queue
[2025-12-24T22:16:48.658+0000] {logging_mixin.py:188} INFO - [2025-12-24T22:16:48.657+0000] {dagbag.py:538} INFO - Filling up the DagBag from /opt/airflow/dags/ecom.py
[2025-12-24T22:16:48.675+0000] {logging_mixin.py:188} INFO - [2025-12-24T22:16:48.674+0000] {dagbag.py:348} ERROR - Failed to import: /opt/airflow/dags/ecom.py
Traceback (most recent call last):
  File "/home/airflow/.local/lib/python3.8/site-packages/airflow/models/dagbag.py", line 344, in parse
    loader.exec_module(new_module)
  File "<frozen importlib._bootstrap_external>", line 839, in exec_module
  File "<frozen importlib._bootstrap_external>", line 976, in get_code
  File "<frozen importlib._bootstrap_external>", line 906, in source_to_code
  File "<frozen importlib._bootstrap>", line 219, in _call_with_frames_removed
  File "/opt/airflow/dags/ecom.py", line 95
    with DAG(
    ^
IndentationError: expected an indented block
[2025-12-24T22:16:48.675+0000] {processor.py:842} WARNING - No viable dags retrieved from /opt/airflow/dags/ecom.py
[2025-12-24T22:16:48.701+0000] {processor.py:183} INFO - Processing /opt/airflow/dags/ecom.py took 0.050 seconds
[2025-12-24T22:17:18.760+0000] {processor.py:161} INFO - Started process (PID=45810) to work on /opt/airflow/dags/ecom.py
[2025-12-24T22:17:18.761+0000] {processor.py:830} INFO - Processing file /opt/airflow/dags/ecom.py for tasks to queue
[2025-12-24T22:17:18.762+0000] {logging_mixin.py:188} INFO - [2025-12-24T22:17:18.762+0000] {dagbag.py:538} INFO - Filling up the DagBag from /opt/airflow/dags/ecom.py
[2025-12-24T22:17:18.777+0000] {logging_mixin.py:188} INFO - [2025-12-24T22:17:18.776+0000] {dagbag.py:348} ERROR - Failed to import: /opt/airflow/dags/ecom.py
Traceback (most recent call last):
  File "/home/airflow/.local/lib/python3.8/site-packages/airflow/models/dagbag.py", line 344, in parse
    loader.exec_module(new_module)
  File "<frozen importlib._bootstrap_external>", line 839, in exec_module
  File "<frozen importlib._bootstrap_external>", line 976, in get_code
  File "<frozen importlib._bootstrap_external>", line 906, in source_to_code
  File "<frozen importlib._bootstrap>", line 219, in _call_with_frames_removed
  File "/opt/airflow/dags/ecom.py", line 95
    with DAG(
    ^
IndentationError: expected an indented block
[2025-12-24T22:17:18.777+0000] {processor.py:842} WARNING - No viable dags retrieved from /opt/airflow/dags/ecom.py
[2025-12-24T22:17:18.801+0000] {processor.py:183} INFO - Processing /opt/airflow/dags/ecom.py took 0.044 seconds
[2025-12-24T22:17:48.967+0000] {processor.py:161} INFO - Started process (PID=45868) to work on /opt/airflow/dags/ecom.py
[2025-12-24T22:17:48.969+0000] {processor.py:830} INFO - Processing file /opt/airflow/dags/ecom.py for tasks to queue
[2025-12-24T22:17:48.970+0000] {logging_mixin.py:188} INFO - [2025-12-24T22:17:48.970+0000] {dagbag.py:538} INFO - Filling up the DagBag from /opt/airflow/dags/ecom.py
[2025-12-24T22:17:49.000+0000] {logging_mixin.py:188} INFO - [2025-12-24T22:17:48.999+0000] {dagbag.py:348} ERROR - Failed to import: /opt/airflow/dags/ecom.py
Traceback (most recent call last):
  File "/home/airflow/.local/lib/python3.8/site-packages/airflow/models/dagbag.py", line 344, in parse
    loader.exec_module(new_module)
  File "<frozen importlib._bootstrap_external>", line 839, in exec_module
  File "<frozen importlib._bootstrap_external>", line 976, in get_code
  File "<frozen importlib._bootstrap_external>", line 906, in source_to_code
  File "<frozen importlib._bootstrap>", line 219, in _call_with_frames_removed
  File "/opt/airflow/dags/ecom.py", line 95
    with DAG(
    ^
IndentationError: expected an indented block
[2025-12-24T22:17:49.000+0000] {processor.py:842} WARNING - No viable dags retrieved from /opt/airflow/dags/ecom.py
[2025-12-24T22:17:49.026+0000] {processor.py:183} INFO - Processing /opt/airflow/dags/ecom.py took 0.063 seconds
[2025-12-24T22:18:19.243+0000] {processor.py:161} INFO - Started process (PID=45926) to work on /opt/airflow/dags/ecom.py
[2025-12-24T22:18:19.244+0000] {processor.py:830} INFO - Processing file /opt/airflow/dags/ecom.py for tasks to queue
[2025-12-24T22:18:19.246+0000] {logging_mixin.py:188} INFO - [2025-12-24T22:18:19.246+0000] {dagbag.py:538} INFO - Filling up the DagBag from /opt/airflow/dags/ecom.py
[2025-12-24T22:18:19.278+0000] {logging_mixin.py:188} INFO - [2025-12-24T22:18:19.277+0000] {dagbag.py:348} ERROR - Failed to import: /opt/airflow/dags/ecom.py
Traceback (most recent call last):
  File "/home/airflow/.local/lib/python3.8/site-packages/airflow/models/dagbag.py", line 344, in parse
    loader.exec_module(new_module)
  File "<frozen importlib._bootstrap_external>", line 839, in exec_module
  File "<frozen importlib._bootstrap_external>", line 976, in get_code
  File "<frozen importlib._bootstrap_external>", line 906, in source_to_code
  File "<frozen importlib._bootstrap>", line 219, in _call_with_frames_removed
  File "/opt/airflow/dags/ecom.py", line 95
    with DAG(
    ^
IndentationError: expected an indented block
[2025-12-24T22:18:19.279+0000] {processor.py:842} WARNING - No viable dags retrieved from /opt/airflow/dags/ecom.py
[2025-12-24T22:18:19.306+0000] {processor.py:183} INFO - Processing /opt/airflow/dags/ecom.py took 0.069 seconds
[2025-12-24T22:18:50.207+0000] {processor.py:161} INFO - Started process (PID=45984) to work on /opt/airflow/dags/ecom.py
[2025-12-24T22:18:50.208+0000] {processor.py:830} INFO - Processing file /opt/airflow/dags/ecom.py for tasks to queue
[2025-12-24T22:18:50.210+0000] {logging_mixin.py:188} INFO - [2025-12-24T22:18:50.209+0000] {dagbag.py:538} INFO - Filling up the DagBag from /opt/airflow/dags/ecom.py
[2025-12-24T22:18:50.228+0000] {logging_mixin.py:188} INFO - [2025-12-24T22:18:50.227+0000] {dagbag.py:348} ERROR - Failed to import: /opt/airflow/dags/ecom.py
Traceback (most recent call last):
  File "/home/airflow/.local/lib/python3.8/site-packages/airflow/models/dagbag.py", line 344, in parse
    loader.exec_module(new_module)
  File "<frozen importlib._bootstrap_external>", line 839, in exec_module
  File "<frozen importlib._bootstrap_external>", line 976, in get_code
  File "<frozen importlib._bootstrap_external>", line 906, in source_to_code
  File "<frozen importlib._bootstrap>", line 219, in _call_with_frames_removed
  File "/opt/airflow/dags/ecom.py", line 95
    with DAG(
    ^
IndentationError: expected an indented block
[2025-12-24T22:18:50.228+0000] {processor.py:842} WARNING - No viable dags retrieved from /opt/airflow/dags/ecom.py
[2025-12-24T22:18:50.258+0000] {processor.py:183} INFO - Processing /opt/airflow/dags/ecom.py took 0.054 seconds
[2025-12-24T22:19:20.800+0000] {processor.py:161} INFO - Started process (PID=46042) to work on /opt/airflow/dags/ecom.py
[2025-12-24T22:19:20.801+0000] {processor.py:830} INFO - Processing file /opt/airflow/dags/ecom.py for tasks to queue
[2025-12-24T22:19:20.803+0000] {logging_mixin.py:188} INFO - [2025-12-24T22:19:20.803+0000] {dagbag.py:538} INFO - Filling up the DagBag from /opt/airflow/dags/ecom.py
[2025-12-24T22:19:20.833+0000] {logging_mixin.py:188} INFO - [2025-12-24T22:19:20.832+0000] {dagbag.py:348} ERROR - Failed to import: /opt/airflow/dags/ecom.py
Traceback (most recent call last):
  File "/home/airflow/.local/lib/python3.8/site-packages/airflow/models/dagbag.py", line 344, in parse
    loader.exec_module(new_module)
  File "<frozen importlib._bootstrap_external>", line 839, in exec_module
  File "<frozen importlib._bootstrap_external>", line 976, in get_code
  File "<frozen importlib._bootstrap_external>", line 906, in source_to_code
  File "<frozen importlib._bootstrap>", line 219, in _call_with_frames_removed
  File "/opt/airflow/dags/ecom.py", line 95
    with DAG(
    ^
IndentationError: expected an indented block
[2025-12-24T22:19:20.835+0000] {processor.py:842} WARNING - No viable dags retrieved from /opt/airflow/dags/ecom.py
[2025-12-24T22:19:20.877+0000] {processor.py:183} INFO - Processing /opt/airflow/dags/ecom.py took 0.084 seconds
[2025-12-24T22:19:51.059+0000] {processor.py:161} INFO - Started process (PID=46100) to work on /opt/airflow/dags/ecom.py
[2025-12-24T22:19:51.060+0000] {processor.py:830} INFO - Processing file /opt/airflow/dags/ecom.py for tasks to queue
[2025-12-24T22:19:51.061+0000] {logging_mixin.py:188} INFO - [2025-12-24T22:19:51.061+0000] {dagbag.py:538} INFO - Filling up the DagBag from /opt/airflow/dags/ecom.py
[2025-12-24T22:19:51.081+0000] {logging_mixin.py:188} INFO - [2025-12-24T22:19:51.080+0000] {dagbag.py:348} ERROR - Failed to import: /opt/airflow/dags/ecom.py
Traceback (most recent call last):
  File "/home/airflow/.local/lib/python3.8/site-packages/airflow/models/dagbag.py", line 344, in parse
    loader.exec_module(new_module)
  File "<frozen importlib._bootstrap_external>", line 839, in exec_module
  File "<frozen importlib._bootstrap_external>", line 976, in get_code
  File "<frozen importlib._bootstrap_external>", line 906, in source_to_code
  File "<frozen importlib._bootstrap>", line 219, in _call_with_frames_removed
  File "/opt/airflow/dags/ecom.py", line 95
    with DAG(
    ^
IndentationError: expected an indented block
[2025-12-24T22:19:51.081+0000] {processor.py:842} WARNING - No viable dags retrieved from /opt/airflow/dags/ecom.py
[2025-12-24T22:19:51.105+0000] {processor.py:183} INFO - Processing /opt/airflow/dags/ecom.py took 0.050 seconds
[2025-12-24T22:20:21.337+0000] {processor.py:161} INFO - Started process (PID=46158) to work on /opt/airflow/dags/ecom.py
[2025-12-24T22:20:21.339+0000] {processor.py:830} INFO - Processing file /opt/airflow/dags/ecom.py for tasks to queue
[2025-12-24T22:20:21.341+0000] {logging_mixin.py:188} INFO - [2025-12-24T22:20:21.341+0000] {dagbag.py:538} INFO - Filling up the DagBag from /opt/airflow/dags/ecom.py
[2025-12-24T22:20:21.373+0000] {logging_mixin.py:188} INFO - [2025-12-24T22:20:21.371+0000] {dagbag.py:348} ERROR - Failed to import: /opt/airflow/dags/ecom.py
Traceback (most recent call last):
  File "/home/airflow/.local/lib/python3.8/site-packages/airflow/models/dagbag.py", line 344, in parse
    loader.exec_module(new_module)
  File "<frozen importlib._bootstrap_external>", line 839, in exec_module
  File "<frozen importlib._bootstrap_external>", line 976, in get_code
  File "<frozen importlib._bootstrap_external>", line 906, in source_to_code
  File "<frozen importlib._bootstrap>", line 219, in _call_with_frames_removed
  File "/opt/airflow/dags/ecom.py", line 95
    with DAG(
    ^
IndentationError: expected an indented block
[2025-12-24T22:20:21.374+0000] {processor.py:842} WARNING - No viable dags retrieved from /opt/airflow/dags/ecom.py
[2025-12-24T22:20:21.401+0000] {processor.py:183} INFO - Processing /opt/airflow/dags/ecom.py took 0.070 seconds
[2025-12-24T22:20:46.250+0000] {processor.py:161} INFO - Started process (PID=46195) to work on /opt/airflow/dags/ecom.py
[2025-12-24T22:20:46.252+0000] {processor.py:830} INFO - Processing file /opt/airflow/dags/ecom.py for tasks to queue
[2025-12-24T22:20:46.253+0000] {logging_mixin.py:188} INFO - [2025-12-24T22:20:46.253+0000] {dagbag.py:538} INFO - Filling up the DagBag from /opt/airflow/dags/ecom.py
[2025-12-24T22:20:46.270+0000] {logging_mixin.py:188} INFO - [2025-12-24T22:20:46.269+0000] {dagbag.py:348} ERROR - Failed to import: /opt/airflow/dags/ecom.py
Traceback (most recent call last):
  File "/home/airflow/.local/lib/python3.8/site-packages/airflow/models/dagbag.py", line 344, in parse
    loader.exec_module(new_module)
  File "<frozen importlib._bootstrap_external>", line 839, in exec_module
  File "<frozen importlib._bootstrap_external>", line 976, in get_code
  File "<frozen importlib._bootstrap_external>", line 906, in source_to_code
  File "<frozen importlib._bootstrap>", line 219, in _call_with_frames_removed
  File "/opt/airflow/dags/ecom.py", line 3
    Airflow, Docker, VS Code Configuration
                        ^
SyntaxError: invalid syntax
[2025-12-24T22:20:46.272+0000] {processor.py:842} WARNING - No viable dags retrieved from /opt/airflow/dags/ecom.py
[2025-12-24T22:20:46.295+0000] {processor.py:183} INFO - Processing /opt/airflow/dags/ecom.py took 0.049 seconds
[2025-12-24T22:20:54.045+0000] {processor.py:161} INFO - Started process (PID=46218) to work on /opt/airflow/dags/ecom.py
[2025-12-24T22:20:54.047+0000] {processor.py:830} INFO - Processing file /opt/airflow/dags/ecom.py for tasks to queue
[2025-12-24T22:20:54.048+0000] {logging_mixin.py:188} INFO - [2025-12-24T22:20:54.047+0000] {dagbag.py:538} INFO - Filling up the DagBag from /opt/airflow/dags/ecom.py
[2025-12-24T22:20:54.074+0000] {logging_mixin.py:188} INFO - [2025-12-24T22:20:54.072+0000] {dagbag.py:348} ERROR - Failed to import: /opt/airflow/dags/ecom.py
Traceback (most recent call last):
  File "/home/airflow/.local/lib/python3.8/site-packages/airflow/models/dagbag.py", line 344, in parse
    loader.exec_module(new_module)
  File "<frozen importlib._bootstrap_external>", line 839, in exec_module
  File "<frozen importlib._bootstrap_external>", line 976, in get_code
  File "<frozen importlib._bootstrap_external>", line 906, in source_to_code
  File "<frozen importlib._bootstrap>", line 219, in _call_with_frames_removed
  File "/opt/airflow/dags/ecom.py", line 3
    Airflow, Docker, VS Code Configuration
                        ^
SyntaxError: invalid syntax
[2025-12-24T22:20:54.075+0000] {processor.py:842} WARNING - No viable dags retrieved from /opt/airflow/dags/ecom.py
[2025-12-24T22:20:54.122+0000] {processor.py:183} INFO - Processing /opt/airflow/dags/ecom.py took 0.083 seconds
[2025-12-24T22:21:02.995+0000] {processor.py:161} INFO - Started process (PID=46230) to work on /opt/airflow/dags/ecom.py
[2025-12-24T22:21:03.003+0000] {processor.py:830} INFO - Processing file /opt/airflow/dags/ecom.py for tasks to queue
[2025-12-24T22:21:03.006+0000] {logging_mixin.py:188} INFO - [2025-12-24T22:21:03.005+0000] {dagbag.py:538} INFO - Filling up the DagBag from /opt/airflow/dags/ecom.py
[2025-12-24T22:21:03.075+0000] {logging_mixin.py:188} INFO - [2025-12-24T22:21:03.073+0000] {dagbag.py:348} ERROR - Failed to import: /opt/airflow/dags/ecom.py
Traceback (most recent call last):
  File "/home/airflow/.local/lib/python3.8/site-packages/airflow/models/dagbag.py", line 344, in parse
    loader.exec_module(new_module)
  File "<frozen importlib._bootstrap_external>", line 839, in exec_module
  File "<frozen importlib._bootstrap_external>", line 976, in get_code
  File "<frozen importlib._bootstrap_external>", line 906, in source_to_code
  File "<frozen importlib._bootstrap>", line 219, in _call_with_frames_removed
  File "/opt/airflow/dags/ecom.py", line 3
    Airflow, Docker, VS Code Configuration
                        ^
SyntaxError: invalid syntax
[2025-12-24T22:21:03.076+0000] {processor.py:842} WARNING - No viable dags retrieved from /opt/airflow/dags/ecom.py
[2025-12-24T22:21:03.130+0000] {processor.py:183} INFO - Processing /opt/airflow/dags/ecom.py took 0.145 seconds
[2025-12-24T22:21:09.199+0000] {processor.py:161} INFO - Started process (PID=46241) to work on /opt/airflow/dags/ecom.py
[2025-12-24T22:21:09.201+0000] {processor.py:830} INFO - Processing file /opt/airflow/dags/ecom.py for tasks to queue
[2025-12-24T22:21:09.203+0000] {logging_mixin.py:188} INFO - [2025-12-24T22:21:09.203+0000] {dagbag.py:538} INFO - Filling up the DagBag from /opt/airflow/dags/ecom.py
[2025-12-24T22:21:09.610+0000] {processor.py:840} INFO - DAG(s) 'hello_airflow_postgres_slack' retrieved from /opt/airflow/dags/ecom.py
[2025-12-24T22:21:10.766+0000] {logging_mixin.py:188} INFO - [2025-12-24T22:21:10.765+0000] {override.py:1769} INFO - Created Permission View: can delete on DAG:hello_airflow_postgres_slack
[2025-12-24T22:21:10.779+0000] {logging_mixin.py:188} INFO - [2025-12-24T22:21:10.779+0000] {override.py:1769} INFO - Created Permission View: can edit on DAG:hello_airflow_postgres_slack
[2025-12-24T22:21:10.791+0000] {logging_mixin.py:188} INFO - [2025-12-24T22:21:10.790+0000] {override.py:1769} INFO - Created Permission View: can read on DAG:hello_airflow_postgres_slack
[2025-12-24T22:21:10.792+0000] {logging_mixin.py:188} INFO - [2025-12-24T22:21:10.791+0000] {dag.py:3036} INFO - Sync 1 DAGs
[2025-12-24T22:21:10.802+0000] {logging_mixin.py:188} INFO - [2025-12-24T22:21:10.802+0000] {dag.py:3058} INFO - Creating ORM DAG for hello_airflow_postgres_slack
[2025-12-24T22:21:10.814+0000] {logging_mixin.py:188} INFO - [2025-12-24T22:21:10.813+0000] {dag.py:3823} INFO - Setting next_dagrun for hello_airflow_postgres_slack to 2025-12-23 00:00:00+00:00, run_after=2025-12-24 00:00:00+00:00
[2025-12-24T22:21:10.843+0000] {processor.py:183} INFO - Processing /opt/airflow/dags/ecom.py took 1.649 seconds
[2025-12-24T22:21:41.296+0000] {processor.py:161} INFO - Started process (PID=46301) to work on /opt/airflow/dags/ecom.py
[2025-12-24T22:21:41.297+0000] {processor.py:830} INFO - Processing file /opt/airflow/dags/ecom.py for tasks to queue
[2025-12-24T22:21:41.298+0000] {logging_mixin.py:188} INFO - [2025-12-24T22:21:41.298+0000] {dagbag.py:538} INFO - Filling up the DagBag from /opt/airflow/dags/ecom.py
[2025-12-24T22:21:41.587+0000] {processor.py:840} INFO - DAG(s) 'hello_airflow_postgres_slack' retrieved from /opt/airflow/dags/ecom.py
[2025-12-24T22:21:41.607+0000] {logging_mixin.py:188} INFO - [2025-12-24T22:21:41.607+0000] {dag.py:3036} INFO - Sync 1 DAGs
[2025-12-24T22:21:41.789+0000] {logging_mixin.py:188} INFO - [2025-12-24T22:21:41.789+0000] {dag.py:3823} INFO - Setting next_dagrun for hello_airflow_postgres_slack to 2025-12-23 00:00:00+00:00, run_after=2025-12-24 00:00:00+00:00
[2025-12-24T22:21:41.810+0000] {processor.py:183} INFO - Processing /opt/airflow/dags/ecom.py took 0.518 seconds
[2025-12-24T22:22:12.035+0000] {processor.py:161} INFO - Started process (PID=46360) to work on /opt/airflow/dags/ecom.py
[2025-12-24T22:22:12.037+0000] {processor.py:830} INFO - Processing file /opt/airflow/dags/ecom.py for tasks to queue
[2025-12-24T22:22:12.038+0000] {logging_mixin.py:188} INFO - [2025-12-24T22:22:12.037+0000] {dagbag.py:538} INFO - Filling up the DagBag from /opt/airflow/dags/ecom.py
[2025-12-24T22:22:12.376+0000] {processor.py:840} INFO - DAG(s) 'hello_airflow_postgres_slack' retrieved from /opt/airflow/dags/ecom.py
[2025-12-24T22:22:12.541+0000] {logging_mixin.py:188} INFO - [2025-12-24T22:22:12.541+0000] {dag.py:3036} INFO - Sync 1 DAGs
[2025-12-24T22:22:12.560+0000] {logging_mixin.py:188} INFO - [2025-12-24T22:22:12.559+0000] {dag.py:3823} INFO - Setting next_dagrun for hello_airflow_postgres_slack to 2025-12-23 00:00:00+00:00, run_after=2025-12-24 00:00:00+00:00
[2025-12-24T22:22:12.579+0000] {processor.py:183} INFO - Processing /opt/airflow/dags/ecom.py took 0.548 seconds
[2025-12-24T22:22:42.946+0000] {processor.py:161} INFO - Started process (PID=46425) to work on /opt/airflow/dags/ecom.py
[2025-12-24T22:22:42.947+0000] {processor.py:830} INFO - Processing file /opt/airflow/dags/ecom.py for tasks to queue
[2025-12-24T22:22:42.953+0000] {logging_mixin.py:188} INFO - [2025-12-24T22:22:42.952+0000] {dagbag.py:538} INFO - Filling up the DagBag from /opt/airflow/dags/ecom.py
[2025-12-24T22:22:43.275+0000] {processor.py:840} INFO - DAG(s) 'hello_airflow_postgres_slack' retrieved from /opt/airflow/dags/ecom.py
[2025-12-24T22:22:43.465+0000] {logging_mixin.py:188} INFO - [2025-12-24T22:22:43.464+0000] {dag.py:3036} INFO - Sync 1 DAGs
[2025-12-24T22:22:43.483+0000] {logging_mixin.py:188} INFO - [2025-12-24T22:22:43.482+0000] {dag.py:3823} INFO - Setting next_dagrun for hello_airflow_postgres_slack to 2025-12-23 00:00:00+00:00, run_after=2025-12-24 00:00:00+00:00
[2025-12-24T22:22:43.516+0000] {processor.py:183} INFO - Processing /opt/airflow/dags/ecom.py took 0.574 seconds
[2025-12-24T22:23:14.522+0000] {processor.py:161} INFO - Started process (PID=46486) to work on /opt/airflow/dags/ecom.py
[2025-12-24T22:23:14.523+0000] {processor.py:830} INFO - Processing file /opt/airflow/dags/ecom.py for tasks to queue
[2025-12-24T22:23:14.524+0000] {logging_mixin.py:188} INFO - [2025-12-24T22:23:14.524+0000] {dagbag.py:538} INFO - Filling up the DagBag from /opt/airflow/dags/ecom.py
[2025-12-24T22:23:14.908+0000] {processor.py:840} INFO - DAG(s) 'hello_airflow_postgres_slack' retrieved from /opt/airflow/dags/ecom.py
[2025-12-24T22:23:14.927+0000] {logging_mixin.py:188} INFO - [2025-12-24T22:23:14.926+0000] {dag.py:3036} INFO - Sync 1 DAGs
[2025-12-24T22:23:14.947+0000] {logging_mixin.py:188} INFO - [2025-12-24T22:23:14.946+0000] {dag.py:3823} INFO - Setting next_dagrun for hello_airflow_postgres_slack to 2025-12-23 00:00:00+00:00, run_after=2025-12-24 00:00:00+00:00
[2025-12-24T22:23:14.966+0000] {processor.py:183} INFO - Processing /opt/airflow/dags/ecom.py took 0.448 seconds
[2025-12-24T22:23:45.793+0000] {processor.py:161} INFO - Started process (PID=46545) to work on /opt/airflow/dags/ecom.py
[2025-12-24T22:23:45.795+0000] {processor.py:830} INFO - Processing file /opt/airflow/dags/ecom.py for tasks to queue
[2025-12-24T22:23:45.797+0000] {logging_mixin.py:188} INFO - [2025-12-24T22:23:45.797+0000] {dagbag.py:538} INFO - Filling up the DagBag from /opt/airflow/dags/ecom.py
[2025-12-24T22:23:46.104+0000] {processor.py:840} INFO - DAG(s) 'hello_airflow_postgres_slack' retrieved from /opt/airflow/dags/ecom.py
[2025-12-24T22:23:46.250+0000] {logging_mixin.py:188} INFO - [2025-12-24T22:23:46.249+0000] {dag.py:3036} INFO - Sync 1 DAGs
[2025-12-24T22:23:46.267+0000] {logging_mixin.py:188} INFO - [2025-12-24T22:23:46.267+0000] {dag.py:3823} INFO - Setting next_dagrun for hello_airflow_postgres_slack to 2025-12-23 00:00:00+00:00, run_after=2025-12-24 00:00:00+00:00
[2025-12-24T22:23:46.290+0000] {processor.py:183} INFO - Processing /opt/airflow/dags/ecom.py took 0.504 seconds
[2025-12-24T22:24:16.971+0000] {processor.py:161} INFO - Started process (PID=46605) to work on /opt/airflow/dags/ecom.py
[2025-12-24T22:24:16.972+0000] {processor.py:830} INFO - Processing file /opt/airflow/dags/ecom.py for tasks to queue
[2025-12-24T22:24:16.974+0000] {logging_mixin.py:188} INFO - [2025-12-24T22:24:16.974+0000] {dagbag.py:538} INFO - Filling up the DagBag from /opt/airflow/dags/ecom.py
[2025-12-24T22:24:17.560+0000] {processor.py:840} INFO - DAG(s) 'hello_airflow_postgres_slack' retrieved from /opt/airflow/dags/ecom.py
[2025-12-24T22:24:17.579+0000] {logging_mixin.py:188} INFO - [2025-12-24T22:24:17.579+0000] {dag.py:3036} INFO - Sync 1 DAGs
[2025-12-24T22:24:17.602+0000] {logging_mixin.py:188} INFO - [2025-12-24T22:24:17.601+0000] {dag.py:3823} INFO - Setting next_dagrun for hello_airflow_postgres_slack to 2025-12-23 00:00:00+00:00, run_after=2025-12-24 00:00:00+00:00
[2025-12-24T22:24:17.624+0000] {processor.py:183} INFO - Processing /opt/airflow/dags/ecom.py took 0.661 seconds
[2025-12-24T22:24:48.407+0000] {processor.py:161} INFO - Started process (PID=46664) to work on /opt/airflow/dags/ecom.py
[2025-12-24T22:24:48.408+0000] {processor.py:830} INFO - Processing file /opt/airflow/dags/ecom.py for tasks to queue
[2025-12-24T22:24:48.409+0000] {logging_mixin.py:188} INFO - [2025-12-24T22:24:48.409+0000] {dagbag.py:538} INFO - Filling up the DagBag from /opt/airflow/dags/ecom.py
[2025-12-24T22:24:48.924+0000] {processor.py:840} INFO - DAG(s) 'hello_airflow_postgres_slack' retrieved from /opt/airflow/dags/ecom.py
[2025-12-24T22:24:48.946+0000] {logging_mixin.py:188} INFO - [2025-12-24T22:24:48.946+0000] {dag.py:3036} INFO - Sync 1 DAGs
[2025-12-24T22:24:48.976+0000] {logging_mixin.py:188} INFO - [2025-12-24T22:24:48.976+0000] {dag.py:3823} INFO - Setting next_dagrun for hello_airflow_postgres_slack to 2025-12-23 00:00:00+00:00, run_after=2025-12-24 00:00:00+00:00
[2025-12-24T22:24:49.004+0000] {processor.py:183} INFO - Processing /opt/airflow/dags/ecom.py took 0.600 seconds
[2025-12-24T22:25:19.122+0000] {processor.py:161} INFO - Started process (PID=46723) to work on /opt/airflow/dags/ecom.py
[2025-12-24T22:25:19.123+0000] {processor.py:830} INFO - Processing file /opt/airflow/dags/ecom.py for tasks to queue
[2025-12-24T22:25:19.124+0000] {logging_mixin.py:188} INFO - [2025-12-24T22:25:19.124+0000] {dagbag.py:538} INFO - Filling up the DagBag from /opt/airflow/dags/ecom.py
[2025-12-24T22:25:19.547+0000] {processor.py:840} INFO - DAG(s) 'hello_airflow_postgres_slack' retrieved from /opt/airflow/dags/ecom.py
[2025-12-24T22:25:19.563+0000] {logging_mixin.py:188} INFO - [2025-12-24T22:25:19.563+0000] {dag.py:3036} INFO - Sync 1 DAGs
[2025-12-24T22:25:19.582+0000] {logging_mixin.py:188} INFO - [2025-12-24T22:25:19.582+0000] {dag.py:3823} INFO - Setting next_dagrun for hello_airflow_postgres_slack to 2025-12-23 00:00:00+00:00, run_after=2025-12-24 00:00:00+00:00
[2025-12-24T22:25:19.602+0000] {processor.py:183} INFO - Processing /opt/airflow/dags/ecom.py took 0.486 seconds
[2025-12-24T22:25:49.666+0000] {processor.py:161} INFO - Started process (PID=46782) to work on /opt/airflow/dags/ecom.py
[2025-12-24T22:25:49.667+0000] {processor.py:830} INFO - Processing file /opt/airflow/dags/ecom.py for tasks to queue
[2025-12-24T22:25:49.668+0000] {logging_mixin.py:188} INFO - [2025-12-24T22:25:49.668+0000] {dagbag.py:538} INFO - Filling up the DagBag from /opt/airflow/dags/ecom.py
[2025-12-24T22:25:50.239+0000] {processor.py:840} INFO - DAG(s) 'hello_airflow_postgres_slack' retrieved from /opt/airflow/dags/ecom.py
[2025-12-24T22:25:50.261+0000] {logging_mixin.py:188} INFO - [2025-12-24T22:25:50.260+0000] {dag.py:3036} INFO - Sync 1 DAGs
[2025-12-24T22:25:50.289+0000] {logging_mixin.py:188} INFO - [2025-12-24T22:25:50.288+0000] {dag.py:3823} INFO - Setting next_dagrun for hello_airflow_postgres_slack to 2025-12-23 00:00:00+00:00, run_after=2025-12-24 00:00:00+00:00
[2025-12-24T22:25:50.321+0000] {processor.py:183} INFO - Processing /opt/airflow/dags/ecom.py took 0.660 seconds
[2025-12-24T22:26:20.480+0000] {processor.py:161} INFO - Started process (PID=46841) to work on /opt/airflow/dags/ecom.py
[2025-12-24T22:26:20.482+0000] {processor.py:830} INFO - Processing file /opt/airflow/dags/ecom.py for tasks to queue
[2025-12-24T22:26:20.485+0000] {logging_mixin.py:188} INFO - [2025-12-24T22:26:20.483+0000] {dagbag.py:538} INFO - Filling up the DagBag from /opt/airflow/dags/ecom.py
[2025-12-24T22:26:21.006+0000] {processor.py:840} INFO - DAG(s) 'hello_airflow_postgres_slack' retrieved from /opt/airflow/dags/ecom.py
[2025-12-24T22:26:21.029+0000] {logging_mixin.py:188} INFO - [2025-12-24T22:26:21.029+0000] {dag.py:3036} INFO - Sync 1 DAGs
[2025-12-24T22:26:21.048+0000] {logging_mixin.py:188} INFO - [2025-12-24T22:26:21.048+0000] {dag.py:3823} INFO - Setting next_dagrun for hello_airflow_postgres_slack to 2025-12-23 00:00:00+00:00, run_after=2025-12-24 00:00:00+00:00
[2025-12-24T22:26:21.067+0000] {processor.py:183} INFO - Processing /opt/airflow/dags/ecom.py took 0.591 seconds
[2025-12-24T22:26:51.879+0000] {processor.py:161} INFO - Started process (PID=46902) to work on /opt/airflow/dags/ecom.py
[2025-12-24T22:26:51.880+0000] {processor.py:830} INFO - Processing file /opt/airflow/dags/ecom.py for tasks to queue
[2025-12-24T22:26:51.881+0000] {logging_mixin.py:188} INFO - [2025-12-24T22:26:51.881+0000] {dagbag.py:538} INFO - Filling up the DagBag from /opt/airflow/dags/ecom.py
[2025-12-24T22:26:52.281+0000] {processor.py:840} INFO - DAG(s) 'hello_airflow_postgres_slack' retrieved from /opt/airflow/dags/ecom.py
[2025-12-24T22:26:52.299+0000] {logging_mixin.py:188} INFO - [2025-12-24T22:26:52.299+0000] {dag.py:3036} INFO - Sync 1 DAGs
[2025-12-24T22:26:52.319+0000] {logging_mixin.py:188} INFO - [2025-12-24T22:26:52.319+0000] {dag.py:3823} INFO - Setting next_dagrun for hello_airflow_postgres_slack to 2025-12-23 00:00:00+00:00, run_after=2025-12-24 00:00:00+00:00
[2025-12-24T22:26:52.338+0000] {processor.py:183} INFO - Processing /opt/airflow/dags/ecom.py took 0.463 seconds
[2025-12-24T22:27:23.214+0000] {processor.py:161} INFO - Started process (PID=46963) to work on /opt/airflow/dags/ecom.py
[2025-12-24T22:27:23.216+0000] {processor.py:830} INFO - Processing file /opt/airflow/dags/ecom.py for tasks to queue
[2025-12-24T22:27:23.217+0000] {logging_mixin.py:188} INFO - [2025-12-24T22:27:23.216+0000] {dagbag.py:538} INFO - Filling up the DagBag from /opt/airflow/dags/ecom.py
[2025-12-24T22:27:23.668+0000] {processor.py:840} INFO - DAG(s) 'hello_airflow_postgres_slack' retrieved from /opt/airflow/dags/ecom.py
[2025-12-24T22:27:23.684+0000] {logging_mixin.py:188} INFO - [2025-12-24T22:27:23.684+0000] {dag.py:3036} INFO - Sync 1 DAGs
[2025-12-24T22:27:23.705+0000] {logging_mixin.py:188} INFO - [2025-12-24T22:27:23.704+0000] {dag.py:3823} INFO - Setting next_dagrun for hello_airflow_postgres_slack to 2025-12-23 00:00:00+00:00, run_after=2025-12-24 00:00:00+00:00
[2025-12-24T22:27:23.727+0000] {processor.py:183} INFO - Processing /opt/airflow/dags/ecom.py took 0.518 seconds
[2025-12-24T22:27:54.046+0000] {processor.py:161} INFO - Started process (PID=47022) to work on /opt/airflow/dags/ecom.py
[2025-12-24T22:27:54.048+0000] {processor.py:830} INFO - Processing file /opt/airflow/dags/ecom.py for tasks to queue
[2025-12-24T22:27:54.051+0000] {logging_mixin.py:188} INFO - [2025-12-24T22:27:54.050+0000] {dagbag.py:538} INFO - Filling up the DagBag from /opt/airflow/dags/ecom.py
[2025-12-24T22:27:55.263+0000] {processor.py:840} INFO - DAG(s) 'hello_airflow_postgres_slack' retrieved from /opt/airflow/dags/ecom.py
[2025-12-24T22:27:55.302+0000] {logging_mixin.py:188} INFO - [2025-12-24T22:27:55.301+0000] {dag.py:3036} INFO - Sync 1 DAGs
[2025-12-24T22:27:55.358+0000] {logging_mixin.py:188} INFO - [2025-12-24T22:27:55.356+0000] {dag.py:3823} INFO - Setting next_dagrun for hello_airflow_postgres_slack to 2025-12-23 00:00:00+00:00, run_after=2025-12-24 00:00:00+00:00
[2025-12-24T22:27:55.410+0000] {processor.py:183} INFO - Processing /opt/airflow/dags/ecom.py took 1.370 seconds
[2025-12-24T22:28:26.091+0000] {processor.py:161} INFO - Started process (PID=47084) to work on /opt/airflow/dags/ecom.py
[2025-12-24T22:28:26.093+0000] {processor.py:830} INFO - Processing file /opt/airflow/dags/ecom.py for tasks to queue
[2025-12-24T22:28:26.094+0000] {logging_mixin.py:188} INFO - [2025-12-24T22:28:26.093+0000] {dagbag.py:538} INFO - Filling up the DagBag from /opt/airflow/dags/ecom.py
[2025-12-24T22:28:26.643+0000] {processor.py:840} INFO - DAG(s) 'hello_airflow_postgres_slack' retrieved from /opt/airflow/dags/ecom.py
[2025-12-24T22:28:26.662+0000] {logging_mixin.py:188} INFO - [2025-12-24T22:28:26.662+0000] {dag.py:3036} INFO - Sync 1 DAGs
[2025-12-24T22:28:26.686+0000] {logging_mixin.py:188} INFO - [2025-12-24T22:28:26.686+0000] {dag.py:3823} INFO - Setting next_dagrun for hello_airflow_postgres_slack to 2025-12-23 00:00:00+00:00, run_after=2025-12-24 00:00:00+00:00
[2025-12-24T22:28:26.708+0000] {processor.py:183} INFO - Processing /opt/airflow/dags/ecom.py took 0.621 seconds
[2025-12-24T22:28:57.011+0000] {processor.py:161} INFO - Started process (PID=47143) to work on /opt/airflow/dags/ecom.py
[2025-12-24T22:28:57.024+0000] {processor.py:830} INFO - Processing file /opt/airflow/dags/ecom.py for tasks to queue
[2025-12-24T22:28:57.028+0000] {logging_mixin.py:188} INFO - [2025-12-24T22:28:57.027+0000] {dagbag.py:538} INFO - Filling up the DagBag from /opt/airflow/dags/ecom.py
[2025-12-24T22:28:58.129+0000] {processor.py:840} INFO - DAG(s) 'hello_airflow_postgres_slack' retrieved from /opt/airflow/dags/ecom.py
[2025-12-24T22:28:58.158+0000] {logging_mixin.py:188} INFO - [2025-12-24T22:28:58.158+0000] {dag.py:3036} INFO - Sync 1 DAGs
[2025-12-24T22:28:58.190+0000] {logging_mixin.py:188} INFO - [2025-12-24T22:28:58.190+0000] {dag.py:3823} INFO - Setting next_dagrun for hello_airflow_postgres_slack to 2025-12-23 00:00:00+00:00, run_after=2025-12-24 00:00:00+00:00
[2025-12-24T22:28:58.223+0000] {processor.py:183} INFO - Processing /opt/airflow/dags/ecom.py took 1.218 seconds
[2025-12-24T22:29:28.839+0000] {processor.py:161} INFO - Started process (PID=47203) to work on /opt/airflow/dags/ecom.py
[2025-12-24T22:29:28.840+0000] {processor.py:830} INFO - Processing file /opt/airflow/dags/ecom.py for tasks to queue
[2025-12-24T22:29:28.841+0000] {logging_mixin.py:188} INFO - [2025-12-24T22:29:28.841+0000] {dagbag.py:538} INFO - Filling up the DagBag from /opt/airflow/dags/ecom.py
[2025-12-24T22:29:29.270+0000] {processor.py:840} INFO - DAG(s) 'hello_airflow_postgres_slack' retrieved from /opt/airflow/dags/ecom.py
[2025-12-24T22:29:29.288+0000] {logging_mixin.py:188} INFO - [2025-12-24T22:29:29.287+0000] {dag.py:3036} INFO - Sync 1 DAGs
[2025-12-24T22:29:29.309+0000] {logging_mixin.py:188} INFO - [2025-12-24T22:29:29.308+0000] {dag.py:3823} INFO - Setting next_dagrun for hello_airflow_postgres_slack to 2025-12-23 00:00:00+00:00, run_after=2025-12-24 00:00:00+00:00
[2025-12-24T22:29:29.328+0000] {processor.py:183} INFO - Processing /opt/airflow/dags/ecom.py took 0.493 seconds
[2025-12-24T22:29:59.379+0000] {processor.py:161} INFO - Started process (PID=47265) to work on /opt/airflow/dags/ecom.py
[2025-12-24T22:29:59.380+0000] {processor.py:830} INFO - Processing file /opt/airflow/dags/ecom.py for tasks to queue
[2025-12-24T22:29:59.381+0000] {logging_mixin.py:188} INFO - [2025-12-24T22:29:59.381+0000] {dagbag.py:538} INFO - Filling up the DagBag from /opt/airflow/dags/ecom.py
[2025-12-24T22:29:59.800+0000] {processor.py:840} INFO - DAG(s) 'hello_airflow_postgres_slack' retrieved from /opt/airflow/dags/ecom.py
[2025-12-24T22:29:59.908+0000] {logging_mixin.py:188} INFO - [2025-12-24T22:29:59.907+0000] {dag.py:3036} INFO - Sync 1 DAGs
[2025-12-24T22:29:59.931+0000] {logging_mixin.py:188} INFO - [2025-12-24T22:29:59.931+0000] {dag.py:3823} INFO - Setting next_dagrun for hello_airflow_postgres_slack to 2025-12-23 00:00:00+00:00, run_after=2025-12-24 00:00:00+00:00
[2025-12-24T22:29:59.963+0000] {processor.py:183} INFO - Processing /opt/airflow/dags/ecom.py took 0.588 seconds
[2025-12-24T22:30:30.064+0000] {processor.py:161} INFO - Started process (PID=47325) to work on /opt/airflow/dags/ecom.py
[2025-12-24T22:30:30.065+0000] {processor.py:830} INFO - Processing file /opt/airflow/dags/ecom.py for tasks to queue
[2025-12-24T22:30:30.066+0000] {logging_mixin.py:188} INFO - [2025-12-24T22:30:30.066+0000] {dagbag.py:538} INFO - Filling up the DagBag from /opt/airflow/dags/ecom.py
[2025-12-24T22:30:30.517+0000] {processor.py:840} INFO - DAG(s) 'hello_airflow_postgres_slack' retrieved from /opt/airflow/dags/ecom.py
[2025-12-24T22:30:30.542+0000] {logging_mixin.py:188} INFO - [2025-12-24T22:30:30.541+0000] {dag.py:3036} INFO - Sync 1 DAGs
[2025-12-24T22:30:30.576+0000] {logging_mixin.py:188} INFO - [2025-12-24T22:30:30.575+0000] {dag.py:3823} INFO - Setting next_dagrun for hello_airflow_postgres_slack to 2025-12-23 00:00:00+00:00, run_after=2025-12-24 00:00:00+00:00
[2025-12-24T22:30:30.604+0000] {processor.py:183} INFO - Processing /opt/airflow/dags/ecom.py took 0.546 seconds
[2025-12-24T22:31:00.792+0000] {processor.py:161} INFO - Started process (PID=47384) to work on /opt/airflow/dags/ecom.py
[2025-12-24T22:31:00.793+0000] {processor.py:830} INFO - Processing file /opt/airflow/dags/ecom.py for tasks to queue
[2025-12-24T22:31:00.794+0000] {logging_mixin.py:188} INFO - [2025-12-24T22:31:00.793+0000] {dagbag.py:538} INFO - Filling up the DagBag from /opt/airflow/dags/ecom.py
[2025-12-24T22:31:01.186+0000] {processor.py:840} INFO - DAG(s) 'hello_airflow_postgres_slack' retrieved from /opt/airflow/dags/ecom.py
[2025-12-24T22:31:01.203+0000] {logging_mixin.py:188} INFO - [2025-12-24T22:31:01.203+0000] {dag.py:3036} INFO - Sync 1 DAGs
[2025-12-24T22:31:01.222+0000] {logging_mixin.py:188} INFO - [2025-12-24T22:31:01.221+0000] {dag.py:3823} INFO - Setting next_dagrun for hello_airflow_postgres_slack to 2025-12-23 00:00:00+00:00, run_after=2025-12-24 00:00:00+00:00
[2025-12-24T22:31:01.244+0000] {processor.py:183} INFO - Processing /opt/airflow/dags/ecom.py took 0.457 seconds
[2025-12-24T22:31:31.432+0000] {processor.py:161} INFO - Started process (PID=47443) to work on /opt/airflow/dags/ecom.py
[2025-12-24T22:31:31.433+0000] {processor.py:830} INFO - Processing file /opt/airflow/dags/ecom.py for tasks to queue
[2025-12-24T22:31:31.434+0000] {logging_mixin.py:188} INFO - [2025-12-24T22:31:31.434+0000] {dagbag.py:538} INFO - Filling up the DagBag from /opt/airflow/dags/ecom.py
[2025-12-24T22:31:31.924+0000] {processor.py:840} INFO - DAG(s) 'hello_airflow_postgres_slack' retrieved from /opt/airflow/dags/ecom.py
[2025-12-24T22:31:31.944+0000] {logging_mixin.py:188} INFO - [2025-12-24T22:31:31.943+0000] {dag.py:3036} INFO - Sync 1 DAGs
[2025-12-24T22:31:31.967+0000] {logging_mixin.py:188} INFO - [2025-12-24T22:31:31.967+0000] {dag.py:3823} INFO - Setting next_dagrun for hello_airflow_postgres_slack to 2025-12-23 00:00:00+00:00, run_after=2025-12-24 00:00:00+00:00
[2025-12-24T22:31:31.992+0000] {processor.py:183} INFO - Processing /opt/airflow/dags/ecom.py took 0.564 seconds
[2025-12-24T22:32:02.104+0000] {processor.py:161} INFO - Started process (PID=47505) to work on /opt/airflow/dags/ecom.py
[2025-12-24T22:32:02.105+0000] {processor.py:830} INFO - Processing file /opt/airflow/dags/ecom.py for tasks to queue
[2025-12-24T22:32:02.107+0000] {logging_mixin.py:188} INFO - [2025-12-24T22:32:02.106+0000] {dagbag.py:538} INFO - Filling up the DagBag from /opt/airflow/dags/ecom.py
[2025-12-24T22:32:02.621+0000] {processor.py:840} INFO - DAG(s) 'hello_airflow_postgres_slack' retrieved from /opt/airflow/dags/ecom.py
[2025-12-24T22:32:02.656+0000] {logging_mixin.py:188} INFO - [2025-12-24T22:32:02.656+0000] {dag.py:3036} INFO - Sync 1 DAGs
[2025-12-24T22:32:02.706+0000] {logging_mixin.py:188} INFO - [2025-12-24T22:32:02.706+0000] {dag.py:3823} INFO - Setting next_dagrun for hello_airflow_postgres_slack to 2025-12-23 00:00:00+00:00, run_after=2025-12-24 00:00:00+00:00
[2025-12-24T22:32:02.730+0000] {processor.py:183} INFO - Processing /opt/airflow/dags/ecom.py took 0.630 seconds
[2025-12-24T22:32:32.798+0000] {processor.py:161} INFO - Started process (PID=47566) to work on /opt/airflow/dags/ecom.py
[2025-12-24T22:32:32.800+0000] {processor.py:830} INFO - Processing file /opt/airflow/dags/ecom.py for tasks to queue
[2025-12-24T22:32:32.801+0000] {logging_mixin.py:188} INFO - [2025-12-24T22:32:32.801+0000] {dagbag.py:538} INFO - Filling up the DagBag from /opt/airflow/dags/ecom.py
[2025-12-24T22:32:33.230+0000] {processor.py:840} INFO - DAG(s) 'hello_airflow_postgres_slack' retrieved from /opt/airflow/dags/ecom.py
[2025-12-24T22:32:33.249+0000] {logging_mixin.py:188} INFO - [2025-12-24T22:32:33.249+0000] {dag.py:3036} INFO - Sync 1 DAGs
[2025-12-24T22:32:33.270+0000] {logging_mixin.py:188} INFO - [2025-12-24T22:32:33.270+0000] {dag.py:3823} INFO - Setting next_dagrun for hello_airflow_postgres_slack to 2025-12-23 00:00:00+00:00, run_after=2025-12-24 00:00:00+00:00
[2025-12-24T22:32:33.294+0000] {processor.py:183} INFO - Processing /opt/airflow/dags/ecom.py took 0.502 seconds
[2025-12-24T22:33:03.372+0000] {processor.py:161} INFO - Started process (PID=47625) to work on /opt/airflow/dags/ecom.py
[2025-12-24T22:33:03.373+0000] {processor.py:830} INFO - Processing file /opt/airflow/dags/ecom.py for tasks to queue
[2025-12-24T22:33:03.375+0000] {logging_mixin.py:188} INFO - [2025-12-24T22:33:03.375+0000] {dagbag.py:538} INFO - Filling up the DagBag from /opt/airflow/dags/ecom.py
[2025-12-24T22:33:03.905+0000] {processor.py:840} INFO - DAG(s) 'hello_airflow_postgres_slack' retrieved from /opt/airflow/dags/ecom.py
[2025-12-24T22:33:03.931+0000] {logging_mixin.py:188} INFO - [2025-12-24T22:33:03.930+0000] {dag.py:3036} INFO - Sync 1 DAGs
[2025-12-24T22:33:03.983+0000] {logging_mixin.py:188} INFO - [2025-12-24T22:33:03.982+0000] {dag.py:3823} INFO - Setting next_dagrun for hello_airflow_postgres_slack to 2025-12-23 00:00:00+00:00, run_after=2025-12-24 00:00:00+00:00
[2025-12-24T22:33:04.021+0000] {processor.py:183} INFO - Processing /opt/airflow/dags/ecom.py took 0.654 seconds
[2025-12-24T22:33:34.536+0000] {processor.py:161} INFO - Started process (PID=47684) to work on /opt/airflow/dags/ecom.py
[2025-12-24T22:33:34.538+0000] {processor.py:830} INFO - Processing file /opt/airflow/dags/ecom.py for tasks to queue
[2025-12-24T22:33:34.539+0000] {logging_mixin.py:188} INFO - [2025-12-24T22:33:34.539+0000] {dagbag.py:538} INFO - Filling up the DagBag from /opt/airflow/dags/ecom.py
[2025-12-24T22:33:35.175+0000] {processor.py:840} INFO - DAG(s) 'hello_airflow_postgres_slack' retrieved from /opt/airflow/dags/ecom.py
[2025-12-24T22:33:35.194+0000] {logging_mixin.py:188} INFO - [2025-12-24T22:33:35.194+0000] {dag.py:3036} INFO - Sync 1 DAGs
[2025-12-24T22:33:35.215+0000] {logging_mixin.py:188} INFO - [2025-12-24T22:33:35.215+0000] {dag.py:3823} INFO - Setting next_dagrun for hello_airflow_postgres_slack to 2025-12-23 00:00:00+00:00, run_after=2025-12-24 00:00:00+00:00
[2025-12-24T22:33:35.241+0000] {processor.py:183} INFO - Processing /opt/airflow/dags/ecom.py took 0.710 seconds
[2025-12-24T22:34:05.412+0000] {processor.py:161} INFO - Started process (PID=47762) to work on /opt/airflow/dags/ecom.py
[2025-12-24T22:34:05.413+0000] {processor.py:830} INFO - Processing file /opt/airflow/dags/ecom.py for tasks to queue
[2025-12-24T22:34:05.414+0000] {logging_mixin.py:188} INFO - [2025-12-24T22:34:05.414+0000] {dagbag.py:538} INFO - Filling up the DagBag from /opt/airflow/dags/ecom.py
[2025-12-24T22:34:05.819+0000] {processor.py:840} INFO - DAG(s) 'hello_airflow_postgres_slack' retrieved from /opt/airflow/dags/ecom.py
[2025-12-24T22:34:05.837+0000] {logging_mixin.py:188} INFO - [2025-12-24T22:34:05.837+0000] {dag.py:3036} INFO - Sync 1 DAGs
[2025-12-24T22:34:05.857+0000] {logging_mixin.py:188} INFO - [2025-12-24T22:34:05.857+0000] {dag.py:3823} INFO - Setting next_dagrun for hello_airflow_postgres_slack to 2025-12-24 00:00:00+00:00, run_after=2025-12-25 00:00:00+00:00
[2025-12-24T22:34:05.877+0000] {processor.py:183} INFO - Processing /opt/airflow/dags/ecom.py took 0.469 seconds
[2025-12-24T22:34:36.222+0000] {processor.py:161} INFO - Started process (PID=47818) to work on /opt/airflow/dags/ecom.py
[2025-12-24T22:34:36.233+0000] {processor.py:830} INFO - Processing file /opt/airflow/dags/ecom.py for tasks to queue
[2025-12-24T22:34:36.256+0000] {logging_mixin.py:188} INFO - [2025-12-24T22:34:36.252+0000] {dagbag.py:538} INFO - Filling up the DagBag from /opt/airflow/dags/ecom.py
[2025-12-24T22:34:37.390+0000] {processor.py:840} INFO - DAG(s) 'hello_airflow_postgres_slack' retrieved from /opt/airflow/dags/ecom.py
[2025-12-24T22:34:37.418+0000] {logging_mixin.py:188} INFO - [2025-12-24T22:34:37.417+0000] {dag.py:3036} INFO - Sync 1 DAGs
[2025-12-24T22:34:37.460+0000] {logging_mixin.py:188} INFO - [2025-12-24T22:34:37.460+0000] {dag.py:3823} INFO - Setting next_dagrun for hello_airflow_postgres_slack to 2025-12-24 00:00:00+00:00, run_after=2025-12-25 00:00:00+00:00
[2025-12-24T22:34:37.497+0000] {processor.py:183} INFO - Processing /opt/airflow/dags/ecom.py took 1.283 seconds
[2025-12-24T22:35:07.619+0000] {processor.py:161} INFO - Started process (PID=47880) to work on /opt/airflow/dags/ecom.py
[2025-12-24T22:35:07.621+0000] {processor.py:830} INFO - Processing file /opt/airflow/dags/ecom.py for tasks to queue
[2025-12-24T22:35:07.623+0000] {logging_mixin.py:188} INFO - [2025-12-24T22:35:07.623+0000] {dagbag.py:538} INFO - Filling up the DagBag from /opt/airflow/dags/ecom.py
[2025-12-24T22:35:08.372+0000] {processor.py:840} INFO - DAG(s) 'hello_airflow_postgres_slack' retrieved from /opt/airflow/dags/ecom.py
[2025-12-24T22:35:08.400+0000] {logging_mixin.py:188} INFO - [2025-12-24T22:35:08.399+0000] {dag.py:3036} INFO - Sync 1 DAGs
[2025-12-24T22:35:08.434+0000] {logging_mixin.py:188} INFO - [2025-12-24T22:35:08.434+0000] {dag.py:3823} INFO - Setting next_dagrun for hello_airflow_postgres_slack to 2025-12-24 00:00:00+00:00, run_after=2025-12-25 00:00:00+00:00
[2025-12-24T22:35:08.461+0000] {processor.py:183} INFO - Processing /opt/airflow/dags/ecom.py took 0.847 seconds
[2025-12-24T22:35:38.928+0000] {processor.py:161} INFO - Started process (PID=47939) to work on /opt/airflow/dags/ecom.py
[2025-12-24T22:35:38.929+0000] {processor.py:830} INFO - Processing file /opt/airflow/dags/ecom.py for tasks to queue
[2025-12-24T22:35:38.931+0000] {logging_mixin.py:188} INFO - [2025-12-24T22:35:38.931+0000] {dagbag.py:538} INFO - Filling up the DagBag from /opt/airflow/dags/ecom.py
[2025-12-24T22:35:39.477+0000] {processor.py:840} INFO - DAG(s) 'hello_airflow_postgres_slack' retrieved from /opt/airflow/dags/ecom.py
[2025-12-24T22:35:39.498+0000] {logging_mixin.py:188} INFO - [2025-12-24T22:35:39.498+0000] {dag.py:3036} INFO - Sync 1 DAGs
[2025-12-24T22:35:39.520+0000] {logging_mixin.py:188} INFO - [2025-12-24T22:35:39.519+0000] {dag.py:3823} INFO - Setting next_dagrun for hello_airflow_postgres_slack to 2025-12-24 00:00:00+00:00, run_after=2025-12-25 00:00:00+00:00
[2025-12-24T22:35:39.565+0000] {processor.py:183} INFO - Processing /opt/airflow/dags/ecom.py took 0.644 seconds
[2025-12-24T22:36:10.388+0000] {processor.py:161} INFO - Started process (PID=48000) to work on /opt/airflow/dags/ecom.py
[2025-12-24T22:36:10.389+0000] {processor.py:830} INFO - Processing file /opt/airflow/dags/ecom.py for tasks to queue
[2025-12-24T22:36:10.391+0000] {logging_mixin.py:188} INFO - [2025-12-24T22:36:10.390+0000] {dagbag.py:538} INFO - Filling up the DagBag from /opt/airflow/dags/ecom.py
[2025-12-24T22:36:10.879+0000] {processor.py:840} INFO - DAG(s) 'hello_airflow_postgres_slack' retrieved from /opt/airflow/dags/ecom.py
[2025-12-24T22:36:10.908+0000] {logging_mixin.py:188} INFO - [2025-12-24T22:36:10.908+0000] {dag.py:3036} INFO - Sync 1 DAGs
[2025-12-24T22:36:10.980+0000] {logging_mixin.py:188} INFO - [2025-12-24T22:36:10.979+0000] {dag.py:3823} INFO - Setting next_dagrun for hello_airflow_postgres_slack to 2025-12-24 00:00:00+00:00, run_after=2025-12-25 00:00:00+00:00
[2025-12-24T22:36:11.028+0000] {processor.py:183} INFO - Processing /opt/airflow/dags/ecom.py took 0.644 seconds
[2025-12-24T22:36:41.497+0000] {processor.py:161} INFO - Started process (PID=48060) to work on /opt/airflow/dags/ecom.py
[2025-12-24T22:36:41.499+0000] {processor.py:830} INFO - Processing file /opt/airflow/dags/ecom.py for tasks to queue
[2025-12-24T22:36:41.500+0000] {logging_mixin.py:188} INFO - [2025-12-24T22:36:41.499+0000] {dagbag.py:538} INFO - Filling up the DagBag from /opt/airflow/dags/ecom.py
[2025-12-24T22:36:41.965+0000] {processor.py:840} INFO - DAG(s) 'hello_airflow_postgres_slack' retrieved from /opt/airflow/dags/ecom.py
[2025-12-24T22:36:41.983+0000] {logging_mixin.py:188} INFO - [2025-12-24T22:36:41.982+0000] {dag.py:3036} INFO - Sync 1 DAGs
[2025-12-24T22:36:42.013+0000] {logging_mixin.py:188} INFO - [2025-12-24T22:36:42.012+0000] {dag.py:3823} INFO - Setting next_dagrun for hello_airflow_postgres_slack to 2025-12-24 00:00:00+00:00, run_after=2025-12-25 00:00:00+00:00
[2025-12-24T22:36:42.055+0000] {processor.py:183} INFO - Processing /opt/airflow/dags/ecom.py took 0.565 seconds
[2025-12-24T22:37:12.507+0000] {processor.py:161} INFO - Started process (PID=48119) to work on /opt/airflow/dags/ecom.py
[2025-12-24T22:37:12.508+0000] {processor.py:830} INFO - Processing file /opt/airflow/dags/ecom.py for tasks to queue
[2025-12-24T22:37:12.509+0000] {logging_mixin.py:188} INFO - [2025-12-24T22:37:12.509+0000] {dagbag.py:538} INFO - Filling up the DagBag from /opt/airflow/dags/ecom.py
[2025-12-24T22:37:12.920+0000] {processor.py:840} INFO - DAG(s) 'hello_airflow_postgres_slack' retrieved from /opt/airflow/dags/ecom.py
[2025-12-24T22:37:12.940+0000] {logging_mixin.py:188} INFO - [2025-12-24T22:37:12.940+0000] {dag.py:3036} INFO - Sync 1 DAGs
[2025-12-24T22:37:12.961+0000] {logging_mixin.py:188} INFO - [2025-12-24T22:37:12.961+0000] {dag.py:3823} INFO - Setting next_dagrun for hello_airflow_postgres_slack to 2025-12-24 00:00:00+00:00, run_after=2025-12-25 00:00:00+00:00
[2025-12-24T22:37:12.981+0000] {processor.py:183} INFO - Processing /opt/airflow/dags/ecom.py took 0.479 seconds
[2025-12-24T22:37:43.197+0000] {processor.py:161} INFO - Started process (PID=48178) to work on /opt/airflow/dags/ecom.py
[2025-12-24T22:37:43.198+0000] {processor.py:830} INFO - Processing file /opt/airflow/dags/ecom.py for tasks to queue
[2025-12-24T22:37:43.199+0000] {logging_mixin.py:188} INFO - [2025-12-24T22:37:43.199+0000] {dagbag.py:538} INFO - Filling up the DagBag from /opt/airflow/dags/ecom.py
[2025-12-24T22:37:43.583+0000] {processor.py:840} INFO - DAG(s) 'hello_airflow_postgres_slack' retrieved from /opt/airflow/dags/ecom.py
[2025-12-24T22:37:43.606+0000] {logging_mixin.py:188} INFO - [2025-12-24T22:37:43.605+0000] {dag.py:3036} INFO - Sync 1 DAGs
[2025-12-24T22:37:43.627+0000] {logging_mixin.py:188} INFO - [2025-12-24T22:37:43.627+0000] {dag.py:3823} INFO - Setting next_dagrun for hello_airflow_postgres_slack to 2025-12-24 00:00:00+00:00, run_after=2025-12-25 00:00:00+00:00
[2025-12-24T22:37:43.649+0000] {processor.py:183} INFO - Processing /opt/airflow/dags/ecom.py took 0.455 seconds
[2025-12-24T22:38:13.785+0000] {processor.py:161} INFO - Started process (PID=48237) to work on /opt/airflow/dags/ecom.py
[2025-12-24T22:38:13.787+0000] {processor.py:830} INFO - Processing file /opt/airflow/dags/ecom.py for tasks to queue
[2025-12-24T22:38:13.789+0000] {logging_mixin.py:188} INFO - [2025-12-24T22:38:13.788+0000] {dagbag.py:538} INFO - Filling up the DagBag from /opt/airflow/dags/ecom.py
[2025-12-24T22:38:14.332+0000] {processor.py:840} INFO - DAG(s) 'hello_airflow_postgres_slack' retrieved from /opt/airflow/dags/ecom.py
[2025-12-24T22:38:14.352+0000] {logging_mixin.py:188} INFO - [2025-12-24T22:38:14.352+0000] {dag.py:3036} INFO - Sync 1 DAGs
[2025-12-24T22:38:14.377+0000] {logging_mixin.py:188} INFO - [2025-12-24T22:38:14.376+0000] {dag.py:3823} INFO - Setting next_dagrun for hello_airflow_postgres_slack to 2025-12-24 00:00:00+00:00, run_after=2025-12-25 00:00:00+00:00
[2025-12-24T22:38:14.419+0000] {processor.py:183} INFO - Processing /opt/airflow/dags/ecom.py took 0.640 seconds
[2025-12-24T22:38:44.922+0000] {processor.py:161} INFO - Started process (PID=48296) to work on /opt/airflow/dags/ecom.py
[2025-12-24T22:38:44.924+0000] {processor.py:830} INFO - Processing file /opt/airflow/dags/ecom.py for tasks to queue
[2025-12-24T22:38:44.925+0000] {logging_mixin.py:188} INFO - [2025-12-24T22:38:44.925+0000] {dagbag.py:538} INFO - Filling up the DagBag from /opt/airflow/dags/ecom.py
[2025-12-24T22:38:45.500+0000] {processor.py:840} INFO - DAG(s) 'hello_airflow_postgres_slack' retrieved from /opt/airflow/dags/ecom.py
[2025-12-24T22:38:45.527+0000] {logging_mixin.py:188} INFO - [2025-12-24T22:38:45.527+0000] {dag.py:3036} INFO - Sync 1 DAGs
[2025-12-24T22:38:45.550+0000] {logging_mixin.py:188} INFO - [2025-12-24T22:38:45.549+0000] {dag.py:3823} INFO - Setting next_dagrun for hello_airflow_postgres_slack to 2025-12-24 00:00:00+00:00, run_after=2025-12-25 00:00:00+00:00
[2025-12-24T22:38:45.574+0000] {processor.py:183} INFO - Processing /opt/airflow/dags/ecom.py took 0.657 seconds
[2025-12-24T22:39:16.115+0000] {processor.py:161} INFO - Started process (PID=48361) to work on /opt/airflow/dags/ecom.py
[2025-12-24T22:39:16.116+0000] {processor.py:830} INFO - Processing file /opt/airflow/dags/ecom.py for tasks to queue
[2025-12-24T22:39:16.118+0000] {logging_mixin.py:188} INFO - [2025-12-24T22:39:16.117+0000] {dagbag.py:538} INFO - Filling up the DagBag from /opt/airflow/dags/ecom.py
[2025-12-24T22:39:16.614+0000] {processor.py:840} INFO - DAG(s) 'hello_airflow_postgres_slack' retrieved from /opt/airflow/dags/ecom.py
[2025-12-24T22:39:16.632+0000] {logging_mixin.py:188} INFO - [2025-12-24T22:39:16.632+0000] {dag.py:3036} INFO - Sync 1 DAGs
[2025-12-24T22:39:16.653+0000] {logging_mixin.py:188} INFO - [2025-12-24T22:39:16.653+0000] {dag.py:3823} INFO - Setting next_dagrun for hello_airflow_postgres_slack to 2025-12-24 00:00:00+00:00, run_after=2025-12-25 00:00:00+00:00
[2025-12-24T22:39:16.674+0000] {processor.py:183} INFO - Processing /opt/airflow/dags/ecom.py took 0.564 seconds
[2025-12-24T22:39:46.772+0000] {processor.py:161} INFO - Started process (PID=48423) to work on /opt/airflow/dags/ecom.py
[2025-12-24T22:39:46.774+0000] {processor.py:830} INFO - Processing file /opt/airflow/dags/ecom.py for tasks to queue
[2025-12-24T22:39:46.775+0000] {logging_mixin.py:188} INFO - [2025-12-24T22:39:46.775+0000] {dagbag.py:538} INFO - Filling up the DagBag from /opt/airflow/dags/ecom.py
[2025-12-24T22:39:47.173+0000] {processor.py:840} INFO - DAG(s) 'hello_airflow_postgres_slack' retrieved from /opt/airflow/dags/ecom.py
[2025-12-24T22:39:47.191+0000] {logging_mixin.py:188} INFO - [2025-12-24T22:39:47.191+0000] {dag.py:3036} INFO - Sync 1 DAGs
[2025-12-24T22:39:47.210+0000] {logging_mixin.py:188} INFO - [2025-12-24T22:39:47.210+0000] {dag.py:3823} INFO - Setting next_dagrun for hello_airflow_postgres_slack to 2025-12-24 00:00:00+00:00, run_after=2025-12-25 00:00:00+00:00
[2025-12-24T22:39:47.230+0000] {processor.py:183} INFO - Processing /opt/airflow/dags/ecom.py took 0.462 seconds
[2025-12-24T22:40:18.128+0000] {processor.py:161} INFO - Started process (PID=48482) to work on /opt/airflow/dags/ecom.py
[2025-12-24T22:40:18.129+0000] {processor.py:830} INFO - Processing file /opt/airflow/dags/ecom.py for tasks to queue
[2025-12-24T22:40:18.130+0000] {logging_mixin.py:188} INFO - [2025-12-24T22:40:18.130+0000] {dagbag.py:538} INFO - Filling up the DagBag from /opt/airflow/dags/ecom.py
[2025-12-24T22:40:18.559+0000] {processor.py:840} INFO - DAG(s) 'hello_airflow_postgres_slack' retrieved from /opt/airflow/dags/ecom.py
[2025-12-24T22:40:18.577+0000] {logging_mixin.py:188} INFO - [2025-12-24T22:40:18.577+0000] {dag.py:3036} INFO - Sync 1 DAGs
[2025-12-24T22:40:18.596+0000] {logging_mixin.py:188} INFO - [2025-12-24T22:40:18.596+0000] {dag.py:3823} INFO - Setting next_dagrun for hello_airflow_postgres_slack to 2025-12-24 00:00:00+00:00, run_after=2025-12-25 00:00:00+00:00
[2025-12-24T22:40:18.617+0000] {processor.py:183} INFO - Processing /opt/airflow/dags/ecom.py took 0.494 seconds
[2025-12-24T22:40:48.762+0000] {processor.py:161} INFO - Started process (PID=48541) to work on /opt/airflow/dags/ecom.py
[2025-12-24T22:40:48.763+0000] {processor.py:830} INFO - Processing file /opt/airflow/dags/ecom.py for tasks to queue
[2025-12-24T22:40:48.765+0000] {logging_mixin.py:188} INFO - [2025-12-24T22:40:48.764+0000] {dagbag.py:538} INFO - Filling up the DagBag from /opt/airflow/dags/ecom.py
[2025-12-24T22:40:49.197+0000] {processor.py:840} INFO - DAG(s) 'hello_airflow_postgres_slack' retrieved from /opt/airflow/dags/ecom.py
[2025-12-24T22:40:49.215+0000] {logging_mixin.py:188} INFO - [2025-12-24T22:40:49.215+0000] {dag.py:3036} INFO - Sync 1 DAGs
[2025-12-24T22:40:49.236+0000] {logging_mixin.py:188} INFO - [2025-12-24T22:40:49.236+0000] {dag.py:3823} INFO - Setting next_dagrun for hello_airflow_postgres_slack to 2025-12-24 00:00:00+00:00, run_after=2025-12-25 00:00:00+00:00
[2025-12-24T22:40:49.261+0000] {processor.py:183} INFO - Processing /opt/airflow/dags/ecom.py took 0.504 seconds
[2025-12-24T22:41:19.574+0000] {processor.py:161} INFO - Started process (PID=48600) to work on /opt/airflow/dags/ecom.py
[2025-12-24T22:41:19.575+0000] {processor.py:830} INFO - Processing file /opt/airflow/dags/ecom.py for tasks to queue
[2025-12-24T22:41:19.576+0000] {logging_mixin.py:188} INFO - [2025-12-24T22:41:19.576+0000] {dagbag.py:538} INFO - Filling up the DagBag from /opt/airflow/dags/ecom.py
[2025-12-24T22:41:19.995+0000] {processor.py:840} INFO - DAG(s) 'hello_airflow_postgres_slack' retrieved from /opt/airflow/dags/ecom.py
[2025-12-24T22:41:20.012+0000] {logging_mixin.py:188} INFO - [2025-12-24T22:41:20.012+0000] {dag.py:3036} INFO - Sync 1 DAGs
[2025-12-24T22:41:20.033+0000] {logging_mixin.py:188} INFO - [2025-12-24T22:41:20.032+0000] {dag.py:3823} INFO - Setting next_dagrun for hello_airflow_postgres_slack to 2025-12-24 00:00:00+00:00, run_after=2025-12-25 00:00:00+00:00
[2025-12-24T22:41:20.053+0000] {processor.py:183} INFO - Processing /opt/airflow/dags/ecom.py took 0.483 seconds
[2025-12-24T22:41:50.928+0000] {processor.py:161} INFO - Started process (PID=48661) to work on /opt/airflow/dags/ecom.py
[2025-12-24T22:41:50.929+0000] {processor.py:830} INFO - Processing file /opt/airflow/dags/ecom.py for tasks to queue
[2025-12-24T22:41:50.930+0000] {logging_mixin.py:188} INFO - [2025-12-24T22:41:50.930+0000] {dagbag.py:538} INFO - Filling up the DagBag from /opt/airflow/dags/ecom.py
[2025-12-24T22:41:51.405+0000] {processor.py:840} INFO - DAG(s) 'hello_airflow_postgres_slack' retrieved from /opt/airflow/dags/ecom.py
[2025-12-24T22:41:51.423+0000] {logging_mixin.py:188} INFO - [2025-12-24T22:41:51.422+0000] {dag.py:3036} INFO - Sync 1 DAGs
[2025-12-24T22:41:51.445+0000] {logging_mixin.py:188} INFO - [2025-12-24T22:41:51.444+0000] {dag.py:3823} INFO - Setting next_dagrun for hello_airflow_postgres_slack to 2025-12-24 00:00:00+00:00, run_after=2025-12-25 00:00:00+00:00
[2025-12-24T22:41:51.465+0000] {processor.py:183} INFO - Processing /opt/airflow/dags/ecom.py took 0.541 seconds
[2025-12-24T22:42:21.521+0000] {processor.py:161} INFO - Started process (PID=48720) to work on /opt/airflow/dags/ecom.py
[2025-12-24T22:42:21.522+0000] {processor.py:830} INFO - Processing file /opt/airflow/dags/ecom.py for tasks to queue
[2025-12-24T22:42:21.523+0000] {logging_mixin.py:188} INFO - [2025-12-24T22:42:21.523+0000] {dagbag.py:538} INFO - Filling up the DagBag from /opt/airflow/dags/ecom.py
[2025-12-24T22:42:21.903+0000] {processor.py:840} INFO - DAG(s) 'hello_airflow_postgres_slack' retrieved from /opt/airflow/dags/ecom.py
[2025-12-24T22:42:21.920+0000] {logging_mixin.py:188} INFO - [2025-12-24T22:42:21.920+0000] {dag.py:3036} INFO - Sync 1 DAGs
[2025-12-24T22:42:21.941+0000] {logging_mixin.py:188} INFO - [2025-12-24T22:42:21.941+0000] {dag.py:3823} INFO - Setting next_dagrun for hello_airflow_postgres_slack to 2025-12-24 00:00:00+00:00, run_after=2025-12-25 00:00:00+00:00
[2025-12-24T22:42:21.963+0000] {processor.py:183} INFO - Processing /opt/airflow/dags/ecom.py took 0.446 seconds
[2025-12-24T22:42:52.625+0000] {processor.py:161} INFO - Started process (PID=48779) to work on /opt/airflow/dags/ecom.py
[2025-12-24T22:42:52.627+0000] {processor.py:830} INFO - Processing file /opt/airflow/dags/ecom.py for tasks to queue
[2025-12-24T22:42:52.628+0000] {logging_mixin.py:188} INFO - [2025-12-24T22:42:52.628+0000] {dagbag.py:538} INFO - Filling up the DagBag from /opt/airflow/dags/ecom.py
[2025-12-24T22:42:53.272+0000] {processor.py:840} INFO - DAG(s) 'hello_airflow_postgres_slack' retrieved from /opt/airflow/dags/ecom.py
[2025-12-24T22:42:53.296+0000] {logging_mixin.py:188} INFO - [2025-12-24T22:42:53.296+0000] {dag.py:3036} INFO - Sync 1 DAGs
[2025-12-24T22:42:53.337+0000] {logging_mixin.py:188} INFO - [2025-12-24T22:42:53.337+0000] {dag.py:3823} INFO - Setting next_dagrun for hello_airflow_postgres_slack to 2025-12-24 00:00:00+00:00, run_after=2025-12-25 00:00:00+00:00
[2025-12-24T22:42:53.365+0000] {processor.py:183} INFO - Processing /opt/airflow/dags/ecom.py took 0.746 seconds
[2025-12-24T22:43:24.450+0000] {processor.py:161} INFO - Started process (PID=48838) to work on /opt/airflow/dags/ecom.py
[2025-12-24T22:43:24.458+0000] {processor.py:830} INFO - Processing file /opt/airflow/dags/ecom.py for tasks to queue
[2025-12-24T22:43:24.467+0000] {logging_mixin.py:188} INFO - [2025-12-24T22:43:24.462+0000] {dagbag.py:538} INFO - Filling up the DagBag from /opt/airflow/dags/ecom.py
[2025-12-24T22:43:25.485+0000] {processor.py:840} INFO - DAG(s) 'hello_airflow_postgres_slack' retrieved from /opt/airflow/dags/ecom.py
[2025-12-24T22:43:25.513+0000] {logging_mixin.py:188} INFO - [2025-12-24T22:43:25.512+0000] {dag.py:3036} INFO - Sync 1 DAGs
[2025-12-24T22:43:25.561+0000] {logging_mixin.py:188} INFO - [2025-12-24T22:43:25.560+0000] {dag.py:3823} INFO - Setting next_dagrun for hello_airflow_postgres_slack to 2025-12-24 00:00:00+00:00, run_after=2025-12-25 00:00:00+00:00
[2025-12-24T22:43:25.592+0000] {processor.py:183} INFO - Processing /opt/airflow/dags/ecom.py took 1.152 seconds
[2025-12-24T22:43:57.061+0000] {processor.py:161} INFO - Started process (PID=48897) to work on /opt/airflow/dags/ecom.py
[2025-12-24T22:43:57.063+0000] {processor.py:830} INFO - Processing file /opt/airflow/dags/ecom.py for tasks to queue
[2025-12-24T22:43:57.064+0000] {logging_mixin.py:188} INFO - [2025-12-24T22:43:57.064+0000] {dagbag.py:538} INFO - Filling up the DagBag from /opt/airflow/dags/ecom.py
[2025-12-24T22:43:57.677+0000] {processor.py:840} INFO - DAG(s) 'hello_airflow_postgres_slack' retrieved from /opt/airflow/dags/ecom.py
[2025-12-24T22:43:57.694+0000] {logging_mixin.py:188} INFO - [2025-12-24T22:43:57.694+0000] {dag.py:3036} INFO - Sync 1 DAGs
[2025-12-24T22:43:57.723+0000] {logging_mixin.py:188} INFO - [2025-12-24T22:43:57.722+0000] {dag.py:3823} INFO - Setting next_dagrun for hello_airflow_postgres_slack to 2025-12-24 00:00:00+00:00, run_after=2025-12-25 00:00:00+00:00
[2025-12-24T22:43:57.754+0000] {processor.py:183} INFO - Processing /opt/airflow/dags/ecom.py took 0.697 seconds
[2025-12-24T22:44:27.889+0000] {processor.py:161} INFO - Started process (PID=48960) to work on /opt/airflow/dags/ecom.py
[2025-12-24T22:44:27.890+0000] {processor.py:830} INFO - Processing file /opt/airflow/dags/ecom.py for tasks to queue
[2025-12-24T22:44:27.891+0000] {logging_mixin.py:188} INFO - [2025-12-24T22:44:27.891+0000] {dagbag.py:538} INFO - Filling up the DagBag from /opt/airflow/dags/ecom.py
[2025-12-24T22:44:28.182+0000] {processor.py:840} INFO - DAG(s) 'hello_airflow_postgres_slack' retrieved from /opt/airflow/dags/ecom.py
[2025-12-24T22:44:28.205+0000] {logging_mixin.py:188} INFO - [2025-12-24T22:44:28.204+0000] {dag.py:3036} INFO - Sync 1 DAGs
[2025-12-24T22:44:28.233+0000] {logging_mixin.py:188} INFO - [2025-12-24T22:44:28.233+0000] {dag.py:3823} INFO - Setting next_dagrun for hello_airflow_postgres_slack to 2025-12-24 00:00:00+00:00, run_after=2025-12-25 00:00:00+00:00
[2025-12-24T22:44:28.262+0000] {processor.py:183} INFO - Processing /opt/airflow/dags/ecom.py took 0.377 seconds
[2025-12-24T22:44:58.433+0000] {processor.py:161} INFO - Started process (PID=49019) to work on /opt/airflow/dags/ecom.py
[2025-12-24T22:44:58.435+0000] {processor.py:830} INFO - Processing file /opt/airflow/dags/ecom.py for tasks to queue
[2025-12-24T22:44:58.436+0000] {logging_mixin.py:188} INFO - [2025-12-24T22:44:58.436+0000] {dagbag.py:538} INFO - Filling up the DagBag from /opt/airflow/dags/ecom.py
[2025-12-24T22:44:58.699+0000] {processor.py:840} INFO - DAG(s) 'hello_airflow_postgres_slack' retrieved from /opt/airflow/dags/ecom.py
[2025-12-24T22:44:58.721+0000] {logging_mixin.py:188} INFO - [2025-12-24T22:44:58.721+0000] {dag.py:3036} INFO - Sync 1 DAGs
[2025-12-24T22:44:58.747+0000] {logging_mixin.py:188} INFO - [2025-12-24T22:44:58.747+0000] {dag.py:3823} INFO - Setting next_dagrun for hello_airflow_postgres_slack to 2025-12-24 00:00:00+00:00, run_after=2025-12-25 00:00:00+00:00
[2025-12-24T22:44:58.772+0000] {processor.py:183} INFO - Processing /opt/airflow/dags/ecom.py took 0.342 seconds
[2025-12-24T22:45:29.652+0000] {processor.py:161} INFO - Started process (PID=49078) to work on /opt/airflow/dags/ecom.py
[2025-12-24T22:45:29.654+0000] {processor.py:830} INFO - Processing file /opt/airflow/dags/ecom.py for tasks to queue
[2025-12-24T22:45:29.654+0000] {logging_mixin.py:188} INFO - [2025-12-24T22:45:29.654+0000] {dagbag.py:538} INFO - Filling up the DagBag from /opt/airflow/dags/ecom.py
[2025-12-24T22:45:29.919+0000] {processor.py:840} INFO - DAG(s) 'hello_airflow_postgres_slack' retrieved from /opt/airflow/dags/ecom.py
[2025-12-24T22:45:29.938+0000] {logging_mixin.py:188} INFO - [2025-12-24T22:45:29.938+0000] {dag.py:3036} INFO - Sync 1 DAGs
[2025-12-24T22:45:29.960+0000] {logging_mixin.py:188} INFO - [2025-12-24T22:45:29.960+0000] {dag.py:3823} INFO - Setting next_dagrun for hello_airflow_postgres_slack to 2025-12-24 00:00:00+00:00, run_after=2025-12-25 00:00:00+00:00
[2025-12-24T22:45:29.982+0000] {processor.py:183} INFO - Processing /opt/airflow/dags/ecom.py took 0.333 seconds
[2025-12-24T22:45:36.558+0000] {processor.py:161} INFO - Started process (PID=49089) to work on /opt/airflow/dags/ecom.py
[2025-12-24T22:45:36.560+0000] {processor.py:830} INFO - Processing file /opt/airflow/dags/ecom.py for tasks to queue
[2025-12-24T22:45:36.563+0000] {logging_mixin.py:188} INFO - [2025-12-24T22:45:36.562+0000] {dagbag.py:538} INFO - Filling up the DagBag from /opt/airflow/dags/ecom.py
[2025-12-24T22:45:37.173+0000] {processor.py:840} INFO - DAG(s) 'hello_airflow_postgres_slack' retrieved from /opt/airflow/dags/ecom.py
[2025-12-24T22:45:37.208+0000] {logging_mixin.py:188} INFO - [2025-12-24T22:45:37.207+0000] {dag.py:3036} INFO - Sync 1 DAGs
[2025-12-24T22:45:37.248+0000] {logging_mixin.py:188} INFO - [2025-12-24T22:45:37.248+0000] {dag.py:3823} INFO - Setting next_dagrun for hello_airflow_postgres_slack to 2025-12-24 00:00:00+00:00, run_after=2025-12-25 00:00:00+00:00
[2025-12-24T22:45:37.295+0000] {processor.py:183} INFO - Processing /opt/airflow/dags/ecom.py took 0.743 seconds
[2025-12-24T22:45:38.376+0000] {processor.py:161} INFO - Started process (PID=49099) to work on /opt/airflow/dags/ecom.py
[2025-12-24T22:45:38.378+0000] {processor.py:830} INFO - Processing file /opt/airflow/dags/ecom.py for tasks to queue
[2025-12-24T22:45:38.380+0000] {logging_mixin.py:188} INFO - [2025-12-24T22:45:38.379+0000] {dagbag.py:538} INFO - Filling up the DagBag from /opt/airflow/dags/ecom.py
[2025-12-24T22:45:38.927+0000] {processor.py:840} INFO - DAG(s) 'hello_airflow_postgres_slack' retrieved from /opt/airflow/dags/ecom.py
[2025-12-24T22:45:38.966+0000] {logging_mixin.py:188} INFO - [2025-12-24T22:45:38.965+0000] {dag.py:3036} INFO - Sync 1 DAGs
[2025-12-24T22:45:39.003+0000] {logging_mixin.py:188} INFO - [2025-12-24T22:45:39.002+0000] {dag.py:3823} INFO - Setting next_dagrun for hello_airflow_postgres_slack to 2025-12-24 00:00:00+00:00, run_after=2025-12-25 00:00:00+00:00
[2025-12-24T22:45:39.044+0000] {processor.py:183} INFO - Processing /opt/airflow/dags/ecom.py took 0.674 seconds
[2025-12-24T22:45:43.571+0000] {processor.py:161} INFO - Started process (PID=49108) to work on /opt/airflow/dags/ecom.py
[2025-12-24T22:45:43.572+0000] {processor.py:830} INFO - Processing file /opt/airflow/dags/ecom.py for tasks to queue
[2025-12-24T22:45:43.574+0000] {logging_mixin.py:188} INFO - [2025-12-24T22:45:43.573+0000] {dagbag.py:538} INFO - Filling up the DagBag from /opt/airflow/dags/ecom.py
[2025-12-24T22:45:43.913+0000] {processor.py:840} INFO - DAG(s) 'hello_airflow_postgres_slack' retrieved from /opt/airflow/dags/ecom.py
[2025-12-24T22:45:43.945+0000] {logging_mixin.py:188} INFO - [2025-12-24T22:45:43.944+0000] {dag.py:3036} INFO - Sync 1 DAGs
[2025-12-24T22:45:43.985+0000] {logging_mixin.py:188} INFO - [2025-12-24T22:45:43.984+0000] {dag.py:3823} INFO - Setting next_dagrun for hello_airflow_postgres_slack to 2025-12-24 00:00:00+00:00, run_after=2025-12-25 00:00:00+00:00
[2025-12-24T22:45:44.020+0000] {processor.py:183} INFO - Processing /opt/airflow/dags/ecom.py took 0.453 seconds
[2025-12-24T22:45:53.200+0000] {processor.py:161} INFO - Started process (PID=49133) to work on /opt/airflow/dags/ecom.py
[2025-12-24T22:45:53.203+0000] {processor.py:830} INFO - Processing file /opt/airflow/dags/ecom.py for tasks to queue
[2025-12-24T22:45:53.205+0000] {logging_mixin.py:188} INFO - [2025-12-24T22:45:53.205+0000] {dagbag.py:538} INFO - Filling up the DagBag from /opt/airflow/dags/ecom.py
[2025-12-24T22:45:53.703+0000] {processor.py:840} INFO - DAG(s) 'hello_airflow_postgres_slack' retrieved from /opt/airflow/dags/ecom.py
[2025-12-24T22:45:53.729+0000] {logging_mixin.py:188} INFO - [2025-12-24T22:45:53.728+0000] {dag.py:3036} INFO - Sync 1 DAGs
[2025-12-24T22:45:53.758+0000] {logging_mixin.py:188} INFO - [2025-12-24T22:45:53.757+0000] {dag.py:3823} INFO - Setting next_dagrun for hello_airflow_postgres_slack to 2025-12-24 00:00:00+00:00, run_after=2025-12-25 00:00:00+00:00
[2025-12-24T22:45:53.791+0000] {processor.py:183} INFO - Processing /opt/airflow/dags/ecom.py took 0.600 seconds
[2025-12-24T22:45:57.595+0000] {processor.py:161} INFO - Started process (PID=49137) to work on /opt/airflow/dags/ecom.py
[2025-12-24T22:45:57.597+0000] {processor.py:830} INFO - Processing file /opt/airflow/dags/ecom.py for tasks to queue
[2025-12-24T22:45:57.599+0000] {logging_mixin.py:188} INFO - [2025-12-24T22:45:57.598+0000] {dagbag.py:538} INFO - Filling up the DagBag from /opt/airflow/dags/ecom.py
[2025-12-24T22:45:57.953+0000] {processor.py:840} INFO - DAG(s) 'hello_airflow_postgres_slack' retrieved from /opt/airflow/dags/ecom.py
[2025-12-24T22:45:57.978+0000] {logging_mixin.py:188} INFO - [2025-12-24T22:45:57.977+0000] {dag.py:3036} INFO - Sync 1 DAGs
[2025-12-24T22:45:58.003+0000] {logging_mixin.py:188} INFO - [2025-12-24T22:45:58.003+0000] {dag.py:3823} INFO - Setting next_dagrun for hello_airflow_postgres_slack to 2025-12-24 00:00:00+00:00, run_after=2025-12-25 00:00:00+00:00
[2025-12-24T22:45:58.031+0000] {processor.py:183} INFO - Processing /opt/airflow/dags/ecom.py took 0.443 seconds
[2025-12-24T22:46:09.384+0000] {processor.py:161} INFO - Started process (PID=49164) to work on /opt/airflow/dags/ecom.py
[2025-12-24T22:46:09.385+0000] {processor.py:830} INFO - Processing file /opt/airflow/dags/ecom.py for tasks to queue
[2025-12-24T22:46:09.386+0000] {logging_mixin.py:188} INFO - [2025-12-24T22:46:09.386+0000] {dagbag.py:538} INFO - Filling up the DagBag from /opt/airflow/dags/ecom.py
[2025-12-24T22:46:09.729+0000] {processor.py:840} INFO - DAG(s) 'hello_airflow_postgres_slack' retrieved from /opt/airflow/dags/ecom.py
[2025-12-24T22:46:09.753+0000] {logging_mixin.py:188} INFO - [2025-12-24T22:46:09.752+0000] {dag.py:3036} INFO - Sync 1 DAGs
[2025-12-24T22:46:09.777+0000] {logging_mixin.py:188} INFO - [2025-12-24T22:46:09.777+0000] {dag.py:3823} INFO - Setting next_dagrun for hello_airflow_postgres_slack to 2025-12-24 00:00:00+00:00, run_after=2025-12-25 00:00:00+00:00
[2025-12-24T22:46:10.003+0000] {processor.py:183} INFO - Processing /opt/airflow/dags/ecom.py took 0.623 seconds
[2025-12-24T22:46:12.064+0000] {processor.py:161} INFO - Started process (PID=49169) to work on /opt/airflow/dags/ecom.py
[2025-12-24T22:46:12.066+0000] {processor.py:830} INFO - Processing file /opt/airflow/dags/ecom.py for tasks to queue
[2025-12-24T22:46:12.067+0000] {logging_mixin.py:188} INFO - [2025-12-24T22:46:12.067+0000] {dagbag.py:538} INFO - Filling up the DagBag from /opt/airflow/dags/ecom.py
[2025-12-24T22:46:12.693+0000] {processor.py:840} INFO - DAG(s) 'hello_airflow_postgres_slack' retrieved from /opt/airflow/dags/ecom.py
[2025-12-24T22:46:12.727+0000] {logging_mixin.py:188} INFO - [2025-12-24T22:46:12.726+0000] {dag.py:3036} INFO - Sync 1 DAGs
[2025-12-24T22:46:12.771+0000] {logging_mixin.py:188} INFO - [2025-12-24T22:46:12.770+0000] {dag.py:3823} INFO - Setting next_dagrun for hello_airflow_postgres_slack to 2025-12-24 00:00:00+00:00, run_after=2025-12-25 00:00:00+00:00
[2025-12-24T22:46:12.807+0000] {processor.py:183} INFO - Processing /opt/airflow/dags/ecom.py took 0.747 seconds
[2025-12-24T22:46:22.568+0000] {processor.py:161} INFO - Started process (PID=49198) to work on /opt/airflow/dags/ecom.py
[2025-12-24T22:46:22.569+0000] {processor.py:830} INFO - Processing file /opt/airflow/dags/ecom.py for tasks to queue
[2025-12-24T22:46:22.570+0000] {logging_mixin.py:188} INFO - [2025-12-24T22:46:22.570+0000] {dagbag.py:538} INFO - Filling up the DagBag from /opt/airflow/dags/ecom.py
[2025-12-24T22:46:22.941+0000] {processor.py:840} INFO - DAG(s) 'hello_airflow_postgres_slack' retrieved from /opt/airflow/dags/ecom.py
[2025-12-24T22:46:22.967+0000] {logging_mixin.py:188} INFO - [2025-12-24T22:46:22.967+0000] {dag.py:3036} INFO - Sync 1 DAGs
[2025-12-24T22:46:22.995+0000] {logging_mixin.py:188} INFO - [2025-12-24T22:46:22.995+0000] {dag.py:3823} INFO - Setting next_dagrun for hello_airflow_postgres_slack to 2025-12-24 00:00:00+00:00, run_after=2025-12-25 00:00:00+00:00
[2025-12-24T22:46:23.032+0000] {processor.py:183} INFO - Processing /opt/airflow/dags/ecom.py took 0.468 seconds
[2025-12-24T22:46:26.623+0000] {processor.py:161} INFO - Started process (PID=49202) to work on /opt/airflow/dags/ecom.py
[2025-12-24T22:46:26.624+0000] {processor.py:830} INFO - Processing file /opt/airflow/dags/ecom.py for tasks to queue
[2025-12-24T22:46:26.625+0000] {logging_mixin.py:188} INFO - [2025-12-24T22:46:26.625+0000] {dagbag.py:538} INFO - Filling up the DagBag from /opt/airflow/dags/ecom.py
[2025-12-24T22:46:26.927+0000] {processor.py:840} INFO - DAG(s) 'hello_airflow_postgres_slack' retrieved from /opt/airflow/dags/ecom.py
[2025-12-24T22:46:26.950+0000] {logging_mixin.py:188} INFO - [2025-12-24T22:46:26.950+0000] {dag.py:3036} INFO - Sync 1 DAGs
[2025-12-24T22:46:26.975+0000] {logging_mixin.py:188} INFO - [2025-12-24T22:46:26.975+0000] {dag.py:3823} INFO - Setting next_dagrun for hello_airflow_postgres_slack to 2025-12-24 00:00:00+00:00, run_after=2025-12-25 00:00:00+00:00
[2025-12-24T22:46:27.011+0000] {processor.py:183} INFO - Processing /opt/airflow/dags/ecom.py took 0.392 seconds
[2025-12-24T22:46:31.926+0000] {processor.py:161} INFO - Started process (PID=49212) to work on /opt/airflow/dags/ecom.py
[2025-12-24T22:46:31.928+0000] {processor.py:830} INFO - Processing file /opt/airflow/dags/ecom.py for tasks to queue
[2025-12-24T22:46:31.929+0000] {logging_mixin.py:188} INFO - [2025-12-24T22:46:31.929+0000] {dagbag.py:538} INFO - Filling up the DagBag from /opt/airflow/dags/ecom.py
[2025-12-24T22:46:32.349+0000] {processor.py:840} INFO - DAG(s) 'hello_airflow_postgres_slack' retrieved from /opt/airflow/dags/ecom.py
[2025-12-24T22:46:32.385+0000] {logging_mixin.py:188} INFO - [2025-12-24T22:46:32.384+0000] {dag.py:3036} INFO - Sync 1 DAGs
[2025-12-24T22:46:32.424+0000] {logging_mixin.py:188} INFO - [2025-12-24T22:46:32.423+0000] {dag.py:3823} INFO - Setting next_dagrun for hello_airflow_postgres_slack to 2025-12-24 00:00:00+00:00, run_after=2025-12-25 00:00:00+00:00
[2025-12-24T22:46:32.475+0000] {processor.py:183} INFO - Processing /opt/airflow/dags/ecom.py took 0.553 seconds
[2025-12-24T22:46:33.034+0000] {processor.py:161} INFO - Started process (PID=49214) to work on /opt/airflow/dags/ecom.py
[2025-12-24T22:46:33.036+0000] {processor.py:830} INFO - Processing file /opt/airflow/dags/ecom.py for tasks to queue
[2025-12-24T22:46:33.037+0000] {logging_mixin.py:188} INFO - [2025-12-24T22:46:33.036+0000] {dagbag.py:538} INFO - Filling up the DagBag from /opt/airflow/dags/ecom.py
[2025-12-24T22:46:33.498+0000] {processor.py:840} INFO - DAG(s) 'hello_airflow_postgres_slack' retrieved from /opt/airflow/dags/ecom.py
[2025-12-24T22:46:33.524+0000] {logging_mixin.py:188} INFO - [2025-12-24T22:46:33.524+0000] {dag.py:3036} INFO - Sync 1 DAGs
[2025-12-24T22:46:33.553+0000] {logging_mixin.py:188} INFO - [2025-12-24T22:46:33.553+0000] {dag.py:3823} INFO - Setting next_dagrun for hello_airflow_postgres_slack to 2025-12-24 00:00:00+00:00, run_after=2025-12-25 00:00:00+00:00
[2025-12-24T22:46:33.591+0000] {processor.py:183} INFO - Processing /opt/airflow/dags/ecom.py took 0.562 seconds
[2025-12-24T22:46:38.516+0000] {processor.py:161} INFO - Started process (PID=49226) to work on /opt/airflow/dags/ecom.py
[2025-12-24T22:46:38.517+0000] {processor.py:830} INFO - Processing file /opt/airflow/dags/ecom.py for tasks to queue
[2025-12-24T22:46:38.519+0000] {logging_mixin.py:188} INFO - [2025-12-24T22:46:38.518+0000] {dagbag.py:538} INFO - Filling up the DagBag from /opt/airflow/dags/ecom.py
[2025-12-24T22:46:38.825+0000] {processor.py:840} INFO - DAG(s) 'hello_airflow_postgres_slack' retrieved from /opt/airflow/dags/ecom.py
[2025-12-24T22:46:38.844+0000] {logging_mixin.py:188} INFO - [2025-12-24T22:46:38.844+0000] {dag.py:3036} INFO - Sync 1 DAGs
[2025-12-24T22:46:38.867+0000] {logging_mixin.py:188} INFO - [2025-12-24T22:46:38.866+0000] {dag.py:3823} INFO - Setting next_dagrun for hello_airflow_postgres_slack to 2025-12-24 00:00:00+00:00, run_after=2025-12-25 00:00:00+00:00
[2025-12-24T22:46:38.896+0000] {processor.py:183} INFO - Processing /opt/airflow/dags/ecom.py took 0.386 seconds
[2025-12-24T22:46:49.089+0000] {processor.py:161} INFO - Started process (PID=49260) to work on /opt/airflow/dags/ecom.py
[2025-12-24T22:46:49.091+0000] {processor.py:830} INFO - Processing file /opt/airflow/dags/ecom.py for tasks to queue
[2025-12-24T22:46:49.093+0000] {logging_mixin.py:188} INFO - [2025-12-24T22:46:49.092+0000] {dagbag.py:538} INFO - Filling up the DagBag from /opt/airflow/dags/ecom.py
[2025-12-24T22:46:52.088+0000] {processor.py:840} INFO - DAG(s) 'hello_airflow_postgres_slack' retrieved from /opt/airflow/dags/ecom.py
[2025-12-24T22:46:52.125+0000] {logging_mixin.py:188} INFO - [2025-12-24T22:46:52.120+0000] {dag.py:3036} INFO - Sync 1 DAGs
[2025-12-24T22:46:52.195+0000] {logging_mixin.py:188} INFO - [2025-12-24T22:46:52.194+0000] {dag.py:3823} INFO - Setting next_dagrun for hello_airflow_postgres_slack to 2025-12-24 00:00:00+00:00, run_after=2025-12-25 00:00:00+00:00
[2025-12-24T22:46:52.258+0000] {processor.py:183} INFO - Processing /opt/airflow/dags/ecom.py took 3.177 seconds
[2025-12-24T22:46:57.227+0000] {processor.py:161} INFO - Started process (PID=49269) to work on /opt/airflow/dags/ecom.py
[2025-12-24T22:46:57.228+0000] {processor.py:830} INFO - Processing file /opt/airflow/dags/ecom.py for tasks to queue
[2025-12-24T22:46:57.230+0000] {logging_mixin.py:188} INFO - [2025-12-24T22:46:57.229+0000] {dagbag.py:538} INFO - Filling up the DagBag from /opt/airflow/dags/ecom.py
[2025-12-24T22:46:57.705+0000] {processor.py:840} INFO - DAG(s) 'hello_airflow_postgres_slack' retrieved from /opt/airflow/dags/ecom.py
[2025-12-24T22:46:57.746+0000] {logging_mixin.py:188} INFO - [2025-12-24T22:46:57.746+0000] {dag.py:3036} INFO - Sync 1 DAGs
[2025-12-24T22:46:57.798+0000] {logging_mixin.py:188} INFO - [2025-12-24T22:46:57.798+0000] {dag.py:3823} INFO - Setting next_dagrun for hello_airflow_postgres_slack to 2025-12-24 00:00:00+00:00, run_after=2025-12-25 00:00:00+00:00
[2025-12-24T22:46:57.845+0000] {processor.py:183} INFO - Processing /opt/airflow/dags/ecom.py took 0.622 seconds
[2025-12-24T22:47:03.368+0000] {processor.py:161} INFO - Started process (PID=49279) to work on /opt/airflow/dags/ecom.py
[2025-12-24T22:47:03.370+0000] {processor.py:830} INFO - Processing file /opt/airflow/dags/ecom.py for tasks to queue
[2025-12-24T22:47:03.371+0000] {logging_mixin.py:188} INFO - [2025-12-24T22:47:03.371+0000] {dagbag.py:538} INFO - Filling up the DagBag from /opt/airflow/dags/ecom.py
[2025-12-24T22:47:03.998+0000] {processor.py:840} INFO - DAG(s) 'hello_airflow_postgres_slack' retrieved from /opt/airflow/dags/ecom.py
[2025-12-24T22:47:04.021+0000] {logging_mixin.py:188} INFO - [2025-12-24T22:47:04.021+0000] {dag.py:3036} INFO - Sync 1 DAGs
[2025-12-24T22:47:04.050+0000] {logging_mixin.py:188} INFO - [2025-12-24T22:47:04.050+0000] {dag.py:3823} INFO - Setting next_dagrun for hello_airflow_postgres_slack to 2025-12-24 00:00:00+00:00, run_after=2025-12-25 00:00:00+00:00
[2025-12-24T22:47:04.086+0000] {processor.py:183} INFO - Processing /opt/airflow/dags/ecom.py took 0.723 seconds
[2025-12-24T22:47:04.994+0000] {processor.py:161} INFO - Started process (PID=49283) to work on /opt/airflow/dags/ecom.py
[2025-12-24T22:47:04.995+0000] {processor.py:830} INFO - Processing file /opt/airflow/dags/ecom.py for tasks to queue
[2025-12-24T22:47:04.997+0000] {logging_mixin.py:188} INFO - [2025-12-24T22:47:04.996+0000] {dagbag.py:538} INFO - Filling up the DagBag from /opt/airflow/dags/ecom.py
[2025-12-24T22:47:05.356+0000] {processor.py:840} INFO - DAG(s) 'hello_airflow_postgres_slack' retrieved from /opt/airflow/dags/ecom.py
[2025-12-24T22:47:05.379+0000] {logging_mixin.py:188} INFO - [2025-12-24T22:47:05.378+0000] {dag.py:3036} INFO - Sync 1 DAGs
[2025-12-24T22:47:05.406+0000] {logging_mixin.py:188} INFO - [2025-12-24T22:47:05.406+0000] {dag.py:3823} INFO - Setting next_dagrun for hello_airflow_postgres_slack to 2025-12-24 00:00:00+00:00, run_after=2025-12-25 00:00:00+00:00
[2025-12-24T22:47:05.440+0000] {processor.py:183} INFO - Processing /opt/airflow/dags/ecom.py took 0.452 seconds
[2025-12-24T22:47:10.293+0000] {processor.py:161} INFO - Started process (PID=49295) to work on /opt/airflow/dags/ecom.py
[2025-12-24T22:47:10.295+0000] {processor.py:830} INFO - Processing file /opt/airflow/dags/ecom.py for tasks to queue
[2025-12-24T22:47:10.296+0000] {logging_mixin.py:188} INFO - [2025-12-24T22:47:10.295+0000] {dagbag.py:538} INFO - Filling up the DagBag from /opt/airflow/dags/ecom.py
[2025-12-24T22:47:10.677+0000] {processor.py:840} INFO - DAG(s) 'hello_airflow_postgres_slack' retrieved from /opt/airflow/dags/ecom.py
[2025-12-24T22:47:10.703+0000] {logging_mixin.py:188} INFO - [2025-12-24T22:47:10.703+0000] {dag.py:3036} INFO - Sync 1 DAGs
[2025-12-24T22:47:10.733+0000] {logging_mixin.py:188} INFO - [2025-12-24T22:47:10.732+0000] {dag.py:3823} INFO - Setting next_dagrun for hello_airflow_postgres_slack to 2025-12-24 00:00:00+00:00, run_after=2025-12-25 00:00:00+00:00
[2025-12-24T22:47:10.767+0000] {processor.py:183} INFO - Processing /opt/airflow/dags/ecom.py took 0.478 seconds
[2025-12-24T22:47:13.251+0000] {processor.py:161} INFO - Started process (PID=49305) to work on /opt/airflow/dags/ecom.py
[2025-12-24T22:47:13.252+0000] {processor.py:830} INFO - Processing file /opt/airflow/dags/ecom.py for tasks to queue
[2025-12-24T22:47:13.253+0000] {logging_mixin.py:188} INFO - [2025-12-24T22:47:13.253+0000] {dagbag.py:538} INFO - Filling up the DagBag from /opt/airflow/dags/ecom.py
[2025-12-24T22:47:13.271+0000] {logging_mixin.py:188} INFO - [2025-12-24T22:47:13.270+0000] {dagbag.py:348} ERROR - Failed to import: /opt/airflow/dags/ecom.py
Traceback (most recent call last):
  File "/home/airflow/.local/lib/python3.8/site-packages/airflow/models/dagbag.py", line 344, in parse
    loader.exec_module(new_module)
  File "<frozen importlib._bootstrap_external>", line 839, in exec_module
  File "<frozen importlib._bootstrap_external>", line 976, in get_code
  File "<frozen importlib._bootstrap_external>", line 906, in source_to_code
  File "<frozen importlib._bootstrap>", line 219, in _call_with_frames_removed
  File "/opt/airflow/dags/ecom.py", line 111
    """
    ^
IndentationError: unexpected indent
[2025-12-24T22:47:13.272+0000] {processor.py:842} WARNING - No viable dags retrieved from /opt/airflow/dags/ecom.py
[2025-12-24T22:47:13.298+0000] {processor.py:183} INFO - Processing /opt/airflow/dags/ecom.py took 0.051 seconds
[2025-12-24T22:47:16.553+0000] {processor.py:161} INFO - Started process (PID=49318) to work on /opt/airflow/dags/ecom.py
[2025-12-24T22:47:16.555+0000] {processor.py:830} INFO - Processing file /opt/airflow/dags/ecom.py for tasks to queue
[2025-12-24T22:47:16.557+0000] {logging_mixin.py:188} INFO - [2025-12-24T22:47:16.557+0000] {dagbag.py:538} INFO - Filling up the DagBag from /opt/airflow/dags/ecom.py
[2025-12-24T22:47:17.146+0000] {processor.py:840} INFO - DAG(s) 'hello_airflow_postgres_slack' retrieved from /opt/airflow/dags/ecom.py
[2025-12-24T22:47:17.185+0000] {logging_mixin.py:188} INFO - [2025-12-24T22:47:17.184+0000] {dag.py:3036} INFO - Sync 1 DAGs
[2025-12-24T22:47:17.221+0000] {logging_mixin.py:188} INFO - [2025-12-24T22:47:17.221+0000] {dag.py:3823} INFO - Setting next_dagrun for hello_airflow_postgres_slack to 2025-12-24 00:00:00+00:00, run_after=2025-12-25 00:00:00+00:00
[2025-12-24T22:47:17.325+0000] {processor.py:183} INFO - Processing /opt/airflow/dags/ecom.py took 0.787 seconds
[2025-12-24T22:47:20.113+0000] {processor.py:161} INFO - Started process (PID=49330) to work on /opt/airflow/dags/ecom.py
[2025-12-24T22:47:20.115+0000] {processor.py:830} INFO - Processing file /opt/airflow/dags/ecom.py for tasks to queue
[2025-12-24T22:47:20.117+0000] {logging_mixin.py:188} INFO - [2025-12-24T22:47:20.116+0000] {dagbag.py:538} INFO - Filling up the DagBag from /opt/airflow/dags/ecom.py
[2025-12-24T22:47:21.433+0000] {processor.py:840} INFO - DAG(s) 'hello_airflow_postgres_slack' retrieved from /opt/airflow/dags/ecom.py
[2025-12-24T22:47:21.963+0000] {logging_mixin.py:188} INFO - [2025-12-24T22:47:21.962+0000] {dag.py:3036} INFO - Sync 1 DAGs
[2025-12-24T22:47:22.199+0000] {logging_mixin.py:188} INFO - [2025-12-24T22:47:22.199+0000] {dag.py:3823} INFO - Setting next_dagrun for hello_airflow_postgres_slack to 2025-12-24 00:00:00+00:00, run_after=2025-12-25 00:00:00+00:00
[2025-12-24T22:47:22.346+0000] {processor.py:183} INFO - Processing /opt/airflow/dags/ecom.py took 2.250 seconds
[2025-12-24T22:47:28.418+0000] {processor.py:161} INFO - Started process (PID=49339) to work on /opt/airflow/dags/ecom.py
[2025-12-24T22:47:28.425+0000] {processor.py:830} INFO - Processing file /opt/airflow/dags/ecom.py for tasks to queue
[2025-12-24T22:47:28.428+0000] {logging_mixin.py:188} INFO - [2025-12-24T22:47:28.427+0000] {dagbag.py:538} INFO - Filling up the DagBag from /opt/airflow/dags/ecom.py
[2025-12-24T22:47:29.133+0000] {processor.py:840} INFO - DAG(s) 'hello_airflow_postgres_slack' retrieved from /opt/airflow/dags/ecom.py
[2025-12-24T22:47:29.170+0000] {logging_mixin.py:188} INFO - [2025-12-24T22:47:29.170+0000] {dag.py:3036} INFO - Sync 1 DAGs
[2025-12-24T22:47:29.208+0000] {logging_mixin.py:188} INFO - [2025-12-24T22:47:29.208+0000] {dag.py:3823} INFO - Setting next_dagrun for hello_airflow_postgres_slack to 2025-12-24 00:00:00+00:00, run_after=2025-12-25 00:00:00+00:00
[2025-12-24T22:47:29.257+0000] {processor.py:183} INFO - Processing /opt/airflow/dags/ecom.py took 0.846 seconds
[2025-12-24T22:47:34.726+0000] {processor.py:161} INFO - Started process (PID=49350) to work on /opt/airflow/dags/ecom.py
[2025-12-24T22:47:34.732+0000] {processor.py:830} INFO - Processing file /opt/airflow/dags/ecom.py for tasks to queue
[2025-12-24T22:47:34.734+0000] {logging_mixin.py:188} INFO - [2025-12-24T22:47:34.733+0000] {dagbag.py:538} INFO - Filling up the DagBag from /opt/airflow/dags/ecom.py
[2025-12-24T22:47:35.258+0000] {processor.py:840} INFO - DAG(s) 'hello_airflow_postgres_slack' retrieved from /opt/airflow/dags/ecom.py
[2025-12-24T22:47:35.281+0000] {logging_mixin.py:188} INFO - [2025-12-24T22:47:35.280+0000] {dag.py:3036} INFO - Sync 1 DAGs
[2025-12-24T22:47:35.311+0000] {logging_mixin.py:188} INFO - [2025-12-24T22:47:35.310+0000] {dag.py:3823} INFO - Setting next_dagrun for hello_airflow_postgres_slack to 2025-12-24 00:00:00+00:00, run_after=2025-12-25 00:00:00+00:00
[2025-12-24T22:47:35.387+0000] {processor.py:183} INFO - Processing /opt/airflow/dags/ecom.py took 0.668 seconds
[2025-12-24T22:47:39.460+0000] {processor.py:161} INFO - Started process (PID=49361) to work on /opt/airflow/dags/ecom.py
[2025-12-24T22:47:39.462+0000] {processor.py:830} INFO - Processing file /opt/airflow/dags/ecom.py for tasks to queue
[2025-12-24T22:47:39.464+0000] {logging_mixin.py:188} INFO - [2025-12-24T22:47:39.464+0000] {dagbag.py:538} INFO - Filling up the DagBag from /opt/airflow/dags/ecom.py
[2025-12-24T22:47:39.900+0000] {processor.py:840} INFO - DAG(s) 'hello_airflow_postgres_slack' retrieved from /opt/airflow/dags/ecom.py
[2025-12-24T22:47:39.921+0000] {logging_mixin.py:188} INFO - [2025-12-24T22:47:39.921+0000] {dag.py:3036} INFO - Sync 1 DAGs
[2025-12-24T22:47:39.944+0000] {logging_mixin.py:188} INFO - [2025-12-24T22:47:39.944+0000] {dag.py:3823} INFO - Setting next_dagrun for hello_airflow_postgres_slack to 2025-12-24 00:00:00+00:00, run_after=2025-12-25 00:00:00+00:00
[2025-12-24T22:47:40.011+0000] {processor.py:183} INFO - Processing /opt/airflow/dags/ecom.py took 0.558 seconds
[2025-12-24T22:47:42.208+0000] {processor.py:161} INFO - Started process (PID=49370) to work on /opt/airflow/dags/ecom.py
[2025-12-24T22:47:42.212+0000] {processor.py:830} INFO - Processing file /opt/airflow/dags/ecom.py for tasks to queue
[2025-12-24T22:47:42.214+0000] {logging_mixin.py:188} INFO - [2025-12-24T22:47:42.214+0000] {dagbag.py:538} INFO - Filling up the DagBag from /opt/airflow/dags/ecom.py
[2025-12-24T22:47:42.767+0000] {processor.py:840} INFO - DAG(s) 'hello_airflow_postgres_slack' retrieved from /opt/airflow/dags/ecom.py
[2025-12-24T22:47:42.802+0000] {logging_mixin.py:188} INFO - [2025-12-24T22:47:42.802+0000] {dag.py:3036} INFO - Sync 1 DAGs
[2025-12-24T22:47:42.985+0000] {logging_mixin.py:188} INFO - [2025-12-24T22:47:42.985+0000] {dag.py:3823} INFO - Setting next_dagrun for hello_airflow_postgres_slack to 2025-12-24 00:00:00+00:00, run_after=2025-12-25 00:00:00+00:00
[2025-12-24T22:47:43.079+0000] {processor.py:183} INFO - Processing /opt/airflow/dags/ecom.py took 0.885 seconds
[2025-12-24T22:47:45.162+0000] {processor.py:161} INFO - Started process (PID=49376) to work on /opt/airflow/dags/ecom.py
[2025-12-24T22:47:45.163+0000] {processor.py:830} INFO - Processing file /opt/airflow/dags/ecom.py for tasks to queue
[2025-12-24T22:47:45.164+0000] {logging_mixin.py:188} INFO - [2025-12-24T22:47:45.164+0000] {dagbag.py:538} INFO - Filling up the DagBag from /opt/airflow/dags/ecom.py
[2025-12-24T22:47:45.511+0000] {processor.py:840} INFO - DAG(s) 'hello_airflow_postgres_slack' retrieved from /opt/airflow/dags/ecom.py
[2025-12-24T22:47:45.531+0000] {logging_mixin.py:188} INFO - [2025-12-24T22:47:45.531+0000] {dag.py:3036} INFO - Sync 1 DAGs
[2025-12-24T22:47:45.555+0000] {logging_mixin.py:188} INFO - [2025-12-24T22:47:45.555+0000] {dag.py:3823} INFO - Setting next_dagrun for hello_airflow_postgres_slack to 2025-12-24 00:00:00+00:00, run_after=2025-12-25 00:00:00+00:00
[2025-12-24T22:47:45.618+0000] {processor.py:183} INFO - Processing /opt/airflow/dags/ecom.py took 0.461 seconds
[2025-12-24T22:47:49.753+0000] {processor.py:161} INFO - Started process (PID=49397) to work on /opt/airflow/dags/ecom.py
[2025-12-24T22:47:49.754+0000] {processor.py:830} INFO - Processing file /opt/airflow/dags/ecom.py for tasks to queue
[2025-12-24T22:47:49.755+0000] {logging_mixin.py:188} INFO - [2025-12-24T22:47:49.755+0000] {dagbag.py:538} INFO - Filling up the DagBag from /opt/airflow/dags/ecom.py
[2025-12-24T22:47:50.111+0000] {processor.py:840} INFO - DAG(s) 'hello_airflow_postgres_slack' retrieved from /opt/airflow/dags/ecom.py
[2025-12-24T22:47:50.132+0000] {logging_mixin.py:188} INFO - [2025-12-24T22:47:50.131+0000] {dag.py:3036} INFO - Sync 1 DAGs
[2025-12-24T22:47:50.158+0000] {logging_mixin.py:188} INFO - [2025-12-24T22:47:50.158+0000] {dag.py:3823} INFO - Setting next_dagrun for hello_airflow_postgres_slack to 2025-12-24 00:00:00+00:00, run_after=2025-12-25 00:00:00+00:00
[2025-12-24T22:47:50.190+0000] {processor.py:183} INFO - Processing /opt/airflow/dags/ecom.py took 0.441 seconds
[2025-12-24T22:47:51.382+0000] {processor.py:161} INFO - Started process (PID=49401) to work on /opt/airflow/dags/ecom.py
[2025-12-24T22:47:51.383+0000] {processor.py:830} INFO - Processing file /opt/airflow/dags/ecom.py for tasks to queue
[2025-12-24T22:47:51.384+0000] {logging_mixin.py:188} INFO - [2025-12-24T22:47:51.384+0000] {dagbag.py:538} INFO - Filling up the DagBag from /opt/airflow/dags/ecom.py
[2025-12-24T22:47:51.781+0000] {processor.py:840} INFO - DAG(s) 'hello_airflow_postgres_slack' retrieved from /opt/airflow/dags/ecom.py
[2025-12-24T22:47:51.805+0000] {logging_mixin.py:188} INFO - [2025-12-24T22:47:51.804+0000] {dag.py:3036} INFO - Sync 1 DAGs
[2025-12-24T22:47:51.833+0000] {logging_mixin.py:188} INFO - [2025-12-24T22:47:51.833+0000] {dag.py:3823} INFO - Setting next_dagrun for hello_airflow_postgres_slack to 2025-12-24 00:00:00+00:00, run_after=2025-12-25 00:00:00+00:00
[2025-12-24T22:47:51.859+0000] {processor.py:183} INFO - Processing /opt/airflow/dags/ecom.py took 0.480 seconds
[2025-12-24T22:47:57.617+0000] {processor.py:161} INFO - Started process (PID=49408) to work on /opt/airflow/dags/ecom.py
[2025-12-24T22:47:57.619+0000] {processor.py:830} INFO - Processing file /opt/airflow/dags/ecom.py for tasks to queue
[2025-12-24T22:47:57.620+0000] {logging_mixin.py:188} INFO - [2025-12-24T22:47:57.619+0000] {dagbag.py:538} INFO - Filling up the DagBag from /opt/airflow/dags/ecom.py
[2025-12-24T22:47:57.938+0000] {processor.py:840} INFO - DAG(s) 'hello_airflow_postgres_slack' retrieved from /opt/airflow/dags/ecom.py
[2025-12-24T22:47:57.959+0000] {logging_mixin.py:188} INFO - [2025-12-24T22:47:57.958+0000] {dag.py:3036} INFO - Sync 1 DAGs
[2025-12-24T22:47:57.983+0000] {logging_mixin.py:188} INFO - [2025-12-24T22:47:57.983+0000] {dag.py:3823} INFO - Setting next_dagrun for hello_airflow_postgres_slack to 2025-12-24 00:00:00+00:00, run_after=2025-12-25 00:00:00+00:00
[2025-12-24T22:47:58.008+0000] {processor.py:183} INFO - Processing /opt/airflow/dags/ecom.py took 0.394 seconds
[2025-12-24T22:48:12.485+0000] {processor.py:161} INFO - Started process (PID=49435) to work on /opt/airflow/dags/ecom.py
[2025-12-24T22:48:12.486+0000] {processor.py:830} INFO - Processing file /opt/airflow/dags/ecom.py for tasks to queue
[2025-12-24T22:48:12.488+0000] {logging_mixin.py:188} INFO - [2025-12-24T22:48:12.487+0000] {dagbag.py:538} INFO - Filling up the DagBag from /opt/airflow/dags/ecom.py
[2025-12-24T22:48:12.878+0000] {processor.py:840} INFO - DAG(s) 'hello_airflow_postgres_slack' retrieved from /opt/airflow/dags/ecom.py
[2025-12-24T22:48:12.900+0000] {logging_mixin.py:188} INFO - [2025-12-24T22:48:12.900+0000] {dag.py:3036} INFO - Sync 1 DAGs
[2025-12-24T22:48:12.925+0000] {logging_mixin.py:188} INFO - [2025-12-24T22:48:12.925+0000] {dag.py:3823} INFO - Setting next_dagrun for hello_airflow_postgres_slack to 2025-12-24 00:00:00+00:00, run_after=2025-12-25 00:00:00+00:00
[2025-12-24T22:48:12.952+0000] {processor.py:183} INFO - Processing /opt/airflow/dags/ecom.py took 0.472 seconds
[2025-12-24T22:48:16.551+0000] {processor.py:161} INFO - Started process (PID=49444) to work on /opt/airflow/dags/ecom.py
[2025-12-24T22:48:16.553+0000] {processor.py:830} INFO - Processing file /opt/airflow/dags/ecom.py for tasks to queue
[2025-12-24T22:48:16.554+0000] {logging_mixin.py:188} INFO - [2025-12-24T22:48:16.554+0000] {dagbag.py:538} INFO - Filling up the DagBag from /opt/airflow/dags/ecom.py
[2025-12-24T22:48:16.853+0000] {processor.py:840} INFO - DAG(s) 'hello_airflow_postgres_slack' retrieved from /opt/airflow/dags/ecom.py
[2025-12-24T22:48:16.877+0000] {logging_mixin.py:188} INFO - [2025-12-24T22:48:16.877+0000] {dag.py:3036} INFO - Sync 1 DAGs
[2025-12-24T22:48:16.905+0000] {logging_mixin.py:188} INFO - [2025-12-24T22:48:16.904+0000] {dag.py:3823} INFO - Setting next_dagrun for hello_airflow_postgres_slack to 2025-12-24 00:00:00+00:00, run_after=2025-12-25 00:00:00+00:00
[2025-12-24T22:48:16.933+0000] {processor.py:183} INFO - Processing /opt/airflow/dags/ecom.py took 0.385 seconds
[2025-12-24T22:48:27.098+0000] {processor.py:161} INFO - Started process (PID=49471) to work on /opt/airflow/dags/ecom.py
[2025-12-24T22:48:27.100+0000] {processor.py:830} INFO - Processing file /opt/airflow/dags/ecom.py for tasks to queue
[2025-12-24T22:48:27.101+0000] {logging_mixin.py:188} INFO - [2025-12-24T22:48:27.100+0000] {dagbag.py:538} INFO - Filling up the DagBag from /opt/airflow/dags/ecom.py
[2025-12-24T22:48:27.400+0000] {processor.py:840} INFO - DAG(s) 'hello_airflow_postgres_slack' retrieved from /opt/airflow/dags/ecom.py
[2025-12-24T22:48:27.425+0000] {logging_mixin.py:188} INFO - [2025-12-24T22:48:27.424+0000] {dag.py:3036} INFO - Sync 1 DAGs
[2025-12-24T22:48:27.448+0000] {logging_mixin.py:188} INFO - [2025-12-24T22:48:27.447+0000] {dag.py:3823} INFO - Setting next_dagrun for hello_airflow_postgres_slack to 2025-12-24 00:00:00+00:00, run_after=2025-12-25 00:00:00+00:00
[2025-12-24T22:48:27.474+0000] {processor.py:183} INFO - Processing /opt/airflow/dags/ecom.py took 0.379 seconds
[2025-12-24T22:48:35.254+0000] {processor.py:161} INFO - Started process (PID=49483) to work on /opt/airflow/dags/ecom.py
[2025-12-24T22:48:35.255+0000] {processor.py:830} INFO - Processing file /opt/airflow/dags/ecom.py for tasks to queue
[2025-12-24T22:48:35.257+0000] {logging_mixin.py:188} INFO - [2025-12-24T22:48:35.256+0000] {dagbag.py:538} INFO - Filling up the DagBag from /opt/airflow/dags/ecom.py
[2025-12-24T22:48:35.602+0000] {processor.py:840} INFO - DAG(s) 'hello_airflow_postgres_slack' retrieved from /opt/airflow/dags/ecom.py
[2025-12-24T22:48:35.632+0000] {logging_mixin.py:188} INFO - [2025-12-24T22:48:35.632+0000] {dag.py:3036} INFO - Sync 1 DAGs
[2025-12-24T22:48:35.659+0000] {logging_mixin.py:188} INFO - [2025-12-24T22:48:35.659+0000] {dag.py:3823} INFO - Setting next_dagrun for hello_airflow_postgres_slack to 2025-12-24 00:00:00+00:00, run_after=2025-12-25 00:00:00+00:00
[2025-12-24T22:48:35.692+0000] {processor.py:183} INFO - Processing /opt/airflow/dags/ecom.py took 0.441 seconds
[2025-12-24T22:48:38.276+0000] {processor.py:161} INFO - Started process (PID=49492) to work on /opt/airflow/dags/ecom.py
[2025-12-24T22:48:38.277+0000] {processor.py:830} INFO - Processing file /opt/airflow/dags/ecom.py for tasks to queue
[2025-12-24T22:48:38.278+0000] {logging_mixin.py:188} INFO - [2025-12-24T22:48:38.278+0000] {dagbag.py:538} INFO - Filling up the DagBag from /opt/airflow/dags/ecom.py
[2025-12-24T22:48:38.602+0000] {processor.py:840} INFO - DAG(s) 'hello_airflow_postgres_slack' retrieved from /opt/airflow/dags/ecom.py
[2025-12-24T22:48:38.622+0000] {logging_mixin.py:188} INFO - [2025-12-24T22:48:38.622+0000] {dag.py:3036} INFO - Sync 1 DAGs
[2025-12-24T22:48:38.658+0000] {logging_mixin.py:188} INFO - [2025-12-24T22:48:38.658+0000] {dag.py:3823} INFO - Setting next_dagrun for hello_airflow_postgres_slack to 2025-12-24 00:00:00+00:00, run_after=2025-12-25 00:00:00+00:00
[2025-12-24T22:48:38.694+0000] {processor.py:183} INFO - Processing /opt/airflow/dags/ecom.py took 0.422 seconds
[2025-12-24T22:48:40.476+0000] {processor.py:161} INFO - Started process (PID=49497) to work on /opt/airflow/dags/ecom.py
[2025-12-24T22:48:40.477+0000] {processor.py:830} INFO - Processing file /opt/airflow/dags/ecom.py for tasks to queue
[2025-12-24T22:48:40.479+0000] {logging_mixin.py:188} INFO - [2025-12-24T22:48:40.478+0000] {dagbag.py:538} INFO - Filling up the DagBag from /opt/airflow/dags/ecom.py
[2025-12-24T22:48:40.806+0000] {processor.py:840} INFO - DAG(s) 'hello_airflow_postgres_slack' retrieved from /opt/airflow/dags/ecom.py
[2025-12-24T22:48:40.827+0000] {logging_mixin.py:188} INFO - [2025-12-24T22:48:40.826+0000] {dag.py:3036} INFO - Sync 1 DAGs
[2025-12-24T22:48:40.849+0000] {logging_mixin.py:188} INFO - [2025-12-24T22:48:40.849+0000] {dag.py:3823} INFO - Setting next_dagrun for hello_airflow_postgres_slack to 2025-12-24 00:00:00+00:00, run_after=2025-12-25 00:00:00+00:00
[2025-12-24T22:48:40.875+0000] {processor.py:183} INFO - Processing /opt/airflow/dags/ecom.py took 0.403 seconds
[2025-12-24T22:48:41.803+0000] {processor.py:161} INFO - Started process (PID=49501) to work on /opt/airflow/dags/ecom.py
[2025-12-24T22:48:41.804+0000] {processor.py:830} INFO - Processing file /opt/airflow/dags/ecom.py for tasks to queue
[2025-12-24T22:48:41.805+0000] {logging_mixin.py:188} INFO - [2025-12-24T22:48:41.805+0000] {dagbag.py:538} INFO - Filling up the DagBag from /opt/airflow/dags/ecom.py
[2025-12-24T22:48:42.131+0000] {processor.py:840} INFO - DAG(s) 'hello_airflow_postgres_slack' retrieved from /opt/airflow/dags/ecom.py
[2025-12-24T22:48:42.151+0000] {logging_mixin.py:188} INFO - [2025-12-24T22:48:42.151+0000] {dag.py:3036} INFO - Sync 1 DAGs
[2025-12-24T22:48:42.178+0000] {logging_mixin.py:188} INFO - [2025-12-24T22:48:42.178+0000] {dag.py:3823} INFO - Setting next_dagrun for hello_airflow_postgres_slack to 2025-12-24 00:00:00+00:00, run_after=2025-12-25 00:00:00+00:00
[2025-12-24T22:48:42.222+0000] {processor.py:183} INFO - Processing /opt/airflow/dags/ecom.py took 0.423 seconds
[2025-12-24T22:48:44.651+0000] {processor.py:161} INFO - Started process (PID=49511) to work on /opt/airflow/dags/ecom.py
[2025-12-24T22:48:44.652+0000] {processor.py:830} INFO - Processing file /opt/airflow/dags/ecom.py for tasks to queue
[2025-12-24T22:48:44.653+0000] {logging_mixin.py:188} INFO - [2025-12-24T22:48:44.653+0000] {dagbag.py:538} INFO - Filling up the DagBag from /opt/airflow/dags/ecom.py
[2025-12-24T22:48:45.002+0000] {processor.py:840} INFO - DAG(s) 'hello_airflow_postgres_slack' retrieved from /opt/airflow/dags/ecom.py
[2025-12-24T22:48:45.026+0000] {logging_mixin.py:188} INFO - [2025-12-24T22:48:45.025+0000] {dag.py:3036} INFO - Sync 1 DAGs
[2025-12-24T22:48:45.059+0000] {logging_mixin.py:188} INFO - [2025-12-24T22:48:45.059+0000] {dag.py:3823} INFO - Setting next_dagrun for hello_airflow_postgres_slack to 2025-12-24 00:00:00+00:00, run_after=2025-12-25 00:00:00+00:00
[2025-12-24T22:48:45.096+0000] {processor.py:183} INFO - Processing /opt/airflow/dags/ecom.py took 0.449 seconds
[2025-12-24T22:48:47.167+0000] {processor.py:161} INFO - Started process (PID=49518) to work on /opt/airflow/dags/ecom.py
[2025-12-24T22:48:47.168+0000] {processor.py:830} INFO - Processing file /opt/airflow/dags/ecom.py for tasks to queue
[2025-12-24T22:48:47.170+0000] {logging_mixin.py:188} INFO - [2025-12-24T22:48:47.170+0000] {dagbag.py:538} INFO - Filling up the DagBag from /opt/airflow/dags/ecom.py
[2025-12-24T22:48:47.610+0000] {processor.py:840} INFO - DAG(s) 'hello_airflow_postgres_slack' retrieved from /opt/airflow/dags/ecom.py
[2025-12-24T22:48:47.753+0000] {logging_mixin.py:188} INFO - [2025-12-24T22:48:47.752+0000] {dag.py:3036} INFO - Sync 1 DAGs
[2025-12-24T22:48:47.879+0000] {logging_mixin.py:188} INFO - [2025-12-24T22:48:47.878+0000] {dag.py:3823} INFO - Setting next_dagrun for hello_airflow_postgres_slack to 2025-12-24 00:00:00+00:00, run_after=2025-12-25 00:00:00+00:00
[2025-12-24T22:48:47.924+0000] {processor.py:183} INFO - Processing /opt/airflow/dags/ecom.py took 0.763 seconds
[2025-12-24T22:48:57.479+0000] {processor.py:161} INFO - Started process (PID=49542) to work on /opt/airflow/dags/ecom.py
[2025-12-24T22:48:57.480+0000] {processor.py:830} INFO - Processing file /opt/airflow/dags/ecom.py for tasks to queue
[2025-12-24T22:48:57.482+0000] {logging_mixin.py:188} INFO - [2025-12-24T22:48:57.481+0000] {dagbag.py:538} INFO - Filling up the DagBag from /opt/airflow/dags/ecom.py
[2025-12-24T22:48:57.774+0000] {processor.py:840} INFO - DAG(s) 'hello_airflow_postgres_slack' retrieved from /opt/airflow/dags/ecom.py
[2025-12-24T22:48:57.797+0000] {logging_mixin.py:188} INFO - [2025-12-24T22:48:57.796+0000] {dag.py:3036} INFO - Sync 1 DAGs
[2025-12-24T22:48:57.822+0000] {logging_mixin.py:188} INFO - [2025-12-24T22:48:57.822+0000] {dag.py:3823} INFO - Setting next_dagrun for hello_airflow_postgres_slack to 2025-12-24 00:00:00+00:00, run_after=2025-12-25 00:00:00+00:00
[2025-12-24T22:48:57.847+0000] {processor.py:183} INFO - Processing /opt/airflow/dags/ecom.py took 0.372 seconds
[2025-12-24T22:49:06.771+0000] {processor.py:161} INFO - Started process (PID=49555) to work on /opt/airflow/dags/ecom.py
[2025-12-24T22:49:06.773+0000] {processor.py:830} INFO - Processing file /opt/airflow/dags/ecom.py for tasks to queue
[2025-12-24T22:49:06.775+0000] {logging_mixin.py:188} INFO - [2025-12-24T22:49:06.775+0000] {dagbag.py:538} INFO - Filling up the DagBag from /opt/airflow/dags/ecom.py
[2025-12-24T22:49:07.313+0000] {processor.py:840} INFO - DAG(s) 'hello_airflow_postgres_slack' retrieved from /opt/airflow/dags/ecom.py
[2025-12-24T22:49:07.350+0000] {logging_mixin.py:188} INFO - [2025-12-24T22:49:07.350+0000] {dag.py:3036} INFO - Sync 1 DAGs
[2025-12-24T22:49:07.436+0000] {logging_mixin.py:188} INFO - [2025-12-24T22:49:07.436+0000] {dag.py:3823} INFO - Setting next_dagrun for hello_airflow_postgres_slack to 2025-12-24 00:00:00+00:00, run_after=2025-12-25 00:00:00+00:00
[2025-12-24T22:49:07.529+0000] {processor.py:183} INFO - Processing /opt/airflow/dags/ecom.py took 0.764 seconds
[2025-12-24T22:49:16.965+0000] {processor.py:161} INFO - Started process (PID=49578) to work on /opt/airflow/dags/ecom.py
[2025-12-24T22:49:16.967+0000] {processor.py:830} INFO - Processing file /opt/airflow/dags/ecom.py for tasks to queue
[2025-12-24T22:49:16.968+0000] {logging_mixin.py:188} INFO - [2025-12-24T22:49:16.967+0000] {dagbag.py:538} INFO - Filling up the DagBag from /opt/airflow/dags/ecom.py
[2025-12-24T22:49:17.274+0000] {processor.py:840} INFO - DAG(s) 'hello_airflow_postgres_slack' retrieved from /opt/airflow/dags/ecom.py
[2025-12-24T22:49:17.295+0000] {logging_mixin.py:188} INFO - [2025-12-24T22:49:17.295+0000] {dag.py:3036} INFO - Sync 1 DAGs
[2025-12-24T22:49:17.319+0000] {logging_mixin.py:188} INFO - [2025-12-24T22:49:17.319+0000] {dag.py:3823} INFO - Setting next_dagrun for hello_airflow_postgres_slack to 2025-12-24 00:00:00+00:00, run_after=2025-12-25 00:00:00+00:00
[2025-12-24T22:49:17.342+0000] {processor.py:183} INFO - Processing /opt/airflow/dags/ecom.py took 0.381 seconds
[2025-12-24T22:49:32.745+0000] {processor.py:161} INFO - Started process (PID=49607) to work on /opt/airflow/dags/ecom.py
[2025-12-24T22:49:32.746+0000] {processor.py:830} INFO - Processing file /opt/airflow/dags/ecom.py for tasks to queue
[2025-12-24T22:49:32.747+0000] {logging_mixin.py:188} INFO - [2025-12-24T22:49:32.747+0000] {dagbag.py:538} INFO - Filling up the DagBag from /opt/airflow/dags/ecom.py
[2025-12-24T22:49:33.588+0000] {processor.py:840} INFO - DAG(s) 'hello_airflow_postgres_slack' retrieved from /opt/airflow/dags/ecom.py
[2025-12-24T22:49:33.638+0000] {logging_mixin.py:188} INFO - [2025-12-24T22:49:33.637+0000] {dag.py:3036} INFO - Sync 1 DAGs
[2025-12-24T22:49:33.681+0000] {logging_mixin.py:188} INFO - [2025-12-24T22:49:33.681+0000] {dag.py:3823} INFO - Setting next_dagrun for hello_airflow_postgres_slack to 2025-12-24 00:00:00+00:00, run_after=2025-12-25 00:00:00+00:00
[2025-12-24T22:49:33.713+0000] {processor.py:183} INFO - Processing /opt/airflow/dags/ecom.py took 0.972 seconds
[2025-12-24T22:49:47.639+0000] {processor.py:161} INFO - Started process (PID=49639) to work on /opt/airflow/dags/ecom.py
[2025-12-24T22:49:47.640+0000] {processor.py:830} INFO - Processing file /opt/airflow/dags/ecom.py for tasks to queue
[2025-12-24T22:49:47.642+0000] {logging_mixin.py:188} INFO - [2025-12-24T22:49:47.641+0000] {dagbag.py:538} INFO - Filling up the DagBag from /opt/airflow/dags/ecom.py
[2025-12-24T22:49:48.004+0000] {processor.py:840} INFO - DAG(s) 'hello_airflow_postgres_slack' retrieved from /opt/airflow/dags/ecom.py
[2025-12-24T22:49:48.029+0000] {logging_mixin.py:188} INFO - [2025-12-24T22:49:48.029+0000] {dag.py:3036} INFO - Sync 1 DAGs
[2025-12-24T22:49:48.058+0000] {logging_mixin.py:188} INFO - [2025-12-24T22:49:48.058+0000] {dag.py:3823} INFO - Setting next_dagrun for hello_airflow_postgres_slack to 2025-12-24 00:00:00+00:00, run_after=2025-12-25 00:00:00+00:00
[2025-12-24T22:49:48.111+0000] {processor.py:183} INFO - Processing /opt/airflow/dags/ecom.py took 0.476 seconds
[2025-12-24T22:49:51.745+0000] {processor.py:161} INFO - Started process (PID=49659) to work on /opt/airflow/dags/ecom.py
[2025-12-24T22:49:51.746+0000] {processor.py:830} INFO - Processing file /opt/airflow/dags/ecom.py for tasks to queue
[2025-12-24T22:49:51.748+0000] {logging_mixin.py:188} INFO - [2025-12-24T22:49:51.747+0000] {dagbag.py:538} INFO - Filling up the DagBag from /opt/airflow/dags/ecom.py
[2025-12-24T22:49:52.111+0000] {processor.py:840} INFO - DAG(s) 'hello_airflow_postgres_slack' retrieved from /opt/airflow/dags/ecom.py
[2025-12-24T22:49:52.136+0000] {logging_mixin.py:188} INFO - [2025-12-24T22:49:52.136+0000] {dag.py:3036} INFO - Sync 1 DAGs
[2025-12-24T22:49:52.168+0000] {logging_mixin.py:188} INFO - [2025-12-24T22:49:52.168+0000] {dag.py:3823} INFO - Setting next_dagrun for hello_airflow_postgres_slack to 2025-12-24 00:00:00+00:00, run_after=2025-12-25 00:00:00+00:00
[2025-12-24T22:49:52.236+0000] {processor.py:183} INFO - Processing /opt/airflow/dags/ecom.py took 0.495 seconds
[2025-12-24T22:49:54.056+0000] {processor.py:161} INFO - Started process (PID=49663) to work on /opt/airflow/dags/ecom.py
[2025-12-24T22:49:54.058+0000] {processor.py:830} INFO - Processing file /opt/airflow/dags/ecom.py for tasks to queue
[2025-12-24T22:49:54.059+0000] {logging_mixin.py:188} INFO - [2025-12-24T22:49:54.059+0000] {dagbag.py:538} INFO - Filling up the DagBag from /opt/airflow/dags/ecom.py
[2025-12-24T22:49:54.365+0000] {processor.py:840} INFO - DAG(s) 'hello_airflow_postgres_slack' retrieved from /opt/airflow/dags/ecom.py
[2025-12-24T22:49:54.386+0000] {logging_mixin.py:188} INFO - [2025-12-24T22:49:54.385+0000] {dag.py:3036} INFO - Sync 1 DAGs
[2025-12-24T22:49:54.424+0000] {logging_mixin.py:188} INFO - [2025-12-24T22:49:54.423+0000] {dag.py:3823} INFO - Setting next_dagrun for hello_airflow_postgres_slack to 2025-12-24 00:00:00+00:00, run_after=2025-12-25 00:00:00+00:00
[2025-12-24T22:49:54.476+0000] {processor.py:183} INFO - Processing /opt/airflow/dags/ecom.py took 0.423 seconds
[2025-12-24T22:49:57.015+0000] {processor.py:161} INFO - Started process (PID=49670) to work on /opt/airflow/dags/ecom.py
[2025-12-24T22:49:57.016+0000] {processor.py:830} INFO - Processing file /opt/airflow/dags/ecom.py for tasks to queue
[2025-12-24T22:49:57.018+0000] {logging_mixin.py:188} INFO - [2025-12-24T22:49:57.017+0000] {dagbag.py:538} INFO - Filling up the DagBag from /opt/airflow/dags/ecom.py
[2025-12-24T22:49:57.345+0000] {processor.py:840} INFO - DAG(s) 'hello_airflow_postgres_slack' retrieved from /opt/airflow/dags/ecom.py
[2025-12-24T22:49:57.367+0000] {logging_mixin.py:188} INFO - [2025-12-24T22:49:57.367+0000] {dag.py:3036} INFO - Sync 1 DAGs
[2025-12-24T22:49:57.393+0000] {logging_mixin.py:188} INFO - [2025-12-24T22:49:57.392+0000] {dag.py:3823} INFO - Setting next_dagrun for hello_airflow_postgres_slack to 2025-12-24 00:00:00+00:00, run_after=2025-12-25 00:00:00+00:00
[2025-12-24T22:49:57.432+0000] {processor.py:183} INFO - Processing /opt/airflow/dags/ecom.py took 0.421 seconds
[2025-12-24T22:50:02.347+0000] {processor.py:161} INFO - Started process (PID=49674) to work on /opt/airflow/dags/ecom.py
[2025-12-24T22:50:02.348+0000] {processor.py:830} INFO - Processing file /opt/airflow/dags/ecom.py for tasks to queue
[2025-12-24T22:50:02.349+0000] {logging_mixin.py:188} INFO - [2025-12-24T22:50:02.348+0000] {dagbag.py:538} INFO - Filling up the DagBag from /opt/airflow/dags/ecom.py
[2025-12-24T22:50:02.622+0000] {processor.py:840} INFO - DAG(s) 'hello_airflow_postgres_slack' retrieved from /opt/airflow/dags/ecom.py
[2025-12-24T22:50:02.645+0000] {logging_mixin.py:188} INFO - [2025-12-24T22:50:02.645+0000] {dag.py:3036} INFO - Sync 1 DAGs
[2025-12-24T22:50:02.677+0000] {logging_mixin.py:188} INFO - [2025-12-24T22:50:02.677+0000] {dag.py:3823} INFO - Setting next_dagrun for hello_airflow_postgres_slack to 2025-12-24 00:00:00+00:00, run_after=2025-12-25 00:00:00+00:00
[2025-12-24T22:50:02.704+0000] {processor.py:183} INFO - Processing /opt/airflow/dags/ecom.py took 0.360 seconds
[2025-12-24T22:50:10.039+0000] {processor.py:161} INFO - Started process (PID=49691) to work on /opt/airflow/dags/ecom.py
[2025-12-24T22:50:10.040+0000] {processor.py:830} INFO - Processing file /opt/airflow/dags/ecom.py for tasks to queue
[2025-12-24T22:50:10.042+0000] {logging_mixin.py:188} INFO - [2025-12-24T22:50:10.041+0000] {dagbag.py:538} INFO - Filling up the DagBag from /opt/airflow/dags/ecom.py
[2025-12-24T22:50:10.386+0000] {processor.py:840} INFO - DAG(s) 'hello_airflow_postgres_slack' retrieved from /opt/airflow/dags/ecom.py
[2025-12-24T22:50:10.408+0000] {logging_mixin.py:188} INFO - [2025-12-24T22:50:10.407+0000] {dag.py:3036} INFO - Sync 1 DAGs
[2025-12-24T22:50:10.434+0000] {logging_mixin.py:188} INFO - [2025-12-24T22:50:10.433+0000] {dag.py:3823} INFO - Setting next_dagrun for hello_airflow_postgres_slack to 2025-12-24 00:00:00+00:00, run_after=2025-12-25 00:00:00+00:00
[2025-12-24T22:50:10.459+0000] {processor.py:183} INFO - Processing /opt/airflow/dags/ecom.py took 0.426 seconds
[2025-12-24T22:50:18.019+0000] {processor.py:161} INFO - Started process (PID=49708) to work on /opt/airflow/dags/ecom.py
[2025-12-24T22:50:18.020+0000] {processor.py:830} INFO - Processing file /opt/airflow/dags/ecom.py for tasks to queue
[2025-12-24T22:50:18.022+0000] {logging_mixin.py:188} INFO - [2025-12-24T22:50:18.021+0000] {dagbag.py:538} INFO - Filling up the DagBag from /opt/airflow/dags/ecom.py
[2025-12-24T22:50:18.311+0000] {processor.py:840} INFO - DAG(s) 'hello_airflow_postgres_slack' retrieved from /opt/airflow/dags/ecom.py
[2025-12-24T22:50:18.331+0000] {logging_mixin.py:188} INFO - [2025-12-24T22:50:18.331+0000] {dag.py:3036} INFO - Sync 1 DAGs
[2025-12-24T22:50:18.356+0000] {logging_mixin.py:188} INFO - [2025-12-24T22:50:18.356+0000] {dag.py:3823} INFO - Setting next_dagrun for hello_airflow_postgres_slack to 2025-12-24 00:00:00+00:00, run_after=2025-12-25 00:00:00+00:00
[2025-12-24T22:50:18.381+0000] {processor.py:183} INFO - Processing /opt/airflow/dags/ecom.py took 0.366 seconds
[2025-12-24T22:50:26.516+0000] {processor.py:161} INFO - Started process (PID=49734) to work on /opt/airflow/dags/ecom.py
[2025-12-24T22:50:26.518+0000] {processor.py:830} INFO - Processing file /opt/airflow/dags/ecom.py for tasks to queue
[2025-12-24T22:50:26.520+0000] {logging_mixin.py:188} INFO - [2025-12-24T22:50:26.519+0000] {dagbag.py:538} INFO - Filling up the DagBag from /opt/airflow/dags/ecom.py
[2025-12-24T22:50:27.043+0000] {processor.py:840} INFO - DAG(s) 'hello_airflow_postgres_slack' retrieved from /opt/airflow/dags/ecom.py
[2025-12-24T22:50:27.142+0000] {logging_mixin.py:188} INFO - [2025-12-24T22:50:27.142+0000] {dag.py:3036} INFO - Sync 1 DAGs
[2025-12-24T22:50:27.178+0000] {logging_mixin.py:188} INFO - [2025-12-24T22:50:27.177+0000] {dag.py:3823} INFO - Setting next_dagrun for hello_airflow_postgres_slack to 2025-12-24 00:00:00+00:00, run_after=2025-12-25 00:00:00+00:00
[2025-12-24T22:50:27.204+0000] {processor.py:183} INFO - Processing /opt/airflow/dags/ecom.py took 0.694 seconds
[2025-12-24T22:50:29.846+0000] {processor.py:161} INFO - Started process (PID=49737) to work on /opt/airflow/dags/ecom.py
[2025-12-24T22:50:29.847+0000] {processor.py:830} INFO - Processing file /opt/airflow/dags/ecom.py for tasks to queue
[2025-12-24T22:50:29.848+0000] {logging_mixin.py:188} INFO - [2025-12-24T22:50:29.848+0000] {dagbag.py:538} INFO - Filling up the DagBag from /opt/airflow/dags/ecom.py
[2025-12-24T22:50:30.139+0000] {processor.py:840} INFO - DAG(s) 'hello_airflow_postgres_slack' retrieved from /opt/airflow/dags/ecom.py
[2025-12-24T22:50:30.162+0000] {logging_mixin.py:188} INFO - [2025-12-24T22:50:30.162+0000] {dag.py:3036} INFO - Sync 1 DAGs
[2025-12-24T22:50:30.183+0000] {logging_mixin.py:188} INFO - [2025-12-24T22:50:30.183+0000] {dag.py:3823} INFO - Setting next_dagrun for hello_airflow_postgres_slack to 2025-12-24 00:00:00+00:00, run_after=2025-12-25 00:00:00+00:00
[2025-12-24T22:50:30.209+0000] {processor.py:183} INFO - Processing /opt/airflow/dags/ecom.py took 0.367 seconds
[2025-12-24T22:50:36.244+0000] {processor.py:161} INFO - Started process (PID=49749) to work on /opt/airflow/dags/ecom.py
[2025-12-24T22:50:36.246+0000] {processor.py:830} INFO - Processing file /opt/airflow/dags/ecom.py for tasks to queue
[2025-12-24T22:50:36.247+0000] {logging_mixin.py:188} INFO - [2025-12-24T22:50:36.247+0000] {dagbag.py:538} INFO - Filling up the DagBag from /opt/airflow/dags/ecom.py
[2025-12-24T22:50:36.537+0000] {processor.py:840} INFO - DAG(s) 'hello_airflow_postgres_slack' retrieved from /opt/airflow/dags/ecom.py
[2025-12-24T22:50:36.559+0000] {logging_mixin.py:188} INFO - [2025-12-24T22:50:36.559+0000] {dag.py:3036} INFO - Sync 1 DAGs
[2025-12-24T22:50:36.581+0000] {logging_mixin.py:188} INFO - [2025-12-24T22:50:36.581+0000] {dag.py:3823} INFO - Setting next_dagrun for hello_airflow_postgres_slack to 2025-12-24 00:00:00+00:00, run_after=2025-12-25 00:00:00+00:00
[2025-12-24T22:50:36.606+0000] {processor.py:183} INFO - Processing /opt/airflow/dags/ecom.py took 0.366 seconds
[2025-12-24T22:51:07.370+0000] {processor.py:161} INFO - Started process (PID=49808) to work on /opt/airflow/dags/ecom.py
[2025-12-24T22:51:07.371+0000] {processor.py:830} INFO - Processing file /opt/airflow/dags/ecom.py for tasks to queue
[2025-12-24T22:51:07.373+0000] {logging_mixin.py:188} INFO - [2025-12-24T22:51:07.372+0000] {dagbag.py:538} INFO - Filling up the DagBag from /opt/airflow/dags/ecom.py
[2025-12-24T22:51:07.694+0000] {processor.py:840} INFO - DAG(s) 'hello_airflow_postgres_slack' retrieved from /opt/airflow/dags/ecom.py
[2025-12-24T22:51:07.721+0000] {logging_mixin.py:188} INFO - [2025-12-24T22:51:07.720+0000] {dag.py:3036} INFO - Sync 1 DAGs
[2025-12-24T22:51:07.757+0000] {logging_mixin.py:188} INFO - [2025-12-24T22:51:07.757+0000] {dag.py:3823} INFO - Setting next_dagrun for hello_airflow_postgres_slack to 2025-12-24 00:00:00+00:00, run_after=2025-12-25 00:00:00+00:00
[2025-12-24T22:51:07.813+0000] {processor.py:183} INFO - Processing /opt/airflow/dags/ecom.py took 0.447 seconds
[2025-12-24T22:51:38.706+0000] {processor.py:161} INFO - Started process (PID=49868) to work on /opt/airflow/dags/ecom.py
[2025-12-24T22:51:38.707+0000] {processor.py:830} INFO - Processing file /opt/airflow/dags/ecom.py for tasks to queue
[2025-12-24T22:51:38.709+0000] {logging_mixin.py:188} INFO - [2025-12-24T22:51:38.708+0000] {dagbag.py:538} INFO - Filling up the DagBag from /opt/airflow/dags/ecom.py
[2025-12-24T22:51:39.017+0000] {processor.py:840} INFO - DAG(s) 'hello_airflow_postgres_slack' retrieved from /opt/airflow/dags/ecom.py
[2025-12-24T22:51:39.038+0000] {logging_mixin.py:188} INFO - [2025-12-24T22:51:39.038+0000] {dag.py:3036} INFO - Sync 1 DAGs
[2025-12-24T22:51:39.061+0000] {logging_mixin.py:188} INFO - [2025-12-24T22:51:39.061+0000] {dag.py:3823} INFO - Setting next_dagrun for hello_airflow_postgres_slack to 2025-12-24 00:00:00+00:00, run_after=2025-12-25 00:00:00+00:00
[2025-12-24T22:51:39.085+0000] {processor.py:183} INFO - Processing /opt/airflow/dags/ecom.py took 0.384 seconds
[2025-12-24T22:52:09.140+0000] {processor.py:161} INFO - Started process (PID=49927) to work on /opt/airflow/dags/ecom.py
[2025-12-24T22:52:09.142+0000] {processor.py:830} INFO - Processing file /opt/airflow/dags/ecom.py for tasks to queue
[2025-12-24T22:52:09.143+0000] {logging_mixin.py:188} INFO - [2025-12-24T22:52:09.143+0000] {dagbag.py:538} INFO - Filling up the DagBag from /opt/airflow/dags/ecom.py
[2025-12-24T22:52:09.433+0000] {processor.py:840} INFO - DAG(s) 'hello_airflow_postgres_slack' retrieved from /opt/airflow/dags/ecom.py
[2025-12-24T22:52:09.454+0000] {logging_mixin.py:188} INFO - [2025-12-24T22:52:09.453+0000] {dag.py:3036} INFO - Sync 1 DAGs
[2025-12-24T22:52:09.477+0000] {logging_mixin.py:188} INFO - [2025-12-24T22:52:09.477+0000] {dag.py:3823} INFO - Setting next_dagrun for hello_airflow_postgres_slack to 2025-12-24 00:00:00+00:00, run_after=2025-12-25 00:00:00+00:00
[2025-12-24T22:52:09.500+0000] {processor.py:183} INFO - Processing /opt/airflow/dags/ecom.py took 0.365 seconds
[2025-12-24T22:52:39.842+0000] {processor.py:161} INFO - Started process (PID=49986) to work on /opt/airflow/dags/ecom.py
[2025-12-24T22:52:39.843+0000] {processor.py:830} INFO - Processing file /opt/airflow/dags/ecom.py for tasks to queue
[2025-12-24T22:52:39.845+0000] {logging_mixin.py:188} INFO - [2025-12-24T22:52:39.844+0000] {dagbag.py:538} INFO - Filling up the DagBag from /opt/airflow/dags/ecom.py
[2025-12-24T22:52:40.255+0000] {processor.py:840} INFO - DAG(s) 'hello_airflow_postgres_slack' retrieved from /opt/airflow/dags/ecom.py
[2025-12-24T22:52:40.275+0000] {logging_mixin.py:188} INFO - [2025-12-24T22:52:40.275+0000] {dag.py:3036} INFO - Sync 1 DAGs
[2025-12-24T22:52:40.302+0000] {logging_mixin.py:188} INFO - [2025-12-24T22:52:40.302+0000] {dag.py:3823} INFO - Setting next_dagrun for hello_airflow_postgres_slack to 2025-12-24 00:00:00+00:00, run_after=2025-12-25 00:00:00+00:00
[2025-12-24T22:52:40.332+0000] {processor.py:183} INFO - Processing /opt/airflow/dags/ecom.py took 0.494 seconds
[2025-12-24T22:53:10.907+0000] {processor.py:161} INFO - Started process (PID=50044) to work on /opt/airflow/dags/ecom.py
[2025-12-24T22:53:10.908+0000] {processor.py:830} INFO - Processing file /opt/airflow/dags/ecom.py for tasks to queue
[2025-12-24T22:53:10.909+0000] {logging_mixin.py:188} INFO - [2025-12-24T22:53:10.909+0000] {dagbag.py:538} INFO - Filling up the DagBag from /opt/airflow/dags/ecom.py
[2025-12-24T22:53:11.187+0000] {processor.py:840} INFO - DAG(s) 'hello_airflow_postgres_slack' retrieved from /opt/airflow/dags/ecom.py
[2025-12-24T22:53:11.209+0000] {logging_mixin.py:188} INFO - [2025-12-24T22:53:11.209+0000] {dag.py:3036} INFO - Sync 1 DAGs
[2025-12-24T22:53:11.233+0000] {logging_mixin.py:188} INFO - [2025-12-24T22:53:11.233+0000] {dag.py:3823} INFO - Setting next_dagrun for hello_airflow_postgres_slack to 2025-12-24 00:00:00+00:00, run_after=2025-12-25 00:00:00+00:00
[2025-12-24T22:53:11.258+0000] {processor.py:183} INFO - Processing /opt/airflow/dags/ecom.py took 0.356 seconds
[2025-12-24T22:53:41.372+0000] {processor.py:161} INFO - Started process (PID=50103) to work on /opt/airflow/dags/ecom.py
[2025-12-24T22:53:41.373+0000] {processor.py:830} INFO - Processing file /opt/airflow/dags/ecom.py for tasks to queue
[2025-12-24T22:53:41.377+0000] {logging_mixin.py:188} INFO - [2025-12-24T22:53:41.377+0000] {dagbag.py:538} INFO - Filling up the DagBag from /opt/airflow/dags/ecom.py
[2025-12-24T22:53:41.655+0000] {processor.py:840} INFO - DAG(s) 'hello_airflow_postgres_slack' retrieved from /opt/airflow/dags/ecom.py
[2025-12-24T22:53:41.676+0000] {logging_mixin.py:188} INFO - [2025-12-24T22:53:41.675+0000] {dag.py:3036} INFO - Sync 1 DAGs
[2025-12-24T22:53:41.699+0000] {logging_mixin.py:188} INFO - [2025-12-24T22:53:41.699+0000] {dag.py:3823} INFO - Setting next_dagrun for hello_airflow_postgres_slack to 2025-12-24 00:00:00+00:00, run_after=2025-12-25 00:00:00+00:00
[2025-12-24T22:53:41.734+0000] {processor.py:183} INFO - Processing /opt/airflow/dags/ecom.py took 0.366 seconds
[2025-12-24T22:54:12.340+0000] {processor.py:161} INFO - Started process (PID=50162) to work on /opt/airflow/dags/ecom.py
[2025-12-24T22:54:12.342+0000] {processor.py:830} INFO - Processing file /opt/airflow/dags/ecom.py for tasks to queue
[2025-12-24T22:54:12.343+0000] {logging_mixin.py:188} INFO - [2025-12-24T22:54:12.343+0000] {dagbag.py:538} INFO - Filling up the DagBag from /opt/airflow/dags/ecom.py
[2025-12-24T22:54:12.678+0000] {processor.py:840} INFO - DAG(s) 'hello_airflow_postgres_slack' retrieved from /opt/airflow/dags/ecom.py
[2025-12-24T22:54:12.701+0000] {logging_mixin.py:188} INFO - [2025-12-24T22:54:12.700+0000] {dag.py:3036} INFO - Sync 1 DAGs
[2025-12-24T22:54:12.726+0000] {logging_mixin.py:188} INFO - [2025-12-24T22:54:12.726+0000] {dag.py:3823} INFO - Setting next_dagrun for hello_airflow_postgres_slack to 2025-12-24 00:00:00+00:00, run_after=2025-12-25 00:00:00+00:00
[2025-12-24T22:54:12.752+0000] {processor.py:183} INFO - Processing /opt/airflow/dags/ecom.py took 0.416 seconds
[2025-12-24T22:54:42.886+0000] {processor.py:161} INFO - Started process (PID=50223) to work on /opt/airflow/dags/ecom.py
[2025-12-24T22:54:42.888+0000] {processor.py:830} INFO - Processing file /opt/airflow/dags/ecom.py for tasks to queue
[2025-12-24T22:54:42.889+0000] {logging_mixin.py:188} INFO - [2025-12-24T22:54:42.889+0000] {dagbag.py:538} INFO - Filling up the DagBag from /opt/airflow/dags/ecom.py
[2025-12-24T22:54:43.284+0000] {processor.py:840} INFO - DAG(s) 'hello_airflow_postgres_slack' retrieved from /opt/airflow/dags/ecom.py
[2025-12-24T22:54:43.314+0000] {logging_mixin.py:188} INFO - [2025-12-24T22:54:43.313+0000] {dag.py:3036} INFO - Sync 1 DAGs
[2025-12-24T22:54:43.345+0000] {logging_mixin.py:188} INFO - [2025-12-24T22:54:43.345+0000] {dag.py:3823} INFO - Setting next_dagrun for hello_airflow_postgres_slack to 2025-12-24 00:00:00+00:00, run_after=2025-12-25 00:00:00+00:00
[2025-12-24T22:54:43.403+0000] {processor.py:183} INFO - Processing /opt/airflow/dags/ecom.py took 0.521 seconds
[2025-12-24T22:55:14.283+0000] {processor.py:161} INFO - Started process (PID=50282) to work on /opt/airflow/dags/ecom.py
[2025-12-24T22:55:14.284+0000] {processor.py:830} INFO - Processing file /opt/airflow/dags/ecom.py for tasks to queue
[2025-12-24T22:55:14.286+0000] {logging_mixin.py:188} INFO - [2025-12-24T22:55:14.285+0000] {dagbag.py:538} INFO - Filling up the DagBag from /opt/airflow/dags/ecom.py
[2025-12-24T22:55:14.690+0000] {processor.py:840} INFO - DAG(s) 'hello_airflow_postgres_slack' retrieved from /opt/airflow/dags/ecom.py
[2025-12-24T22:55:14.717+0000] {logging_mixin.py:188} INFO - [2025-12-24T22:55:14.716+0000] {dag.py:3036} INFO - Sync 1 DAGs
[2025-12-24T22:55:14.784+0000] {logging_mixin.py:188} INFO - [2025-12-24T22:55:14.784+0000] {dag.py:3823} INFO - Setting next_dagrun for hello_airflow_postgres_slack to 2025-12-24 00:00:00+00:00, run_after=2025-12-25 00:00:00+00:00
[2025-12-24T22:55:14.833+0000] {processor.py:183} INFO - Processing /opt/airflow/dags/ecom.py took 0.555 seconds
[2025-12-24T22:55:45.010+0000] {processor.py:161} INFO - Started process (PID=50343) to work on /opt/airflow/dags/ecom.py
[2025-12-24T22:55:45.017+0000] {processor.py:830} INFO - Processing file /opt/airflow/dags/ecom.py for tasks to queue
[2025-12-24T22:55:45.019+0000] {logging_mixin.py:188} INFO - [2025-12-24T22:55:45.018+0000] {dagbag.py:538} INFO - Filling up the DagBag from /opt/airflow/dags/ecom.py
[2025-12-24T22:55:45.346+0000] {processor.py:840} INFO - DAG(s) 'hello_airflow_postgres_slack' retrieved from /opt/airflow/dags/ecom.py
[2025-12-24T22:55:45.371+0000] {logging_mixin.py:188} INFO - [2025-12-24T22:55:45.371+0000] {dag.py:3036} INFO - Sync 1 DAGs
[2025-12-24T22:55:45.414+0000] {logging_mixin.py:188} INFO - [2025-12-24T22:55:45.414+0000] {dag.py:3823} INFO - Setting next_dagrun for hello_airflow_postgres_slack to 2025-12-24 00:00:00+00:00, run_after=2025-12-25 00:00:00+00:00
[2025-12-24T22:55:45.449+0000] {processor.py:183} INFO - Processing /opt/airflow/dags/ecom.py took 0.446 seconds
[2025-12-24T22:56:16.072+0000] {processor.py:161} INFO - Started process (PID=50402) to work on /opt/airflow/dags/ecom.py
[2025-12-24T22:56:16.074+0000] {processor.py:830} INFO - Processing file /opt/airflow/dags/ecom.py for tasks to queue
[2025-12-24T22:56:16.075+0000] {logging_mixin.py:188} INFO - [2025-12-24T22:56:16.075+0000] {dagbag.py:538} INFO - Filling up the DagBag from /opt/airflow/dags/ecom.py
[2025-12-24T22:56:16.351+0000] {processor.py:840} INFO - DAG(s) 'hello_airflow_postgres_slack' retrieved from /opt/airflow/dags/ecom.py
[2025-12-24T22:56:16.376+0000] {logging_mixin.py:188} INFO - [2025-12-24T22:56:16.376+0000] {dag.py:3036} INFO - Sync 1 DAGs
[2025-12-24T22:56:16.426+0000] {logging_mixin.py:188} INFO - [2025-12-24T22:56:16.425+0000] {dag.py:3823} INFO - Setting next_dagrun for hello_airflow_postgres_slack to 2025-12-24 00:00:00+00:00, run_after=2025-12-25 00:00:00+00:00
[2025-12-24T22:56:16.495+0000] {processor.py:183} INFO - Processing /opt/airflow/dags/ecom.py took 0.427 seconds
[2025-12-24T22:56:47.313+0000] {processor.py:161} INFO - Started process (PID=50463) to work on /opt/airflow/dags/ecom.py
[2025-12-24T22:56:47.314+0000] {processor.py:830} INFO - Processing file /opt/airflow/dags/ecom.py for tasks to queue
[2025-12-24T22:56:47.316+0000] {logging_mixin.py:188} INFO - [2025-12-24T22:56:47.315+0000] {dagbag.py:538} INFO - Filling up the DagBag from /opt/airflow/dags/ecom.py
[2025-12-24T22:56:47.679+0000] {processor.py:840} INFO - DAG(s) 'hello_airflow_postgres_slack' retrieved from /opt/airflow/dags/ecom.py
[2025-12-24T22:56:47.702+0000] {logging_mixin.py:188} INFO - [2025-12-24T22:56:47.702+0000] {dag.py:3036} INFO - Sync 1 DAGs
[2025-12-24T22:56:47.732+0000] {logging_mixin.py:188} INFO - [2025-12-24T22:56:47.732+0000] {dag.py:3823} INFO - Setting next_dagrun for hello_airflow_postgres_slack to 2025-12-24 00:00:00+00:00, run_after=2025-12-25 00:00:00+00:00
[2025-12-24T22:56:47.757+0000] {processor.py:183} INFO - Processing /opt/airflow/dags/ecom.py took 0.451 seconds
[2025-12-24T22:57:18.067+0000] {processor.py:161} INFO - Started process (PID=50522) to work on /opt/airflow/dags/ecom.py
[2025-12-24T22:57:18.069+0000] {processor.py:830} INFO - Processing file /opt/airflow/dags/ecom.py for tasks to queue
[2025-12-24T22:57:18.070+0000] {logging_mixin.py:188} INFO - [2025-12-24T22:57:18.070+0000] {dagbag.py:538} INFO - Filling up the DagBag from /opt/airflow/dags/ecom.py
[2025-12-24T22:57:18.501+0000] {processor.py:840} INFO - DAG(s) 'hello_airflow_postgres_slack' retrieved from /opt/airflow/dags/ecom.py
[2025-12-24T22:57:18.529+0000] {logging_mixin.py:188} INFO - [2025-12-24T22:57:18.528+0000] {dag.py:3036} INFO - Sync 1 DAGs
[2025-12-24T22:57:18.562+0000] {logging_mixin.py:188} INFO - [2025-12-24T22:57:18.562+0000] {dag.py:3823} INFO - Setting next_dagrun for hello_airflow_postgres_slack to 2025-12-24 00:00:00+00:00, run_after=2025-12-25 00:00:00+00:00
[2025-12-24T22:57:18.588+0000] {processor.py:183} INFO - Processing /opt/airflow/dags/ecom.py took 0.526 seconds
[2025-12-24T22:57:48.692+0000] {processor.py:161} INFO - Started process (PID=50580) to work on /opt/airflow/dags/ecom.py
[2025-12-24T22:57:48.701+0000] {processor.py:830} INFO - Processing file /opt/airflow/dags/ecom.py for tasks to queue
[2025-12-24T22:57:48.703+0000] {logging_mixin.py:188} INFO - [2025-12-24T22:57:48.702+0000] {dagbag.py:538} INFO - Filling up the DagBag from /opt/airflow/dags/ecom.py
[2025-12-24T22:57:49.227+0000] {processor.py:840} INFO - DAG(s) 'hello_airflow_postgres_slack' retrieved from /opt/airflow/dags/ecom.py
[2025-12-24T22:57:49.252+0000] {logging_mixin.py:188} INFO - [2025-12-24T22:57:49.252+0000] {dag.py:3036} INFO - Sync 1 DAGs
[2025-12-24T22:57:49.282+0000] {logging_mixin.py:188} INFO - [2025-12-24T22:57:49.282+0000] {dag.py:3823} INFO - Setting next_dagrun for hello_airflow_postgres_slack to 2025-12-24 00:00:00+00:00, run_after=2025-12-25 00:00:00+00:00
[2025-12-24T22:57:49.309+0000] {processor.py:183} INFO - Processing /opt/airflow/dags/ecom.py took 0.623 seconds
[2025-12-24T22:58:19.361+0000] {processor.py:161} INFO - Started process (PID=50639) to work on /opt/airflow/dags/ecom.py
[2025-12-24T22:58:19.362+0000] {processor.py:830} INFO - Processing file /opt/airflow/dags/ecom.py for tasks to queue
[2025-12-24T22:58:19.364+0000] {logging_mixin.py:188} INFO - [2025-12-24T22:58:19.363+0000] {dagbag.py:538} INFO - Filling up the DagBag from /opt/airflow/dags/ecom.py
[2025-12-24T22:58:19.723+0000] {processor.py:840} INFO - DAG(s) 'hello_airflow_postgres_slack' retrieved from /opt/airflow/dags/ecom.py
[2025-12-24T22:58:19.746+0000] {logging_mixin.py:188} INFO - [2025-12-24T22:58:19.746+0000] {dag.py:3036} INFO - Sync 1 DAGs
[2025-12-24T22:58:19.774+0000] {logging_mixin.py:188} INFO - [2025-12-24T22:58:19.774+0000] {dag.py:3823} INFO - Setting next_dagrun for hello_airflow_postgres_slack to 2025-12-24 00:00:00+00:00, run_after=2025-12-25 00:00:00+00:00
[2025-12-24T22:58:19.797+0000] {processor.py:183} INFO - Processing /opt/airflow/dags/ecom.py took 0.442 seconds
[2025-12-24T22:58:50.697+0000] {processor.py:161} INFO - Started process (PID=50705) to work on /opt/airflow/dags/ecom.py
[2025-12-24T22:58:50.699+0000] {processor.py:830} INFO - Processing file /opt/airflow/dags/ecom.py for tasks to queue
[2025-12-24T22:58:50.701+0000] {logging_mixin.py:188} INFO - [2025-12-24T22:58:50.700+0000] {dagbag.py:538} INFO - Filling up the DagBag from /opt/airflow/dags/ecom.py
[2025-12-24T22:58:51.259+0000] {processor.py:840} INFO - DAG(s) 'hello_airflow_postgres_slack' retrieved from /opt/airflow/dags/ecom.py
[2025-12-24T22:58:51.295+0000] {logging_mixin.py:188} INFO - [2025-12-24T22:58:51.294+0000] {dag.py:3036} INFO - Sync 1 DAGs
[2025-12-24T22:58:51.341+0000] {logging_mixin.py:188} INFO - [2025-12-24T22:58:51.340+0000] {dag.py:3823} INFO - Setting next_dagrun for hello_airflow_postgres_slack to 2025-12-24 00:00:00+00:00, run_after=2025-12-25 00:00:00+00:00
[2025-12-24T22:58:51.394+0000] {processor.py:183} INFO - Processing /opt/airflow/dags/ecom.py took 0.702 seconds
