[2025-12-24T15:33:54.000+0000] {processor.py:161} INFO - Started process (PID=108) to work on /home/airflow/.local/lib/python3.8/site-packages/airflow/example_dags/subdags/subdag.py
[2025-12-24T15:33:54.002+0000] {processor.py:830} INFO - Processing file /home/airflow/.local/lib/python3.8/site-packages/airflow/example_dags/subdags/subdag.py for tasks to queue
[2025-12-24T15:33:54.005+0000] {logging_mixin.py:188} INFO - [2025-12-24T15:33:54.004+0000] {dagbag.py:538} INFO - Filling up the DagBag from /home/airflow/.local/lib/python3.8/site-packages/airflow/example_dags/subdags/subdag.py
[2025-12-24T15:33:54.009+0000] {processor.py:842} WARNING - No viable dags retrieved from /home/airflow/.local/lib/python3.8/site-packages/airflow/example_dags/subdags/subdag.py
[2025-12-24T15:33:54.029+0000] {processor.py:183} INFO - Processing /home/airflow/.local/lib/python3.8/site-packages/airflow/example_dags/subdags/subdag.py took 0.033 seconds
[2025-12-24T15:34:24.729+0000] {processor.py:161} INFO - Started process (PID=162) to work on /home/airflow/.local/lib/python3.8/site-packages/airflow/example_dags/subdags/subdag.py
[2025-12-24T15:34:24.730+0000] {processor.py:830} INFO - Processing file /home/airflow/.local/lib/python3.8/site-packages/airflow/example_dags/subdags/subdag.py for tasks to queue
[2025-12-24T15:34:24.732+0000] {logging_mixin.py:188} INFO - [2025-12-24T15:34:24.732+0000] {dagbag.py:538} INFO - Filling up the DagBag from /home/airflow/.local/lib/python3.8/site-packages/airflow/example_dags/subdags/subdag.py
[2025-12-24T15:34:24.735+0000] {processor.py:842} WARNING - No viable dags retrieved from /home/airflow/.local/lib/python3.8/site-packages/airflow/example_dags/subdags/subdag.py
[2025-12-24T15:34:24.749+0000] {processor.py:183} INFO - Processing /home/airflow/.local/lib/python3.8/site-packages/airflow/example_dags/subdags/subdag.py took 0.023 seconds
[2025-12-24T15:34:54.898+0000] {processor.py:161} INFO - Started process (PID=219) to work on /home/airflow/.local/lib/python3.8/site-packages/airflow/example_dags/subdags/subdag.py
[2025-12-24T15:34:54.899+0000] {processor.py:830} INFO - Processing file /home/airflow/.local/lib/python3.8/site-packages/airflow/example_dags/subdags/subdag.py for tasks to queue
[2025-12-24T15:34:54.902+0000] {logging_mixin.py:188} INFO - [2025-12-24T15:34:54.902+0000] {dagbag.py:538} INFO - Filling up the DagBag from /home/airflow/.local/lib/python3.8/site-packages/airflow/example_dags/subdags/subdag.py
[2025-12-24T15:34:54.905+0000] {processor.py:842} WARNING - No viable dags retrieved from /home/airflow/.local/lib/python3.8/site-packages/airflow/example_dags/subdags/subdag.py
[2025-12-24T15:34:54.922+0000] {processor.py:183} INFO - Processing /home/airflow/.local/lib/python3.8/site-packages/airflow/example_dags/subdags/subdag.py took 0.029 seconds
[2025-12-24T15:35:25.705+0000] {processor.py:161} INFO - Started process (PID=275) to work on /home/airflow/.local/lib/python3.8/site-packages/airflow/example_dags/subdags/subdag.py
[2025-12-24T15:35:25.707+0000] {processor.py:830} INFO - Processing file /home/airflow/.local/lib/python3.8/site-packages/airflow/example_dags/subdags/subdag.py for tasks to queue
[2025-12-24T15:35:25.709+0000] {logging_mixin.py:188} INFO - [2025-12-24T15:35:25.709+0000] {dagbag.py:538} INFO - Filling up the DagBag from /home/airflow/.local/lib/python3.8/site-packages/airflow/example_dags/subdags/subdag.py
[2025-12-24T15:35:25.712+0000] {processor.py:842} WARNING - No viable dags retrieved from /home/airflow/.local/lib/python3.8/site-packages/airflow/example_dags/subdags/subdag.py
[2025-12-24T15:35:25.731+0000] {processor.py:183} INFO - Processing /home/airflow/.local/lib/python3.8/site-packages/airflow/example_dags/subdags/subdag.py took 0.030 seconds
[2025-12-24T15:35:56.251+0000] {processor.py:161} INFO - Started process (PID=331) to work on /home/airflow/.local/lib/python3.8/site-packages/airflow/example_dags/subdags/subdag.py
[2025-12-24T15:35:56.252+0000] {processor.py:830} INFO - Processing file /home/airflow/.local/lib/python3.8/site-packages/airflow/example_dags/subdags/subdag.py for tasks to queue
[2025-12-24T15:35:56.254+0000] {logging_mixin.py:188} INFO - [2025-12-24T15:35:56.254+0000] {dagbag.py:538} INFO - Filling up the DagBag from /home/airflow/.local/lib/python3.8/site-packages/airflow/example_dags/subdags/subdag.py
[2025-12-24T15:35:56.256+0000] {processor.py:842} WARNING - No viable dags retrieved from /home/airflow/.local/lib/python3.8/site-packages/airflow/example_dags/subdags/subdag.py
[2025-12-24T15:35:56.270+0000] {processor.py:183} INFO - Processing /home/airflow/.local/lib/python3.8/site-packages/airflow/example_dags/subdags/subdag.py took 0.022 seconds
[2025-12-24T15:36:27.226+0000] {processor.py:161} INFO - Started process (PID=387) to work on /home/airflow/.local/lib/python3.8/site-packages/airflow/example_dags/subdags/subdag.py
[2025-12-24T15:36:27.227+0000] {processor.py:830} INFO - Processing file /home/airflow/.local/lib/python3.8/site-packages/airflow/example_dags/subdags/subdag.py for tasks to queue
[2025-12-24T15:36:27.229+0000] {logging_mixin.py:188} INFO - [2025-12-24T15:36:27.229+0000] {dagbag.py:538} INFO - Filling up the DagBag from /home/airflow/.local/lib/python3.8/site-packages/airflow/example_dags/subdags/subdag.py
[2025-12-24T15:36:27.232+0000] {processor.py:842} WARNING - No viable dags retrieved from /home/airflow/.local/lib/python3.8/site-packages/airflow/example_dags/subdags/subdag.py
[2025-12-24T15:36:27.245+0000] {processor.py:183} INFO - Processing /home/airflow/.local/lib/python3.8/site-packages/airflow/example_dags/subdags/subdag.py took 0.023 seconds
[2025-12-24T15:36:58.181+0000] {processor.py:161} INFO - Started process (PID=443) to work on /home/airflow/.local/lib/python3.8/site-packages/airflow/example_dags/subdags/subdag.py
[2025-12-24T15:36:58.183+0000] {processor.py:830} INFO - Processing file /home/airflow/.local/lib/python3.8/site-packages/airflow/example_dags/subdags/subdag.py for tasks to queue
[2025-12-24T15:36:58.185+0000] {logging_mixin.py:188} INFO - [2025-12-24T15:36:58.185+0000] {dagbag.py:538} INFO - Filling up the DagBag from /home/airflow/.local/lib/python3.8/site-packages/airflow/example_dags/subdags/subdag.py
[2025-12-24T15:36:58.198+0000] {processor.py:842} WARNING - No viable dags retrieved from /home/airflow/.local/lib/python3.8/site-packages/airflow/example_dags/subdags/subdag.py
[2025-12-24T15:36:58.221+0000] {processor.py:183} INFO - Processing /home/airflow/.local/lib/python3.8/site-packages/airflow/example_dags/subdags/subdag.py took 0.044 seconds
[2025-12-24T15:37:28.775+0000] {processor.py:161} INFO - Started process (PID=499) to work on /home/airflow/.local/lib/python3.8/site-packages/airflow/example_dags/subdags/subdag.py
[2025-12-24T15:37:28.776+0000] {processor.py:830} INFO - Processing file /home/airflow/.local/lib/python3.8/site-packages/airflow/example_dags/subdags/subdag.py for tasks to queue
[2025-12-24T15:37:28.778+0000] {logging_mixin.py:188} INFO - [2025-12-24T15:37:28.778+0000] {dagbag.py:538} INFO - Filling up the DagBag from /home/airflow/.local/lib/python3.8/site-packages/airflow/example_dags/subdags/subdag.py
[2025-12-24T15:37:28.781+0000] {processor.py:842} WARNING - No viable dags retrieved from /home/airflow/.local/lib/python3.8/site-packages/airflow/example_dags/subdags/subdag.py
[2025-12-24T15:37:28.796+0000] {processor.py:183} INFO - Processing /home/airflow/.local/lib/python3.8/site-packages/airflow/example_dags/subdags/subdag.py took 0.025 seconds
[2025-12-24T15:37:58.945+0000] {processor.py:161} INFO - Started process (PID=555) to work on /home/airflow/.local/lib/python3.8/site-packages/airflow/example_dags/subdags/subdag.py
[2025-12-24T15:37:58.947+0000] {processor.py:830} INFO - Processing file /home/airflow/.local/lib/python3.8/site-packages/airflow/example_dags/subdags/subdag.py for tasks to queue
[2025-12-24T15:37:58.949+0000] {logging_mixin.py:188} INFO - [2025-12-24T15:37:58.949+0000] {dagbag.py:538} INFO - Filling up the DagBag from /home/airflow/.local/lib/python3.8/site-packages/airflow/example_dags/subdags/subdag.py
[2025-12-24T15:37:58.952+0000] {processor.py:842} WARNING - No viable dags retrieved from /home/airflow/.local/lib/python3.8/site-packages/airflow/example_dags/subdags/subdag.py
[2025-12-24T15:37:58.967+0000] {processor.py:183} INFO - Processing /home/airflow/.local/lib/python3.8/site-packages/airflow/example_dags/subdags/subdag.py took 0.026 seconds
[2025-12-24T15:38:29.345+0000] {processor.py:161} INFO - Started process (PID=611) to work on /home/airflow/.local/lib/python3.8/site-packages/airflow/example_dags/subdags/subdag.py
[2025-12-24T15:38:29.346+0000] {processor.py:830} INFO - Processing file /home/airflow/.local/lib/python3.8/site-packages/airflow/example_dags/subdags/subdag.py for tasks to queue
[2025-12-24T15:38:29.348+0000] {logging_mixin.py:188} INFO - [2025-12-24T15:38:29.348+0000] {dagbag.py:538} INFO - Filling up the DagBag from /home/airflow/.local/lib/python3.8/site-packages/airflow/example_dags/subdags/subdag.py
[2025-12-24T15:38:29.351+0000] {processor.py:842} WARNING - No viable dags retrieved from /home/airflow/.local/lib/python3.8/site-packages/airflow/example_dags/subdags/subdag.py
[2025-12-24T15:38:29.367+0000] {processor.py:183} INFO - Processing /home/airflow/.local/lib/python3.8/site-packages/airflow/example_dags/subdags/subdag.py took 0.026 seconds
[2025-12-24T15:38:59.434+0000] {processor.py:161} INFO - Started process (PID=667) to work on /home/airflow/.local/lib/python3.8/site-packages/airflow/example_dags/subdags/subdag.py
[2025-12-24T15:38:59.435+0000] {processor.py:830} INFO - Processing file /home/airflow/.local/lib/python3.8/site-packages/airflow/example_dags/subdags/subdag.py for tasks to queue
[2025-12-24T15:38:59.437+0000] {logging_mixin.py:188} INFO - [2025-12-24T15:38:59.437+0000] {dagbag.py:538} INFO - Filling up the DagBag from /home/airflow/.local/lib/python3.8/site-packages/airflow/example_dags/subdags/subdag.py
[2025-12-24T15:38:59.440+0000] {processor.py:842} WARNING - No viable dags retrieved from /home/airflow/.local/lib/python3.8/site-packages/airflow/example_dags/subdags/subdag.py
[2025-12-24T15:38:59.454+0000] {processor.py:183} INFO - Processing /home/airflow/.local/lib/python3.8/site-packages/airflow/example_dags/subdags/subdag.py took 0.024 seconds
[2025-12-24T15:39:29.852+0000] {processor.py:161} INFO - Started process (PID=723) to work on /home/airflow/.local/lib/python3.8/site-packages/airflow/example_dags/subdags/subdag.py
[2025-12-24T15:39:29.853+0000] {processor.py:830} INFO - Processing file /home/airflow/.local/lib/python3.8/site-packages/airflow/example_dags/subdags/subdag.py for tasks to queue
[2025-12-24T15:39:29.855+0000] {logging_mixin.py:188} INFO - [2025-12-24T15:39:29.855+0000] {dagbag.py:538} INFO - Filling up the DagBag from /home/airflow/.local/lib/python3.8/site-packages/airflow/example_dags/subdags/subdag.py
[2025-12-24T15:39:29.858+0000] {processor.py:842} WARNING - No viable dags retrieved from /home/airflow/.local/lib/python3.8/site-packages/airflow/example_dags/subdags/subdag.py
[2025-12-24T15:39:29.872+0000] {processor.py:183} INFO - Processing /home/airflow/.local/lib/python3.8/site-packages/airflow/example_dags/subdags/subdag.py took 0.024 seconds
[2025-12-24T15:40:00.252+0000] {processor.py:161} INFO - Started process (PID=779) to work on /home/airflow/.local/lib/python3.8/site-packages/airflow/example_dags/subdags/subdag.py
[2025-12-24T15:40:00.253+0000] {processor.py:830} INFO - Processing file /home/airflow/.local/lib/python3.8/site-packages/airflow/example_dags/subdags/subdag.py for tasks to queue
[2025-12-24T15:40:00.255+0000] {logging_mixin.py:188} INFO - [2025-12-24T15:40:00.255+0000] {dagbag.py:538} INFO - Filling up the DagBag from /home/airflow/.local/lib/python3.8/site-packages/airflow/example_dags/subdags/subdag.py
[2025-12-24T15:40:00.258+0000] {processor.py:842} WARNING - No viable dags retrieved from /home/airflow/.local/lib/python3.8/site-packages/airflow/example_dags/subdags/subdag.py
[2025-12-24T15:40:00.272+0000] {processor.py:183} INFO - Processing /home/airflow/.local/lib/python3.8/site-packages/airflow/example_dags/subdags/subdag.py took 0.024 seconds
[2025-12-24T15:40:30.507+0000] {processor.py:161} INFO - Started process (PID=835) to work on /home/airflow/.local/lib/python3.8/site-packages/airflow/example_dags/subdags/subdag.py
[2025-12-24T15:40:30.508+0000] {processor.py:830} INFO - Processing file /home/airflow/.local/lib/python3.8/site-packages/airflow/example_dags/subdags/subdag.py for tasks to queue
[2025-12-24T15:40:30.510+0000] {logging_mixin.py:188} INFO - [2025-12-24T15:40:30.510+0000] {dagbag.py:538} INFO - Filling up the DagBag from /home/airflow/.local/lib/python3.8/site-packages/airflow/example_dags/subdags/subdag.py
[2025-12-24T15:40:30.513+0000] {processor.py:842} WARNING - No viable dags retrieved from /home/airflow/.local/lib/python3.8/site-packages/airflow/example_dags/subdags/subdag.py
[2025-12-24T15:40:30.526+0000] {processor.py:183} INFO - Processing /home/airflow/.local/lib/python3.8/site-packages/airflow/example_dags/subdags/subdag.py took 0.022 seconds
[2025-12-24T15:41:00.800+0000] {processor.py:161} INFO - Started process (PID=892) to work on /home/airflow/.local/lib/python3.8/site-packages/airflow/example_dags/subdags/subdag.py
[2025-12-24T15:41:00.801+0000] {processor.py:830} INFO - Processing file /home/airflow/.local/lib/python3.8/site-packages/airflow/example_dags/subdags/subdag.py for tasks to queue
[2025-12-24T15:41:00.803+0000] {logging_mixin.py:188} INFO - [2025-12-24T15:41:00.803+0000] {dagbag.py:538} INFO - Filling up the DagBag from /home/airflow/.local/lib/python3.8/site-packages/airflow/example_dags/subdags/subdag.py
[2025-12-24T15:41:00.805+0000] {processor.py:842} WARNING - No viable dags retrieved from /home/airflow/.local/lib/python3.8/site-packages/airflow/example_dags/subdags/subdag.py
[2025-12-24T15:41:00.819+0000] {processor.py:183} INFO - Processing /home/airflow/.local/lib/python3.8/site-packages/airflow/example_dags/subdags/subdag.py took 0.023 seconds
[2025-12-24T15:41:31.013+0000] {processor.py:161} INFO - Started process (PID=948) to work on /home/airflow/.local/lib/python3.8/site-packages/airflow/example_dags/subdags/subdag.py
[2025-12-24T15:41:31.015+0000] {processor.py:830} INFO - Processing file /home/airflow/.local/lib/python3.8/site-packages/airflow/example_dags/subdags/subdag.py for tasks to queue
[2025-12-24T15:41:31.018+0000] {logging_mixin.py:188} INFO - [2025-12-24T15:41:31.017+0000] {dagbag.py:538} INFO - Filling up the DagBag from /home/airflow/.local/lib/python3.8/site-packages/airflow/example_dags/subdags/subdag.py
[2025-12-24T15:41:31.021+0000] {processor.py:842} WARNING - No viable dags retrieved from /home/airflow/.local/lib/python3.8/site-packages/airflow/example_dags/subdags/subdag.py
[2025-12-24T15:41:31.038+0000] {processor.py:183} INFO - Processing /home/airflow/.local/lib/python3.8/site-packages/airflow/example_dags/subdags/subdag.py took 0.028 seconds
[2025-12-24T15:42:01.207+0000] {processor.py:161} INFO - Started process (PID=1004) to work on /home/airflow/.local/lib/python3.8/site-packages/airflow/example_dags/subdags/subdag.py
[2025-12-24T15:42:01.208+0000] {processor.py:830} INFO - Processing file /home/airflow/.local/lib/python3.8/site-packages/airflow/example_dags/subdags/subdag.py for tasks to queue
[2025-12-24T15:42:01.211+0000] {logging_mixin.py:188} INFO - [2025-12-24T15:42:01.210+0000] {dagbag.py:538} INFO - Filling up the DagBag from /home/airflow/.local/lib/python3.8/site-packages/airflow/example_dags/subdags/subdag.py
[2025-12-24T15:42:01.213+0000] {processor.py:842} WARNING - No viable dags retrieved from /home/airflow/.local/lib/python3.8/site-packages/airflow/example_dags/subdags/subdag.py
[2025-12-24T15:42:01.230+0000] {processor.py:183} INFO - Processing /home/airflow/.local/lib/python3.8/site-packages/airflow/example_dags/subdags/subdag.py took 0.027 seconds
[2025-12-24T15:42:31.369+0000] {processor.py:161} INFO - Started process (PID=1060) to work on /home/airflow/.local/lib/python3.8/site-packages/airflow/example_dags/subdags/subdag.py
[2025-12-24T15:42:31.370+0000] {processor.py:830} INFO - Processing file /home/airflow/.local/lib/python3.8/site-packages/airflow/example_dags/subdags/subdag.py for tasks to queue
[2025-12-24T15:42:31.373+0000] {logging_mixin.py:188} INFO - [2025-12-24T15:42:31.373+0000] {dagbag.py:538} INFO - Filling up the DagBag from /home/airflow/.local/lib/python3.8/site-packages/airflow/example_dags/subdags/subdag.py
[2025-12-24T15:42:31.377+0000] {processor.py:842} WARNING - No viable dags retrieved from /home/airflow/.local/lib/python3.8/site-packages/airflow/example_dags/subdags/subdag.py
[2025-12-24T15:42:31.396+0000] {processor.py:183} INFO - Processing /home/airflow/.local/lib/python3.8/site-packages/airflow/example_dags/subdags/subdag.py took 0.033 seconds
[2025-12-24T15:43:01.870+0000] {processor.py:161} INFO - Started process (PID=1116) to work on /home/airflow/.local/lib/python3.8/site-packages/airflow/example_dags/subdags/subdag.py
[2025-12-24T15:43:01.872+0000] {processor.py:830} INFO - Processing file /home/airflow/.local/lib/python3.8/site-packages/airflow/example_dags/subdags/subdag.py for tasks to queue
[2025-12-24T15:43:01.874+0000] {logging_mixin.py:188} INFO - [2025-12-24T15:43:01.874+0000] {dagbag.py:538} INFO - Filling up the DagBag from /home/airflow/.local/lib/python3.8/site-packages/airflow/example_dags/subdags/subdag.py
[2025-12-24T15:43:01.877+0000] {processor.py:842} WARNING - No viable dags retrieved from /home/airflow/.local/lib/python3.8/site-packages/airflow/example_dags/subdags/subdag.py
[2025-12-24T15:43:01.894+0000] {processor.py:183} INFO - Processing /home/airflow/.local/lib/python3.8/site-packages/airflow/example_dags/subdags/subdag.py took 0.028 seconds
[2025-12-24T15:43:32.248+0000] {processor.py:161} INFO - Started process (PID=1172) to work on /home/airflow/.local/lib/python3.8/site-packages/airflow/example_dags/subdags/subdag.py
[2025-12-24T15:43:32.249+0000] {processor.py:830} INFO - Processing file /home/airflow/.local/lib/python3.8/site-packages/airflow/example_dags/subdags/subdag.py for tasks to queue
[2025-12-24T15:43:32.252+0000] {logging_mixin.py:188} INFO - [2025-12-24T15:43:32.252+0000] {dagbag.py:538} INFO - Filling up the DagBag from /home/airflow/.local/lib/python3.8/site-packages/airflow/example_dags/subdags/subdag.py
[2025-12-24T15:43:32.255+0000] {processor.py:842} WARNING - No viable dags retrieved from /home/airflow/.local/lib/python3.8/site-packages/airflow/example_dags/subdags/subdag.py
[2025-12-24T15:43:32.270+0000] {processor.py:183} INFO - Processing /home/airflow/.local/lib/python3.8/site-packages/airflow/example_dags/subdags/subdag.py took 0.026 seconds
[2025-12-24T15:44:03.555+0000] {processor.py:161} INFO - Started process (PID=1228) to work on /home/airflow/.local/lib/python3.8/site-packages/airflow/example_dags/subdags/subdag.py
[2025-12-24T15:44:03.557+0000] {processor.py:830} INFO - Processing file /home/airflow/.local/lib/python3.8/site-packages/airflow/example_dags/subdags/subdag.py for tasks to queue
[2025-12-24T15:44:03.559+0000] {logging_mixin.py:188} INFO - [2025-12-24T15:44:03.558+0000] {dagbag.py:538} INFO - Filling up the DagBag from /home/airflow/.local/lib/python3.8/site-packages/airflow/example_dags/subdags/subdag.py
[2025-12-24T15:44:03.563+0000] {processor.py:842} WARNING - No viable dags retrieved from /home/airflow/.local/lib/python3.8/site-packages/airflow/example_dags/subdags/subdag.py
[2025-12-24T15:44:03.580+0000] {processor.py:183} INFO - Processing /home/airflow/.local/lib/python3.8/site-packages/airflow/example_dags/subdags/subdag.py took 0.028 seconds
[2025-12-24T15:44:33.824+0000] {processor.py:161} INFO - Started process (PID=1284) to work on /home/airflow/.local/lib/python3.8/site-packages/airflow/example_dags/subdags/subdag.py
[2025-12-24T15:44:33.825+0000] {processor.py:830} INFO - Processing file /home/airflow/.local/lib/python3.8/site-packages/airflow/example_dags/subdags/subdag.py for tasks to queue
[2025-12-24T15:44:33.827+0000] {logging_mixin.py:188} INFO - [2025-12-24T15:44:33.827+0000] {dagbag.py:538} INFO - Filling up the DagBag from /home/airflow/.local/lib/python3.8/site-packages/airflow/example_dags/subdags/subdag.py
[2025-12-24T15:44:33.830+0000] {processor.py:842} WARNING - No viable dags retrieved from /home/airflow/.local/lib/python3.8/site-packages/airflow/example_dags/subdags/subdag.py
[2025-12-24T15:44:33.849+0000] {processor.py:183} INFO - Processing /home/airflow/.local/lib/python3.8/site-packages/airflow/example_dags/subdags/subdag.py took 0.030 seconds
[2025-12-24T15:45:04.784+0000] {processor.py:161} INFO - Started process (PID=1340) to work on /home/airflow/.local/lib/python3.8/site-packages/airflow/example_dags/subdags/subdag.py
[2025-12-24T15:45:04.785+0000] {processor.py:830} INFO - Processing file /home/airflow/.local/lib/python3.8/site-packages/airflow/example_dags/subdags/subdag.py for tasks to queue
[2025-12-24T15:45:04.788+0000] {logging_mixin.py:188} INFO - [2025-12-24T15:45:04.787+0000] {dagbag.py:538} INFO - Filling up the DagBag from /home/airflow/.local/lib/python3.8/site-packages/airflow/example_dags/subdags/subdag.py
[2025-12-24T15:45:04.790+0000] {processor.py:842} WARNING - No viable dags retrieved from /home/airflow/.local/lib/python3.8/site-packages/airflow/example_dags/subdags/subdag.py
[2025-12-24T15:45:04.804+0000] {processor.py:183} INFO - Processing /home/airflow/.local/lib/python3.8/site-packages/airflow/example_dags/subdags/subdag.py took 0.024 seconds
[2025-12-24T15:45:35.359+0000] {processor.py:161} INFO - Started process (PID=1396) to work on /home/airflow/.local/lib/python3.8/site-packages/airflow/example_dags/subdags/subdag.py
[2025-12-24T15:45:35.360+0000] {processor.py:830} INFO - Processing file /home/airflow/.local/lib/python3.8/site-packages/airflow/example_dags/subdags/subdag.py for tasks to queue
[2025-12-24T15:45:35.363+0000] {logging_mixin.py:188} INFO - [2025-12-24T15:45:35.362+0000] {dagbag.py:538} INFO - Filling up the DagBag from /home/airflow/.local/lib/python3.8/site-packages/airflow/example_dags/subdags/subdag.py
[2025-12-24T15:45:35.366+0000] {processor.py:842} WARNING - No viable dags retrieved from /home/airflow/.local/lib/python3.8/site-packages/airflow/example_dags/subdags/subdag.py
[2025-12-24T15:45:35.384+0000] {processor.py:183} INFO - Processing /home/airflow/.local/lib/python3.8/site-packages/airflow/example_dags/subdags/subdag.py took 0.030 seconds
[2025-12-24T15:46:05.887+0000] {processor.py:161} INFO - Started process (PID=1453) to work on /home/airflow/.local/lib/python3.8/site-packages/airflow/example_dags/subdags/subdag.py
[2025-12-24T15:46:05.890+0000] {processor.py:830} INFO - Processing file /home/airflow/.local/lib/python3.8/site-packages/airflow/example_dags/subdags/subdag.py for tasks to queue
[2025-12-24T15:46:05.893+0000] {logging_mixin.py:188} INFO - [2025-12-24T15:46:05.893+0000] {dagbag.py:538} INFO - Filling up the DagBag from /home/airflow/.local/lib/python3.8/site-packages/airflow/example_dags/subdags/subdag.py
[2025-12-24T15:46:05.896+0000] {processor.py:842} WARNING - No viable dags retrieved from /home/airflow/.local/lib/python3.8/site-packages/airflow/example_dags/subdags/subdag.py
[2025-12-24T15:46:05.912+0000] {processor.py:183} INFO - Processing /home/airflow/.local/lib/python3.8/site-packages/airflow/example_dags/subdags/subdag.py took 0.029 seconds
[2025-12-24T15:46:36.171+0000] {processor.py:161} INFO - Started process (PID=1509) to work on /home/airflow/.local/lib/python3.8/site-packages/airflow/example_dags/subdags/subdag.py
[2025-12-24T15:46:36.173+0000] {processor.py:830} INFO - Processing file /home/airflow/.local/lib/python3.8/site-packages/airflow/example_dags/subdags/subdag.py for tasks to queue
[2025-12-24T15:46:36.176+0000] {logging_mixin.py:188} INFO - [2025-12-24T15:46:36.175+0000] {dagbag.py:538} INFO - Filling up the DagBag from /home/airflow/.local/lib/python3.8/site-packages/airflow/example_dags/subdags/subdag.py
[2025-12-24T15:46:36.179+0000] {processor.py:842} WARNING - No viable dags retrieved from /home/airflow/.local/lib/python3.8/site-packages/airflow/example_dags/subdags/subdag.py
[2025-12-24T15:46:36.196+0000] {processor.py:183} INFO - Processing /home/airflow/.local/lib/python3.8/site-packages/airflow/example_dags/subdags/subdag.py took 0.030 seconds
[2025-12-24T15:47:07.300+0000] {processor.py:161} INFO - Started process (PID=1565) to work on /home/airflow/.local/lib/python3.8/site-packages/airflow/example_dags/subdags/subdag.py
[2025-12-24T15:47:07.302+0000] {processor.py:830} INFO - Processing file /home/airflow/.local/lib/python3.8/site-packages/airflow/example_dags/subdags/subdag.py for tasks to queue
[2025-12-24T15:47:07.304+0000] {logging_mixin.py:188} INFO - [2025-12-24T15:47:07.303+0000] {dagbag.py:538} INFO - Filling up the DagBag from /home/airflow/.local/lib/python3.8/site-packages/airflow/example_dags/subdags/subdag.py
[2025-12-24T15:47:07.306+0000] {processor.py:842} WARNING - No viable dags retrieved from /home/airflow/.local/lib/python3.8/site-packages/airflow/example_dags/subdags/subdag.py
[2025-12-24T15:47:07.320+0000] {processor.py:183} INFO - Processing /home/airflow/.local/lib/python3.8/site-packages/airflow/example_dags/subdags/subdag.py took 0.023 seconds
[2025-12-24T15:47:38.170+0000] {processor.py:161} INFO - Started process (PID=1625) to work on /home/airflow/.local/lib/python3.8/site-packages/airflow/example_dags/subdags/subdag.py
[2025-12-24T15:47:38.171+0000] {processor.py:830} INFO - Processing file /home/airflow/.local/lib/python3.8/site-packages/airflow/example_dags/subdags/subdag.py for tasks to queue
[2025-12-24T15:47:38.173+0000] {logging_mixin.py:188} INFO - [2025-12-24T15:47:38.173+0000] {dagbag.py:538} INFO - Filling up the DagBag from /home/airflow/.local/lib/python3.8/site-packages/airflow/example_dags/subdags/subdag.py
[2025-12-24T15:47:38.175+0000] {processor.py:842} WARNING - No viable dags retrieved from /home/airflow/.local/lib/python3.8/site-packages/airflow/example_dags/subdags/subdag.py
[2025-12-24T15:47:38.189+0000] {processor.py:183} INFO - Processing /home/airflow/.local/lib/python3.8/site-packages/airflow/example_dags/subdags/subdag.py took 0.022 seconds
[2025-12-24T15:48:09.393+0000] {processor.py:161} INFO - Started process (PID=1681) to work on /home/airflow/.local/lib/python3.8/site-packages/airflow/example_dags/subdags/subdag.py
[2025-12-24T15:48:09.395+0000] {processor.py:830} INFO - Processing file /home/airflow/.local/lib/python3.8/site-packages/airflow/example_dags/subdags/subdag.py for tasks to queue
[2025-12-24T15:48:09.400+0000] {logging_mixin.py:188} INFO - [2025-12-24T15:48:09.399+0000] {dagbag.py:538} INFO - Filling up the DagBag from /home/airflow/.local/lib/python3.8/site-packages/airflow/example_dags/subdags/subdag.py
[2025-12-24T15:48:09.405+0000] {processor.py:842} WARNING - No viable dags retrieved from /home/airflow/.local/lib/python3.8/site-packages/airflow/example_dags/subdags/subdag.py
[2025-12-24T15:48:09.439+0000] {processor.py:183} INFO - Processing /home/airflow/.local/lib/python3.8/site-packages/airflow/example_dags/subdags/subdag.py took 0.052 seconds
[2025-12-24T15:48:39.587+0000] {processor.py:161} INFO - Started process (PID=1737) to work on /home/airflow/.local/lib/python3.8/site-packages/airflow/example_dags/subdags/subdag.py
[2025-12-24T15:48:39.588+0000] {processor.py:830} INFO - Processing file /home/airflow/.local/lib/python3.8/site-packages/airflow/example_dags/subdags/subdag.py for tasks to queue
[2025-12-24T15:48:39.591+0000] {logging_mixin.py:188} INFO - [2025-12-24T15:48:39.591+0000] {dagbag.py:538} INFO - Filling up the DagBag from /home/airflow/.local/lib/python3.8/site-packages/airflow/example_dags/subdags/subdag.py
[2025-12-24T15:48:39.594+0000] {processor.py:842} WARNING - No viable dags retrieved from /home/airflow/.local/lib/python3.8/site-packages/airflow/example_dags/subdags/subdag.py
[2025-12-24T15:48:39.615+0000] {processor.py:183} INFO - Processing /home/airflow/.local/lib/python3.8/site-packages/airflow/example_dags/subdags/subdag.py took 0.033 seconds
[2025-12-24T15:49:10.420+0000] {processor.py:161} INFO - Started process (PID=1793) to work on /home/airflow/.local/lib/python3.8/site-packages/airflow/example_dags/subdags/subdag.py
[2025-12-24T15:49:10.423+0000] {processor.py:830} INFO - Processing file /home/airflow/.local/lib/python3.8/site-packages/airflow/example_dags/subdags/subdag.py for tasks to queue
[2025-12-24T15:49:10.425+0000] {logging_mixin.py:188} INFO - [2025-12-24T15:49:10.425+0000] {dagbag.py:538} INFO - Filling up the DagBag from /home/airflow/.local/lib/python3.8/site-packages/airflow/example_dags/subdags/subdag.py
[2025-12-24T15:49:10.433+0000] {processor.py:842} WARNING - No viable dags retrieved from /home/airflow/.local/lib/python3.8/site-packages/airflow/example_dags/subdags/subdag.py
[2025-12-24T15:49:10.449+0000] {processor.py:183} INFO - Processing /home/airflow/.local/lib/python3.8/site-packages/airflow/example_dags/subdags/subdag.py took 0.034 seconds
[2025-12-24T15:49:41.338+0000] {processor.py:161} INFO - Started process (PID=1850) to work on /home/airflow/.local/lib/python3.8/site-packages/airflow/example_dags/subdags/subdag.py
[2025-12-24T15:49:41.339+0000] {processor.py:830} INFO - Processing file /home/airflow/.local/lib/python3.8/site-packages/airflow/example_dags/subdags/subdag.py for tasks to queue
[2025-12-24T15:49:41.341+0000] {logging_mixin.py:188} INFO - [2025-12-24T15:49:41.341+0000] {dagbag.py:538} INFO - Filling up the DagBag from /home/airflow/.local/lib/python3.8/site-packages/airflow/example_dags/subdags/subdag.py
[2025-12-24T15:49:41.345+0000] {processor.py:842} WARNING - No viable dags retrieved from /home/airflow/.local/lib/python3.8/site-packages/airflow/example_dags/subdags/subdag.py
[2025-12-24T15:49:41.360+0000] {processor.py:183} INFO - Processing /home/airflow/.local/lib/python3.8/site-packages/airflow/example_dags/subdags/subdag.py took 0.027 seconds
[2025-12-24T15:50:11.684+0000] {processor.py:161} INFO - Started process (PID=1909) to work on /home/airflow/.local/lib/python3.8/site-packages/airflow/example_dags/subdags/subdag.py
[2025-12-24T15:50:11.685+0000] {processor.py:830} INFO - Processing file /home/airflow/.local/lib/python3.8/site-packages/airflow/example_dags/subdags/subdag.py for tasks to queue
[2025-12-24T15:50:11.688+0000] {logging_mixin.py:188} INFO - [2025-12-24T15:50:11.687+0000] {dagbag.py:538} INFO - Filling up the DagBag from /home/airflow/.local/lib/python3.8/site-packages/airflow/example_dags/subdags/subdag.py
[2025-12-24T15:50:11.690+0000] {processor.py:842} WARNING - No viable dags retrieved from /home/airflow/.local/lib/python3.8/site-packages/airflow/example_dags/subdags/subdag.py
[2025-12-24T15:50:11.707+0000] {processor.py:183} INFO - Processing /home/airflow/.local/lib/python3.8/site-packages/airflow/example_dags/subdags/subdag.py took 0.027 seconds
[2025-12-24T15:50:41.926+0000] {processor.py:161} INFO - Started process (PID=1971) to work on /home/airflow/.local/lib/python3.8/site-packages/airflow/example_dags/subdags/subdag.py
[2025-12-24T15:50:41.927+0000] {processor.py:830} INFO - Processing file /home/airflow/.local/lib/python3.8/site-packages/airflow/example_dags/subdags/subdag.py for tasks to queue
[2025-12-24T15:50:41.929+0000] {logging_mixin.py:188} INFO - [2025-12-24T15:50:41.929+0000] {dagbag.py:538} INFO - Filling up the DagBag from /home/airflow/.local/lib/python3.8/site-packages/airflow/example_dags/subdags/subdag.py
[2025-12-24T15:50:41.932+0000] {processor.py:842} WARNING - No viable dags retrieved from /home/airflow/.local/lib/python3.8/site-packages/airflow/example_dags/subdags/subdag.py
[2025-12-24T15:50:41.949+0000] {processor.py:183} INFO - Processing /home/airflow/.local/lib/python3.8/site-packages/airflow/example_dags/subdags/subdag.py took 0.028 seconds
[2025-12-24T15:51:12.357+0000] {processor.py:161} INFO - Started process (PID=2026) to work on /home/airflow/.local/lib/python3.8/site-packages/airflow/example_dags/subdags/subdag.py
[2025-12-24T15:51:12.358+0000] {processor.py:830} INFO - Processing file /home/airflow/.local/lib/python3.8/site-packages/airflow/example_dags/subdags/subdag.py for tasks to queue
[2025-12-24T15:51:12.359+0000] {logging_mixin.py:188} INFO - [2025-12-24T15:51:12.358+0000] {dagbag.py:538} INFO - Filling up the DagBag from /home/airflow/.local/lib/python3.8/site-packages/airflow/example_dags/subdags/subdag.py
[2025-12-24T15:51:12.362+0000] {processor.py:842} WARNING - No viable dags retrieved from /home/airflow/.local/lib/python3.8/site-packages/airflow/example_dags/subdags/subdag.py
[2025-12-24T15:51:12.376+0000] {processor.py:183} INFO - Processing /home/airflow/.local/lib/python3.8/site-packages/airflow/example_dags/subdags/subdag.py took 0.023 seconds
[2025-12-24T15:51:42.535+0000] {processor.py:161} INFO - Started process (PID=2082) to work on /home/airflow/.local/lib/python3.8/site-packages/airflow/example_dags/subdags/subdag.py
[2025-12-24T15:51:42.536+0000] {processor.py:830} INFO - Processing file /home/airflow/.local/lib/python3.8/site-packages/airflow/example_dags/subdags/subdag.py for tasks to queue
[2025-12-24T15:51:42.538+0000] {logging_mixin.py:188} INFO - [2025-12-24T15:51:42.537+0000] {dagbag.py:538} INFO - Filling up the DagBag from /home/airflow/.local/lib/python3.8/site-packages/airflow/example_dags/subdags/subdag.py
[2025-12-24T15:51:42.541+0000] {processor.py:842} WARNING - No viable dags retrieved from /home/airflow/.local/lib/python3.8/site-packages/airflow/example_dags/subdags/subdag.py
[2025-12-24T15:51:42.557+0000] {processor.py:183} INFO - Processing /home/airflow/.local/lib/python3.8/site-packages/airflow/example_dags/subdags/subdag.py took 0.027 seconds
[2025-12-24T15:52:12.803+0000] {processor.py:161} INFO - Started process (PID=2138) to work on /home/airflow/.local/lib/python3.8/site-packages/airflow/example_dags/subdags/subdag.py
[2025-12-24T15:52:12.805+0000] {processor.py:830} INFO - Processing file /home/airflow/.local/lib/python3.8/site-packages/airflow/example_dags/subdags/subdag.py for tasks to queue
[2025-12-24T15:52:12.806+0000] {logging_mixin.py:188} INFO - [2025-12-24T15:52:12.805+0000] {dagbag.py:538} INFO - Filling up the DagBag from /home/airflow/.local/lib/python3.8/site-packages/airflow/example_dags/subdags/subdag.py
[2025-12-24T15:52:12.808+0000] {processor.py:842} WARNING - No viable dags retrieved from /home/airflow/.local/lib/python3.8/site-packages/airflow/example_dags/subdags/subdag.py
[2025-12-24T15:52:12.822+0000] {processor.py:183} INFO - Processing /home/airflow/.local/lib/python3.8/site-packages/airflow/example_dags/subdags/subdag.py took 0.022 seconds
[2025-12-24T15:52:43.493+0000] {processor.py:161} INFO - Started process (PID=2193) to work on /home/airflow/.local/lib/python3.8/site-packages/airflow/example_dags/subdags/subdag.py
[2025-12-24T15:52:43.494+0000] {processor.py:830} INFO - Processing file /home/airflow/.local/lib/python3.8/site-packages/airflow/example_dags/subdags/subdag.py for tasks to queue
[2025-12-24T15:52:43.495+0000] {logging_mixin.py:188} INFO - [2025-12-24T15:52:43.495+0000] {dagbag.py:538} INFO - Filling up the DagBag from /home/airflow/.local/lib/python3.8/site-packages/airflow/example_dags/subdags/subdag.py
[2025-12-24T15:52:43.497+0000] {processor.py:842} WARNING - No viable dags retrieved from /home/airflow/.local/lib/python3.8/site-packages/airflow/example_dags/subdags/subdag.py
[2025-12-24T15:52:43.510+0000] {processor.py:183} INFO - Processing /home/airflow/.local/lib/python3.8/site-packages/airflow/example_dags/subdags/subdag.py took 0.021 seconds
[2025-12-24T15:53:14.402+0000] {processor.py:161} INFO - Started process (PID=2249) to work on /home/airflow/.local/lib/python3.8/site-packages/airflow/example_dags/subdags/subdag.py
[2025-12-24T15:53:14.403+0000] {processor.py:830} INFO - Processing file /home/airflow/.local/lib/python3.8/site-packages/airflow/example_dags/subdags/subdag.py for tasks to queue
[2025-12-24T15:53:14.404+0000] {logging_mixin.py:188} INFO - [2025-12-24T15:53:14.404+0000] {dagbag.py:538} INFO - Filling up the DagBag from /home/airflow/.local/lib/python3.8/site-packages/airflow/example_dags/subdags/subdag.py
[2025-12-24T15:53:14.407+0000] {processor.py:842} WARNING - No viable dags retrieved from /home/airflow/.local/lib/python3.8/site-packages/airflow/example_dags/subdags/subdag.py
[2025-12-24T15:53:14.419+0000] {processor.py:183} INFO - Processing /home/airflow/.local/lib/python3.8/site-packages/airflow/example_dags/subdags/subdag.py took 0.021 seconds
[2025-12-24T15:53:44.936+0000] {processor.py:161} INFO - Started process (PID=2305) to work on /home/airflow/.local/lib/python3.8/site-packages/airflow/example_dags/subdags/subdag.py
[2025-12-24T15:53:44.937+0000] {processor.py:830} INFO - Processing file /home/airflow/.local/lib/python3.8/site-packages/airflow/example_dags/subdags/subdag.py for tasks to queue
[2025-12-24T15:53:44.939+0000] {logging_mixin.py:188} INFO - [2025-12-24T15:53:44.938+0000] {dagbag.py:538} INFO - Filling up the DagBag from /home/airflow/.local/lib/python3.8/site-packages/airflow/example_dags/subdags/subdag.py
[2025-12-24T15:53:44.941+0000] {processor.py:842} WARNING - No viable dags retrieved from /home/airflow/.local/lib/python3.8/site-packages/airflow/example_dags/subdags/subdag.py
[2025-12-24T15:53:44.958+0000] {processor.py:183} INFO - Processing /home/airflow/.local/lib/python3.8/site-packages/airflow/example_dags/subdags/subdag.py took 0.026 seconds
[2025-12-24T15:54:15.527+0000] {processor.py:161} INFO - Started process (PID=2361) to work on /home/airflow/.local/lib/python3.8/site-packages/airflow/example_dags/subdags/subdag.py
[2025-12-24T15:54:15.528+0000] {processor.py:830} INFO - Processing file /home/airflow/.local/lib/python3.8/site-packages/airflow/example_dags/subdags/subdag.py for tasks to queue
[2025-12-24T15:54:15.529+0000] {logging_mixin.py:188} INFO - [2025-12-24T15:54:15.529+0000] {dagbag.py:538} INFO - Filling up the DagBag from /home/airflow/.local/lib/python3.8/site-packages/airflow/example_dags/subdags/subdag.py
[2025-12-24T15:54:15.532+0000] {processor.py:842} WARNING - No viable dags retrieved from /home/airflow/.local/lib/python3.8/site-packages/airflow/example_dags/subdags/subdag.py
[2025-12-24T15:54:15.548+0000] {processor.py:183} INFO - Processing /home/airflow/.local/lib/python3.8/site-packages/airflow/example_dags/subdags/subdag.py took 0.025 seconds
[2025-12-24T15:54:45.688+0000] {processor.py:161} INFO - Started process (PID=2417) to work on /home/airflow/.local/lib/python3.8/site-packages/airflow/example_dags/subdags/subdag.py
[2025-12-24T15:54:45.689+0000] {processor.py:830} INFO - Processing file /home/airflow/.local/lib/python3.8/site-packages/airflow/example_dags/subdags/subdag.py for tasks to queue
[2025-12-24T15:54:45.690+0000] {logging_mixin.py:188} INFO - [2025-12-24T15:54:45.690+0000] {dagbag.py:538} INFO - Filling up the DagBag from /home/airflow/.local/lib/python3.8/site-packages/airflow/example_dags/subdags/subdag.py
[2025-12-24T15:54:45.693+0000] {processor.py:842} WARNING - No viable dags retrieved from /home/airflow/.local/lib/python3.8/site-packages/airflow/example_dags/subdags/subdag.py
[2025-12-24T15:54:45.709+0000] {processor.py:183} INFO - Processing /home/airflow/.local/lib/python3.8/site-packages/airflow/example_dags/subdags/subdag.py took 0.025 seconds
[2025-12-24T15:55:16.038+0000] {processor.py:161} INFO - Started process (PID=2474) to work on /home/airflow/.local/lib/python3.8/site-packages/airflow/example_dags/subdags/subdag.py
[2025-12-24T15:55:16.040+0000] {processor.py:830} INFO - Processing file /home/airflow/.local/lib/python3.8/site-packages/airflow/example_dags/subdags/subdag.py for tasks to queue
[2025-12-24T15:55:16.042+0000] {logging_mixin.py:188} INFO - [2025-12-24T15:55:16.041+0000] {dagbag.py:538} INFO - Filling up the DagBag from /home/airflow/.local/lib/python3.8/site-packages/airflow/example_dags/subdags/subdag.py
[2025-12-24T15:55:16.045+0000] {processor.py:842} WARNING - No viable dags retrieved from /home/airflow/.local/lib/python3.8/site-packages/airflow/example_dags/subdags/subdag.py
[2025-12-24T15:55:16.060+0000] {processor.py:183} INFO - Processing /home/airflow/.local/lib/python3.8/site-packages/airflow/example_dags/subdags/subdag.py took 0.026 seconds
[2025-12-24T15:55:46.783+0000] {processor.py:161} INFO - Started process (PID=2530) to work on /home/airflow/.local/lib/python3.8/site-packages/airflow/example_dags/subdags/subdag.py
[2025-12-24T15:55:46.784+0000] {processor.py:830} INFO - Processing file /home/airflow/.local/lib/python3.8/site-packages/airflow/example_dags/subdags/subdag.py for tasks to queue
[2025-12-24T15:55:46.786+0000] {logging_mixin.py:188} INFO - [2025-12-24T15:55:46.785+0000] {dagbag.py:538} INFO - Filling up the DagBag from /home/airflow/.local/lib/python3.8/site-packages/airflow/example_dags/subdags/subdag.py
[2025-12-24T15:55:46.789+0000] {processor.py:842} WARNING - No viable dags retrieved from /home/airflow/.local/lib/python3.8/site-packages/airflow/example_dags/subdags/subdag.py
[2025-12-24T15:55:46.805+0000] {processor.py:183} INFO - Processing /home/airflow/.local/lib/python3.8/site-packages/airflow/example_dags/subdags/subdag.py took 0.027 seconds
[2025-12-24T15:56:17.531+0000] {processor.py:161} INFO - Started process (PID=2586) to work on /home/airflow/.local/lib/python3.8/site-packages/airflow/example_dags/subdags/subdag.py
[2025-12-24T15:56:17.533+0000] {processor.py:830} INFO - Processing file /home/airflow/.local/lib/python3.8/site-packages/airflow/example_dags/subdags/subdag.py for tasks to queue
[2025-12-24T15:56:17.539+0000] {logging_mixin.py:188} INFO - [2025-12-24T15:56:17.538+0000] {dagbag.py:538} INFO - Filling up the DagBag from /home/airflow/.local/lib/python3.8/site-packages/airflow/example_dags/subdags/subdag.py
[2025-12-24T15:56:17.577+0000] {processor.py:842} WARNING - No viable dags retrieved from /home/airflow/.local/lib/python3.8/site-packages/airflow/example_dags/subdags/subdag.py
[2025-12-24T15:56:17.624+0000] {processor.py:183} INFO - Processing /home/airflow/.local/lib/python3.8/site-packages/airflow/example_dags/subdags/subdag.py took 0.096 seconds
[2025-12-24T15:56:48.150+0000] {processor.py:161} INFO - Started process (PID=2642) to work on /home/airflow/.local/lib/python3.8/site-packages/airflow/example_dags/subdags/subdag.py
[2025-12-24T15:56:48.152+0000] {processor.py:830} INFO - Processing file /home/airflow/.local/lib/python3.8/site-packages/airflow/example_dags/subdags/subdag.py for tasks to queue
[2025-12-24T15:56:48.153+0000] {logging_mixin.py:188} INFO - [2025-12-24T15:56:48.152+0000] {dagbag.py:538} INFO - Filling up the DagBag from /home/airflow/.local/lib/python3.8/site-packages/airflow/example_dags/subdags/subdag.py
[2025-12-24T15:56:48.155+0000] {processor.py:842} WARNING - No viable dags retrieved from /home/airflow/.local/lib/python3.8/site-packages/airflow/example_dags/subdags/subdag.py
[2025-12-24T15:56:48.175+0000] {processor.py:183} INFO - Processing /home/airflow/.local/lib/python3.8/site-packages/airflow/example_dags/subdags/subdag.py took 0.028 seconds
[2025-12-24T15:57:18.490+0000] {processor.py:161} INFO - Started process (PID=2697) to work on /home/airflow/.local/lib/python3.8/site-packages/airflow/example_dags/subdags/subdag.py
[2025-12-24T15:57:18.491+0000] {processor.py:830} INFO - Processing file /home/airflow/.local/lib/python3.8/site-packages/airflow/example_dags/subdags/subdag.py for tasks to queue
[2025-12-24T15:57:18.492+0000] {logging_mixin.py:188} INFO - [2025-12-24T15:57:18.492+0000] {dagbag.py:538} INFO - Filling up the DagBag from /home/airflow/.local/lib/python3.8/site-packages/airflow/example_dags/subdags/subdag.py
[2025-12-24T15:57:18.495+0000] {processor.py:842} WARNING - No viable dags retrieved from /home/airflow/.local/lib/python3.8/site-packages/airflow/example_dags/subdags/subdag.py
[2025-12-24T15:57:18.512+0000] {processor.py:183} INFO - Processing /home/airflow/.local/lib/python3.8/site-packages/airflow/example_dags/subdags/subdag.py took 0.027 seconds
[2025-12-24T15:57:49.269+0000] {processor.py:161} INFO - Started process (PID=2755) to work on /home/airflow/.local/lib/python3.8/site-packages/airflow/example_dags/subdags/subdag.py
[2025-12-24T15:57:49.270+0000] {processor.py:830} INFO - Processing file /home/airflow/.local/lib/python3.8/site-packages/airflow/example_dags/subdags/subdag.py for tasks to queue
[2025-12-24T15:57:49.272+0000] {logging_mixin.py:188} INFO - [2025-12-24T15:57:49.272+0000] {dagbag.py:538} INFO - Filling up the DagBag from /home/airflow/.local/lib/python3.8/site-packages/airflow/example_dags/subdags/subdag.py
[2025-12-24T15:57:49.275+0000] {processor.py:842} WARNING - No viable dags retrieved from /home/airflow/.local/lib/python3.8/site-packages/airflow/example_dags/subdags/subdag.py
[2025-12-24T15:57:49.291+0000] {processor.py:183} INFO - Processing /home/airflow/.local/lib/python3.8/site-packages/airflow/example_dags/subdags/subdag.py took 0.026 seconds
[2025-12-24T15:58:19.408+0000] {processor.py:161} INFO - Started process (PID=2809) to work on /home/airflow/.local/lib/python3.8/site-packages/airflow/example_dags/subdags/subdag.py
[2025-12-24T15:58:19.410+0000] {processor.py:830} INFO - Processing file /home/airflow/.local/lib/python3.8/site-packages/airflow/example_dags/subdags/subdag.py for tasks to queue
[2025-12-24T15:58:19.411+0000] {logging_mixin.py:188} INFO - [2025-12-24T15:58:19.410+0000] {dagbag.py:538} INFO - Filling up the DagBag from /home/airflow/.local/lib/python3.8/site-packages/airflow/example_dags/subdags/subdag.py
[2025-12-24T15:58:19.414+0000] {processor.py:842} WARNING - No viable dags retrieved from /home/airflow/.local/lib/python3.8/site-packages/airflow/example_dags/subdags/subdag.py
[2025-12-24T15:58:19.435+0000] {processor.py:183} INFO - Processing /home/airflow/.local/lib/python3.8/site-packages/airflow/example_dags/subdags/subdag.py took 0.031 seconds
[2025-12-24T15:58:49.897+0000] {processor.py:161} INFO - Started process (PID=2865) to work on /home/airflow/.local/lib/python3.8/site-packages/airflow/example_dags/subdags/subdag.py
[2025-12-24T15:58:49.898+0000] {processor.py:830} INFO - Processing file /home/airflow/.local/lib/python3.8/site-packages/airflow/example_dags/subdags/subdag.py for tasks to queue
[2025-12-24T15:58:49.899+0000] {logging_mixin.py:188} INFO - [2025-12-24T15:58:49.899+0000] {dagbag.py:538} INFO - Filling up the DagBag from /home/airflow/.local/lib/python3.8/site-packages/airflow/example_dags/subdags/subdag.py
[2025-12-24T15:58:49.902+0000] {processor.py:842} WARNING - No viable dags retrieved from /home/airflow/.local/lib/python3.8/site-packages/airflow/example_dags/subdags/subdag.py
[2025-12-24T15:58:49.917+0000] {processor.py:183} INFO - Processing /home/airflow/.local/lib/python3.8/site-packages/airflow/example_dags/subdags/subdag.py took 0.024 seconds
[2025-12-24T15:59:20.532+0000] {processor.py:161} INFO - Started process (PID=2921) to work on /home/airflow/.local/lib/python3.8/site-packages/airflow/example_dags/subdags/subdag.py
[2025-12-24T15:59:20.534+0000] {processor.py:830} INFO - Processing file /home/airflow/.local/lib/python3.8/site-packages/airflow/example_dags/subdags/subdag.py for tasks to queue
[2025-12-24T15:59:20.535+0000] {logging_mixin.py:188} INFO - [2025-12-24T15:59:20.535+0000] {dagbag.py:538} INFO - Filling up the DagBag from /home/airflow/.local/lib/python3.8/site-packages/airflow/example_dags/subdags/subdag.py
[2025-12-24T15:59:20.540+0000] {processor.py:842} WARNING - No viable dags retrieved from /home/airflow/.local/lib/python3.8/site-packages/airflow/example_dags/subdags/subdag.py
[2025-12-24T15:59:20.562+0000] {processor.py:183} INFO - Processing /home/airflow/.local/lib/python3.8/site-packages/airflow/example_dags/subdags/subdag.py took 0.035 seconds
[2025-12-24T15:59:51.004+0000] {processor.py:161} INFO - Started process (PID=2977) to work on /home/airflow/.local/lib/python3.8/site-packages/airflow/example_dags/subdags/subdag.py
[2025-12-24T15:59:51.006+0000] {processor.py:830} INFO - Processing file /home/airflow/.local/lib/python3.8/site-packages/airflow/example_dags/subdags/subdag.py for tasks to queue
[2025-12-24T15:59:51.008+0000] {logging_mixin.py:188} INFO - [2025-12-24T15:59:51.007+0000] {dagbag.py:538} INFO - Filling up the DagBag from /home/airflow/.local/lib/python3.8/site-packages/airflow/example_dags/subdags/subdag.py
[2025-12-24T15:59:51.012+0000] {processor.py:842} WARNING - No viable dags retrieved from /home/airflow/.local/lib/python3.8/site-packages/airflow/example_dags/subdags/subdag.py
[2025-12-24T15:59:51.025+0000] {processor.py:183} INFO - Processing /home/airflow/.local/lib/python3.8/site-packages/airflow/example_dags/subdags/subdag.py took 0.026 seconds
[2025-12-24T16:00:21.337+0000] {processor.py:161} INFO - Started process (PID=3034) to work on /home/airflow/.local/lib/python3.8/site-packages/airflow/example_dags/subdags/subdag.py
[2025-12-24T16:00:21.339+0000] {processor.py:830} INFO - Processing file /home/airflow/.local/lib/python3.8/site-packages/airflow/example_dags/subdags/subdag.py for tasks to queue
[2025-12-24T16:00:21.340+0000] {logging_mixin.py:188} INFO - [2025-12-24T16:00:21.339+0000] {dagbag.py:538} INFO - Filling up the DagBag from /home/airflow/.local/lib/python3.8/site-packages/airflow/example_dags/subdags/subdag.py
[2025-12-24T16:00:21.343+0000] {processor.py:842} WARNING - No viable dags retrieved from /home/airflow/.local/lib/python3.8/site-packages/airflow/example_dags/subdags/subdag.py
[2025-12-24T16:00:21.373+0000] {processor.py:183} INFO - Processing /home/airflow/.local/lib/python3.8/site-packages/airflow/example_dags/subdags/subdag.py took 0.042 seconds
[2025-12-24T16:00:51.504+0000] {processor.py:161} INFO - Started process (PID=3090) to work on /home/airflow/.local/lib/python3.8/site-packages/airflow/example_dags/subdags/subdag.py
[2025-12-24T16:00:51.506+0000] {processor.py:830} INFO - Processing file /home/airflow/.local/lib/python3.8/site-packages/airflow/example_dags/subdags/subdag.py for tasks to queue
[2025-12-24T16:00:51.508+0000] {logging_mixin.py:188} INFO - [2025-12-24T16:00:51.507+0000] {dagbag.py:538} INFO - Filling up the DagBag from /home/airflow/.local/lib/python3.8/site-packages/airflow/example_dags/subdags/subdag.py
[2025-12-24T16:00:51.520+0000] {processor.py:842} WARNING - No viable dags retrieved from /home/airflow/.local/lib/python3.8/site-packages/airflow/example_dags/subdags/subdag.py
[2025-12-24T16:00:51.555+0000] {processor.py:183} INFO - Processing /home/airflow/.local/lib/python3.8/site-packages/airflow/example_dags/subdags/subdag.py took 0.058 seconds
[2025-12-24T16:01:21.781+0000] {processor.py:161} INFO - Started process (PID=3145) to work on /home/airflow/.local/lib/python3.8/site-packages/airflow/example_dags/subdags/subdag.py
[2025-12-24T16:01:21.783+0000] {processor.py:830} INFO - Processing file /home/airflow/.local/lib/python3.8/site-packages/airflow/example_dags/subdags/subdag.py for tasks to queue
[2025-12-24T16:01:21.790+0000] {logging_mixin.py:188} INFO - [2025-12-24T16:01:21.787+0000] {dagbag.py:538} INFO - Filling up the DagBag from /home/airflow/.local/lib/python3.8/site-packages/airflow/example_dags/subdags/subdag.py
[2025-12-24T16:01:21.795+0000] {processor.py:842} WARNING - No viable dags retrieved from /home/airflow/.local/lib/python3.8/site-packages/airflow/example_dags/subdags/subdag.py
[2025-12-24T16:01:21.822+0000] {processor.py:183} INFO - Processing /home/airflow/.local/lib/python3.8/site-packages/airflow/example_dags/subdags/subdag.py took 0.046 seconds
[2025-12-24T16:01:52.781+0000] {processor.py:161} INFO - Started process (PID=3206) to work on /home/airflow/.local/lib/python3.8/site-packages/airflow/example_dags/subdags/subdag.py
[2025-12-24T16:01:52.782+0000] {processor.py:830} INFO - Processing file /home/airflow/.local/lib/python3.8/site-packages/airflow/example_dags/subdags/subdag.py for tasks to queue
[2025-12-24T16:01:52.783+0000] {logging_mixin.py:188} INFO - [2025-12-24T16:01:52.783+0000] {dagbag.py:538} INFO - Filling up the DagBag from /home/airflow/.local/lib/python3.8/site-packages/airflow/example_dags/subdags/subdag.py
[2025-12-24T16:01:52.786+0000] {processor.py:842} WARNING - No viable dags retrieved from /home/airflow/.local/lib/python3.8/site-packages/airflow/example_dags/subdags/subdag.py
[2025-12-24T16:01:52.802+0000] {processor.py:183} INFO - Processing /home/airflow/.local/lib/python3.8/site-packages/airflow/example_dags/subdags/subdag.py took 0.025 seconds
[2025-12-24T16:02:22.977+0000] {processor.py:161} INFO - Started process (PID=3262) to work on /home/airflow/.local/lib/python3.8/site-packages/airflow/example_dags/subdags/subdag.py
[2025-12-24T16:02:22.980+0000] {processor.py:830} INFO - Processing file /home/airflow/.local/lib/python3.8/site-packages/airflow/example_dags/subdags/subdag.py for tasks to queue
[2025-12-24T16:02:22.982+0000] {logging_mixin.py:188} INFO - [2025-12-24T16:02:22.982+0000] {dagbag.py:538} INFO - Filling up the DagBag from /home/airflow/.local/lib/python3.8/site-packages/airflow/example_dags/subdags/subdag.py
[2025-12-24T16:02:22.986+0000] {processor.py:842} WARNING - No viable dags retrieved from /home/airflow/.local/lib/python3.8/site-packages/airflow/example_dags/subdags/subdag.py
[2025-12-24T16:02:23.017+0000] {processor.py:183} INFO - Processing /home/airflow/.local/lib/python3.8/site-packages/airflow/example_dags/subdags/subdag.py took 0.055 seconds
[2025-12-24T16:02:53.671+0000] {processor.py:161} INFO - Started process (PID=3324) to work on /home/airflow/.local/lib/python3.8/site-packages/airflow/example_dags/subdags/subdag.py
[2025-12-24T16:02:53.674+0000] {processor.py:830} INFO - Processing file /home/airflow/.local/lib/python3.8/site-packages/airflow/example_dags/subdags/subdag.py for tasks to queue
[2025-12-24T16:02:53.676+0000] {logging_mixin.py:188} INFO - [2025-12-24T16:02:53.675+0000] {dagbag.py:538} INFO - Filling up the DagBag from /home/airflow/.local/lib/python3.8/site-packages/airflow/example_dags/subdags/subdag.py
[2025-12-24T16:02:53.680+0000] {processor.py:842} WARNING - No viable dags retrieved from /home/airflow/.local/lib/python3.8/site-packages/airflow/example_dags/subdags/subdag.py
[2025-12-24T16:02:53.696+0000] {processor.py:183} INFO - Processing /home/airflow/.local/lib/python3.8/site-packages/airflow/example_dags/subdags/subdag.py took 0.030 seconds
[2025-12-24T16:03:25.366+0000] {processor.py:161} INFO - Started process (PID=3380) to work on /home/airflow/.local/lib/python3.8/site-packages/airflow/example_dags/subdags/subdag.py
[2025-12-24T16:03:25.367+0000] {processor.py:830} INFO - Processing file /home/airflow/.local/lib/python3.8/site-packages/airflow/example_dags/subdags/subdag.py for tasks to queue
[2025-12-24T16:03:25.368+0000] {logging_mixin.py:188} INFO - [2025-12-24T16:03:25.368+0000] {dagbag.py:538} INFO - Filling up the DagBag from /home/airflow/.local/lib/python3.8/site-packages/airflow/example_dags/subdags/subdag.py
[2025-12-24T16:03:25.371+0000] {processor.py:842} WARNING - No viable dags retrieved from /home/airflow/.local/lib/python3.8/site-packages/airflow/example_dags/subdags/subdag.py
[2025-12-24T16:03:25.390+0000] {processor.py:183} INFO - Processing /home/airflow/.local/lib/python3.8/site-packages/airflow/example_dags/subdags/subdag.py took 0.028 seconds
[2025-12-24T16:03:55.579+0000] {processor.py:161} INFO - Started process (PID=3435) to work on /home/airflow/.local/lib/python3.8/site-packages/airflow/example_dags/subdags/subdag.py
[2025-12-24T16:03:55.581+0000] {processor.py:830} INFO - Processing file /home/airflow/.local/lib/python3.8/site-packages/airflow/example_dags/subdags/subdag.py for tasks to queue
[2025-12-24T16:03:55.582+0000] {logging_mixin.py:188} INFO - [2025-12-24T16:03:55.581+0000] {dagbag.py:538} INFO - Filling up the DagBag from /home/airflow/.local/lib/python3.8/site-packages/airflow/example_dags/subdags/subdag.py
[2025-12-24T16:03:55.584+0000] {processor.py:842} WARNING - No viable dags retrieved from /home/airflow/.local/lib/python3.8/site-packages/airflow/example_dags/subdags/subdag.py
[2025-12-24T16:03:55.597+0000] {processor.py:183} INFO - Processing /home/airflow/.local/lib/python3.8/site-packages/airflow/example_dags/subdags/subdag.py took 0.021 seconds
[2025-12-24T16:04:26.280+0000] {processor.py:161} INFO - Started process (PID=3491) to work on /home/airflow/.local/lib/python3.8/site-packages/airflow/example_dags/subdags/subdag.py
[2025-12-24T16:04:26.281+0000] {processor.py:830} INFO - Processing file /home/airflow/.local/lib/python3.8/site-packages/airflow/example_dags/subdags/subdag.py for tasks to queue
[2025-12-24T16:04:26.282+0000] {logging_mixin.py:188} INFO - [2025-12-24T16:04:26.282+0000] {dagbag.py:538} INFO - Filling up the DagBag from /home/airflow/.local/lib/python3.8/site-packages/airflow/example_dags/subdags/subdag.py
[2025-12-24T16:04:26.285+0000] {processor.py:842} WARNING - No viable dags retrieved from /home/airflow/.local/lib/python3.8/site-packages/airflow/example_dags/subdags/subdag.py
[2025-12-24T16:04:26.299+0000] {processor.py:183} INFO - Processing /home/airflow/.local/lib/python3.8/site-packages/airflow/example_dags/subdags/subdag.py took 0.023 seconds
[2025-12-24T16:04:56.402+0000] {processor.py:161} INFO - Started process (PID=3552) to work on /home/airflow/.local/lib/python3.8/site-packages/airflow/example_dags/subdags/subdag.py
[2025-12-24T16:04:56.403+0000] {processor.py:830} INFO - Processing file /home/airflow/.local/lib/python3.8/site-packages/airflow/example_dags/subdags/subdag.py for tasks to queue
[2025-12-24T16:04:56.404+0000] {logging_mixin.py:188} INFO - [2025-12-24T16:04:56.404+0000] {dagbag.py:538} INFO - Filling up the DagBag from /home/airflow/.local/lib/python3.8/site-packages/airflow/example_dags/subdags/subdag.py
[2025-12-24T16:04:56.407+0000] {processor.py:842} WARNING - No viable dags retrieved from /home/airflow/.local/lib/python3.8/site-packages/airflow/example_dags/subdags/subdag.py
[2025-12-24T16:04:56.421+0000] {processor.py:183} INFO - Processing /home/airflow/.local/lib/python3.8/site-packages/airflow/example_dags/subdags/subdag.py took 0.023 seconds
[2025-12-24T16:05:27.092+0000] {processor.py:161} INFO - Started process (PID=3608) to work on /home/airflow/.local/lib/python3.8/site-packages/airflow/example_dags/subdags/subdag.py
[2025-12-24T16:05:27.093+0000] {processor.py:830} INFO - Processing file /home/airflow/.local/lib/python3.8/site-packages/airflow/example_dags/subdags/subdag.py for tasks to queue
[2025-12-24T16:05:27.094+0000] {logging_mixin.py:188} INFO - [2025-12-24T16:05:27.094+0000] {dagbag.py:538} INFO - Filling up the DagBag from /home/airflow/.local/lib/python3.8/site-packages/airflow/example_dags/subdags/subdag.py
[2025-12-24T16:05:27.096+0000] {processor.py:842} WARNING - No viable dags retrieved from /home/airflow/.local/lib/python3.8/site-packages/airflow/example_dags/subdags/subdag.py
[2025-12-24T16:05:27.111+0000] {processor.py:183} INFO - Processing /home/airflow/.local/lib/python3.8/site-packages/airflow/example_dags/subdags/subdag.py took 0.025 seconds
[2025-12-24T16:05:57.784+0000] {processor.py:161} INFO - Started process (PID=3666) to work on /home/airflow/.local/lib/python3.8/site-packages/airflow/example_dags/subdags/subdag.py
[2025-12-24T16:05:57.786+0000] {processor.py:830} INFO - Processing file /home/airflow/.local/lib/python3.8/site-packages/airflow/example_dags/subdags/subdag.py for tasks to queue
[2025-12-24T16:05:57.787+0000] {logging_mixin.py:188} INFO - [2025-12-24T16:05:57.786+0000] {dagbag.py:538} INFO - Filling up the DagBag from /home/airflow/.local/lib/python3.8/site-packages/airflow/example_dags/subdags/subdag.py
[2025-12-24T16:05:57.791+0000] {processor.py:842} WARNING - No viable dags retrieved from /home/airflow/.local/lib/python3.8/site-packages/airflow/example_dags/subdags/subdag.py
[2025-12-24T16:05:57.805+0000] {processor.py:183} INFO - Processing /home/airflow/.local/lib/python3.8/site-packages/airflow/example_dags/subdags/subdag.py took 0.025 seconds
[2025-12-24T16:06:28.119+0000] {processor.py:161} INFO - Started process (PID=3732) to work on /home/airflow/.local/lib/python3.8/site-packages/airflow/example_dags/subdags/subdag.py
[2025-12-24T16:06:28.120+0000] {processor.py:830} INFO - Processing file /home/airflow/.local/lib/python3.8/site-packages/airflow/example_dags/subdags/subdag.py for tasks to queue
[2025-12-24T16:06:28.121+0000] {logging_mixin.py:188} INFO - [2025-12-24T16:06:28.121+0000] {dagbag.py:538} INFO - Filling up the DagBag from /home/airflow/.local/lib/python3.8/site-packages/airflow/example_dags/subdags/subdag.py
[2025-12-24T16:06:28.125+0000] {processor.py:842} WARNING - No viable dags retrieved from /home/airflow/.local/lib/python3.8/site-packages/airflow/example_dags/subdags/subdag.py
[2025-12-24T16:06:28.138+0000] {processor.py:183} INFO - Processing /home/airflow/.local/lib/python3.8/site-packages/airflow/example_dags/subdags/subdag.py took 0.023 seconds
[2025-12-24T16:06:59.888+0000] {processor.py:161} INFO - Started process (PID=3791) to work on /home/airflow/.local/lib/python3.8/site-packages/airflow/example_dags/subdags/subdag.py
[2025-12-24T16:06:59.890+0000] {processor.py:830} INFO - Processing file /home/airflow/.local/lib/python3.8/site-packages/airflow/example_dags/subdags/subdag.py for tasks to queue
[2025-12-24T16:06:59.891+0000] {logging_mixin.py:188} INFO - [2025-12-24T16:06:59.891+0000] {dagbag.py:538} INFO - Filling up the DagBag from /home/airflow/.local/lib/python3.8/site-packages/airflow/example_dags/subdags/subdag.py
[2025-12-24T16:06:59.894+0000] {processor.py:842} WARNING - No viable dags retrieved from /home/airflow/.local/lib/python3.8/site-packages/airflow/example_dags/subdags/subdag.py
[2025-12-24T16:06:59.909+0000] {processor.py:183} INFO - Processing /home/airflow/.local/lib/python3.8/site-packages/airflow/example_dags/subdags/subdag.py took 0.024 seconds
[2025-12-24T16:07:30.475+0000] {processor.py:161} INFO - Started process (PID=3847) to work on /home/airflow/.local/lib/python3.8/site-packages/airflow/example_dags/subdags/subdag.py
[2025-12-24T16:07:30.477+0000] {processor.py:830} INFO - Processing file /home/airflow/.local/lib/python3.8/site-packages/airflow/example_dags/subdags/subdag.py for tasks to queue
[2025-12-24T16:07:30.479+0000] {logging_mixin.py:188} INFO - [2025-12-24T16:07:30.478+0000] {dagbag.py:538} INFO - Filling up the DagBag from /home/airflow/.local/lib/python3.8/site-packages/airflow/example_dags/subdags/subdag.py
[2025-12-24T16:07:30.482+0000] {processor.py:842} WARNING - No viable dags retrieved from /home/airflow/.local/lib/python3.8/site-packages/airflow/example_dags/subdags/subdag.py
[2025-12-24T16:07:30.499+0000] {processor.py:183} INFO - Processing /home/airflow/.local/lib/python3.8/site-packages/airflow/example_dags/subdags/subdag.py took 0.029 seconds
[2025-12-24T16:08:01.352+0000] {processor.py:161} INFO - Started process (PID=3903) to work on /home/airflow/.local/lib/python3.8/site-packages/airflow/example_dags/subdags/subdag.py
[2025-12-24T16:08:01.353+0000] {processor.py:830} INFO - Processing file /home/airflow/.local/lib/python3.8/site-packages/airflow/example_dags/subdags/subdag.py for tasks to queue
[2025-12-24T16:08:01.354+0000] {logging_mixin.py:188} INFO - [2025-12-24T16:08:01.354+0000] {dagbag.py:538} INFO - Filling up the DagBag from /home/airflow/.local/lib/python3.8/site-packages/airflow/example_dags/subdags/subdag.py
[2025-12-24T16:08:01.358+0000] {processor.py:842} WARNING - No viable dags retrieved from /home/airflow/.local/lib/python3.8/site-packages/airflow/example_dags/subdags/subdag.py
[2025-12-24T16:08:01.373+0000] {processor.py:183} INFO - Processing /home/airflow/.local/lib/python3.8/site-packages/airflow/example_dags/subdags/subdag.py took 0.026 seconds
[2025-12-24T16:08:32.055+0000] {processor.py:161} INFO - Started process (PID=3959) to work on /home/airflow/.local/lib/python3.8/site-packages/airflow/example_dags/subdags/subdag.py
[2025-12-24T16:08:32.056+0000] {processor.py:830} INFO - Processing file /home/airflow/.local/lib/python3.8/site-packages/airflow/example_dags/subdags/subdag.py for tasks to queue
[2025-12-24T16:08:32.058+0000] {logging_mixin.py:188} INFO - [2025-12-24T16:08:32.057+0000] {dagbag.py:538} INFO - Filling up the DagBag from /home/airflow/.local/lib/python3.8/site-packages/airflow/example_dags/subdags/subdag.py
[2025-12-24T16:08:32.061+0000] {processor.py:842} WARNING - No viable dags retrieved from /home/airflow/.local/lib/python3.8/site-packages/airflow/example_dags/subdags/subdag.py
[2025-12-24T16:08:32.074+0000] {processor.py:183} INFO - Processing /home/airflow/.local/lib/python3.8/site-packages/airflow/example_dags/subdags/subdag.py took 0.022 seconds
[2025-12-24T16:09:02.485+0000] {processor.py:161} INFO - Started process (PID=4015) to work on /home/airflow/.local/lib/python3.8/site-packages/airflow/example_dags/subdags/subdag.py
[2025-12-24T16:09:02.487+0000] {processor.py:830} INFO - Processing file /home/airflow/.local/lib/python3.8/site-packages/airflow/example_dags/subdags/subdag.py for tasks to queue
[2025-12-24T16:09:02.488+0000] {logging_mixin.py:188} INFO - [2025-12-24T16:09:02.488+0000] {dagbag.py:538} INFO - Filling up the DagBag from /home/airflow/.local/lib/python3.8/site-packages/airflow/example_dags/subdags/subdag.py
[2025-12-24T16:09:02.491+0000] {processor.py:842} WARNING - No viable dags retrieved from /home/airflow/.local/lib/python3.8/site-packages/airflow/example_dags/subdags/subdag.py
[2025-12-24T16:09:02.509+0000] {processor.py:183} INFO - Processing /home/airflow/.local/lib/python3.8/site-packages/airflow/example_dags/subdags/subdag.py took 0.028 seconds
[2025-12-24T16:09:33.342+0000] {processor.py:161} INFO - Started process (PID=4071) to work on /home/airflow/.local/lib/python3.8/site-packages/airflow/example_dags/subdags/subdag.py
[2025-12-24T16:09:33.343+0000] {processor.py:830} INFO - Processing file /home/airflow/.local/lib/python3.8/site-packages/airflow/example_dags/subdags/subdag.py for tasks to queue
[2025-12-24T16:09:33.344+0000] {logging_mixin.py:188} INFO - [2025-12-24T16:09:33.344+0000] {dagbag.py:538} INFO - Filling up the DagBag from /home/airflow/.local/lib/python3.8/site-packages/airflow/example_dags/subdags/subdag.py
[2025-12-24T16:09:33.347+0000] {processor.py:842} WARNING - No viable dags retrieved from /home/airflow/.local/lib/python3.8/site-packages/airflow/example_dags/subdags/subdag.py
[2025-12-24T16:09:33.360+0000] {processor.py:183} INFO - Processing /home/airflow/.local/lib/python3.8/site-packages/airflow/example_dags/subdags/subdag.py took 0.022 seconds
[2025-12-24T16:10:04.094+0000] {processor.py:161} INFO - Started process (PID=4127) to work on /home/airflow/.local/lib/python3.8/site-packages/airflow/example_dags/subdags/subdag.py
[2025-12-24T16:10:04.095+0000] {processor.py:830} INFO - Processing file /home/airflow/.local/lib/python3.8/site-packages/airflow/example_dags/subdags/subdag.py for tasks to queue
[2025-12-24T16:10:04.096+0000] {logging_mixin.py:188} INFO - [2025-12-24T16:10:04.096+0000] {dagbag.py:538} INFO - Filling up the DagBag from /home/airflow/.local/lib/python3.8/site-packages/airflow/example_dags/subdags/subdag.py
[2025-12-24T16:10:04.099+0000] {processor.py:842} WARNING - No viable dags retrieved from /home/airflow/.local/lib/python3.8/site-packages/airflow/example_dags/subdags/subdag.py
[2025-12-24T16:10:04.113+0000] {processor.py:183} INFO - Processing /home/airflow/.local/lib/python3.8/site-packages/airflow/example_dags/subdags/subdag.py took 0.022 seconds
[2025-12-24T16:10:34.639+0000] {processor.py:161} INFO - Started process (PID=4183) to work on /home/airflow/.local/lib/python3.8/site-packages/airflow/example_dags/subdags/subdag.py
[2025-12-24T16:10:34.640+0000] {processor.py:830} INFO - Processing file /home/airflow/.local/lib/python3.8/site-packages/airflow/example_dags/subdags/subdag.py for tasks to queue
[2025-12-24T16:10:34.645+0000] {logging_mixin.py:188} INFO - [2025-12-24T16:10:34.644+0000] {dagbag.py:538} INFO - Filling up the DagBag from /home/airflow/.local/lib/python3.8/site-packages/airflow/example_dags/subdags/subdag.py
[2025-12-24T16:10:34.649+0000] {processor.py:842} WARNING - No viable dags retrieved from /home/airflow/.local/lib/python3.8/site-packages/airflow/example_dags/subdags/subdag.py
[2025-12-24T16:10:34.669+0000] {processor.py:183} INFO - Processing /home/airflow/.local/lib/python3.8/site-packages/airflow/example_dags/subdags/subdag.py took 0.034 seconds
[2025-12-24T16:11:05.223+0000] {processor.py:161} INFO - Started process (PID=4239) to work on /home/airflow/.local/lib/python3.8/site-packages/airflow/example_dags/subdags/subdag.py
[2025-12-24T16:11:05.224+0000] {processor.py:830} INFO - Processing file /home/airflow/.local/lib/python3.8/site-packages/airflow/example_dags/subdags/subdag.py for tasks to queue
[2025-12-24T16:11:05.226+0000] {logging_mixin.py:188} INFO - [2025-12-24T16:11:05.226+0000] {dagbag.py:538} INFO - Filling up the DagBag from /home/airflow/.local/lib/python3.8/site-packages/airflow/example_dags/subdags/subdag.py
[2025-12-24T16:11:05.229+0000] {processor.py:842} WARNING - No viable dags retrieved from /home/airflow/.local/lib/python3.8/site-packages/airflow/example_dags/subdags/subdag.py
[2025-12-24T16:11:05.245+0000] {processor.py:183} INFO - Processing /home/airflow/.local/lib/python3.8/site-packages/airflow/example_dags/subdags/subdag.py took 0.027 seconds
[2025-12-24T16:11:35.901+0000] {processor.py:161} INFO - Started process (PID=4295) to work on /home/airflow/.local/lib/python3.8/site-packages/airflow/example_dags/subdags/subdag.py
[2025-12-24T16:11:35.902+0000] {processor.py:830} INFO - Processing file /home/airflow/.local/lib/python3.8/site-packages/airflow/example_dags/subdags/subdag.py for tasks to queue
[2025-12-24T16:11:35.904+0000] {logging_mixin.py:188} INFO - [2025-12-24T16:11:35.904+0000] {dagbag.py:538} INFO - Filling up the DagBag from /home/airflow/.local/lib/python3.8/site-packages/airflow/example_dags/subdags/subdag.py
[2025-12-24T16:11:35.907+0000] {processor.py:842} WARNING - No viable dags retrieved from /home/airflow/.local/lib/python3.8/site-packages/airflow/example_dags/subdags/subdag.py
[2025-12-24T16:11:35.921+0000] {processor.py:183} INFO - Processing /home/airflow/.local/lib/python3.8/site-packages/airflow/example_dags/subdags/subdag.py took 0.024 seconds
[2025-12-24T16:12:07.073+0000] {processor.py:161} INFO - Started process (PID=4351) to work on /home/airflow/.local/lib/python3.8/site-packages/airflow/example_dags/subdags/subdag.py
[2025-12-24T16:12:07.076+0000] {processor.py:830} INFO - Processing file /home/airflow/.local/lib/python3.8/site-packages/airflow/example_dags/subdags/subdag.py for tasks to queue
[2025-12-24T16:12:07.077+0000] {logging_mixin.py:188} INFO - [2025-12-24T16:12:07.077+0000] {dagbag.py:538} INFO - Filling up the DagBag from /home/airflow/.local/lib/python3.8/site-packages/airflow/example_dags/subdags/subdag.py
[2025-12-24T16:12:07.080+0000] {processor.py:842} WARNING - No viable dags retrieved from /home/airflow/.local/lib/python3.8/site-packages/airflow/example_dags/subdags/subdag.py
[2025-12-24T16:12:07.095+0000] {processor.py:183} INFO - Processing /home/airflow/.local/lib/python3.8/site-packages/airflow/example_dags/subdags/subdag.py took 0.027 seconds
[2025-12-24T16:12:37.405+0000] {processor.py:161} INFO - Started process (PID=4410) to work on /home/airflow/.local/lib/python3.8/site-packages/airflow/example_dags/subdags/subdag.py
[2025-12-24T16:12:37.406+0000] {processor.py:830} INFO - Processing file /home/airflow/.local/lib/python3.8/site-packages/airflow/example_dags/subdags/subdag.py for tasks to queue
[2025-12-24T16:12:37.407+0000] {logging_mixin.py:188} INFO - [2025-12-24T16:12:37.406+0000] {dagbag.py:538} INFO - Filling up the DagBag from /home/airflow/.local/lib/python3.8/site-packages/airflow/example_dags/subdags/subdag.py
[2025-12-24T16:12:37.409+0000] {processor.py:842} WARNING - No viable dags retrieved from /home/airflow/.local/lib/python3.8/site-packages/airflow/example_dags/subdags/subdag.py
[2025-12-24T16:12:37.424+0000] {processor.py:183} INFO - Processing /home/airflow/.local/lib/python3.8/site-packages/airflow/example_dags/subdags/subdag.py took 0.023 seconds
[2025-12-24T16:13:08.285+0000] {processor.py:161} INFO - Started process (PID=4469) to work on /home/airflow/.local/lib/python3.8/site-packages/airflow/example_dags/subdags/subdag.py
[2025-12-24T16:13:08.286+0000] {processor.py:830} INFO - Processing file /home/airflow/.local/lib/python3.8/site-packages/airflow/example_dags/subdags/subdag.py for tasks to queue
[2025-12-24T16:13:08.287+0000] {logging_mixin.py:188} INFO - [2025-12-24T16:13:08.287+0000] {dagbag.py:538} INFO - Filling up the DagBag from /home/airflow/.local/lib/python3.8/site-packages/airflow/example_dags/subdags/subdag.py
[2025-12-24T16:13:08.290+0000] {processor.py:842} WARNING - No viable dags retrieved from /home/airflow/.local/lib/python3.8/site-packages/airflow/example_dags/subdags/subdag.py
[2025-12-24T16:13:08.302+0000] {processor.py:183} INFO - Processing /home/airflow/.local/lib/python3.8/site-packages/airflow/example_dags/subdags/subdag.py took 0.019 seconds
[2025-12-24T16:13:38.920+0000] {processor.py:161} INFO - Started process (PID=4525) to work on /home/airflow/.local/lib/python3.8/site-packages/airflow/example_dags/subdags/subdag.py
[2025-12-24T16:13:38.921+0000] {processor.py:830} INFO - Processing file /home/airflow/.local/lib/python3.8/site-packages/airflow/example_dags/subdags/subdag.py for tasks to queue
[2025-12-24T16:13:38.922+0000] {logging_mixin.py:188} INFO - [2025-12-24T16:13:38.922+0000] {dagbag.py:538} INFO - Filling up the DagBag from /home/airflow/.local/lib/python3.8/site-packages/airflow/example_dags/subdags/subdag.py
[2025-12-24T16:13:38.924+0000] {processor.py:842} WARNING - No viable dags retrieved from /home/airflow/.local/lib/python3.8/site-packages/airflow/example_dags/subdags/subdag.py
[2025-12-24T16:13:38.938+0000] {processor.py:183} INFO - Processing /home/airflow/.local/lib/python3.8/site-packages/airflow/example_dags/subdags/subdag.py took 0.021 seconds
[2025-12-24T16:14:09.390+0000] {processor.py:161} INFO - Started process (PID=4581) to work on /home/airflow/.local/lib/python3.8/site-packages/airflow/example_dags/subdags/subdag.py
[2025-12-24T16:14:09.392+0000] {processor.py:830} INFO - Processing file /home/airflow/.local/lib/python3.8/site-packages/airflow/example_dags/subdags/subdag.py for tasks to queue
[2025-12-24T16:14:09.393+0000] {logging_mixin.py:188} INFO - [2025-12-24T16:14:09.392+0000] {dagbag.py:538} INFO - Filling up the DagBag from /home/airflow/.local/lib/python3.8/site-packages/airflow/example_dags/subdags/subdag.py
[2025-12-24T16:14:09.396+0000] {processor.py:842} WARNING - No viable dags retrieved from /home/airflow/.local/lib/python3.8/site-packages/airflow/example_dags/subdags/subdag.py
[2025-12-24T16:14:09.415+0000] {processor.py:183} INFO - Processing /home/airflow/.local/lib/python3.8/site-packages/airflow/example_dags/subdags/subdag.py took 0.028 seconds
[2025-12-24T16:14:40.484+0000] {processor.py:161} INFO - Started process (PID=4637) to work on /home/airflow/.local/lib/python3.8/site-packages/airflow/example_dags/subdags/subdag.py
[2025-12-24T16:14:40.485+0000] {processor.py:830} INFO - Processing file /home/airflow/.local/lib/python3.8/site-packages/airflow/example_dags/subdags/subdag.py for tasks to queue
[2025-12-24T16:14:40.486+0000] {logging_mixin.py:188} INFO - [2025-12-24T16:14:40.485+0000] {dagbag.py:538} INFO - Filling up the DagBag from /home/airflow/.local/lib/python3.8/site-packages/airflow/example_dags/subdags/subdag.py
[2025-12-24T16:14:40.488+0000] {processor.py:842} WARNING - No viable dags retrieved from /home/airflow/.local/lib/python3.8/site-packages/airflow/example_dags/subdags/subdag.py
[2025-12-24T16:14:40.502+0000] {processor.py:183} INFO - Processing /home/airflow/.local/lib/python3.8/site-packages/airflow/example_dags/subdags/subdag.py took 0.023 seconds
[2025-12-24T16:15:11.645+0000] {processor.py:161} INFO - Started process (PID=4693) to work on /home/airflow/.local/lib/python3.8/site-packages/airflow/example_dags/subdags/subdag.py
[2025-12-24T16:15:11.648+0000] {processor.py:830} INFO - Processing file /home/airflow/.local/lib/python3.8/site-packages/airflow/example_dags/subdags/subdag.py for tasks to queue
[2025-12-24T16:15:11.650+0000] {logging_mixin.py:188} INFO - [2025-12-24T16:15:11.649+0000] {dagbag.py:538} INFO - Filling up the DagBag from /home/airflow/.local/lib/python3.8/site-packages/airflow/example_dags/subdags/subdag.py
[2025-12-24T16:15:11.654+0000] {processor.py:842} WARNING - No viable dags retrieved from /home/airflow/.local/lib/python3.8/site-packages/airflow/example_dags/subdags/subdag.py
[2025-12-24T16:15:11.679+0000] {processor.py:183} INFO - Processing /home/airflow/.local/lib/python3.8/site-packages/airflow/example_dags/subdags/subdag.py took 0.039 seconds
[2025-12-24T16:15:41.817+0000] {processor.py:161} INFO - Started process (PID=4749) to work on /home/airflow/.local/lib/python3.8/site-packages/airflow/example_dags/subdags/subdag.py
[2025-12-24T16:15:41.819+0000] {processor.py:830} INFO - Processing file /home/airflow/.local/lib/python3.8/site-packages/airflow/example_dags/subdags/subdag.py for tasks to queue
[2025-12-24T16:15:41.820+0000] {logging_mixin.py:188} INFO - [2025-12-24T16:15:41.820+0000] {dagbag.py:538} INFO - Filling up the DagBag from /home/airflow/.local/lib/python3.8/site-packages/airflow/example_dags/subdags/subdag.py
[2025-12-24T16:15:41.822+0000] {processor.py:842} WARNING - No viable dags retrieved from /home/airflow/.local/lib/python3.8/site-packages/airflow/example_dags/subdags/subdag.py
[2025-12-24T16:15:41.838+0000] {processor.py:183} INFO - Processing /home/airflow/.local/lib/python3.8/site-packages/airflow/example_dags/subdags/subdag.py took 0.025 seconds
[2025-12-24T16:16:14.317+0000] {processor.py:161} INFO - Started process (PID=4810) to work on /home/airflow/.local/lib/python3.8/site-packages/airflow/example_dags/subdags/subdag.py
[2025-12-24T16:16:14.318+0000] {processor.py:830} INFO - Processing file /home/airflow/.local/lib/python3.8/site-packages/airflow/example_dags/subdags/subdag.py for tasks to queue
[2025-12-24T16:16:14.321+0000] {logging_mixin.py:188} INFO - [2025-12-24T16:16:14.320+0000] {dagbag.py:538} INFO - Filling up the DagBag from /home/airflow/.local/lib/python3.8/site-packages/airflow/example_dags/subdags/subdag.py
[2025-12-24T16:16:14.329+0000] {processor.py:842} WARNING - No viable dags retrieved from /home/airflow/.local/lib/python3.8/site-packages/airflow/example_dags/subdags/subdag.py
[2025-12-24T16:16:14.358+0000] {processor.py:183} INFO - Processing /home/airflow/.local/lib/python3.8/site-packages/airflow/example_dags/subdags/subdag.py took 0.046 seconds
[2025-12-24T16:16:44.736+0000] {processor.py:161} INFO - Started process (PID=4866) to work on /home/airflow/.local/lib/python3.8/site-packages/airflow/example_dags/subdags/subdag.py
[2025-12-24T16:16:44.737+0000] {processor.py:830} INFO - Processing file /home/airflow/.local/lib/python3.8/site-packages/airflow/example_dags/subdags/subdag.py for tasks to queue
[2025-12-24T16:16:44.739+0000] {logging_mixin.py:188} INFO - [2025-12-24T16:16:44.738+0000] {dagbag.py:538} INFO - Filling up the DagBag from /home/airflow/.local/lib/python3.8/site-packages/airflow/example_dags/subdags/subdag.py
[2025-12-24T16:16:44.741+0000] {processor.py:842} WARNING - No viable dags retrieved from /home/airflow/.local/lib/python3.8/site-packages/airflow/example_dags/subdags/subdag.py
[2025-12-24T16:16:44.756+0000] {processor.py:183} INFO - Processing /home/airflow/.local/lib/python3.8/site-packages/airflow/example_dags/subdags/subdag.py took 0.023 seconds
[2025-12-24T16:17:15.836+0000] {processor.py:161} INFO - Started process (PID=4922) to work on /home/airflow/.local/lib/python3.8/site-packages/airflow/example_dags/subdags/subdag.py
[2025-12-24T16:17:15.837+0000] {processor.py:830} INFO - Processing file /home/airflow/.local/lib/python3.8/site-packages/airflow/example_dags/subdags/subdag.py for tasks to queue
[2025-12-24T16:17:15.839+0000] {logging_mixin.py:188} INFO - [2025-12-24T16:17:15.839+0000] {dagbag.py:538} INFO - Filling up the DagBag from /home/airflow/.local/lib/python3.8/site-packages/airflow/example_dags/subdags/subdag.py
[2025-12-24T16:17:15.843+0000] {processor.py:842} WARNING - No viable dags retrieved from /home/airflow/.local/lib/python3.8/site-packages/airflow/example_dags/subdags/subdag.py
[2025-12-24T16:17:15.866+0000] {processor.py:183} INFO - Processing /home/airflow/.local/lib/python3.8/site-packages/airflow/example_dags/subdags/subdag.py took 0.036 seconds
[2025-12-24T16:17:46.111+0000] {processor.py:161} INFO - Started process (PID=4978) to work on /home/airflow/.local/lib/python3.8/site-packages/airflow/example_dags/subdags/subdag.py
[2025-12-24T16:17:46.112+0000] {processor.py:830} INFO - Processing file /home/airflow/.local/lib/python3.8/site-packages/airflow/example_dags/subdags/subdag.py for tasks to queue
[2025-12-24T16:17:46.114+0000] {logging_mixin.py:188} INFO - [2025-12-24T16:17:46.113+0000] {dagbag.py:538} INFO - Filling up the DagBag from /home/airflow/.local/lib/python3.8/site-packages/airflow/example_dags/subdags/subdag.py
[2025-12-24T16:17:46.116+0000] {processor.py:842} WARNING - No viable dags retrieved from /home/airflow/.local/lib/python3.8/site-packages/airflow/example_dags/subdags/subdag.py
[2025-12-24T16:17:46.131+0000] {processor.py:183} INFO - Processing /home/airflow/.local/lib/python3.8/site-packages/airflow/example_dags/subdags/subdag.py took 0.024 seconds
[2025-12-24T16:18:16.518+0000] {processor.py:161} INFO - Started process (PID=5034) to work on /home/airflow/.local/lib/python3.8/site-packages/airflow/example_dags/subdags/subdag.py
[2025-12-24T16:18:16.522+0000] {processor.py:830} INFO - Processing file /home/airflow/.local/lib/python3.8/site-packages/airflow/example_dags/subdags/subdag.py for tasks to queue
[2025-12-24T16:18:16.524+0000] {logging_mixin.py:188} INFO - [2025-12-24T16:18:16.523+0000] {dagbag.py:538} INFO - Filling up the DagBag from /home/airflow/.local/lib/python3.8/site-packages/airflow/example_dags/subdags/subdag.py
[2025-12-24T16:18:16.528+0000] {processor.py:842} WARNING - No viable dags retrieved from /home/airflow/.local/lib/python3.8/site-packages/airflow/example_dags/subdags/subdag.py
[2025-12-24T16:18:16.551+0000] {processor.py:183} INFO - Processing /home/airflow/.local/lib/python3.8/site-packages/airflow/example_dags/subdags/subdag.py took 0.040 seconds
[2025-12-24T16:18:46.761+0000] {processor.py:161} INFO - Started process (PID=5090) to work on /home/airflow/.local/lib/python3.8/site-packages/airflow/example_dags/subdags/subdag.py
[2025-12-24T16:18:46.762+0000] {processor.py:830} INFO - Processing file /home/airflow/.local/lib/python3.8/site-packages/airflow/example_dags/subdags/subdag.py for tasks to queue
[2025-12-24T16:18:46.764+0000] {logging_mixin.py:188} INFO - [2025-12-24T16:18:46.764+0000] {dagbag.py:538} INFO - Filling up the DagBag from /home/airflow/.local/lib/python3.8/site-packages/airflow/example_dags/subdags/subdag.py
[2025-12-24T16:18:46.767+0000] {processor.py:842} WARNING - No viable dags retrieved from /home/airflow/.local/lib/python3.8/site-packages/airflow/example_dags/subdags/subdag.py
[2025-12-24T16:18:46.780+0000] {processor.py:183} INFO - Processing /home/airflow/.local/lib/python3.8/site-packages/airflow/example_dags/subdags/subdag.py took 0.022 seconds
[2025-12-24T16:19:17.722+0000] {processor.py:161} INFO - Started process (PID=5146) to work on /home/airflow/.local/lib/python3.8/site-packages/airflow/example_dags/subdags/subdag.py
[2025-12-24T16:19:17.723+0000] {processor.py:830} INFO - Processing file /home/airflow/.local/lib/python3.8/site-packages/airflow/example_dags/subdags/subdag.py for tasks to queue
[2025-12-24T16:19:17.724+0000] {logging_mixin.py:188} INFO - [2025-12-24T16:19:17.724+0000] {dagbag.py:538} INFO - Filling up the DagBag from /home/airflow/.local/lib/python3.8/site-packages/airflow/example_dags/subdags/subdag.py
[2025-12-24T16:19:17.727+0000] {processor.py:842} WARNING - No viable dags retrieved from /home/airflow/.local/lib/python3.8/site-packages/airflow/example_dags/subdags/subdag.py
[2025-12-24T16:19:17.740+0000] {processor.py:183} INFO - Processing /home/airflow/.local/lib/python3.8/site-packages/airflow/example_dags/subdags/subdag.py took 0.021 seconds
[2025-12-24T16:19:48.258+0000] {processor.py:161} INFO - Started process (PID=5202) to work on /home/airflow/.local/lib/python3.8/site-packages/airflow/example_dags/subdags/subdag.py
[2025-12-24T16:19:48.259+0000] {processor.py:830} INFO - Processing file /home/airflow/.local/lib/python3.8/site-packages/airflow/example_dags/subdags/subdag.py for tasks to queue
[2025-12-24T16:19:48.261+0000] {logging_mixin.py:188} INFO - [2025-12-24T16:19:48.260+0000] {dagbag.py:538} INFO - Filling up the DagBag from /home/airflow/.local/lib/python3.8/site-packages/airflow/example_dags/subdags/subdag.py
[2025-12-24T16:19:48.263+0000] {processor.py:842} WARNING - No viable dags retrieved from /home/airflow/.local/lib/python3.8/site-packages/airflow/example_dags/subdags/subdag.py
[2025-12-24T16:19:48.277+0000] {processor.py:183} INFO - Processing /home/airflow/.local/lib/python3.8/site-packages/airflow/example_dags/subdags/subdag.py took 0.023 seconds
[2025-12-24T16:20:18.602+0000] {processor.py:161} INFO - Started process (PID=5258) to work on /home/airflow/.local/lib/python3.8/site-packages/airflow/example_dags/subdags/subdag.py
[2025-12-24T16:20:18.604+0000] {processor.py:830} INFO - Processing file /home/airflow/.local/lib/python3.8/site-packages/airflow/example_dags/subdags/subdag.py for tasks to queue
[2025-12-24T16:20:18.605+0000] {logging_mixin.py:188} INFO - [2025-12-24T16:20:18.604+0000] {dagbag.py:538} INFO - Filling up the DagBag from /home/airflow/.local/lib/python3.8/site-packages/airflow/example_dags/subdags/subdag.py
[2025-12-24T16:20:18.608+0000] {processor.py:842} WARNING - No viable dags retrieved from /home/airflow/.local/lib/python3.8/site-packages/airflow/example_dags/subdags/subdag.py
[2025-12-24T16:20:18.622+0000] {processor.py:183} INFO - Processing /home/airflow/.local/lib/python3.8/site-packages/airflow/example_dags/subdags/subdag.py took 0.023 seconds
[2025-12-24T16:20:49.177+0000] {processor.py:161} INFO - Started process (PID=5314) to work on /home/airflow/.local/lib/python3.8/site-packages/airflow/example_dags/subdags/subdag.py
[2025-12-24T16:20:49.178+0000] {processor.py:830} INFO - Processing file /home/airflow/.local/lib/python3.8/site-packages/airflow/example_dags/subdags/subdag.py for tasks to queue
[2025-12-24T16:20:49.180+0000] {logging_mixin.py:188} INFO - [2025-12-24T16:20:49.179+0000] {dagbag.py:538} INFO - Filling up the DagBag from /home/airflow/.local/lib/python3.8/site-packages/airflow/example_dags/subdags/subdag.py
[2025-12-24T16:20:49.183+0000] {processor.py:842} WARNING - No viable dags retrieved from /home/airflow/.local/lib/python3.8/site-packages/airflow/example_dags/subdags/subdag.py
[2025-12-24T16:20:49.199+0000] {processor.py:183} INFO - Processing /home/airflow/.local/lib/python3.8/site-packages/airflow/example_dags/subdags/subdag.py took 0.028 seconds
[2025-12-24T16:21:20.173+0000] {processor.py:161} INFO - Started process (PID=5370) to work on /home/airflow/.local/lib/python3.8/site-packages/airflow/example_dags/subdags/subdag.py
[2025-12-24T16:21:20.175+0000] {processor.py:830} INFO - Processing file /home/airflow/.local/lib/python3.8/site-packages/airflow/example_dags/subdags/subdag.py for tasks to queue
[2025-12-24T16:21:20.176+0000] {logging_mixin.py:188} INFO - [2025-12-24T16:21:20.176+0000] {dagbag.py:538} INFO - Filling up the DagBag from /home/airflow/.local/lib/python3.8/site-packages/airflow/example_dags/subdags/subdag.py
[2025-12-24T16:21:20.181+0000] {processor.py:842} WARNING - No viable dags retrieved from /home/airflow/.local/lib/python3.8/site-packages/airflow/example_dags/subdags/subdag.py
[2025-12-24T16:21:20.201+0000] {processor.py:183} INFO - Processing /home/airflow/.local/lib/python3.8/site-packages/airflow/example_dags/subdags/subdag.py took 0.033 seconds
[2025-12-24T16:21:50.388+0000] {processor.py:161} INFO - Started process (PID=5426) to work on /home/airflow/.local/lib/python3.8/site-packages/airflow/example_dags/subdags/subdag.py
[2025-12-24T16:21:50.390+0000] {processor.py:830} INFO - Processing file /home/airflow/.local/lib/python3.8/site-packages/airflow/example_dags/subdags/subdag.py for tasks to queue
[2025-12-24T16:21:50.391+0000] {logging_mixin.py:188} INFO - [2025-12-24T16:21:50.390+0000] {dagbag.py:538} INFO - Filling up the DagBag from /home/airflow/.local/lib/python3.8/site-packages/airflow/example_dags/subdags/subdag.py
[2025-12-24T16:21:50.394+0000] {processor.py:842} WARNING - No viable dags retrieved from /home/airflow/.local/lib/python3.8/site-packages/airflow/example_dags/subdags/subdag.py
[2025-12-24T16:21:50.412+0000] {processor.py:183} INFO - Processing /home/airflow/.local/lib/python3.8/site-packages/airflow/example_dags/subdags/subdag.py took 0.028 seconds
[2025-12-24T16:22:20.592+0000] {processor.py:161} INFO - Started process (PID=5482) to work on /home/airflow/.local/lib/python3.8/site-packages/airflow/example_dags/subdags/subdag.py
[2025-12-24T16:22:20.594+0000] {processor.py:830} INFO - Processing file /home/airflow/.local/lib/python3.8/site-packages/airflow/example_dags/subdags/subdag.py for tasks to queue
[2025-12-24T16:22:20.596+0000] {logging_mixin.py:188} INFO - [2025-12-24T16:22:20.595+0000] {dagbag.py:538} INFO - Filling up the DagBag from /home/airflow/.local/lib/python3.8/site-packages/airflow/example_dags/subdags/subdag.py
[2025-12-24T16:22:20.600+0000] {processor.py:842} WARNING - No viable dags retrieved from /home/airflow/.local/lib/python3.8/site-packages/airflow/example_dags/subdags/subdag.py
[2025-12-24T16:22:20.618+0000] {processor.py:183} INFO - Processing /home/airflow/.local/lib/python3.8/site-packages/airflow/example_dags/subdags/subdag.py took 0.030 seconds
[2025-12-24T16:22:51.471+0000] {processor.py:161} INFO - Started process (PID=5538) to work on /home/airflow/.local/lib/python3.8/site-packages/airflow/example_dags/subdags/subdag.py
[2025-12-24T16:22:51.472+0000] {processor.py:830} INFO - Processing file /home/airflow/.local/lib/python3.8/site-packages/airflow/example_dags/subdags/subdag.py for tasks to queue
[2025-12-24T16:22:51.473+0000] {logging_mixin.py:188} INFO - [2025-12-24T16:22:51.473+0000] {dagbag.py:538} INFO - Filling up the DagBag from /home/airflow/.local/lib/python3.8/site-packages/airflow/example_dags/subdags/subdag.py
[2025-12-24T16:22:51.476+0000] {processor.py:842} WARNING - No viable dags retrieved from /home/airflow/.local/lib/python3.8/site-packages/airflow/example_dags/subdags/subdag.py
[2025-12-24T16:22:51.489+0000] {processor.py:183} INFO - Processing /home/airflow/.local/lib/python3.8/site-packages/airflow/example_dags/subdags/subdag.py took 0.022 seconds
[2025-12-24T16:23:21.906+0000] {processor.py:161} INFO - Started process (PID=5594) to work on /home/airflow/.local/lib/python3.8/site-packages/airflow/example_dags/subdags/subdag.py
[2025-12-24T16:23:21.908+0000] {processor.py:830} INFO - Processing file /home/airflow/.local/lib/python3.8/site-packages/airflow/example_dags/subdags/subdag.py for tasks to queue
[2025-12-24T16:23:21.909+0000] {logging_mixin.py:188} INFO - [2025-12-24T16:23:21.908+0000] {dagbag.py:538} INFO - Filling up the DagBag from /home/airflow/.local/lib/python3.8/site-packages/airflow/example_dags/subdags/subdag.py
[2025-12-24T16:23:21.912+0000] {processor.py:842} WARNING - No viable dags retrieved from /home/airflow/.local/lib/python3.8/site-packages/airflow/example_dags/subdags/subdag.py
[2025-12-24T16:23:21.924+0000] {processor.py:183} INFO - Processing /home/airflow/.local/lib/python3.8/site-packages/airflow/example_dags/subdags/subdag.py took 0.021 seconds
[2025-12-24T16:23:52.096+0000] {processor.py:161} INFO - Started process (PID=5650) to work on /home/airflow/.local/lib/python3.8/site-packages/airflow/example_dags/subdags/subdag.py
[2025-12-24T16:23:52.097+0000] {processor.py:830} INFO - Processing file /home/airflow/.local/lib/python3.8/site-packages/airflow/example_dags/subdags/subdag.py for tasks to queue
[2025-12-24T16:23:52.098+0000] {logging_mixin.py:188} INFO - [2025-12-24T16:23:52.098+0000] {dagbag.py:538} INFO - Filling up the DagBag from /home/airflow/.local/lib/python3.8/site-packages/airflow/example_dags/subdags/subdag.py
[2025-12-24T16:23:52.101+0000] {processor.py:842} WARNING - No viable dags retrieved from /home/airflow/.local/lib/python3.8/site-packages/airflow/example_dags/subdags/subdag.py
[2025-12-24T16:23:52.118+0000] {processor.py:183} INFO - Processing /home/airflow/.local/lib/python3.8/site-packages/airflow/example_dags/subdags/subdag.py took 0.027 seconds
[2025-12-24T16:24:22.392+0000] {processor.py:161} INFO - Started process (PID=5706) to work on /home/airflow/.local/lib/python3.8/site-packages/airflow/example_dags/subdags/subdag.py
[2025-12-24T16:24:22.393+0000] {processor.py:830} INFO - Processing file /home/airflow/.local/lib/python3.8/site-packages/airflow/example_dags/subdags/subdag.py for tasks to queue
[2025-12-24T16:24:22.395+0000] {logging_mixin.py:188} INFO - [2025-12-24T16:24:22.395+0000] {dagbag.py:538} INFO - Filling up the DagBag from /home/airflow/.local/lib/python3.8/site-packages/airflow/example_dags/subdags/subdag.py
[2025-12-24T16:24:22.398+0000] {processor.py:842} WARNING - No viable dags retrieved from /home/airflow/.local/lib/python3.8/site-packages/airflow/example_dags/subdags/subdag.py
[2025-12-24T16:24:22.411+0000] {processor.py:183} INFO - Processing /home/airflow/.local/lib/python3.8/site-packages/airflow/example_dags/subdags/subdag.py took 0.022 seconds
[2025-12-24T16:24:53.273+0000] {processor.py:161} INFO - Started process (PID=5762) to work on /home/airflow/.local/lib/python3.8/site-packages/airflow/example_dags/subdags/subdag.py
[2025-12-24T16:24:53.275+0000] {processor.py:830} INFO - Processing file /home/airflow/.local/lib/python3.8/site-packages/airflow/example_dags/subdags/subdag.py for tasks to queue
[2025-12-24T16:24:53.276+0000] {logging_mixin.py:188} INFO - [2025-12-24T16:24:53.275+0000] {dagbag.py:538} INFO - Filling up the DagBag from /home/airflow/.local/lib/python3.8/site-packages/airflow/example_dags/subdags/subdag.py
[2025-12-24T16:24:53.279+0000] {processor.py:842} WARNING - No viable dags retrieved from /home/airflow/.local/lib/python3.8/site-packages/airflow/example_dags/subdags/subdag.py
[2025-12-24T16:24:53.297+0000] {processor.py:183} INFO - Processing /home/airflow/.local/lib/python3.8/site-packages/airflow/example_dags/subdags/subdag.py took 0.028 seconds
[2025-12-24T16:25:24.106+0000] {processor.py:161} INFO - Started process (PID=5818) to work on /home/airflow/.local/lib/python3.8/site-packages/airflow/example_dags/subdags/subdag.py
[2025-12-24T16:25:24.108+0000] {processor.py:830} INFO - Processing file /home/airflow/.local/lib/python3.8/site-packages/airflow/example_dags/subdags/subdag.py for tasks to queue
[2025-12-24T16:25:24.109+0000] {logging_mixin.py:188} INFO - [2025-12-24T16:25:24.108+0000] {dagbag.py:538} INFO - Filling up the DagBag from /home/airflow/.local/lib/python3.8/site-packages/airflow/example_dags/subdags/subdag.py
[2025-12-24T16:25:24.111+0000] {processor.py:842} WARNING - No viable dags retrieved from /home/airflow/.local/lib/python3.8/site-packages/airflow/example_dags/subdags/subdag.py
[2025-12-24T16:25:24.128+0000] {processor.py:183} INFO - Processing /home/airflow/.local/lib/python3.8/site-packages/airflow/example_dags/subdags/subdag.py took 0.025 seconds
[2025-12-24T16:25:54.324+0000] {processor.py:161} INFO - Started process (PID=5874) to work on /home/airflow/.local/lib/python3.8/site-packages/airflow/example_dags/subdags/subdag.py
[2025-12-24T16:25:54.325+0000] {processor.py:830} INFO - Processing file /home/airflow/.local/lib/python3.8/site-packages/airflow/example_dags/subdags/subdag.py for tasks to queue
[2025-12-24T16:25:54.327+0000] {logging_mixin.py:188} INFO - [2025-12-24T16:25:54.326+0000] {dagbag.py:538} INFO - Filling up the DagBag from /home/airflow/.local/lib/python3.8/site-packages/airflow/example_dags/subdags/subdag.py
[2025-12-24T16:25:54.330+0000] {processor.py:842} WARNING - No viable dags retrieved from /home/airflow/.local/lib/python3.8/site-packages/airflow/example_dags/subdags/subdag.py
[2025-12-24T16:25:54.349+0000] {processor.py:183} INFO - Processing /home/airflow/.local/lib/python3.8/site-packages/airflow/example_dags/subdags/subdag.py took 0.028 seconds
[2025-12-24T16:26:24.630+0000] {processor.py:161} INFO - Started process (PID=5930) to work on /home/airflow/.local/lib/python3.8/site-packages/airflow/example_dags/subdags/subdag.py
[2025-12-24T16:26:24.631+0000] {processor.py:830} INFO - Processing file /home/airflow/.local/lib/python3.8/site-packages/airflow/example_dags/subdags/subdag.py for tasks to queue
[2025-12-24T16:26:24.632+0000] {logging_mixin.py:188} INFO - [2025-12-24T16:26:24.632+0000] {dagbag.py:538} INFO - Filling up the DagBag from /home/airflow/.local/lib/python3.8/site-packages/airflow/example_dags/subdags/subdag.py
[2025-12-24T16:26:24.635+0000] {processor.py:842} WARNING - No viable dags retrieved from /home/airflow/.local/lib/python3.8/site-packages/airflow/example_dags/subdags/subdag.py
[2025-12-24T16:26:24.651+0000] {processor.py:183} INFO - Processing /home/airflow/.local/lib/python3.8/site-packages/airflow/example_dags/subdags/subdag.py took 0.027 seconds
[2025-12-24T16:26:54.903+0000] {processor.py:161} INFO - Started process (PID=5986) to work on /home/airflow/.local/lib/python3.8/site-packages/airflow/example_dags/subdags/subdag.py
[2025-12-24T16:26:54.904+0000] {processor.py:830} INFO - Processing file /home/airflow/.local/lib/python3.8/site-packages/airflow/example_dags/subdags/subdag.py for tasks to queue
[2025-12-24T16:26:54.906+0000] {logging_mixin.py:188} INFO - [2025-12-24T16:26:54.905+0000] {dagbag.py:538} INFO - Filling up the DagBag from /home/airflow/.local/lib/python3.8/site-packages/airflow/example_dags/subdags/subdag.py
[2025-12-24T16:26:54.908+0000] {processor.py:842} WARNING - No viable dags retrieved from /home/airflow/.local/lib/python3.8/site-packages/airflow/example_dags/subdags/subdag.py
[2025-12-24T16:26:54.924+0000] {processor.py:183} INFO - Processing /home/airflow/.local/lib/python3.8/site-packages/airflow/example_dags/subdags/subdag.py took 0.025 seconds
[2025-12-24T16:27:25.106+0000] {processor.py:161} INFO - Started process (PID=6042) to work on /home/airflow/.local/lib/python3.8/site-packages/airflow/example_dags/subdags/subdag.py
[2025-12-24T16:27:25.107+0000] {processor.py:830} INFO - Processing file /home/airflow/.local/lib/python3.8/site-packages/airflow/example_dags/subdags/subdag.py for tasks to queue
[2025-12-24T16:27:25.108+0000] {logging_mixin.py:188} INFO - [2025-12-24T16:27:25.107+0000] {dagbag.py:538} INFO - Filling up the DagBag from /home/airflow/.local/lib/python3.8/site-packages/airflow/example_dags/subdags/subdag.py
[2025-12-24T16:27:25.110+0000] {processor.py:842} WARNING - No viable dags retrieved from /home/airflow/.local/lib/python3.8/site-packages/airflow/example_dags/subdags/subdag.py
[2025-12-24T16:27:25.124+0000] {processor.py:183} INFO - Processing /home/airflow/.local/lib/python3.8/site-packages/airflow/example_dags/subdags/subdag.py took 0.022 seconds
[2025-12-24T16:27:55.395+0000] {processor.py:161} INFO - Started process (PID=6098) to work on /home/airflow/.local/lib/python3.8/site-packages/airflow/example_dags/subdags/subdag.py
[2025-12-24T16:27:55.397+0000] {processor.py:830} INFO - Processing file /home/airflow/.local/lib/python3.8/site-packages/airflow/example_dags/subdags/subdag.py for tasks to queue
[2025-12-24T16:27:55.398+0000] {logging_mixin.py:188} INFO - [2025-12-24T16:27:55.398+0000] {dagbag.py:538} INFO - Filling up the DagBag from /home/airflow/.local/lib/python3.8/site-packages/airflow/example_dags/subdags/subdag.py
[2025-12-24T16:27:55.401+0000] {processor.py:842} WARNING - No viable dags retrieved from /home/airflow/.local/lib/python3.8/site-packages/airflow/example_dags/subdags/subdag.py
[2025-12-24T16:27:55.415+0000] {processor.py:183} INFO - Processing /home/airflow/.local/lib/python3.8/site-packages/airflow/example_dags/subdags/subdag.py took 0.023 seconds
[2025-12-24T16:28:26.049+0000] {processor.py:161} INFO - Started process (PID=6154) to work on /home/airflow/.local/lib/python3.8/site-packages/airflow/example_dags/subdags/subdag.py
[2025-12-24T16:28:26.051+0000] {processor.py:830} INFO - Processing file /home/airflow/.local/lib/python3.8/site-packages/airflow/example_dags/subdags/subdag.py for tasks to queue
[2025-12-24T16:28:26.052+0000] {logging_mixin.py:188} INFO - [2025-12-24T16:28:26.052+0000] {dagbag.py:538} INFO - Filling up the DagBag from /home/airflow/.local/lib/python3.8/site-packages/airflow/example_dags/subdags/subdag.py
[2025-12-24T16:28:26.055+0000] {processor.py:842} WARNING - No viable dags retrieved from /home/airflow/.local/lib/python3.8/site-packages/airflow/example_dags/subdags/subdag.py
[2025-12-24T16:28:26.071+0000] {processor.py:183} INFO - Processing /home/airflow/.local/lib/python3.8/site-packages/airflow/example_dags/subdags/subdag.py took 0.027 seconds
[2025-12-24T16:28:56.492+0000] {processor.py:161} INFO - Started process (PID=6210) to work on /home/airflow/.local/lib/python3.8/site-packages/airflow/example_dags/subdags/subdag.py
[2025-12-24T16:28:56.493+0000] {processor.py:830} INFO - Processing file /home/airflow/.local/lib/python3.8/site-packages/airflow/example_dags/subdags/subdag.py for tasks to queue
[2025-12-24T16:28:56.494+0000] {logging_mixin.py:188} INFO - [2025-12-24T16:28:56.494+0000] {dagbag.py:538} INFO - Filling up the DagBag from /home/airflow/.local/lib/python3.8/site-packages/airflow/example_dags/subdags/subdag.py
[2025-12-24T16:28:56.497+0000] {processor.py:842} WARNING - No viable dags retrieved from /home/airflow/.local/lib/python3.8/site-packages/airflow/example_dags/subdags/subdag.py
[2025-12-24T16:28:56.510+0000] {processor.py:183} INFO - Processing /home/airflow/.local/lib/python3.8/site-packages/airflow/example_dags/subdags/subdag.py took 0.021 seconds
[2025-12-24T16:29:26.981+0000] {processor.py:161} INFO - Started process (PID=6266) to work on /home/airflow/.local/lib/python3.8/site-packages/airflow/example_dags/subdags/subdag.py
[2025-12-24T16:29:26.982+0000] {processor.py:830} INFO - Processing file /home/airflow/.local/lib/python3.8/site-packages/airflow/example_dags/subdags/subdag.py for tasks to queue
[2025-12-24T16:29:26.983+0000] {logging_mixin.py:188} INFO - [2025-12-24T16:29:26.983+0000] {dagbag.py:538} INFO - Filling up the DagBag from /home/airflow/.local/lib/python3.8/site-packages/airflow/example_dags/subdags/subdag.py
[2025-12-24T16:29:26.986+0000] {processor.py:842} WARNING - No viable dags retrieved from /home/airflow/.local/lib/python3.8/site-packages/airflow/example_dags/subdags/subdag.py
[2025-12-24T16:29:27.001+0000] {processor.py:183} INFO - Processing /home/airflow/.local/lib/python3.8/site-packages/airflow/example_dags/subdags/subdag.py took 0.025 seconds
[2025-12-24T16:29:57.245+0000] {processor.py:161} INFO - Started process (PID=6323) to work on /home/airflow/.local/lib/python3.8/site-packages/airflow/example_dags/subdags/subdag.py
[2025-12-24T16:29:57.246+0000] {processor.py:830} INFO - Processing file /home/airflow/.local/lib/python3.8/site-packages/airflow/example_dags/subdags/subdag.py for tasks to queue
[2025-12-24T16:29:57.248+0000] {logging_mixin.py:188} INFO - [2025-12-24T16:29:57.247+0000] {dagbag.py:538} INFO - Filling up the DagBag from /home/airflow/.local/lib/python3.8/site-packages/airflow/example_dags/subdags/subdag.py
[2025-12-24T16:29:57.251+0000] {processor.py:842} WARNING - No viable dags retrieved from /home/airflow/.local/lib/python3.8/site-packages/airflow/example_dags/subdags/subdag.py
[2025-12-24T16:29:57.265+0000] {processor.py:183} INFO - Processing /home/airflow/.local/lib/python3.8/site-packages/airflow/example_dags/subdags/subdag.py took 0.025 seconds
[2025-12-24T16:30:28.508+0000] {processor.py:161} INFO - Started process (PID=6385) to work on /home/airflow/.local/lib/python3.8/site-packages/airflow/example_dags/subdags/subdag.py
[2025-12-24T16:30:28.510+0000] {processor.py:830} INFO - Processing file /home/airflow/.local/lib/python3.8/site-packages/airflow/example_dags/subdags/subdag.py for tasks to queue
[2025-12-24T16:30:28.512+0000] {logging_mixin.py:188} INFO - [2025-12-24T16:30:28.511+0000] {dagbag.py:538} INFO - Filling up the DagBag from /home/airflow/.local/lib/python3.8/site-packages/airflow/example_dags/subdags/subdag.py
[2025-12-24T16:30:28.517+0000] {processor.py:842} WARNING - No viable dags retrieved from /home/airflow/.local/lib/python3.8/site-packages/airflow/example_dags/subdags/subdag.py
[2025-12-24T16:30:28.539+0000] {processor.py:183} INFO - Processing /home/airflow/.local/lib/python3.8/site-packages/airflow/example_dags/subdags/subdag.py took 0.037 seconds
[2025-12-24T16:30:59.071+0000] {processor.py:161} INFO - Started process (PID=6441) to work on /home/airflow/.local/lib/python3.8/site-packages/airflow/example_dags/subdags/subdag.py
[2025-12-24T16:30:59.072+0000] {processor.py:830} INFO - Processing file /home/airflow/.local/lib/python3.8/site-packages/airflow/example_dags/subdags/subdag.py for tasks to queue
[2025-12-24T16:30:59.074+0000] {logging_mixin.py:188} INFO - [2025-12-24T16:30:59.073+0000] {dagbag.py:538} INFO - Filling up the DagBag from /home/airflow/.local/lib/python3.8/site-packages/airflow/example_dags/subdags/subdag.py
[2025-12-24T16:30:59.077+0000] {processor.py:842} WARNING - No viable dags retrieved from /home/airflow/.local/lib/python3.8/site-packages/airflow/example_dags/subdags/subdag.py
[2025-12-24T16:30:59.098+0000] {processor.py:183} INFO - Processing /home/airflow/.local/lib/python3.8/site-packages/airflow/example_dags/subdags/subdag.py took 0.033 seconds
[2025-12-24T16:31:29.616+0000] {processor.py:161} INFO - Started process (PID=6497) to work on /home/airflow/.local/lib/python3.8/site-packages/airflow/example_dags/subdags/subdag.py
[2025-12-24T16:31:29.618+0000] {processor.py:830} INFO - Processing file /home/airflow/.local/lib/python3.8/site-packages/airflow/example_dags/subdags/subdag.py for tasks to queue
[2025-12-24T16:31:29.619+0000] {logging_mixin.py:188} INFO - [2025-12-24T16:31:29.619+0000] {dagbag.py:538} INFO - Filling up the DagBag from /home/airflow/.local/lib/python3.8/site-packages/airflow/example_dags/subdags/subdag.py
[2025-12-24T16:31:29.622+0000] {processor.py:842} WARNING - No viable dags retrieved from /home/airflow/.local/lib/python3.8/site-packages/airflow/example_dags/subdags/subdag.py
[2025-12-24T16:31:29.638+0000] {processor.py:183} INFO - Processing /home/airflow/.local/lib/python3.8/site-packages/airflow/example_dags/subdags/subdag.py took 0.027 seconds
[2025-12-24T16:31:59.901+0000] {processor.py:161} INFO - Started process (PID=6558) to work on /home/airflow/.local/lib/python3.8/site-packages/airflow/example_dags/subdags/subdag.py
[2025-12-24T16:31:59.902+0000] {processor.py:830} INFO - Processing file /home/airflow/.local/lib/python3.8/site-packages/airflow/example_dags/subdags/subdag.py for tasks to queue
[2025-12-24T16:31:59.903+0000] {logging_mixin.py:188} INFO - [2025-12-24T16:31:59.903+0000] {dagbag.py:538} INFO - Filling up the DagBag from /home/airflow/.local/lib/python3.8/site-packages/airflow/example_dags/subdags/subdag.py
[2025-12-24T16:31:59.906+0000] {processor.py:842} WARNING - No viable dags retrieved from /home/airflow/.local/lib/python3.8/site-packages/airflow/example_dags/subdags/subdag.py
[2025-12-24T16:31:59.922+0000] {processor.py:183} INFO - Processing /home/airflow/.local/lib/python3.8/site-packages/airflow/example_dags/subdags/subdag.py took 0.025 seconds
[2025-12-24T16:32:30.105+0000] {processor.py:161} INFO - Started process (PID=6614) to work on /home/airflow/.local/lib/python3.8/site-packages/airflow/example_dags/subdags/subdag.py
[2025-12-24T16:32:30.106+0000] {processor.py:830} INFO - Processing file /home/airflow/.local/lib/python3.8/site-packages/airflow/example_dags/subdags/subdag.py for tasks to queue
[2025-12-24T16:32:30.107+0000] {logging_mixin.py:188} INFO - [2025-12-24T16:32:30.107+0000] {dagbag.py:538} INFO - Filling up the DagBag from /home/airflow/.local/lib/python3.8/site-packages/airflow/example_dags/subdags/subdag.py
[2025-12-24T16:32:30.110+0000] {processor.py:842} WARNING - No viable dags retrieved from /home/airflow/.local/lib/python3.8/site-packages/airflow/example_dags/subdags/subdag.py
[2025-12-24T16:32:30.123+0000] {processor.py:183} INFO - Processing /home/airflow/.local/lib/python3.8/site-packages/airflow/example_dags/subdags/subdag.py took 0.021 seconds
[2025-12-24T16:33:00.699+0000] {processor.py:161} INFO - Started process (PID=6670) to work on /home/airflow/.local/lib/python3.8/site-packages/airflow/example_dags/subdags/subdag.py
[2025-12-24T16:33:00.700+0000] {processor.py:830} INFO - Processing file /home/airflow/.local/lib/python3.8/site-packages/airflow/example_dags/subdags/subdag.py for tasks to queue
[2025-12-24T16:33:00.701+0000] {logging_mixin.py:188} INFO - [2025-12-24T16:33:00.701+0000] {dagbag.py:538} INFO - Filling up the DagBag from /home/airflow/.local/lib/python3.8/site-packages/airflow/example_dags/subdags/subdag.py
[2025-12-24T16:33:00.704+0000] {processor.py:842} WARNING - No viable dags retrieved from /home/airflow/.local/lib/python3.8/site-packages/airflow/example_dags/subdags/subdag.py
[2025-12-24T16:33:00.720+0000] {processor.py:183} INFO - Processing /home/airflow/.local/lib/python3.8/site-packages/airflow/example_dags/subdags/subdag.py took 0.026 seconds
[2025-12-24T16:33:31.378+0000] {processor.py:161} INFO - Started process (PID=6726) to work on /home/airflow/.local/lib/python3.8/site-packages/airflow/example_dags/subdags/subdag.py
[2025-12-24T16:33:31.379+0000] {processor.py:830} INFO - Processing file /home/airflow/.local/lib/python3.8/site-packages/airflow/example_dags/subdags/subdag.py for tasks to queue
[2025-12-24T16:33:31.381+0000] {logging_mixin.py:188} INFO - [2025-12-24T16:33:31.380+0000] {dagbag.py:538} INFO - Filling up the DagBag from /home/airflow/.local/lib/python3.8/site-packages/airflow/example_dags/subdags/subdag.py
[2025-12-24T16:33:31.383+0000] {processor.py:842} WARNING - No viable dags retrieved from /home/airflow/.local/lib/python3.8/site-packages/airflow/example_dags/subdags/subdag.py
[2025-12-24T16:33:31.395+0000] {processor.py:183} INFO - Processing /home/airflow/.local/lib/python3.8/site-packages/airflow/example_dags/subdags/subdag.py took 0.020 seconds
[2025-12-24T16:34:02.171+0000] {processor.py:161} INFO - Started process (PID=6782) to work on /home/airflow/.local/lib/python3.8/site-packages/airflow/example_dags/subdags/subdag.py
[2025-12-24T16:34:02.172+0000] {processor.py:830} INFO - Processing file /home/airflow/.local/lib/python3.8/site-packages/airflow/example_dags/subdags/subdag.py for tasks to queue
[2025-12-24T16:34:02.173+0000] {logging_mixin.py:188} INFO - [2025-12-24T16:34:02.172+0000] {dagbag.py:538} INFO - Filling up the DagBag from /home/airflow/.local/lib/python3.8/site-packages/airflow/example_dags/subdags/subdag.py
[2025-12-24T16:34:02.175+0000] {processor.py:842} WARNING - No viable dags retrieved from /home/airflow/.local/lib/python3.8/site-packages/airflow/example_dags/subdags/subdag.py
[2025-12-24T16:34:02.190+0000] {processor.py:183} INFO - Processing /home/airflow/.local/lib/python3.8/site-packages/airflow/example_dags/subdags/subdag.py took 0.023 seconds
[2025-12-24T16:34:32.545+0000] {processor.py:161} INFO - Started process (PID=6838) to work on /home/airflow/.local/lib/python3.8/site-packages/airflow/example_dags/subdags/subdag.py
[2025-12-24T16:34:32.547+0000] {processor.py:830} INFO - Processing file /home/airflow/.local/lib/python3.8/site-packages/airflow/example_dags/subdags/subdag.py for tasks to queue
[2025-12-24T16:34:32.548+0000] {logging_mixin.py:188} INFO - [2025-12-24T16:34:32.548+0000] {dagbag.py:538} INFO - Filling up the DagBag from /home/airflow/.local/lib/python3.8/site-packages/airflow/example_dags/subdags/subdag.py
[2025-12-24T16:34:32.551+0000] {processor.py:842} WARNING - No viable dags retrieved from /home/airflow/.local/lib/python3.8/site-packages/airflow/example_dags/subdags/subdag.py
[2025-12-24T16:34:32.565+0000] {processor.py:183} INFO - Processing /home/airflow/.local/lib/python3.8/site-packages/airflow/example_dags/subdags/subdag.py took 0.023 seconds
[2025-12-24T16:35:03.073+0000] {processor.py:161} INFO - Started process (PID=6894) to work on /home/airflow/.local/lib/python3.8/site-packages/airflow/example_dags/subdags/subdag.py
[2025-12-24T16:35:03.075+0000] {processor.py:830} INFO - Processing file /home/airflow/.local/lib/python3.8/site-packages/airflow/example_dags/subdags/subdag.py for tasks to queue
[2025-12-24T16:35:03.076+0000] {logging_mixin.py:188} INFO - [2025-12-24T16:35:03.076+0000] {dagbag.py:538} INFO - Filling up the DagBag from /home/airflow/.local/lib/python3.8/site-packages/airflow/example_dags/subdags/subdag.py
[2025-12-24T16:35:03.079+0000] {processor.py:842} WARNING - No viable dags retrieved from /home/airflow/.local/lib/python3.8/site-packages/airflow/example_dags/subdags/subdag.py
[2025-12-24T16:35:03.093+0000] {processor.py:183} INFO - Processing /home/airflow/.local/lib/python3.8/site-packages/airflow/example_dags/subdags/subdag.py took 0.026 seconds
[2025-12-24T16:35:33.468+0000] {processor.py:161} INFO - Started process (PID=6950) to work on /home/airflow/.local/lib/python3.8/site-packages/airflow/example_dags/subdags/subdag.py
[2025-12-24T16:35:33.470+0000] {processor.py:830} INFO - Processing file /home/airflow/.local/lib/python3.8/site-packages/airflow/example_dags/subdags/subdag.py for tasks to queue
[2025-12-24T16:35:33.471+0000] {logging_mixin.py:188} INFO - [2025-12-24T16:35:33.471+0000] {dagbag.py:538} INFO - Filling up the DagBag from /home/airflow/.local/lib/python3.8/site-packages/airflow/example_dags/subdags/subdag.py
[2025-12-24T16:35:33.474+0000] {processor.py:842} WARNING - No viable dags retrieved from /home/airflow/.local/lib/python3.8/site-packages/airflow/example_dags/subdags/subdag.py
[2025-12-24T16:35:33.489+0000] {processor.py:183} INFO - Processing /home/airflow/.local/lib/python3.8/site-packages/airflow/example_dags/subdags/subdag.py took 0.024 seconds
[2025-12-24T16:36:03.800+0000] {processor.py:161} INFO - Started process (PID=7006) to work on /home/airflow/.local/lib/python3.8/site-packages/airflow/example_dags/subdags/subdag.py
[2025-12-24T16:36:03.801+0000] {processor.py:830} INFO - Processing file /home/airflow/.local/lib/python3.8/site-packages/airflow/example_dags/subdags/subdag.py for tasks to queue
[2025-12-24T16:36:03.803+0000] {logging_mixin.py:188} INFO - [2025-12-24T16:36:03.802+0000] {dagbag.py:538} INFO - Filling up the DagBag from /home/airflow/.local/lib/python3.8/site-packages/airflow/example_dags/subdags/subdag.py
[2025-12-24T16:36:03.806+0000] {processor.py:842} WARNING - No viable dags retrieved from /home/airflow/.local/lib/python3.8/site-packages/airflow/example_dags/subdags/subdag.py
[2025-12-24T16:36:03.822+0000] {processor.py:183} INFO - Processing /home/airflow/.local/lib/python3.8/site-packages/airflow/example_dags/subdags/subdag.py took 0.028 seconds
[2025-12-24T16:36:34.539+0000] {processor.py:161} INFO - Started process (PID=7063) to work on /home/airflow/.local/lib/python3.8/site-packages/airflow/example_dags/subdags/subdag.py
[2025-12-24T16:36:34.540+0000] {processor.py:830} INFO - Processing file /home/airflow/.local/lib/python3.8/site-packages/airflow/example_dags/subdags/subdag.py for tasks to queue
[2025-12-24T16:36:34.541+0000] {logging_mixin.py:188} INFO - [2025-12-24T16:36:34.541+0000] {dagbag.py:538} INFO - Filling up the DagBag from /home/airflow/.local/lib/python3.8/site-packages/airflow/example_dags/subdags/subdag.py
[2025-12-24T16:36:34.544+0000] {processor.py:842} WARNING - No viable dags retrieved from /home/airflow/.local/lib/python3.8/site-packages/airflow/example_dags/subdags/subdag.py
[2025-12-24T16:36:34.557+0000] {processor.py:183} INFO - Processing /home/airflow/.local/lib/python3.8/site-packages/airflow/example_dags/subdags/subdag.py took 0.021 seconds
[2025-12-24T16:37:04.928+0000] {processor.py:161} INFO - Started process (PID=7120) to work on /home/airflow/.local/lib/python3.8/site-packages/airflow/example_dags/subdags/subdag.py
[2025-12-24T16:37:04.929+0000] {processor.py:830} INFO - Processing file /home/airflow/.local/lib/python3.8/site-packages/airflow/example_dags/subdags/subdag.py for tasks to queue
[2025-12-24T16:37:04.930+0000] {logging_mixin.py:188} INFO - [2025-12-24T16:37:04.930+0000] {dagbag.py:538} INFO - Filling up the DagBag from /home/airflow/.local/lib/python3.8/site-packages/airflow/example_dags/subdags/subdag.py
[2025-12-24T16:37:04.933+0000] {processor.py:842} WARNING - No viable dags retrieved from /home/airflow/.local/lib/python3.8/site-packages/airflow/example_dags/subdags/subdag.py
[2025-12-24T16:37:04.949+0000] {processor.py:183} INFO - Processing /home/airflow/.local/lib/python3.8/site-packages/airflow/example_dags/subdags/subdag.py took 0.025 seconds
[2025-12-24T16:37:40.799+0000] {processor.py:161} INFO - Started process (PID=7180) to work on /home/airflow/.local/lib/python3.8/site-packages/airflow/example_dags/subdags/subdag.py
[2025-12-24T16:37:40.801+0000] {processor.py:830} INFO - Processing file /home/airflow/.local/lib/python3.8/site-packages/airflow/example_dags/subdags/subdag.py for tasks to queue
[2025-12-24T16:37:40.803+0000] {logging_mixin.py:188} INFO - [2025-12-24T16:37:40.802+0000] {dagbag.py:538} INFO - Filling up the DagBag from /home/airflow/.local/lib/python3.8/site-packages/airflow/example_dags/subdags/subdag.py
[2025-12-24T16:37:40.807+0000] {processor.py:842} WARNING - No viable dags retrieved from /home/airflow/.local/lib/python3.8/site-packages/airflow/example_dags/subdags/subdag.py
[2025-12-24T16:37:40.827+0000] {processor.py:183} INFO - Processing /home/airflow/.local/lib/python3.8/site-packages/airflow/example_dags/subdags/subdag.py took 0.033 seconds
[2025-12-24T16:38:11.267+0000] {processor.py:161} INFO - Started process (PID=7240) to work on /home/airflow/.local/lib/python3.8/site-packages/airflow/example_dags/subdags/subdag.py
[2025-12-24T16:38:11.269+0000] {processor.py:830} INFO - Processing file /home/airflow/.local/lib/python3.8/site-packages/airflow/example_dags/subdags/subdag.py for tasks to queue
[2025-12-24T16:38:11.270+0000] {logging_mixin.py:188} INFO - [2025-12-24T16:38:11.269+0000] {dagbag.py:538} INFO - Filling up the DagBag from /home/airflow/.local/lib/python3.8/site-packages/airflow/example_dags/subdags/subdag.py
[2025-12-24T16:38:11.272+0000] {processor.py:842} WARNING - No viable dags retrieved from /home/airflow/.local/lib/python3.8/site-packages/airflow/example_dags/subdags/subdag.py
[2025-12-24T16:38:11.287+0000] {processor.py:183} INFO - Processing /home/airflow/.local/lib/python3.8/site-packages/airflow/example_dags/subdags/subdag.py took 0.024 seconds
[2025-12-24T16:38:41.481+0000] {processor.py:161} INFO - Started process (PID=7296) to work on /home/airflow/.local/lib/python3.8/site-packages/airflow/example_dags/subdags/subdag.py
[2025-12-24T16:38:41.482+0000] {processor.py:830} INFO - Processing file /home/airflow/.local/lib/python3.8/site-packages/airflow/example_dags/subdags/subdag.py for tasks to queue
[2025-12-24T16:38:41.483+0000] {logging_mixin.py:188} INFO - [2025-12-24T16:38:41.483+0000] {dagbag.py:538} INFO - Filling up the DagBag from /home/airflow/.local/lib/python3.8/site-packages/airflow/example_dags/subdags/subdag.py
[2025-12-24T16:38:41.486+0000] {processor.py:842} WARNING - No viable dags retrieved from /home/airflow/.local/lib/python3.8/site-packages/airflow/example_dags/subdags/subdag.py
[2025-12-24T16:38:41.498+0000] {processor.py:183} INFO - Processing /home/airflow/.local/lib/python3.8/site-packages/airflow/example_dags/subdags/subdag.py took 0.020 seconds
[2025-12-24T16:39:12.265+0000] {processor.py:161} INFO - Started process (PID=7352) to work on /home/airflow/.local/lib/python3.8/site-packages/airflow/example_dags/subdags/subdag.py
[2025-12-24T16:39:12.266+0000] {processor.py:830} INFO - Processing file /home/airflow/.local/lib/python3.8/site-packages/airflow/example_dags/subdags/subdag.py for tasks to queue
[2025-12-24T16:39:12.268+0000] {logging_mixin.py:188} INFO - [2025-12-24T16:39:12.267+0000] {dagbag.py:538} INFO - Filling up the DagBag from /home/airflow/.local/lib/python3.8/site-packages/airflow/example_dags/subdags/subdag.py
[2025-12-24T16:39:12.271+0000] {processor.py:842} WARNING - No viable dags retrieved from /home/airflow/.local/lib/python3.8/site-packages/airflow/example_dags/subdags/subdag.py
[2025-12-24T16:39:12.289+0000] {processor.py:183} INFO - Processing /home/airflow/.local/lib/python3.8/site-packages/airflow/example_dags/subdags/subdag.py took 0.029 seconds
[2025-12-24T16:39:43.071+0000] {processor.py:161} INFO - Started process (PID=7408) to work on /home/airflow/.local/lib/python3.8/site-packages/airflow/example_dags/subdags/subdag.py
[2025-12-24T16:39:43.072+0000] {processor.py:830} INFO - Processing file /home/airflow/.local/lib/python3.8/site-packages/airflow/example_dags/subdags/subdag.py for tasks to queue
[2025-12-24T16:39:43.073+0000] {logging_mixin.py:188} INFO - [2025-12-24T16:39:43.073+0000] {dagbag.py:538} INFO - Filling up the DagBag from /home/airflow/.local/lib/python3.8/site-packages/airflow/example_dags/subdags/subdag.py
[2025-12-24T16:39:43.075+0000] {processor.py:842} WARNING - No viable dags retrieved from /home/airflow/.local/lib/python3.8/site-packages/airflow/example_dags/subdags/subdag.py
[2025-12-24T16:39:43.088+0000] {processor.py:183} INFO - Processing /home/airflow/.local/lib/python3.8/site-packages/airflow/example_dags/subdags/subdag.py took 0.020 seconds
[2025-12-24T16:40:13.938+0000] {processor.py:161} INFO - Started process (PID=7464) to work on /home/airflow/.local/lib/python3.8/site-packages/airflow/example_dags/subdags/subdag.py
[2025-12-24T16:40:13.939+0000] {processor.py:830} INFO - Processing file /home/airflow/.local/lib/python3.8/site-packages/airflow/example_dags/subdags/subdag.py for tasks to queue
[2025-12-24T16:40:13.940+0000] {logging_mixin.py:188} INFO - [2025-12-24T16:40:13.940+0000] {dagbag.py:538} INFO - Filling up the DagBag from /home/airflow/.local/lib/python3.8/site-packages/airflow/example_dags/subdags/subdag.py
[2025-12-24T16:40:13.943+0000] {processor.py:842} WARNING - No viable dags retrieved from /home/airflow/.local/lib/python3.8/site-packages/airflow/example_dags/subdags/subdag.py
[2025-12-24T16:40:13.957+0000] {processor.py:183} INFO - Processing /home/airflow/.local/lib/python3.8/site-packages/airflow/example_dags/subdags/subdag.py took 0.023 seconds
[2025-12-24T16:40:45.191+0000] {processor.py:161} INFO - Started process (PID=7520) to work on /home/airflow/.local/lib/python3.8/site-packages/airflow/example_dags/subdags/subdag.py
[2025-12-24T16:40:45.198+0000] {processor.py:830} INFO - Processing file /home/airflow/.local/lib/python3.8/site-packages/airflow/example_dags/subdags/subdag.py for tasks to queue
[2025-12-24T16:40:45.200+0000] {logging_mixin.py:188} INFO - [2025-12-24T16:40:45.199+0000] {dagbag.py:538} INFO - Filling up the DagBag from /home/airflow/.local/lib/python3.8/site-packages/airflow/example_dags/subdags/subdag.py
[2025-12-24T16:40:45.206+0000] {processor.py:842} WARNING - No viable dags retrieved from /home/airflow/.local/lib/python3.8/site-packages/airflow/example_dags/subdags/subdag.py
[2025-12-24T16:40:45.227+0000] {processor.py:183} INFO - Processing /home/airflow/.local/lib/python3.8/site-packages/airflow/example_dags/subdags/subdag.py took 0.041 seconds
[2025-12-24T16:41:15.657+0000] {processor.py:161} INFO - Started process (PID=7576) to work on /home/airflow/.local/lib/python3.8/site-packages/airflow/example_dags/subdags/subdag.py
[2025-12-24T16:41:15.658+0000] {processor.py:830} INFO - Processing file /home/airflow/.local/lib/python3.8/site-packages/airflow/example_dags/subdags/subdag.py for tasks to queue
[2025-12-24T16:41:15.660+0000] {logging_mixin.py:188} INFO - [2025-12-24T16:41:15.659+0000] {dagbag.py:538} INFO - Filling up the DagBag from /home/airflow/.local/lib/python3.8/site-packages/airflow/example_dags/subdags/subdag.py
[2025-12-24T16:41:15.662+0000] {processor.py:842} WARNING - No viable dags retrieved from /home/airflow/.local/lib/python3.8/site-packages/airflow/example_dags/subdags/subdag.py
[2025-12-24T16:41:15.676+0000] {processor.py:183} INFO - Processing /home/airflow/.local/lib/python3.8/site-packages/airflow/example_dags/subdags/subdag.py took 0.023 seconds
[2025-12-24T16:41:45.914+0000] {processor.py:161} INFO - Started process (PID=7632) to work on /home/airflow/.local/lib/python3.8/site-packages/airflow/example_dags/subdags/subdag.py
[2025-12-24T16:41:45.915+0000] {processor.py:830} INFO - Processing file /home/airflow/.local/lib/python3.8/site-packages/airflow/example_dags/subdags/subdag.py for tasks to queue
[2025-12-24T16:41:45.916+0000] {logging_mixin.py:188} INFO - [2025-12-24T16:41:45.916+0000] {dagbag.py:538} INFO - Filling up the DagBag from /home/airflow/.local/lib/python3.8/site-packages/airflow/example_dags/subdags/subdag.py
[2025-12-24T16:41:45.919+0000] {processor.py:842} WARNING - No viable dags retrieved from /home/airflow/.local/lib/python3.8/site-packages/airflow/example_dags/subdags/subdag.py
[2025-12-24T16:41:45.934+0000] {processor.py:183} INFO - Processing /home/airflow/.local/lib/python3.8/site-packages/airflow/example_dags/subdags/subdag.py took 0.024 seconds
[2025-12-24T16:42:16.816+0000] {processor.py:161} INFO - Started process (PID=7688) to work on /home/airflow/.local/lib/python3.8/site-packages/airflow/example_dags/subdags/subdag.py
[2025-12-24T16:42:16.817+0000] {processor.py:830} INFO - Processing file /home/airflow/.local/lib/python3.8/site-packages/airflow/example_dags/subdags/subdag.py for tasks to queue
[2025-12-24T16:42:16.818+0000] {logging_mixin.py:188} INFO - [2025-12-24T16:42:16.818+0000] {dagbag.py:538} INFO - Filling up the DagBag from /home/airflow/.local/lib/python3.8/site-packages/airflow/example_dags/subdags/subdag.py
[2025-12-24T16:42:16.821+0000] {processor.py:842} WARNING - No viable dags retrieved from /home/airflow/.local/lib/python3.8/site-packages/airflow/example_dags/subdags/subdag.py
[2025-12-24T16:42:16.836+0000] {processor.py:183} INFO - Processing /home/airflow/.local/lib/python3.8/site-packages/airflow/example_dags/subdags/subdag.py took 0.024 seconds
[2025-12-24T16:42:47.603+0000] {processor.py:161} INFO - Started process (PID=7744) to work on /home/airflow/.local/lib/python3.8/site-packages/airflow/example_dags/subdags/subdag.py
[2025-12-24T16:42:47.604+0000] {processor.py:830} INFO - Processing file /home/airflow/.local/lib/python3.8/site-packages/airflow/example_dags/subdags/subdag.py for tasks to queue
[2025-12-24T16:42:47.606+0000] {logging_mixin.py:188} INFO - [2025-12-24T16:42:47.605+0000] {dagbag.py:538} INFO - Filling up the DagBag from /home/airflow/.local/lib/python3.8/site-packages/airflow/example_dags/subdags/subdag.py
[2025-12-24T16:42:47.609+0000] {processor.py:842} WARNING - No viable dags retrieved from /home/airflow/.local/lib/python3.8/site-packages/airflow/example_dags/subdags/subdag.py
[2025-12-24T16:42:47.623+0000] {processor.py:183} INFO - Processing /home/airflow/.local/lib/python3.8/site-packages/airflow/example_dags/subdags/subdag.py took 0.024 seconds
[2025-12-24T16:43:18.442+0000] {processor.py:161} INFO - Started process (PID=7800) to work on /home/airflow/.local/lib/python3.8/site-packages/airflow/example_dags/subdags/subdag.py
[2025-12-24T16:43:18.443+0000] {processor.py:830} INFO - Processing file /home/airflow/.local/lib/python3.8/site-packages/airflow/example_dags/subdags/subdag.py for tasks to queue
[2025-12-24T16:43:18.443+0000] {logging_mixin.py:188} INFO - [2025-12-24T16:43:18.443+0000] {dagbag.py:538} INFO - Filling up the DagBag from /home/airflow/.local/lib/python3.8/site-packages/airflow/example_dags/subdags/subdag.py
[2025-12-24T16:43:18.446+0000] {processor.py:842} WARNING - No viable dags retrieved from /home/airflow/.local/lib/python3.8/site-packages/airflow/example_dags/subdags/subdag.py
[2025-12-24T16:43:18.458+0000] {processor.py:183} INFO - Processing /home/airflow/.local/lib/python3.8/site-packages/airflow/example_dags/subdags/subdag.py took 0.020 seconds
[2025-12-24T16:43:48.682+0000] {processor.py:161} INFO - Started process (PID=7856) to work on /home/airflow/.local/lib/python3.8/site-packages/airflow/example_dags/subdags/subdag.py
[2025-12-24T16:43:48.683+0000] {processor.py:830} INFO - Processing file /home/airflow/.local/lib/python3.8/site-packages/airflow/example_dags/subdags/subdag.py for tasks to queue
[2025-12-24T16:43:48.684+0000] {logging_mixin.py:188} INFO - [2025-12-24T16:43:48.684+0000] {dagbag.py:538} INFO - Filling up the DagBag from /home/airflow/.local/lib/python3.8/site-packages/airflow/example_dags/subdags/subdag.py
[2025-12-24T16:43:48.688+0000] {processor.py:842} WARNING - No viable dags retrieved from /home/airflow/.local/lib/python3.8/site-packages/airflow/example_dags/subdags/subdag.py
[2025-12-24T16:43:48.703+0000] {processor.py:183} INFO - Processing /home/airflow/.local/lib/python3.8/site-packages/airflow/example_dags/subdags/subdag.py took 0.025 seconds
[2025-12-24T16:44:19.263+0000] {processor.py:161} INFO - Started process (PID=7921) to work on /home/airflow/.local/lib/python3.8/site-packages/airflow/example_dags/subdags/subdag.py
[2025-12-24T16:44:19.264+0000] {processor.py:830} INFO - Processing file /home/airflow/.local/lib/python3.8/site-packages/airflow/example_dags/subdags/subdag.py for tasks to queue
[2025-12-24T16:44:19.265+0000] {logging_mixin.py:188} INFO - [2025-12-24T16:44:19.265+0000] {dagbag.py:538} INFO - Filling up the DagBag from /home/airflow/.local/lib/python3.8/site-packages/airflow/example_dags/subdags/subdag.py
[2025-12-24T16:44:19.268+0000] {processor.py:842} WARNING - No viable dags retrieved from /home/airflow/.local/lib/python3.8/site-packages/airflow/example_dags/subdags/subdag.py
[2025-12-24T16:44:19.282+0000] {processor.py:183} INFO - Processing /home/airflow/.local/lib/python3.8/site-packages/airflow/example_dags/subdags/subdag.py took 0.022 seconds
[2025-12-24T16:44:49.825+0000] {processor.py:161} INFO - Started process (PID=7989) to work on /home/airflow/.local/lib/python3.8/site-packages/airflow/example_dags/subdags/subdag.py
[2025-12-24T16:44:49.827+0000] {processor.py:830} INFO - Processing file /home/airflow/.local/lib/python3.8/site-packages/airflow/example_dags/subdags/subdag.py for tasks to queue
[2025-12-24T16:44:49.829+0000] {logging_mixin.py:188} INFO - [2025-12-24T16:44:49.828+0000] {dagbag.py:538} INFO - Filling up the DagBag from /home/airflow/.local/lib/python3.8/site-packages/airflow/example_dags/subdags/subdag.py
[2025-12-24T16:44:49.832+0000] {processor.py:842} WARNING - No viable dags retrieved from /home/airflow/.local/lib/python3.8/site-packages/airflow/example_dags/subdags/subdag.py
[2025-12-24T16:44:49.850+0000] {processor.py:183} INFO - Processing /home/airflow/.local/lib/python3.8/site-packages/airflow/example_dags/subdags/subdag.py took 0.031 seconds
[2025-12-24T16:45:20.042+0000] {processor.py:161} INFO - Started process (PID=8046) to work on /home/airflow/.local/lib/python3.8/site-packages/airflow/example_dags/subdags/subdag.py
[2025-12-24T16:45:20.043+0000] {processor.py:830} INFO - Processing file /home/airflow/.local/lib/python3.8/site-packages/airflow/example_dags/subdags/subdag.py for tasks to queue
[2025-12-24T16:45:20.044+0000] {logging_mixin.py:188} INFO - [2025-12-24T16:45:20.044+0000] {dagbag.py:538} INFO - Filling up the DagBag from /home/airflow/.local/lib/python3.8/site-packages/airflow/example_dags/subdags/subdag.py
[2025-12-24T16:45:20.047+0000] {processor.py:842} WARNING - No viable dags retrieved from /home/airflow/.local/lib/python3.8/site-packages/airflow/example_dags/subdags/subdag.py
[2025-12-24T16:45:20.063+0000] {processor.py:183} INFO - Processing /home/airflow/.local/lib/python3.8/site-packages/airflow/example_dags/subdags/subdag.py took 0.025 seconds
[2025-12-24T16:45:50.852+0000] {processor.py:161} INFO - Started process (PID=8113) to work on /home/airflow/.local/lib/python3.8/site-packages/airflow/example_dags/subdags/subdag.py
[2025-12-24T16:45:50.854+0000] {processor.py:830} INFO - Processing file /home/airflow/.local/lib/python3.8/site-packages/airflow/example_dags/subdags/subdag.py for tasks to queue
[2025-12-24T16:45:50.855+0000] {logging_mixin.py:188} INFO - [2025-12-24T16:45:50.854+0000] {dagbag.py:538} INFO - Filling up the DagBag from /home/airflow/.local/lib/python3.8/site-packages/airflow/example_dags/subdags/subdag.py
[2025-12-24T16:45:50.858+0000] {processor.py:842} WARNING - No viable dags retrieved from /home/airflow/.local/lib/python3.8/site-packages/airflow/example_dags/subdags/subdag.py
[2025-12-24T16:45:50.874+0000] {processor.py:183} INFO - Processing /home/airflow/.local/lib/python3.8/site-packages/airflow/example_dags/subdags/subdag.py took 0.026 seconds
[2025-12-24T16:46:21.688+0000] {processor.py:161} INFO - Started process (PID=8185) to work on /home/airflow/.local/lib/python3.8/site-packages/airflow/example_dags/subdags/subdag.py
[2025-12-24T16:46:21.689+0000] {processor.py:830} INFO - Processing file /home/airflow/.local/lib/python3.8/site-packages/airflow/example_dags/subdags/subdag.py for tasks to queue
[2025-12-24T16:46:21.690+0000] {logging_mixin.py:188} INFO - [2025-12-24T16:46:21.690+0000] {dagbag.py:538} INFO - Filling up the DagBag from /home/airflow/.local/lib/python3.8/site-packages/airflow/example_dags/subdags/subdag.py
[2025-12-24T16:46:21.693+0000] {processor.py:842} WARNING - No viable dags retrieved from /home/airflow/.local/lib/python3.8/site-packages/airflow/example_dags/subdags/subdag.py
[2025-12-24T16:46:21.708+0000] {processor.py:183} INFO - Processing /home/airflow/.local/lib/python3.8/site-packages/airflow/example_dags/subdags/subdag.py took 0.025 seconds
[2025-12-24T16:46:51.851+0000] {processor.py:161} INFO - Started process (PID=8252) to work on /home/airflow/.local/lib/python3.8/site-packages/airflow/example_dags/subdags/subdag.py
[2025-12-24T16:46:51.852+0000] {processor.py:830} INFO - Processing file /home/airflow/.local/lib/python3.8/site-packages/airflow/example_dags/subdags/subdag.py for tasks to queue
[2025-12-24T16:46:51.854+0000] {logging_mixin.py:188} INFO - [2025-12-24T16:46:51.853+0000] {dagbag.py:538} INFO - Filling up the DagBag from /home/airflow/.local/lib/python3.8/site-packages/airflow/example_dags/subdags/subdag.py
[2025-12-24T16:46:51.856+0000] {processor.py:842} WARNING - No viable dags retrieved from /home/airflow/.local/lib/python3.8/site-packages/airflow/example_dags/subdags/subdag.py
[2025-12-24T16:46:51.872+0000] {processor.py:183} INFO - Processing /home/airflow/.local/lib/python3.8/site-packages/airflow/example_dags/subdags/subdag.py took 0.025 seconds
[2025-12-24T16:47:22.370+0000] {processor.py:161} INFO - Started process (PID=8309) to work on /home/airflow/.local/lib/python3.8/site-packages/airflow/example_dags/subdags/subdag.py
[2025-12-24T16:47:22.372+0000] {processor.py:830} INFO - Processing file /home/airflow/.local/lib/python3.8/site-packages/airflow/example_dags/subdags/subdag.py for tasks to queue
[2025-12-24T16:47:22.373+0000] {logging_mixin.py:188} INFO - [2025-12-24T16:47:22.373+0000] {dagbag.py:538} INFO - Filling up the DagBag from /home/airflow/.local/lib/python3.8/site-packages/airflow/example_dags/subdags/subdag.py
[2025-12-24T16:47:22.376+0000] {processor.py:842} WARNING - No viable dags retrieved from /home/airflow/.local/lib/python3.8/site-packages/airflow/example_dags/subdags/subdag.py
[2025-12-24T16:47:22.398+0000] {processor.py:183} INFO - Processing /home/airflow/.local/lib/python3.8/site-packages/airflow/example_dags/subdags/subdag.py took 0.033 seconds
[2025-12-24T16:47:53.221+0000] {processor.py:161} INFO - Started process (PID=8366) to work on /home/airflow/.local/lib/python3.8/site-packages/airflow/example_dags/subdags/subdag.py
[2025-12-24T16:47:53.223+0000] {processor.py:830} INFO - Processing file /home/airflow/.local/lib/python3.8/site-packages/airflow/example_dags/subdags/subdag.py for tasks to queue
[2025-12-24T16:47:53.224+0000] {logging_mixin.py:188} INFO - [2025-12-24T16:47:53.224+0000] {dagbag.py:538} INFO - Filling up the DagBag from /home/airflow/.local/lib/python3.8/site-packages/airflow/example_dags/subdags/subdag.py
[2025-12-24T16:47:53.228+0000] {processor.py:842} WARNING - No viable dags retrieved from /home/airflow/.local/lib/python3.8/site-packages/airflow/example_dags/subdags/subdag.py
[2025-12-24T16:47:53.245+0000] {processor.py:183} INFO - Processing /home/airflow/.local/lib/python3.8/site-packages/airflow/example_dags/subdags/subdag.py took 0.031 seconds
[2025-12-24T16:48:23.305+0000] {processor.py:161} INFO - Started process (PID=8421) to work on /home/airflow/.local/lib/python3.8/site-packages/airflow/example_dags/subdags/subdag.py
[2025-12-24T16:48:23.307+0000] {processor.py:830} INFO - Processing file /home/airflow/.local/lib/python3.8/site-packages/airflow/example_dags/subdags/subdag.py for tasks to queue
[2025-12-24T16:48:23.308+0000] {logging_mixin.py:188} INFO - [2025-12-24T16:48:23.308+0000] {dagbag.py:538} INFO - Filling up the DagBag from /home/airflow/.local/lib/python3.8/site-packages/airflow/example_dags/subdags/subdag.py
[2025-12-24T16:48:23.312+0000] {processor.py:842} WARNING - No viable dags retrieved from /home/airflow/.local/lib/python3.8/site-packages/airflow/example_dags/subdags/subdag.py
[2025-12-24T16:48:23.329+0000] {processor.py:183} INFO - Processing /home/airflow/.local/lib/python3.8/site-packages/airflow/example_dags/subdags/subdag.py took 0.029 seconds
[2025-12-24T16:48:54.042+0000] {processor.py:161} INFO - Started process (PID=8480) to work on /home/airflow/.local/lib/python3.8/site-packages/airflow/example_dags/subdags/subdag.py
[2025-12-24T16:48:54.043+0000] {processor.py:830} INFO - Processing file /home/airflow/.local/lib/python3.8/site-packages/airflow/example_dags/subdags/subdag.py for tasks to queue
[2025-12-24T16:48:54.044+0000] {logging_mixin.py:188} INFO - [2025-12-24T16:48:54.044+0000] {dagbag.py:538} INFO - Filling up the DagBag from /home/airflow/.local/lib/python3.8/site-packages/airflow/example_dags/subdags/subdag.py
[2025-12-24T16:48:54.046+0000] {processor.py:842} WARNING - No viable dags retrieved from /home/airflow/.local/lib/python3.8/site-packages/airflow/example_dags/subdags/subdag.py
[2025-12-24T16:48:54.061+0000] {processor.py:183} INFO - Processing /home/airflow/.local/lib/python3.8/site-packages/airflow/example_dags/subdags/subdag.py took 0.022 seconds
[2025-12-24T16:49:24.617+0000] {processor.py:161} INFO - Started process (PID=8537) to work on /home/airflow/.local/lib/python3.8/site-packages/airflow/example_dags/subdags/subdag.py
[2025-12-24T16:49:24.618+0000] {processor.py:830} INFO - Processing file /home/airflow/.local/lib/python3.8/site-packages/airflow/example_dags/subdags/subdag.py for tasks to queue
[2025-12-24T16:49:24.619+0000] {logging_mixin.py:188} INFO - [2025-12-24T16:49:24.619+0000] {dagbag.py:538} INFO - Filling up the DagBag from /home/airflow/.local/lib/python3.8/site-packages/airflow/example_dags/subdags/subdag.py
[2025-12-24T16:49:24.622+0000] {processor.py:842} WARNING - No viable dags retrieved from /home/airflow/.local/lib/python3.8/site-packages/airflow/example_dags/subdags/subdag.py
[2025-12-24T16:49:24.634+0000] {processor.py:183} INFO - Processing /home/airflow/.local/lib/python3.8/site-packages/airflow/example_dags/subdags/subdag.py took 0.021 seconds
[2025-12-24T16:49:55.575+0000] {processor.py:161} INFO - Started process (PID=8594) to work on /home/airflow/.local/lib/python3.8/site-packages/airflow/example_dags/subdags/subdag.py
[2025-12-24T16:49:55.576+0000] {processor.py:830} INFO - Processing file /home/airflow/.local/lib/python3.8/site-packages/airflow/example_dags/subdags/subdag.py for tasks to queue
[2025-12-24T16:49:55.578+0000] {logging_mixin.py:188} INFO - [2025-12-24T16:49:55.577+0000] {dagbag.py:538} INFO - Filling up the DagBag from /home/airflow/.local/lib/python3.8/site-packages/airflow/example_dags/subdags/subdag.py
[2025-12-24T16:49:55.582+0000] {processor.py:842} WARNING - No viable dags retrieved from /home/airflow/.local/lib/python3.8/site-packages/airflow/example_dags/subdags/subdag.py
[2025-12-24T16:49:55.598+0000] {processor.py:183} INFO - Processing /home/airflow/.local/lib/python3.8/site-packages/airflow/example_dags/subdags/subdag.py took 0.028 seconds
[2025-12-24T16:50:26.262+0000] {processor.py:161} INFO - Started process (PID=8651) to work on /home/airflow/.local/lib/python3.8/site-packages/airflow/example_dags/subdags/subdag.py
[2025-12-24T16:50:26.263+0000] {processor.py:830} INFO - Processing file /home/airflow/.local/lib/python3.8/site-packages/airflow/example_dags/subdags/subdag.py for tasks to queue
[2025-12-24T16:50:26.264+0000] {logging_mixin.py:188} INFO - [2025-12-24T16:50:26.263+0000] {dagbag.py:538} INFO - Filling up the DagBag from /home/airflow/.local/lib/python3.8/site-packages/airflow/example_dags/subdags/subdag.py
[2025-12-24T16:50:26.266+0000] {processor.py:842} WARNING - No viable dags retrieved from /home/airflow/.local/lib/python3.8/site-packages/airflow/example_dags/subdags/subdag.py
[2025-12-24T16:50:26.279+0000] {processor.py:183} INFO - Processing /home/airflow/.local/lib/python3.8/site-packages/airflow/example_dags/subdags/subdag.py took 0.021 seconds
[2025-12-24T16:50:56.945+0000] {processor.py:161} INFO - Started process (PID=8708) to work on /home/airflow/.local/lib/python3.8/site-packages/airflow/example_dags/subdags/subdag.py
[2025-12-24T16:50:56.947+0000] {processor.py:830} INFO - Processing file /home/airflow/.local/lib/python3.8/site-packages/airflow/example_dags/subdags/subdag.py for tasks to queue
[2025-12-24T16:50:56.949+0000] {logging_mixin.py:188} INFO - [2025-12-24T16:50:56.948+0000] {dagbag.py:538} INFO - Filling up the DagBag from /home/airflow/.local/lib/python3.8/site-packages/airflow/example_dags/subdags/subdag.py
[2025-12-24T16:50:56.952+0000] {processor.py:842} WARNING - No viable dags retrieved from /home/airflow/.local/lib/python3.8/site-packages/airflow/example_dags/subdags/subdag.py
[2025-12-24T16:50:56.966+0000] {processor.py:183} INFO - Processing /home/airflow/.local/lib/python3.8/site-packages/airflow/example_dags/subdags/subdag.py took 0.024 seconds
[2025-12-24T16:51:27.149+0000] {processor.py:161} INFO - Started process (PID=8765) to work on /home/airflow/.local/lib/python3.8/site-packages/airflow/example_dags/subdags/subdag.py
[2025-12-24T16:51:27.150+0000] {processor.py:830} INFO - Processing file /home/airflow/.local/lib/python3.8/site-packages/airflow/example_dags/subdags/subdag.py for tasks to queue
[2025-12-24T16:51:27.152+0000] {logging_mixin.py:188} INFO - [2025-12-24T16:51:27.151+0000] {dagbag.py:538} INFO - Filling up the DagBag from /home/airflow/.local/lib/python3.8/site-packages/airflow/example_dags/subdags/subdag.py
[2025-12-24T16:51:27.155+0000] {processor.py:842} WARNING - No viable dags retrieved from /home/airflow/.local/lib/python3.8/site-packages/airflow/example_dags/subdags/subdag.py
[2025-12-24T16:51:27.168+0000] {processor.py:183} INFO - Processing /home/airflow/.local/lib/python3.8/site-packages/airflow/example_dags/subdags/subdag.py took 0.023 seconds
[2025-12-24T16:51:57.364+0000] {processor.py:161} INFO - Started process (PID=8822) to work on /home/airflow/.local/lib/python3.8/site-packages/airflow/example_dags/subdags/subdag.py
[2025-12-24T16:51:57.365+0000] {processor.py:830} INFO - Processing file /home/airflow/.local/lib/python3.8/site-packages/airflow/example_dags/subdags/subdag.py for tasks to queue
[2025-12-24T16:51:57.366+0000] {logging_mixin.py:188} INFO - [2025-12-24T16:51:57.366+0000] {dagbag.py:538} INFO - Filling up the DagBag from /home/airflow/.local/lib/python3.8/site-packages/airflow/example_dags/subdags/subdag.py
[2025-12-24T16:51:57.369+0000] {processor.py:842} WARNING - No viable dags retrieved from /home/airflow/.local/lib/python3.8/site-packages/airflow/example_dags/subdags/subdag.py
[2025-12-24T16:51:57.382+0000] {processor.py:183} INFO - Processing /home/airflow/.local/lib/python3.8/site-packages/airflow/example_dags/subdags/subdag.py took 0.022 seconds
[2025-12-24T16:52:28.159+0000] {processor.py:161} INFO - Started process (PID=8879) to work on /home/airflow/.local/lib/python3.8/site-packages/airflow/example_dags/subdags/subdag.py
[2025-12-24T16:52:28.160+0000] {processor.py:830} INFO - Processing file /home/airflow/.local/lib/python3.8/site-packages/airflow/example_dags/subdags/subdag.py for tasks to queue
[2025-12-24T16:52:28.162+0000] {logging_mixin.py:188} INFO - [2025-12-24T16:52:28.161+0000] {dagbag.py:538} INFO - Filling up the DagBag from /home/airflow/.local/lib/python3.8/site-packages/airflow/example_dags/subdags/subdag.py
[2025-12-24T16:52:28.165+0000] {processor.py:842} WARNING - No viable dags retrieved from /home/airflow/.local/lib/python3.8/site-packages/airflow/example_dags/subdags/subdag.py
[2025-12-24T16:52:28.184+0000] {processor.py:183} INFO - Processing /home/airflow/.local/lib/python3.8/site-packages/airflow/example_dags/subdags/subdag.py took 0.031 seconds
[2025-12-24T16:52:58.512+0000] {processor.py:161} INFO - Started process (PID=8936) to work on /home/airflow/.local/lib/python3.8/site-packages/airflow/example_dags/subdags/subdag.py
[2025-12-24T16:52:58.513+0000] {processor.py:830} INFO - Processing file /home/airflow/.local/lib/python3.8/site-packages/airflow/example_dags/subdags/subdag.py for tasks to queue
[2025-12-24T16:52:58.515+0000] {logging_mixin.py:188} INFO - [2025-12-24T16:52:58.514+0000] {dagbag.py:538} INFO - Filling up the DagBag from /home/airflow/.local/lib/python3.8/site-packages/airflow/example_dags/subdags/subdag.py
[2025-12-24T16:52:58.517+0000] {processor.py:842} WARNING - No viable dags retrieved from /home/airflow/.local/lib/python3.8/site-packages/airflow/example_dags/subdags/subdag.py
[2025-12-24T16:52:58.531+0000] {processor.py:183} INFO - Processing /home/airflow/.local/lib/python3.8/site-packages/airflow/example_dags/subdags/subdag.py took 0.022 seconds
[2025-12-24T16:53:28.852+0000] {processor.py:161} INFO - Started process (PID=8993) to work on /home/airflow/.local/lib/python3.8/site-packages/airflow/example_dags/subdags/subdag.py
[2025-12-24T16:53:28.853+0000] {processor.py:830} INFO - Processing file /home/airflow/.local/lib/python3.8/site-packages/airflow/example_dags/subdags/subdag.py for tasks to queue
[2025-12-24T16:53:28.854+0000] {logging_mixin.py:188} INFO - [2025-12-24T16:53:28.854+0000] {dagbag.py:538} INFO - Filling up the DagBag from /home/airflow/.local/lib/python3.8/site-packages/airflow/example_dags/subdags/subdag.py
[2025-12-24T16:53:28.856+0000] {processor.py:842} WARNING - No viable dags retrieved from /home/airflow/.local/lib/python3.8/site-packages/airflow/example_dags/subdags/subdag.py
[2025-12-24T16:53:28.871+0000] {processor.py:183} INFO - Processing /home/airflow/.local/lib/python3.8/site-packages/airflow/example_dags/subdags/subdag.py took 0.023 seconds
[2025-12-24T16:53:59.776+0000] {processor.py:161} INFO - Started process (PID=9050) to work on /home/airflow/.local/lib/python3.8/site-packages/airflow/example_dags/subdags/subdag.py
[2025-12-24T16:53:59.778+0000] {processor.py:830} INFO - Processing file /home/airflow/.local/lib/python3.8/site-packages/airflow/example_dags/subdags/subdag.py for tasks to queue
[2025-12-24T16:53:59.779+0000] {logging_mixin.py:188} INFO - [2025-12-24T16:53:59.779+0000] {dagbag.py:538} INFO - Filling up the DagBag from /home/airflow/.local/lib/python3.8/site-packages/airflow/example_dags/subdags/subdag.py
[2025-12-24T16:53:59.782+0000] {processor.py:842} WARNING - No viable dags retrieved from /home/airflow/.local/lib/python3.8/site-packages/airflow/example_dags/subdags/subdag.py
[2025-12-24T16:53:59.798+0000] {processor.py:183} INFO - Processing /home/airflow/.local/lib/python3.8/site-packages/airflow/example_dags/subdags/subdag.py took 0.026 seconds
[2025-12-24T16:54:30.139+0000] {processor.py:161} INFO - Started process (PID=9107) to work on /home/airflow/.local/lib/python3.8/site-packages/airflow/example_dags/subdags/subdag.py
[2025-12-24T16:54:30.140+0000] {processor.py:830} INFO - Processing file /home/airflow/.local/lib/python3.8/site-packages/airflow/example_dags/subdags/subdag.py for tasks to queue
[2025-12-24T16:54:30.141+0000] {logging_mixin.py:188} INFO - [2025-12-24T16:54:30.141+0000] {dagbag.py:538} INFO - Filling up the DagBag from /home/airflow/.local/lib/python3.8/site-packages/airflow/example_dags/subdags/subdag.py
[2025-12-24T16:54:30.144+0000] {processor.py:842} WARNING - No viable dags retrieved from /home/airflow/.local/lib/python3.8/site-packages/airflow/example_dags/subdags/subdag.py
[2025-12-24T16:54:30.158+0000] {processor.py:183} INFO - Processing /home/airflow/.local/lib/python3.8/site-packages/airflow/example_dags/subdags/subdag.py took 0.024 seconds
[2025-12-24T16:55:00.864+0000] {processor.py:161} INFO - Started process (PID=9170) to work on /home/airflow/.local/lib/python3.8/site-packages/airflow/example_dags/subdags/subdag.py
[2025-12-24T16:55:00.869+0000] {processor.py:830} INFO - Processing file /home/airflow/.local/lib/python3.8/site-packages/airflow/example_dags/subdags/subdag.py for tasks to queue
[2025-12-24T16:55:00.870+0000] {logging_mixin.py:188} INFO - [2025-12-24T16:55:00.870+0000] {dagbag.py:538} INFO - Filling up the DagBag from /home/airflow/.local/lib/python3.8/site-packages/airflow/example_dags/subdags/subdag.py
[2025-12-24T16:55:00.874+0000] {processor.py:842} WARNING - No viable dags retrieved from /home/airflow/.local/lib/python3.8/site-packages/airflow/example_dags/subdags/subdag.py
[2025-12-24T16:55:00.896+0000] {processor.py:183} INFO - Processing /home/airflow/.local/lib/python3.8/site-packages/airflow/example_dags/subdags/subdag.py took 0.037 seconds
[2025-12-24T16:55:31.084+0000] {processor.py:161} INFO - Started process (PID=9227) to work on /home/airflow/.local/lib/python3.8/site-packages/airflow/example_dags/subdags/subdag.py
[2025-12-24T16:55:31.085+0000] {processor.py:830} INFO - Processing file /home/airflow/.local/lib/python3.8/site-packages/airflow/example_dags/subdags/subdag.py for tasks to queue
[2025-12-24T16:55:31.086+0000] {logging_mixin.py:188} INFO - [2025-12-24T16:55:31.086+0000] {dagbag.py:538} INFO - Filling up the DagBag from /home/airflow/.local/lib/python3.8/site-packages/airflow/example_dags/subdags/subdag.py
[2025-12-24T16:55:31.089+0000] {processor.py:842} WARNING - No viable dags retrieved from /home/airflow/.local/lib/python3.8/site-packages/airflow/example_dags/subdags/subdag.py
[2025-12-24T16:55:31.102+0000] {processor.py:183} INFO - Processing /home/airflow/.local/lib/python3.8/site-packages/airflow/example_dags/subdags/subdag.py took 0.020 seconds
[2025-12-24T16:56:01.640+0000] {processor.py:161} INFO - Started process (PID=9284) to work on /home/airflow/.local/lib/python3.8/site-packages/airflow/example_dags/subdags/subdag.py
[2025-12-24T16:56:01.641+0000] {processor.py:830} INFO - Processing file /home/airflow/.local/lib/python3.8/site-packages/airflow/example_dags/subdags/subdag.py for tasks to queue
[2025-12-24T16:56:01.642+0000] {logging_mixin.py:188} INFO - [2025-12-24T16:56:01.642+0000] {dagbag.py:538} INFO - Filling up the DagBag from /home/airflow/.local/lib/python3.8/site-packages/airflow/example_dags/subdags/subdag.py
[2025-12-24T16:56:01.644+0000] {processor.py:842} WARNING - No viable dags retrieved from /home/airflow/.local/lib/python3.8/site-packages/airflow/example_dags/subdags/subdag.py
[2025-12-24T16:56:01.661+0000] {processor.py:183} INFO - Processing /home/airflow/.local/lib/python3.8/site-packages/airflow/example_dags/subdags/subdag.py took 0.025 seconds
[2025-12-24T16:56:32.862+0000] {processor.py:161} INFO - Started process (PID=9341) to work on /home/airflow/.local/lib/python3.8/site-packages/airflow/example_dags/subdags/subdag.py
[2025-12-24T16:56:32.865+0000] {processor.py:830} INFO - Processing file /home/airflow/.local/lib/python3.8/site-packages/airflow/example_dags/subdags/subdag.py for tasks to queue
[2025-12-24T16:56:32.867+0000] {logging_mixin.py:188} INFO - [2025-12-24T16:56:32.866+0000] {dagbag.py:538} INFO - Filling up the DagBag from /home/airflow/.local/lib/python3.8/site-packages/airflow/example_dags/subdags/subdag.py
[2025-12-24T16:56:32.872+0000] {processor.py:842} WARNING - No viable dags retrieved from /home/airflow/.local/lib/python3.8/site-packages/airflow/example_dags/subdags/subdag.py
[2025-12-24T16:56:32.892+0000] {processor.py:183} INFO - Processing /home/airflow/.local/lib/python3.8/site-packages/airflow/example_dags/subdags/subdag.py took 0.035 seconds
[2025-12-24T16:57:03.750+0000] {processor.py:161} INFO - Started process (PID=9406) to work on /home/airflow/.local/lib/python3.8/site-packages/airflow/example_dags/subdags/subdag.py
[2025-12-24T16:57:03.752+0000] {processor.py:830} INFO - Processing file /home/airflow/.local/lib/python3.8/site-packages/airflow/example_dags/subdags/subdag.py for tasks to queue
[2025-12-24T16:57:03.753+0000] {logging_mixin.py:188} INFO - [2025-12-24T16:57:03.753+0000] {dagbag.py:538} INFO - Filling up the DagBag from /home/airflow/.local/lib/python3.8/site-packages/airflow/example_dags/subdags/subdag.py
[2025-12-24T16:57:03.757+0000] {processor.py:842} WARNING - No viable dags retrieved from /home/airflow/.local/lib/python3.8/site-packages/airflow/example_dags/subdags/subdag.py
[2025-12-24T16:57:03.772+0000] {processor.py:183} INFO - Processing /home/airflow/.local/lib/python3.8/site-packages/airflow/example_dags/subdags/subdag.py took 0.026 seconds
[2025-12-24T16:57:34.023+0000] {processor.py:161} INFO - Started process (PID=9463) to work on /home/airflow/.local/lib/python3.8/site-packages/airflow/example_dags/subdags/subdag.py
[2025-12-24T16:57:34.024+0000] {processor.py:830} INFO - Processing file /home/airflow/.local/lib/python3.8/site-packages/airflow/example_dags/subdags/subdag.py for tasks to queue
[2025-12-24T16:57:34.026+0000] {logging_mixin.py:188} INFO - [2025-12-24T16:57:34.026+0000] {dagbag.py:538} INFO - Filling up the DagBag from /home/airflow/.local/lib/python3.8/site-packages/airflow/example_dags/subdags/subdag.py
[2025-12-24T16:57:34.029+0000] {processor.py:842} WARNING - No viable dags retrieved from /home/airflow/.local/lib/python3.8/site-packages/airflow/example_dags/subdags/subdag.py
[2025-12-24T16:57:34.046+0000] {processor.py:183} INFO - Processing /home/airflow/.local/lib/python3.8/site-packages/airflow/example_dags/subdags/subdag.py took 0.028 seconds
[2025-12-24T16:58:04.166+0000] {processor.py:161} INFO - Started process (PID=9520) to work on /home/airflow/.local/lib/python3.8/site-packages/airflow/example_dags/subdags/subdag.py
[2025-12-24T16:58:04.167+0000] {processor.py:830} INFO - Processing file /home/airflow/.local/lib/python3.8/site-packages/airflow/example_dags/subdags/subdag.py for tasks to queue
[2025-12-24T16:58:04.168+0000] {logging_mixin.py:188} INFO - [2025-12-24T16:58:04.168+0000] {dagbag.py:538} INFO - Filling up the DagBag from /home/airflow/.local/lib/python3.8/site-packages/airflow/example_dags/subdags/subdag.py
[2025-12-24T16:58:04.172+0000] {processor.py:842} WARNING - No viable dags retrieved from /home/airflow/.local/lib/python3.8/site-packages/airflow/example_dags/subdags/subdag.py
[2025-12-24T16:58:04.186+0000] {processor.py:183} INFO - Processing /home/airflow/.local/lib/python3.8/site-packages/airflow/example_dags/subdags/subdag.py took 0.024 seconds
[2025-12-24T16:58:35.200+0000] {processor.py:161} INFO - Started process (PID=9577) to work on /home/airflow/.local/lib/python3.8/site-packages/airflow/example_dags/subdags/subdag.py
[2025-12-24T16:58:35.201+0000] {processor.py:830} INFO - Processing file /home/airflow/.local/lib/python3.8/site-packages/airflow/example_dags/subdags/subdag.py for tasks to queue
[2025-12-24T16:58:35.203+0000] {logging_mixin.py:188} INFO - [2025-12-24T16:58:35.203+0000] {dagbag.py:538} INFO - Filling up the DagBag from /home/airflow/.local/lib/python3.8/site-packages/airflow/example_dags/subdags/subdag.py
[2025-12-24T16:58:35.206+0000] {processor.py:842} WARNING - No viable dags retrieved from /home/airflow/.local/lib/python3.8/site-packages/airflow/example_dags/subdags/subdag.py
[2025-12-24T16:58:35.220+0000] {processor.py:183} INFO - Processing /home/airflow/.local/lib/python3.8/site-packages/airflow/example_dags/subdags/subdag.py took 0.023 seconds
[2025-12-24T16:59:05.664+0000] {processor.py:161} INFO - Started process (PID=9634) to work on /home/airflow/.local/lib/python3.8/site-packages/airflow/example_dags/subdags/subdag.py
[2025-12-24T16:59:05.665+0000] {processor.py:830} INFO - Processing file /home/airflow/.local/lib/python3.8/site-packages/airflow/example_dags/subdags/subdag.py for tasks to queue
[2025-12-24T16:59:05.666+0000] {logging_mixin.py:188} INFO - [2025-12-24T16:59:05.666+0000] {dagbag.py:538} INFO - Filling up the DagBag from /home/airflow/.local/lib/python3.8/site-packages/airflow/example_dags/subdags/subdag.py
[2025-12-24T16:59:05.669+0000] {processor.py:842} WARNING - No viable dags retrieved from /home/airflow/.local/lib/python3.8/site-packages/airflow/example_dags/subdags/subdag.py
[2025-12-24T16:59:05.683+0000] {processor.py:183} INFO - Processing /home/airflow/.local/lib/python3.8/site-packages/airflow/example_dags/subdags/subdag.py took 0.023 seconds
[2025-12-24T16:59:36.396+0000] {processor.py:161} INFO - Started process (PID=9691) to work on /home/airflow/.local/lib/python3.8/site-packages/airflow/example_dags/subdags/subdag.py
[2025-12-24T16:59:36.397+0000] {processor.py:830} INFO - Processing file /home/airflow/.local/lib/python3.8/site-packages/airflow/example_dags/subdags/subdag.py for tasks to queue
[2025-12-24T16:59:36.398+0000] {logging_mixin.py:188} INFO - [2025-12-24T16:59:36.398+0000] {dagbag.py:538} INFO - Filling up the DagBag from /home/airflow/.local/lib/python3.8/site-packages/airflow/example_dags/subdags/subdag.py
[2025-12-24T16:59:36.400+0000] {processor.py:842} WARNING - No viable dags retrieved from /home/airflow/.local/lib/python3.8/site-packages/airflow/example_dags/subdags/subdag.py
[2025-12-24T16:59:36.413+0000] {processor.py:183} INFO - Processing /home/airflow/.local/lib/python3.8/site-packages/airflow/example_dags/subdags/subdag.py took 0.021 seconds
[2025-12-24T17:00:07.095+0000] {processor.py:161} INFO - Started process (PID=9748) to work on /home/airflow/.local/lib/python3.8/site-packages/airflow/example_dags/subdags/subdag.py
[2025-12-24T17:00:07.096+0000] {processor.py:830} INFO - Processing file /home/airflow/.local/lib/python3.8/site-packages/airflow/example_dags/subdags/subdag.py for tasks to queue
[2025-12-24T17:00:07.097+0000] {logging_mixin.py:188} INFO - [2025-12-24T17:00:07.097+0000] {dagbag.py:538} INFO - Filling up the DagBag from /home/airflow/.local/lib/python3.8/site-packages/airflow/example_dags/subdags/subdag.py
[2025-12-24T17:00:07.100+0000] {processor.py:842} WARNING - No viable dags retrieved from /home/airflow/.local/lib/python3.8/site-packages/airflow/example_dags/subdags/subdag.py
[2025-12-24T17:00:07.114+0000] {processor.py:183} INFO - Processing /home/airflow/.local/lib/python3.8/site-packages/airflow/example_dags/subdags/subdag.py took 0.022 seconds
[2025-12-24T17:00:37.602+0000] {processor.py:161} INFO - Started process (PID=9805) to work on /home/airflow/.local/lib/python3.8/site-packages/airflow/example_dags/subdags/subdag.py
[2025-12-24T17:00:37.604+0000] {processor.py:830} INFO - Processing file /home/airflow/.local/lib/python3.8/site-packages/airflow/example_dags/subdags/subdag.py for tasks to queue
[2025-12-24T17:00:37.605+0000] {logging_mixin.py:188} INFO - [2025-12-24T17:00:37.604+0000] {dagbag.py:538} INFO - Filling up the DagBag from /home/airflow/.local/lib/python3.8/site-packages/airflow/example_dags/subdags/subdag.py
[2025-12-24T17:00:37.608+0000] {processor.py:842} WARNING - No viable dags retrieved from /home/airflow/.local/lib/python3.8/site-packages/airflow/example_dags/subdags/subdag.py
[2025-12-24T17:00:37.627+0000] {processor.py:183} INFO - Processing /home/airflow/.local/lib/python3.8/site-packages/airflow/example_dags/subdags/subdag.py took 0.028 seconds
[2025-12-24T17:01:08.177+0000] {processor.py:161} INFO - Started process (PID=9862) to work on /home/airflow/.local/lib/python3.8/site-packages/airflow/example_dags/subdags/subdag.py
[2025-12-24T17:01:08.179+0000] {processor.py:830} INFO - Processing file /home/airflow/.local/lib/python3.8/site-packages/airflow/example_dags/subdags/subdag.py for tasks to queue
[2025-12-24T17:01:08.180+0000] {logging_mixin.py:188} INFO - [2025-12-24T17:01:08.179+0000] {dagbag.py:538} INFO - Filling up the DagBag from /home/airflow/.local/lib/python3.8/site-packages/airflow/example_dags/subdags/subdag.py
[2025-12-24T17:01:08.182+0000] {processor.py:842} WARNING - No viable dags retrieved from /home/airflow/.local/lib/python3.8/site-packages/airflow/example_dags/subdags/subdag.py
[2025-12-24T17:01:08.197+0000] {processor.py:183} INFO - Processing /home/airflow/.local/lib/python3.8/site-packages/airflow/example_dags/subdags/subdag.py took 0.025 seconds
[2025-12-24T17:01:38.580+0000] {processor.py:161} INFO - Started process (PID=9919) to work on /home/airflow/.local/lib/python3.8/site-packages/airflow/example_dags/subdags/subdag.py
[2025-12-24T17:01:38.581+0000] {processor.py:830} INFO - Processing file /home/airflow/.local/lib/python3.8/site-packages/airflow/example_dags/subdags/subdag.py for tasks to queue
[2025-12-24T17:01:38.582+0000] {logging_mixin.py:188} INFO - [2025-12-24T17:01:38.581+0000] {dagbag.py:538} INFO - Filling up the DagBag from /home/airflow/.local/lib/python3.8/site-packages/airflow/example_dags/subdags/subdag.py
[2025-12-24T17:01:38.584+0000] {processor.py:842} WARNING - No viable dags retrieved from /home/airflow/.local/lib/python3.8/site-packages/airflow/example_dags/subdags/subdag.py
[2025-12-24T17:01:38.596+0000] {processor.py:183} INFO - Processing /home/airflow/.local/lib/python3.8/site-packages/airflow/example_dags/subdags/subdag.py took 0.020 seconds
[2025-12-24T17:02:10.187+0000] {processor.py:161} INFO - Started process (PID=9977) to work on /home/airflow/.local/lib/python3.8/site-packages/airflow/example_dags/subdags/subdag.py
[2025-12-24T17:02:10.189+0000] {processor.py:830} INFO - Processing file /home/airflow/.local/lib/python3.8/site-packages/airflow/example_dags/subdags/subdag.py for tasks to queue
[2025-12-24T17:02:10.193+0000] {logging_mixin.py:188} INFO - [2025-12-24T17:02:10.192+0000] {dagbag.py:538} INFO - Filling up the DagBag from /home/airflow/.local/lib/python3.8/site-packages/airflow/example_dags/subdags/subdag.py
[2025-12-24T17:02:10.200+0000] {processor.py:842} WARNING - No viable dags retrieved from /home/airflow/.local/lib/python3.8/site-packages/airflow/example_dags/subdags/subdag.py
[2025-12-24T17:02:10.233+0000] {processor.py:183} INFO - Processing /home/airflow/.local/lib/python3.8/site-packages/airflow/example_dags/subdags/subdag.py took 0.052 seconds
[2025-12-24T17:02:40.686+0000] {processor.py:161} INFO - Started process (PID=10034) to work on /home/airflow/.local/lib/python3.8/site-packages/airflow/example_dags/subdags/subdag.py
[2025-12-24T17:02:40.687+0000] {processor.py:830} INFO - Processing file /home/airflow/.local/lib/python3.8/site-packages/airflow/example_dags/subdags/subdag.py for tasks to queue
[2025-12-24T17:02:40.689+0000] {logging_mixin.py:188} INFO - [2025-12-24T17:02:40.688+0000] {dagbag.py:538} INFO - Filling up the DagBag from /home/airflow/.local/lib/python3.8/site-packages/airflow/example_dags/subdags/subdag.py
[2025-12-24T17:02:40.694+0000] {processor.py:842} WARNING - No viable dags retrieved from /home/airflow/.local/lib/python3.8/site-packages/airflow/example_dags/subdags/subdag.py
[2025-12-24T17:02:40.710+0000] {processor.py:183} INFO - Processing /home/airflow/.local/lib/python3.8/site-packages/airflow/example_dags/subdags/subdag.py took 0.029 seconds
[2025-12-24T17:03:10.935+0000] {processor.py:161} INFO - Started process (PID=10091) to work on /home/airflow/.local/lib/python3.8/site-packages/airflow/example_dags/subdags/subdag.py
[2025-12-24T17:03:10.936+0000] {processor.py:830} INFO - Processing file /home/airflow/.local/lib/python3.8/site-packages/airflow/example_dags/subdags/subdag.py for tasks to queue
[2025-12-24T17:03:10.937+0000] {logging_mixin.py:188} INFO - [2025-12-24T17:03:10.937+0000] {dagbag.py:538} INFO - Filling up the DagBag from /home/airflow/.local/lib/python3.8/site-packages/airflow/example_dags/subdags/subdag.py
[2025-12-24T17:03:10.940+0000] {processor.py:842} WARNING - No viable dags retrieved from /home/airflow/.local/lib/python3.8/site-packages/airflow/example_dags/subdags/subdag.py
[2025-12-24T17:03:10.953+0000] {processor.py:183} INFO - Processing /home/airflow/.local/lib/python3.8/site-packages/airflow/example_dags/subdags/subdag.py took 0.021 seconds
[2025-12-24T17:03:41.012+0000] {processor.py:161} INFO - Started process (PID=10148) to work on /home/airflow/.local/lib/python3.8/site-packages/airflow/example_dags/subdags/subdag.py
[2025-12-24T17:03:41.013+0000] {processor.py:830} INFO - Processing file /home/airflow/.local/lib/python3.8/site-packages/airflow/example_dags/subdags/subdag.py for tasks to queue
[2025-12-24T17:03:41.014+0000] {logging_mixin.py:188} INFO - [2025-12-24T17:03:41.014+0000] {dagbag.py:538} INFO - Filling up the DagBag from /home/airflow/.local/lib/python3.8/site-packages/airflow/example_dags/subdags/subdag.py
[2025-12-24T17:03:41.017+0000] {processor.py:842} WARNING - No viable dags retrieved from /home/airflow/.local/lib/python3.8/site-packages/airflow/example_dags/subdags/subdag.py
[2025-12-24T17:03:41.032+0000] {processor.py:183} INFO - Processing /home/airflow/.local/lib/python3.8/site-packages/airflow/example_dags/subdags/subdag.py took 0.025 seconds
[2025-12-24T17:04:11.618+0000] {processor.py:161} INFO - Started process (PID=10205) to work on /home/airflow/.local/lib/python3.8/site-packages/airflow/example_dags/subdags/subdag.py
[2025-12-24T17:04:11.620+0000] {processor.py:830} INFO - Processing file /home/airflow/.local/lib/python3.8/site-packages/airflow/example_dags/subdags/subdag.py for tasks to queue
[2025-12-24T17:04:11.621+0000] {logging_mixin.py:188} INFO - [2025-12-24T17:04:11.621+0000] {dagbag.py:538} INFO - Filling up the DagBag from /home/airflow/.local/lib/python3.8/site-packages/airflow/example_dags/subdags/subdag.py
[2025-12-24T17:04:11.625+0000] {processor.py:842} WARNING - No viable dags retrieved from /home/airflow/.local/lib/python3.8/site-packages/airflow/example_dags/subdags/subdag.py
[2025-12-24T17:04:11.659+0000] {processor.py:183} INFO - Processing /home/airflow/.local/lib/python3.8/site-packages/airflow/example_dags/subdags/subdag.py took 0.051 seconds
[2025-12-24T17:04:42.392+0000] {processor.py:161} INFO - Started process (PID=10262) to work on /home/airflow/.local/lib/python3.8/site-packages/airflow/example_dags/subdags/subdag.py
[2025-12-24T17:04:42.394+0000] {processor.py:830} INFO - Processing file /home/airflow/.local/lib/python3.8/site-packages/airflow/example_dags/subdags/subdag.py for tasks to queue
[2025-12-24T17:04:42.395+0000] {logging_mixin.py:188} INFO - [2025-12-24T17:04:42.394+0000] {dagbag.py:538} INFO - Filling up the DagBag from /home/airflow/.local/lib/python3.8/site-packages/airflow/example_dags/subdags/subdag.py
[2025-12-24T17:04:42.397+0000] {processor.py:842} WARNING - No viable dags retrieved from /home/airflow/.local/lib/python3.8/site-packages/airflow/example_dags/subdags/subdag.py
[2025-12-24T17:04:42.413+0000] {processor.py:183} INFO - Processing /home/airflow/.local/lib/python3.8/site-packages/airflow/example_dags/subdags/subdag.py took 0.025 seconds
[2025-12-24T17:05:12.790+0000] {processor.py:161} INFO - Started process (PID=10319) to work on /home/airflow/.local/lib/python3.8/site-packages/airflow/example_dags/subdags/subdag.py
[2025-12-24T17:05:12.792+0000] {processor.py:830} INFO - Processing file /home/airflow/.local/lib/python3.8/site-packages/airflow/example_dags/subdags/subdag.py for tasks to queue
[2025-12-24T17:05:12.793+0000] {logging_mixin.py:188} INFO - [2025-12-24T17:05:12.792+0000] {dagbag.py:538} INFO - Filling up the DagBag from /home/airflow/.local/lib/python3.8/site-packages/airflow/example_dags/subdags/subdag.py
[2025-12-24T17:05:12.795+0000] {processor.py:842} WARNING - No viable dags retrieved from /home/airflow/.local/lib/python3.8/site-packages/airflow/example_dags/subdags/subdag.py
[2025-12-24T17:05:12.813+0000] {processor.py:183} INFO - Processing /home/airflow/.local/lib/python3.8/site-packages/airflow/example_dags/subdags/subdag.py took 0.028 seconds
[2025-12-24T17:05:43.528+0000] {processor.py:161} INFO - Started process (PID=10376) to work on /home/airflow/.local/lib/python3.8/site-packages/airflow/example_dags/subdags/subdag.py
[2025-12-24T17:05:43.529+0000] {processor.py:830} INFO - Processing file /home/airflow/.local/lib/python3.8/site-packages/airflow/example_dags/subdags/subdag.py for tasks to queue
[2025-12-24T17:05:43.530+0000] {logging_mixin.py:188} INFO - [2025-12-24T17:05:43.530+0000] {dagbag.py:538} INFO - Filling up the DagBag from /home/airflow/.local/lib/python3.8/site-packages/airflow/example_dags/subdags/subdag.py
[2025-12-24T17:05:43.533+0000] {processor.py:842} WARNING - No viable dags retrieved from /home/airflow/.local/lib/python3.8/site-packages/airflow/example_dags/subdags/subdag.py
[2025-12-24T17:05:43.550+0000] {processor.py:183} INFO - Processing /home/airflow/.local/lib/python3.8/site-packages/airflow/example_dags/subdags/subdag.py took 0.026 seconds
[2025-12-24T17:06:13.673+0000] {processor.py:161} INFO - Started process (PID=10433) to work on /home/airflow/.local/lib/python3.8/site-packages/airflow/example_dags/subdags/subdag.py
[2025-12-24T17:06:13.674+0000] {processor.py:830} INFO - Processing file /home/airflow/.local/lib/python3.8/site-packages/airflow/example_dags/subdags/subdag.py for tasks to queue
[2025-12-24T17:06:13.675+0000] {logging_mixin.py:188} INFO - [2025-12-24T17:06:13.675+0000] {dagbag.py:538} INFO - Filling up the DagBag from /home/airflow/.local/lib/python3.8/site-packages/airflow/example_dags/subdags/subdag.py
[2025-12-24T17:06:13.678+0000] {processor.py:842} WARNING - No viable dags retrieved from /home/airflow/.local/lib/python3.8/site-packages/airflow/example_dags/subdags/subdag.py
[2025-12-24T17:06:13.693+0000] {processor.py:183} INFO - Processing /home/airflow/.local/lib/python3.8/site-packages/airflow/example_dags/subdags/subdag.py took 0.025 seconds
[2025-12-24T17:06:44.452+0000] {processor.py:161} INFO - Started process (PID=10490) to work on /home/airflow/.local/lib/python3.8/site-packages/airflow/example_dags/subdags/subdag.py
[2025-12-24T17:06:44.453+0000] {processor.py:830} INFO - Processing file /home/airflow/.local/lib/python3.8/site-packages/airflow/example_dags/subdags/subdag.py for tasks to queue
[2025-12-24T17:06:44.455+0000] {logging_mixin.py:188} INFO - [2025-12-24T17:06:44.454+0000] {dagbag.py:538} INFO - Filling up the DagBag from /home/airflow/.local/lib/python3.8/site-packages/airflow/example_dags/subdags/subdag.py
[2025-12-24T17:06:44.458+0000] {processor.py:842} WARNING - No viable dags retrieved from /home/airflow/.local/lib/python3.8/site-packages/airflow/example_dags/subdags/subdag.py
[2025-12-24T17:06:44.478+0000] {processor.py:183} INFO - Processing /home/airflow/.local/lib/python3.8/site-packages/airflow/example_dags/subdags/subdag.py took 0.030 seconds
[2025-12-24T17:07:14.765+0000] {processor.py:161} INFO - Started process (PID=10547) to work on /home/airflow/.local/lib/python3.8/site-packages/airflow/example_dags/subdags/subdag.py
[2025-12-24T17:07:14.766+0000] {processor.py:830} INFO - Processing file /home/airflow/.local/lib/python3.8/site-packages/airflow/example_dags/subdags/subdag.py for tasks to queue
[2025-12-24T17:07:14.768+0000] {logging_mixin.py:188} INFO - [2025-12-24T17:07:14.767+0000] {dagbag.py:538} INFO - Filling up the DagBag from /home/airflow/.local/lib/python3.8/site-packages/airflow/example_dags/subdags/subdag.py
[2025-12-24T17:07:14.771+0000] {processor.py:842} WARNING - No viable dags retrieved from /home/airflow/.local/lib/python3.8/site-packages/airflow/example_dags/subdags/subdag.py
[2025-12-24T17:07:14.793+0000] {processor.py:183} INFO - Processing /home/airflow/.local/lib/python3.8/site-packages/airflow/example_dags/subdags/subdag.py took 0.032 seconds
[2025-12-24T17:07:45.337+0000] {processor.py:161} INFO - Started process (PID=10604) to work on /home/airflow/.local/lib/python3.8/site-packages/airflow/example_dags/subdags/subdag.py
[2025-12-24T17:07:45.339+0000] {processor.py:830} INFO - Processing file /home/airflow/.local/lib/python3.8/site-packages/airflow/example_dags/subdags/subdag.py for tasks to queue
[2025-12-24T17:07:45.340+0000] {logging_mixin.py:188} INFO - [2025-12-24T17:07:45.340+0000] {dagbag.py:538} INFO - Filling up the DagBag from /home/airflow/.local/lib/python3.8/site-packages/airflow/example_dags/subdags/subdag.py
[2025-12-24T17:07:45.347+0000] {processor.py:842} WARNING - No viable dags retrieved from /home/airflow/.local/lib/python3.8/site-packages/airflow/example_dags/subdags/subdag.py
[2025-12-24T17:07:45.375+0000] {processor.py:183} INFO - Processing /home/airflow/.local/lib/python3.8/site-packages/airflow/example_dags/subdags/subdag.py took 0.043 seconds
[2025-12-24T17:08:16.151+0000] {processor.py:161} INFO - Started process (PID=10661) to work on /home/airflow/.local/lib/python3.8/site-packages/airflow/example_dags/subdags/subdag.py
[2025-12-24T17:08:16.155+0000] {processor.py:830} INFO - Processing file /home/airflow/.local/lib/python3.8/site-packages/airflow/example_dags/subdags/subdag.py for tasks to queue
[2025-12-24T17:08:16.156+0000] {logging_mixin.py:188} INFO - [2025-12-24T17:08:16.156+0000] {dagbag.py:538} INFO - Filling up the DagBag from /home/airflow/.local/lib/python3.8/site-packages/airflow/example_dags/subdags/subdag.py
[2025-12-24T17:08:16.161+0000] {processor.py:842} WARNING - No viable dags retrieved from /home/airflow/.local/lib/python3.8/site-packages/airflow/example_dags/subdags/subdag.py
[2025-12-24T17:08:16.182+0000] {processor.py:183} INFO - Processing /home/airflow/.local/lib/python3.8/site-packages/airflow/example_dags/subdags/subdag.py took 0.037 seconds
[2025-12-24T17:08:46.712+0000] {processor.py:161} INFO - Started process (PID=10718) to work on /home/airflow/.local/lib/python3.8/site-packages/airflow/example_dags/subdags/subdag.py
[2025-12-24T17:08:46.713+0000] {processor.py:830} INFO - Processing file /home/airflow/.local/lib/python3.8/site-packages/airflow/example_dags/subdags/subdag.py for tasks to queue
[2025-12-24T17:08:46.714+0000] {logging_mixin.py:188} INFO - [2025-12-24T17:08:46.714+0000] {dagbag.py:538} INFO - Filling up the DagBag from /home/airflow/.local/lib/python3.8/site-packages/airflow/example_dags/subdags/subdag.py
[2025-12-24T17:08:46.717+0000] {processor.py:842} WARNING - No viable dags retrieved from /home/airflow/.local/lib/python3.8/site-packages/airflow/example_dags/subdags/subdag.py
[2025-12-24T17:08:46.737+0000] {processor.py:183} INFO - Processing /home/airflow/.local/lib/python3.8/site-packages/airflow/example_dags/subdags/subdag.py took 0.029 seconds
[2025-12-24T17:09:17.246+0000] {processor.py:161} INFO - Started process (PID=10775) to work on /home/airflow/.local/lib/python3.8/site-packages/airflow/example_dags/subdags/subdag.py
[2025-12-24T17:09:17.247+0000] {processor.py:830} INFO - Processing file /home/airflow/.local/lib/python3.8/site-packages/airflow/example_dags/subdags/subdag.py for tasks to queue
[2025-12-24T17:09:17.249+0000] {logging_mixin.py:188} INFO - [2025-12-24T17:09:17.248+0000] {dagbag.py:538} INFO - Filling up the DagBag from /home/airflow/.local/lib/python3.8/site-packages/airflow/example_dags/subdags/subdag.py
[2025-12-24T17:09:17.252+0000] {processor.py:842} WARNING - No viable dags retrieved from /home/airflow/.local/lib/python3.8/site-packages/airflow/example_dags/subdags/subdag.py
[2025-12-24T17:09:17.271+0000] {processor.py:183} INFO - Processing /home/airflow/.local/lib/python3.8/site-packages/airflow/example_dags/subdags/subdag.py took 0.030 seconds
[2025-12-24T17:09:47.574+0000] {processor.py:161} INFO - Started process (PID=10832) to work on /home/airflow/.local/lib/python3.8/site-packages/airflow/example_dags/subdags/subdag.py
[2025-12-24T17:09:47.576+0000] {processor.py:830} INFO - Processing file /home/airflow/.local/lib/python3.8/site-packages/airflow/example_dags/subdags/subdag.py for tasks to queue
[2025-12-24T17:09:47.577+0000] {logging_mixin.py:188} INFO - [2025-12-24T17:09:47.577+0000] {dagbag.py:538} INFO - Filling up the DagBag from /home/airflow/.local/lib/python3.8/site-packages/airflow/example_dags/subdags/subdag.py
[2025-12-24T17:09:47.580+0000] {processor.py:842} WARNING - No viable dags retrieved from /home/airflow/.local/lib/python3.8/site-packages/airflow/example_dags/subdags/subdag.py
[2025-12-24T17:09:47.595+0000] {processor.py:183} INFO - Processing /home/airflow/.local/lib/python3.8/site-packages/airflow/example_dags/subdags/subdag.py took 0.025 seconds
[2025-12-24T17:10:18.092+0000] {processor.py:161} INFO - Started process (PID=10889) to work on /home/airflow/.local/lib/python3.8/site-packages/airflow/example_dags/subdags/subdag.py
[2025-12-24T17:10:18.093+0000] {processor.py:830} INFO - Processing file /home/airflow/.local/lib/python3.8/site-packages/airflow/example_dags/subdags/subdag.py for tasks to queue
[2025-12-24T17:10:18.094+0000] {logging_mixin.py:188} INFO - [2025-12-24T17:10:18.094+0000] {dagbag.py:538} INFO - Filling up the DagBag from /home/airflow/.local/lib/python3.8/site-packages/airflow/example_dags/subdags/subdag.py
[2025-12-24T17:10:18.097+0000] {processor.py:842} WARNING - No viable dags retrieved from /home/airflow/.local/lib/python3.8/site-packages/airflow/example_dags/subdags/subdag.py
[2025-12-24T17:10:18.116+0000] {processor.py:183} INFO - Processing /home/airflow/.local/lib/python3.8/site-packages/airflow/example_dags/subdags/subdag.py took 0.028 seconds
[2025-12-24T17:10:48.702+0000] {processor.py:161} INFO - Started process (PID=10946) to work on /home/airflow/.local/lib/python3.8/site-packages/airflow/example_dags/subdags/subdag.py
[2025-12-24T17:10:48.703+0000] {processor.py:830} INFO - Processing file /home/airflow/.local/lib/python3.8/site-packages/airflow/example_dags/subdags/subdag.py for tasks to queue
[2025-12-24T17:10:48.704+0000] {logging_mixin.py:188} INFO - [2025-12-24T17:10:48.703+0000] {dagbag.py:538} INFO - Filling up the DagBag from /home/airflow/.local/lib/python3.8/site-packages/airflow/example_dags/subdags/subdag.py
[2025-12-24T17:10:48.706+0000] {processor.py:842} WARNING - No viable dags retrieved from /home/airflow/.local/lib/python3.8/site-packages/airflow/example_dags/subdags/subdag.py
[2025-12-24T17:10:48.721+0000] {processor.py:183} INFO - Processing /home/airflow/.local/lib/python3.8/site-packages/airflow/example_dags/subdags/subdag.py took 0.023 seconds
[2025-12-24T17:11:18.986+0000] {processor.py:161} INFO - Started process (PID=11003) to work on /home/airflow/.local/lib/python3.8/site-packages/airflow/example_dags/subdags/subdag.py
[2025-12-24T17:11:18.987+0000] {processor.py:830} INFO - Processing file /home/airflow/.local/lib/python3.8/site-packages/airflow/example_dags/subdags/subdag.py for tasks to queue
[2025-12-24T17:11:18.988+0000] {logging_mixin.py:188} INFO - [2025-12-24T17:11:18.987+0000] {dagbag.py:538} INFO - Filling up the DagBag from /home/airflow/.local/lib/python3.8/site-packages/airflow/example_dags/subdags/subdag.py
[2025-12-24T17:11:18.990+0000] {processor.py:842} WARNING - No viable dags retrieved from /home/airflow/.local/lib/python3.8/site-packages/airflow/example_dags/subdags/subdag.py
[2025-12-24T17:11:19.007+0000] {processor.py:183} INFO - Processing /home/airflow/.local/lib/python3.8/site-packages/airflow/example_dags/subdags/subdag.py took 0.025 seconds
[2025-12-24T17:11:49.191+0000] {processor.py:161} INFO - Started process (PID=11060) to work on /home/airflow/.local/lib/python3.8/site-packages/airflow/example_dags/subdags/subdag.py
[2025-12-24T17:11:49.193+0000] {processor.py:830} INFO - Processing file /home/airflow/.local/lib/python3.8/site-packages/airflow/example_dags/subdags/subdag.py for tasks to queue
[2025-12-24T17:11:49.194+0000] {logging_mixin.py:188} INFO - [2025-12-24T17:11:49.194+0000] {dagbag.py:538} INFO - Filling up the DagBag from /home/airflow/.local/lib/python3.8/site-packages/airflow/example_dags/subdags/subdag.py
[2025-12-24T17:11:49.196+0000] {processor.py:842} WARNING - No viable dags retrieved from /home/airflow/.local/lib/python3.8/site-packages/airflow/example_dags/subdags/subdag.py
[2025-12-24T17:11:49.212+0000] {processor.py:183} INFO - Processing /home/airflow/.local/lib/python3.8/site-packages/airflow/example_dags/subdags/subdag.py took 0.025 seconds
[2025-12-24T17:12:19.813+0000] {processor.py:161} INFO - Started process (PID=11117) to work on /home/airflow/.local/lib/python3.8/site-packages/airflow/example_dags/subdags/subdag.py
[2025-12-24T17:12:19.815+0000] {processor.py:830} INFO - Processing file /home/airflow/.local/lib/python3.8/site-packages/airflow/example_dags/subdags/subdag.py for tasks to queue
[2025-12-24T17:12:19.816+0000] {logging_mixin.py:188} INFO - [2025-12-24T17:12:19.816+0000] {dagbag.py:538} INFO - Filling up the DagBag from /home/airflow/.local/lib/python3.8/site-packages/airflow/example_dags/subdags/subdag.py
[2025-12-24T17:12:19.819+0000] {processor.py:842} WARNING - No viable dags retrieved from /home/airflow/.local/lib/python3.8/site-packages/airflow/example_dags/subdags/subdag.py
[2025-12-24T17:12:19.839+0000] {processor.py:183} INFO - Processing /home/airflow/.local/lib/python3.8/site-packages/airflow/example_dags/subdags/subdag.py took 0.031 seconds
[2025-12-24T17:12:50.094+0000] {processor.py:161} INFO - Started process (PID=11175) to work on /home/airflow/.local/lib/python3.8/site-packages/airflow/example_dags/subdags/subdag.py
[2025-12-24T17:12:50.095+0000] {processor.py:830} INFO - Processing file /home/airflow/.local/lib/python3.8/site-packages/airflow/example_dags/subdags/subdag.py for tasks to queue
[2025-12-24T17:12:50.097+0000] {logging_mixin.py:188} INFO - [2025-12-24T17:12:50.096+0000] {dagbag.py:538} INFO - Filling up the DagBag from /home/airflow/.local/lib/python3.8/site-packages/airflow/example_dags/subdags/subdag.py
[2025-12-24T17:12:50.100+0000] {processor.py:842} WARNING - No viable dags retrieved from /home/airflow/.local/lib/python3.8/site-packages/airflow/example_dags/subdags/subdag.py
[2025-12-24T17:12:50.118+0000] {processor.py:183} INFO - Processing /home/airflow/.local/lib/python3.8/site-packages/airflow/example_dags/subdags/subdag.py took 0.030 seconds
[2025-12-24T17:13:20.396+0000] {processor.py:161} INFO - Started process (PID=11232) to work on /home/airflow/.local/lib/python3.8/site-packages/airflow/example_dags/subdags/subdag.py
[2025-12-24T17:13:20.397+0000] {processor.py:830} INFO - Processing file /home/airflow/.local/lib/python3.8/site-packages/airflow/example_dags/subdags/subdag.py for tasks to queue
[2025-12-24T17:13:20.398+0000] {logging_mixin.py:188} INFO - [2025-12-24T17:13:20.397+0000] {dagbag.py:538} INFO - Filling up the DagBag from /home/airflow/.local/lib/python3.8/site-packages/airflow/example_dags/subdags/subdag.py
[2025-12-24T17:13:20.401+0000] {processor.py:842} WARNING - No viable dags retrieved from /home/airflow/.local/lib/python3.8/site-packages/airflow/example_dags/subdags/subdag.py
[2025-12-24T17:13:20.416+0000] {processor.py:183} INFO - Processing /home/airflow/.local/lib/python3.8/site-packages/airflow/example_dags/subdags/subdag.py took 0.024 seconds
[2025-12-24T17:13:51.365+0000] {processor.py:161} INFO - Started process (PID=11289) to work on /home/airflow/.local/lib/python3.8/site-packages/airflow/example_dags/subdags/subdag.py
[2025-12-24T17:13:51.367+0000] {processor.py:830} INFO - Processing file /home/airflow/.local/lib/python3.8/site-packages/airflow/example_dags/subdags/subdag.py for tasks to queue
[2025-12-24T17:13:51.368+0000] {logging_mixin.py:188} INFO - [2025-12-24T17:13:51.368+0000] {dagbag.py:538} INFO - Filling up the DagBag from /home/airflow/.local/lib/python3.8/site-packages/airflow/example_dags/subdags/subdag.py
[2025-12-24T17:13:51.371+0000] {processor.py:842} WARNING - No viable dags retrieved from /home/airflow/.local/lib/python3.8/site-packages/airflow/example_dags/subdags/subdag.py
[2025-12-24T17:13:51.389+0000] {processor.py:183} INFO - Processing /home/airflow/.local/lib/python3.8/site-packages/airflow/example_dags/subdags/subdag.py took 0.027 seconds
[2025-12-24T17:14:21.468+0000] {processor.py:161} INFO - Started process (PID=11345) to work on /home/airflow/.local/lib/python3.8/site-packages/airflow/example_dags/subdags/subdag.py
[2025-12-24T17:14:21.469+0000] {processor.py:830} INFO - Processing file /home/airflow/.local/lib/python3.8/site-packages/airflow/example_dags/subdags/subdag.py for tasks to queue
[2025-12-24T17:14:21.470+0000] {logging_mixin.py:188} INFO - [2025-12-24T17:14:21.470+0000] {dagbag.py:538} INFO - Filling up the DagBag from /home/airflow/.local/lib/python3.8/site-packages/airflow/example_dags/subdags/subdag.py
[2025-12-24T17:14:21.473+0000] {processor.py:842} WARNING - No viable dags retrieved from /home/airflow/.local/lib/python3.8/site-packages/airflow/example_dags/subdags/subdag.py
[2025-12-24T17:14:21.489+0000] {processor.py:183} INFO - Processing /home/airflow/.local/lib/python3.8/site-packages/airflow/example_dags/subdags/subdag.py took 0.025 seconds
[2025-12-24T17:14:51.609+0000] {processor.py:161} INFO - Started process (PID=11402) to work on /home/airflow/.local/lib/python3.8/site-packages/airflow/example_dags/subdags/subdag.py
[2025-12-24T17:14:51.610+0000] {processor.py:830} INFO - Processing file /home/airflow/.local/lib/python3.8/site-packages/airflow/example_dags/subdags/subdag.py for tasks to queue
[2025-12-24T17:14:51.611+0000] {logging_mixin.py:188} INFO - [2025-12-24T17:14:51.611+0000] {dagbag.py:538} INFO - Filling up the DagBag from /home/airflow/.local/lib/python3.8/site-packages/airflow/example_dags/subdags/subdag.py
[2025-12-24T17:14:51.614+0000] {processor.py:842} WARNING - No viable dags retrieved from /home/airflow/.local/lib/python3.8/site-packages/airflow/example_dags/subdags/subdag.py
[2025-12-24T17:14:51.628+0000] {processor.py:183} INFO - Processing /home/airflow/.local/lib/python3.8/site-packages/airflow/example_dags/subdags/subdag.py took 0.024 seconds
[2025-12-24T17:15:22.475+0000] {processor.py:161} INFO - Started process (PID=11460) to work on /home/airflow/.local/lib/python3.8/site-packages/airflow/example_dags/subdags/subdag.py
[2025-12-24T17:15:22.477+0000] {processor.py:830} INFO - Processing file /home/airflow/.local/lib/python3.8/site-packages/airflow/example_dags/subdags/subdag.py for tasks to queue
[2025-12-24T17:15:22.479+0000] {logging_mixin.py:188} INFO - [2025-12-24T17:15:22.479+0000] {dagbag.py:538} INFO - Filling up the DagBag from /home/airflow/.local/lib/python3.8/site-packages/airflow/example_dags/subdags/subdag.py
[2025-12-24T17:15:22.483+0000] {processor.py:842} WARNING - No viable dags retrieved from /home/airflow/.local/lib/python3.8/site-packages/airflow/example_dags/subdags/subdag.py
[2025-12-24T17:15:22.507+0000] {processor.py:183} INFO - Processing /home/airflow/.local/lib/python3.8/site-packages/airflow/example_dags/subdags/subdag.py took 0.039 seconds
[2025-12-24T17:15:52.577+0000] {processor.py:161} INFO - Started process (PID=11516) to work on /home/airflow/.local/lib/python3.8/site-packages/airflow/example_dags/subdags/subdag.py
[2025-12-24T17:15:52.578+0000] {processor.py:830} INFO - Processing file /home/airflow/.local/lib/python3.8/site-packages/airflow/example_dags/subdags/subdag.py for tasks to queue
[2025-12-24T17:15:52.579+0000] {logging_mixin.py:188} INFO - [2025-12-24T17:15:52.579+0000] {dagbag.py:538} INFO - Filling up the DagBag from /home/airflow/.local/lib/python3.8/site-packages/airflow/example_dags/subdags/subdag.py
[2025-12-24T17:15:52.582+0000] {processor.py:842} WARNING - No viable dags retrieved from /home/airflow/.local/lib/python3.8/site-packages/airflow/example_dags/subdags/subdag.py
[2025-12-24T17:15:52.599+0000] {processor.py:183} INFO - Processing /home/airflow/.local/lib/python3.8/site-packages/airflow/example_dags/subdags/subdag.py took 0.027 seconds
[2025-12-24T17:16:23.022+0000] {processor.py:161} INFO - Started process (PID=11573) to work on /home/airflow/.local/lib/python3.8/site-packages/airflow/example_dags/subdags/subdag.py
[2025-12-24T17:16:23.024+0000] {processor.py:830} INFO - Processing file /home/airflow/.local/lib/python3.8/site-packages/airflow/example_dags/subdags/subdag.py for tasks to queue
[2025-12-24T17:16:23.025+0000] {logging_mixin.py:188} INFO - [2025-12-24T17:16:23.025+0000] {dagbag.py:538} INFO - Filling up the DagBag from /home/airflow/.local/lib/python3.8/site-packages/airflow/example_dags/subdags/subdag.py
[2025-12-24T17:16:23.030+0000] {processor.py:842} WARNING - No viable dags retrieved from /home/airflow/.local/lib/python3.8/site-packages/airflow/example_dags/subdags/subdag.py
[2025-12-24T17:16:23.056+0000] {processor.py:183} INFO - Processing /home/airflow/.local/lib/python3.8/site-packages/airflow/example_dags/subdags/subdag.py took 0.039 seconds
[2025-12-24T17:16:53.420+0000] {processor.py:161} INFO - Started process (PID=11631) to work on /home/airflow/.local/lib/python3.8/site-packages/airflow/example_dags/subdags/subdag.py
[2025-12-24T17:16:53.421+0000] {processor.py:830} INFO - Processing file /home/airflow/.local/lib/python3.8/site-packages/airflow/example_dags/subdags/subdag.py for tasks to queue
[2025-12-24T17:16:53.422+0000] {logging_mixin.py:188} INFO - [2025-12-24T17:16:53.422+0000] {dagbag.py:538} INFO - Filling up the DagBag from /home/airflow/.local/lib/python3.8/site-packages/airflow/example_dags/subdags/subdag.py
[2025-12-24T17:16:53.424+0000] {processor.py:842} WARNING - No viable dags retrieved from /home/airflow/.local/lib/python3.8/site-packages/airflow/example_dags/subdags/subdag.py
[2025-12-24T17:16:53.439+0000] {processor.py:183} INFO - Processing /home/airflow/.local/lib/python3.8/site-packages/airflow/example_dags/subdags/subdag.py took 0.023 seconds
[2025-12-24T17:17:23.973+0000] {processor.py:161} INFO - Started process (PID=11688) to work on /home/airflow/.local/lib/python3.8/site-packages/airflow/example_dags/subdags/subdag.py
[2025-12-24T17:17:23.975+0000] {processor.py:830} INFO - Processing file /home/airflow/.local/lib/python3.8/site-packages/airflow/example_dags/subdags/subdag.py for tasks to queue
[2025-12-24T17:17:23.976+0000] {logging_mixin.py:188} INFO - [2025-12-24T17:17:23.976+0000] {dagbag.py:538} INFO - Filling up the DagBag from /home/airflow/.local/lib/python3.8/site-packages/airflow/example_dags/subdags/subdag.py
[2025-12-24T17:17:23.979+0000] {processor.py:842} WARNING - No viable dags retrieved from /home/airflow/.local/lib/python3.8/site-packages/airflow/example_dags/subdags/subdag.py
[2025-12-24T17:17:23.996+0000] {processor.py:183} INFO - Processing /home/airflow/.local/lib/python3.8/site-packages/airflow/example_dags/subdags/subdag.py took 0.026 seconds
[2025-12-24T17:17:54.234+0000] {processor.py:161} INFO - Started process (PID=11745) to work on /home/airflow/.local/lib/python3.8/site-packages/airflow/example_dags/subdags/subdag.py
[2025-12-24T17:17:54.235+0000] {processor.py:830} INFO - Processing file /home/airflow/.local/lib/python3.8/site-packages/airflow/example_dags/subdags/subdag.py for tasks to queue
[2025-12-24T17:17:54.236+0000] {logging_mixin.py:188} INFO - [2025-12-24T17:17:54.236+0000] {dagbag.py:538} INFO - Filling up the DagBag from /home/airflow/.local/lib/python3.8/site-packages/airflow/example_dags/subdags/subdag.py
[2025-12-24T17:17:54.239+0000] {processor.py:842} WARNING - No viable dags retrieved from /home/airflow/.local/lib/python3.8/site-packages/airflow/example_dags/subdags/subdag.py
[2025-12-24T17:17:54.255+0000] {processor.py:183} INFO - Processing /home/airflow/.local/lib/python3.8/site-packages/airflow/example_dags/subdags/subdag.py took 0.024 seconds
[2025-12-24T17:18:24.688+0000] {processor.py:161} INFO - Started process (PID=11802) to work on /home/airflow/.local/lib/python3.8/site-packages/airflow/example_dags/subdags/subdag.py
[2025-12-24T17:18:24.691+0000] {processor.py:830} INFO - Processing file /home/airflow/.local/lib/python3.8/site-packages/airflow/example_dags/subdags/subdag.py for tasks to queue
[2025-12-24T17:18:24.692+0000] {logging_mixin.py:188} INFO - [2025-12-24T17:18:24.692+0000] {dagbag.py:538} INFO - Filling up the DagBag from /home/airflow/.local/lib/python3.8/site-packages/airflow/example_dags/subdags/subdag.py
[2025-12-24T17:18:24.695+0000] {processor.py:842} WARNING - No viable dags retrieved from /home/airflow/.local/lib/python3.8/site-packages/airflow/example_dags/subdags/subdag.py
[2025-12-24T17:18:24.711+0000] {processor.py:183} INFO - Processing /home/airflow/.local/lib/python3.8/site-packages/airflow/example_dags/subdags/subdag.py took 0.027 seconds
[2025-12-24T17:18:55.601+0000] {processor.py:161} INFO - Started process (PID=11859) to work on /home/airflow/.local/lib/python3.8/site-packages/airflow/example_dags/subdags/subdag.py
[2025-12-24T17:18:55.602+0000] {processor.py:830} INFO - Processing file /home/airflow/.local/lib/python3.8/site-packages/airflow/example_dags/subdags/subdag.py for tasks to queue
[2025-12-24T17:18:55.603+0000] {logging_mixin.py:188} INFO - [2025-12-24T17:18:55.603+0000] {dagbag.py:538} INFO - Filling up the DagBag from /home/airflow/.local/lib/python3.8/site-packages/airflow/example_dags/subdags/subdag.py
[2025-12-24T17:18:55.606+0000] {processor.py:842} WARNING - No viable dags retrieved from /home/airflow/.local/lib/python3.8/site-packages/airflow/example_dags/subdags/subdag.py
[2025-12-24T17:18:55.621+0000] {processor.py:183} INFO - Processing /home/airflow/.local/lib/python3.8/site-packages/airflow/example_dags/subdags/subdag.py took 0.024 seconds
[2025-12-24T17:19:26.413+0000] {processor.py:161} INFO - Started process (PID=11916) to work on /home/airflow/.local/lib/python3.8/site-packages/airflow/example_dags/subdags/subdag.py
[2025-12-24T17:19:26.415+0000] {processor.py:830} INFO - Processing file /home/airflow/.local/lib/python3.8/site-packages/airflow/example_dags/subdags/subdag.py for tasks to queue
[2025-12-24T17:19:26.416+0000] {logging_mixin.py:188} INFO - [2025-12-24T17:19:26.416+0000] {dagbag.py:538} INFO - Filling up the DagBag from /home/airflow/.local/lib/python3.8/site-packages/airflow/example_dags/subdags/subdag.py
[2025-12-24T17:19:26.420+0000] {processor.py:842} WARNING - No viable dags retrieved from /home/airflow/.local/lib/python3.8/site-packages/airflow/example_dags/subdags/subdag.py
[2025-12-24T17:19:26.441+0000] {processor.py:183} INFO - Processing /home/airflow/.local/lib/python3.8/site-packages/airflow/example_dags/subdags/subdag.py took 0.033 seconds
[2025-12-24T17:19:56.914+0000] {processor.py:161} INFO - Started process (PID=11973) to work on /home/airflow/.local/lib/python3.8/site-packages/airflow/example_dags/subdags/subdag.py
[2025-12-24T17:19:56.917+0000] {processor.py:830} INFO - Processing file /home/airflow/.local/lib/python3.8/site-packages/airflow/example_dags/subdags/subdag.py for tasks to queue
[2025-12-24T17:19:56.922+0000] {logging_mixin.py:188} INFO - [2025-12-24T17:19:56.921+0000] {dagbag.py:538} INFO - Filling up the DagBag from /home/airflow/.local/lib/python3.8/site-packages/airflow/example_dags/subdags/subdag.py
[2025-12-24T17:19:56.948+0000] {processor.py:842} WARNING - No viable dags retrieved from /home/airflow/.local/lib/python3.8/site-packages/airflow/example_dags/subdags/subdag.py
[2025-12-24T17:19:56.991+0000] {processor.py:183} INFO - Processing /home/airflow/.local/lib/python3.8/site-packages/airflow/example_dags/subdags/subdag.py took 0.083 seconds
[2025-12-24T17:20:27.433+0000] {processor.py:161} INFO - Started process (PID=12030) to work on /home/airflow/.local/lib/python3.8/site-packages/airflow/example_dags/subdags/subdag.py
[2025-12-24T17:20:27.435+0000] {processor.py:830} INFO - Processing file /home/airflow/.local/lib/python3.8/site-packages/airflow/example_dags/subdags/subdag.py for tasks to queue
[2025-12-24T17:20:27.436+0000] {logging_mixin.py:188} INFO - [2025-12-24T17:20:27.436+0000] {dagbag.py:538} INFO - Filling up the DagBag from /home/airflow/.local/lib/python3.8/site-packages/airflow/example_dags/subdags/subdag.py
[2025-12-24T17:20:27.440+0000] {processor.py:842} WARNING - No viable dags retrieved from /home/airflow/.local/lib/python3.8/site-packages/airflow/example_dags/subdags/subdag.py
[2025-12-24T17:20:27.463+0000] {processor.py:183} INFO - Processing /home/airflow/.local/lib/python3.8/site-packages/airflow/example_dags/subdags/subdag.py took 0.036 seconds
[2025-12-24T17:20:57.515+0000] {processor.py:161} INFO - Started process (PID=12086) to work on /home/airflow/.local/lib/python3.8/site-packages/airflow/example_dags/subdags/subdag.py
[2025-12-24T17:20:57.516+0000] {processor.py:830} INFO - Processing file /home/airflow/.local/lib/python3.8/site-packages/airflow/example_dags/subdags/subdag.py for tasks to queue
[2025-12-24T17:20:57.518+0000] {logging_mixin.py:188} INFO - [2025-12-24T17:20:57.517+0000] {dagbag.py:538} INFO - Filling up the DagBag from /home/airflow/.local/lib/python3.8/site-packages/airflow/example_dags/subdags/subdag.py
[2025-12-24T17:20:57.520+0000] {processor.py:842} WARNING - No viable dags retrieved from /home/airflow/.local/lib/python3.8/site-packages/airflow/example_dags/subdags/subdag.py
[2025-12-24T17:20:57.536+0000] {processor.py:183} INFO - Processing /home/airflow/.local/lib/python3.8/site-packages/airflow/example_dags/subdags/subdag.py took 0.025 seconds
[2025-12-24T17:21:27.946+0000] {processor.py:161} INFO - Started process (PID=12144) to work on /home/airflow/.local/lib/python3.8/site-packages/airflow/example_dags/subdags/subdag.py
[2025-12-24T17:21:27.947+0000] {processor.py:830} INFO - Processing file /home/airflow/.local/lib/python3.8/site-packages/airflow/example_dags/subdags/subdag.py for tasks to queue
[2025-12-24T17:21:27.949+0000] {logging_mixin.py:188} INFO - [2025-12-24T17:21:27.948+0000] {dagbag.py:538} INFO - Filling up the DagBag from /home/airflow/.local/lib/python3.8/site-packages/airflow/example_dags/subdags/subdag.py
[2025-12-24T17:21:27.953+0000] {processor.py:842} WARNING - No viable dags retrieved from /home/airflow/.local/lib/python3.8/site-packages/airflow/example_dags/subdags/subdag.py
[2025-12-24T17:21:27.969+0000] {processor.py:183} INFO - Processing /home/airflow/.local/lib/python3.8/site-packages/airflow/example_dags/subdags/subdag.py took 0.028 seconds
[2025-12-24T17:21:58.572+0000] {processor.py:161} INFO - Started process (PID=12201) to work on /home/airflow/.local/lib/python3.8/site-packages/airflow/example_dags/subdags/subdag.py
[2025-12-24T17:21:58.573+0000] {processor.py:830} INFO - Processing file /home/airflow/.local/lib/python3.8/site-packages/airflow/example_dags/subdags/subdag.py for tasks to queue
[2025-12-24T17:21:58.574+0000] {logging_mixin.py:188} INFO - [2025-12-24T17:21:58.574+0000] {dagbag.py:538} INFO - Filling up the DagBag from /home/airflow/.local/lib/python3.8/site-packages/airflow/example_dags/subdags/subdag.py
[2025-12-24T17:21:58.577+0000] {processor.py:842} WARNING - No viable dags retrieved from /home/airflow/.local/lib/python3.8/site-packages/airflow/example_dags/subdags/subdag.py
[2025-12-24T17:21:58.591+0000] {processor.py:183} INFO - Processing /home/airflow/.local/lib/python3.8/site-packages/airflow/example_dags/subdags/subdag.py took 0.024 seconds
[2025-12-24T17:22:29.191+0000] {processor.py:161} INFO - Started process (PID=12258) to work on /home/airflow/.local/lib/python3.8/site-packages/airflow/example_dags/subdags/subdag.py
[2025-12-24T17:22:29.192+0000] {processor.py:830} INFO - Processing file /home/airflow/.local/lib/python3.8/site-packages/airflow/example_dags/subdags/subdag.py for tasks to queue
[2025-12-24T17:22:29.193+0000] {logging_mixin.py:188} INFO - [2025-12-24T17:22:29.193+0000] {dagbag.py:538} INFO - Filling up the DagBag from /home/airflow/.local/lib/python3.8/site-packages/airflow/example_dags/subdags/subdag.py
[2025-12-24T17:22:29.197+0000] {processor.py:842} WARNING - No viable dags retrieved from /home/airflow/.local/lib/python3.8/site-packages/airflow/example_dags/subdags/subdag.py
[2025-12-24T17:22:29.215+0000] {processor.py:183} INFO - Processing /home/airflow/.local/lib/python3.8/site-packages/airflow/example_dags/subdags/subdag.py took 0.029 seconds
[2025-12-24T17:23:00.069+0000] {processor.py:161} INFO - Started process (PID=12315) to work on /home/airflow/.local/lib/python3.8/site-packages/airflow/example_dags/subdags/subdag.py
[2025-12-24T17:23:00.071+0000] {processor.py:830} INFO - Processing file /home/airflow/.local/lib/python3.8/site-packages/airflow/example_dags/subdags/subdag.py for tasks to queue
[2025-12-24T17:23:00.072+0000] {logging_mixin.py:188} INFO - [2025-12-24T17:23:00.072+0000] {dagbag.py:538} INFO - Filling up the DagBag from /home/airflow/.local/lib/python3.8/site-packages/airflow/example_dags/subdags/subdag.py
[2025-12-24T17:23:00.076+0000] {processor.py:842} WARNING - No viable dags retrieved from /home/airflow/.local/lib/python3.8/site-packages/airflow/example_dags/subdags/subdag.py
[2025-12-24T17:23:00.094+0000] {processor.py:183} INFO - Processing /home/airflow/.local/lib/python3.8/site-packages/airflow/example_dags/subdags/subdag.py took 0.029 seconds
[2025-12-24T17:23:30.720+0000] {processor.py:161} INFO - Started process (PID=12372) to work on /home/airflow/.local/lib/python3.8/site-packages/airflow/example_dags/subdags/subdag.py
[2025-12-24T17:23:30.722+0000] {processor.py:830} INFO - Processing file /home/airflow/.local/lib/python3.8/site-packages/airflow/example_dags/subdags/subdag.py for tasks to queue
[2025-12-24T17:23:30.723+0000] {logging_mixin.py:188} INFO - [2025-12-24T17:23:30.722+0000] {dagbag.py:538} INFO - Filling up the DagBag from /home/airflow/.local/lib/python3.8/site-packages/airflow/example_dags/subdags/subdag.py
[2025-12-24T17:23:30.726+0000] {processor.py:842} WARNING - No viable dags retrieved from /home/airflow/.local/lib/python3.8/site-packages/airflow/example_dags/subdags/subdag.py
[2025-12-24T17:23:30.744+0000] {processor.py:183} INFO - Processing /home/airflow/.local/lib/python3.8/site-packages/airflow/example_dags/subdags/subdag.py took 0.027 seconds
[2025-12-24T17:24:01.067+0000] {processor.py:161} INFO - Started process (PID=12429) to work on /home/airflow/.local/lib/python3.8/site-packages/airflow/example_dags/subdags/subdag.py
[2025-12-24T17:24:01.068+0000] {processor.py:830} INFO - Processing file /home/airflow/.local/lib/python3.8/site-packages/airflow/example_dags/subdags/subdag.py for tasks to queue
[2025-12-24T17:24:01.070+0000] {logging_mixin.py:188} INFO - [2025-12-24T17:24:01.069+0000] {dagbag.py:538} INFO - Filling up the DagBag from /home/airflow/.local/lib/python3.8/site-packages/airflow/example_dags/subdags/subdag.py
[2025-12-24T17:24:01.074+0000] {processor.py:842} WARNING - No viable dags retrieved from /home/airflow/.local/lib/python3.8/site-packages/airflow/example_dags/subdags/subdag.py
[2025-12-24T17:24:01.094+0000] {processor.py:183} INFO - Processing /home/airflow/.local/lib/python3.8/site-packages/airflow/example_dags/subdags/subdag.py took 0.031 seconds
[2025-12-24T17:24:31.272+0000] {processor.py:161} INFO - Started process (PID=12486) to work on /home/airflow/.local/lib/python3.8/site-packages/airflow/example_dags/subdags/subdag.py
[2025-12-24T17:24:31.273+0000] {processor.py:830} INFO - Processing file /home/airflow/.local/lib/python3.8/site-packages/airflow/example_dags/subdags/subdag.py for tasks to queue
[2025-12-24T17:24:31.274+0000] {logging_mixin.py:188} INFO - [2025-12-24T17:24:31.273+0000] {dagbag.py:538} INFO - Filling up the DagBag from /home/airflow/.local/lib/python3.8/site-packages/airflow/example_dags/subdags/subdag.py
[2025-12-24T17:24:31.276+0000] {processor.py:842} WARNING - No viable dags retrieved from /home/airflow/.local/lib/python3.8/site-packages/airflow/example_dags/subdags/subdag.py
[2025-12-24T17:24:31.290+0000] {processor.py:183} INFO - Processing /home/airflow/.local/lib/python3.8/site-packages/airflow/example_dags/subdags/subdag.py took 0.022 seconds
[2025-12-24T17:25:01.447+0000] {processor.py:161} INFO - Started process (PID=12543) to work on /home/airflow/.local/lib/python3.8/site-packages/airflow/example_dags/subdags/subdag.py
[2025-12-24T17:25:01.448+0000] {processor.py:830} INFO - Processing file /home/airflow/.local/lib/python3.8/site-packages/airflow/example_dags/subdags/subdag.py for tasks to queue
[2025-12-24T17:25:01.449+0000] {logging_mixin.py:188} INFO - [2025-12-24T17:25:01.448+0000] {dagbag.py:538} INFO - Filling up the DagBag from /home/airflow/.local/lib/python3.8/site-packages/airflow/example_dags/subdags/subdag.py
[2025-12-24T17:25:01.451+0000] {processor.py:842} WARNING - No viable dags retrieved from /home/airflow/.local/lib/python3.8/site-packages/airflow/example_dags/subdags/subdag.py
[2025-12-24T17:25:01.467+0000] {processor.py:183} INFO - Processing /home/airflow/.local/lib/python3.8/site-packages/airflow/example_dags/subdags/subdag.py took 0.024 seconds
[2025-12-24T17:25:31.948+0000] {processor.py:161} INFO - Started process (PID=12600) to work on /home/airflow/.local/lib/python3.8/site-packages/airflow/example_dags/subdags/subdag.py
[2025-12-24T17:25:31.949+0000] {processor.py:830} INFO - Processing file /home/airflow/.local/lib/python3.8/site-packages/airflow/example_dags/subdags/subdag.py for tasks to queue
[2025-12-24T17:25:31.950+0000] {logging_mixin.py:188} INFO - [2025-12-24T17:25:31.950+0000] {dagbag.py:538} INFO - Filling up the DagBag from /home/airflow/.local/lib/python3.8/site-packages/airflow/example_dags/subdags/subdag.py
[2025-12-24T17:25:31.953+0000] {processor.py:842} WARNING - No viable dags retrieved from /home/airflow/.local/lib/python3.8/site-packages/airflow/example_dags/subdags/subdag.py
[2025-12-24T17:25:31.970+0000] {processor.py:183} INFO - Processing /home/airflow/.local/lib/python3.8/site-packages/airflow/example_dags/subdags/subdag.py took 0.026 seconds
[2025-12-24T17:26:02.322+0000] {processor.py:161} INFO - Started process (PID=12657) to work on /home/airflow/.local/lib/python3.8/site-packages/airflow/example_dags/subdags/subdag.py
[2025-12-24T17:26:02.323+0000] {processor.py:830} INFO - Processing file /home/airflow/.local/lib/python3.8/site-packages/airflow/example_dags/subdags/subdag.py for tasks to queue
[2025-12-24T17:26:02.324+0000] {logging_mixin.py:188} INFO - [2025-12-24T17:26:02.324+0000] {dagbag.py:538} INFO - Filling up the DagBag from /home/airflow/.local/lib/python3.8/site-packages/airflow/example_dags/subdags/subdag.py
[2025-12-24T17:26:02.326+0000] {processor.py:842} WARNING - No viable dags retrieved from /home/airflow/.local/lib/python3.8/site-packages/airflow/example_dags/subdags/subdag.py
[2025-12-24T17:26:02.341+0000] {processor.py:183} INFO - Processing /home/airflow/.local/lib/python3.8/site-packages/airflow/example_dags/subdags/subdag.py took 0.024 seconds
[2025-12-24T17:26:32.815+0000] {processor.py:161} INFO - Started process (PID=12714) to work on /home/airflow/.local/lib/python3.8/site-packages/airflow/example_dags/subdags/subdag.py
[2025-12-24T17:26:32.817+0000] {processor.py:830} INFO - Processing file /home/airflow/.local/lib/python3.8/site-packages/airflow/example_dags/subdags/subdag.py for tasks to queue
[2025-12-24T17:26:32.818+0000] {logging_mixin.py:188} INFO - [2025-12-24T17:26:32.818+0000] {dagbag.py:538} INFO - Filling up the DagBag from /home/airflow/.local/lib/python3.8/site-packages/airflow/example_dags/subdags/subdag.py
[2025-12-24T17:26:32.820+0000] {processor.py:842} WARNING - No viable dags retrieved from /home/airflow/.local/lib/python3.8/site-packages/airflow/example_dags/subdags/subdag.py
[2025-12-24T17:26:32.835+0000] {processor.py:183} INFO - Processing /home/airflow/.local/lib/python3.8/site-packages/airflow/example_dags/subdags/subdag.py took 0.024 seconds
[2025-12-24T17:27:03.121+0000] {processor.py:161} INFO - Started process (PID=12771) to work on /home/airflow/.local/lib/python3.8/site-packages/airflow/example_dags/subdags/subdag.py
[2025-12-24T17:27:03.122+0000] {processor.py:830} INFO - Processing file /home/airflow/.local/lib/python3.8/site-packages/airflow/example_dags/subdags/subdag.py for tasks to queue
[2025-12-24T17:27:03.123+0000] {logging_mixin.py:188} INFO - [2025-12-24T17:27:03.123+0000] {dagbag.py:538} INFO - Filling up the DagBag from /home/airflow/.local/lib/python3.8/site-packages/airflow/example_dags/subdags/subdag.py
[2025-12-24T17:27:03.126+0000] {processor.py:842} WARNING - No viable dags retrieved from /home/airflow/.local/lib/python3.8/site-packages/airflow/example_dags/subdags/subdag.py
[2025-12-24T17:27:03.141+0000] {processor.py:183} INFO - Processing /home/airflow/.local/lib/python3.8/site-packages/airflow/example_dags/subdags/subdag.py took 0.024 seconds
[2025-12-24T17:27:33.416+0000] {processor.py:161} INFO - Started process (PID=12828) to work on /home/airflow/.local/lib/python3.8/site-packages/airflow/example_dags/subdags/subdag.py
[2025-12-24T17:27:33.417+0000] {processor.py:830} INFO - Processing file /home/airflow/.local/lib/python3.8/site-packages/airflow/example_dags/subdags/subdag.py for tasks to queue
[2025-12-24T17:27:33.418+0000] {logging_mixin.py:188} INFO - [2025-12-24T17:27:33.418+0000] {dagbag.py:538} INFO - Filling up the DagBag from /home/airflow/.local/lib/python3.8/site-packages/airflow/example_dags/subdags/subdag.py
[2025-12-24T17:27:33.421+0000] {processor.py:842} WARNING - No viable dags retrieved from /home/airflow/.local/lib/python3.8/site-packages/airflow/example_dags/subdags/subdag.py
[2025-12-24T17:27:33.435+0000] {processor.py:183} INFO - Processing /home/airflow/.local/lib/python3.8/site-packages/airflow/example_dags/subdags/subdag.py took 0.023 seconds
[2025-12-24T17:28:03.602+0000] {processor.py:161} INFO - Started process (PID=12885) to work on /home/airflow/.local/lib/python3.8/site-packages/airflow/example_dags/subdags/subdag.py
[2025-12-24T17:28:03.603+0000] {processor.py:830} INFO - Processing file /home/airflow/.local/lib/python3.8/site-packages/airflow/example_dags/subdags/subdag.py for tasks to queue
[2025-12-24T17:28:03.605+0000] {logging_mixin.py:188} INFO - [2025-12-24T17:28:03.604+0000] {dagbag.py:538} INFO - Filling up the DagBag from /home/airflow/.local/lib/python3.8/site-packages/airflow/example_dags/subdags/subdag.py
[2025-12-24T17:28:03.608+0000] {processor.py:842} WARNING - No viable dags retrieved from /home/airflow/.local/lib/python3.8/site-packages/airflow/example_dags/subdags/subdag.py
[2025-12-24T17:28:03.625+0000] {processor.py:183} INFO - Processing /home/airflow/.local/lib/python3.8/site-packages/airflow/example_dags/subdags/subdag.py took 0.028 seconds
[2025-12-24T17:28:33.971+0000] {processor.py:161} INFO - Started process (PID=12942) to work on /home/airflow/.local/lib/python3.8/site-packages/airflow/example_dags/subdags/subdag.py
[2025-12-24T17:28:33.973+0000] {processor.py:830} INFO - Processing file /home/airflow/.local/lib/python3.8/site-packages/airflow/example_dags/subdags/subdag.py for tasks to queue
[2025-12-24T17:28:33.974+0000] {logging_mixin.py:188} INFO - [2025-12-24T17:28:33.974+0000] {dagbag.py:538} INFO - Filling up the DagBag from /home/airflow/.local/lib/python3.8/site-packages/airflow/example_dags/subdags/subdag.py
[2025-12-24T17:28:33.977+0000] {processor.py:842} WARNING - No viable dags retrieved from /home/airflow/.local/lib/python3.8/site-packages/airflow/example_dags/subdags/subdag.py
[2025-12-24T17:28:33.997+0000] {processor.py:183} INFO - Processing /home/airflow/.local/lib/python3.8/site-packages/airflow/example_dags/subdags/subdag.py took 0.029 seconds
[2025-12-24T17:29:04.190+0000] {processor.py:161} INFO - Started process (PID=12999) to work on /home/airflow/.local/lib/python3.8/site-packages/airflow/example_dags/subdags/subdag.py
[2025-12-24T17:29:04.191+0000] {processor.py:830} INFO - Processing file /home/airflow/.local/lib/python3.8/site-packages/airflow/example_dags/subdags/subdag.py for tasks to queue
[2025-12-24T17:29:04.192+0000] {logging_mixin.py:188} INFO - [2025-12-24T17:29:04.192+0000] {dagbag.py:538} INFO - Filling up the DagBag from /home/airflow/.local/lib/python3.8/site-packages/airflow/example_dags/subdags/subdag.py
[2025-12-24T17:29:04.195+0000] {processor.py:842} WARNING - No viable dags retrieved from /home/airflow/.local/lib/python3.8/site-packages/airflow/example_dags/subdags/subdag.py
[2025-12-24T17:29:04.209+0000] {processor.py:183} INFO - Processing /home/airflow/.local/lib/python3.8/site-packages/airflow/example_dags/subdags/subdag.py took 0.023 seconds
[2025-12-24T17:29:34.356+0000] {processor.py:161} INFO - Started process (PID=13054) to work on /home/airflow/.local/lib/python3.8/site-packages/airflow/example_dags/subdags/subdag.py
[2025-12-24T17:29:34.357+0000] {processor.py:830} INFO - Processing file /home/airflow/.local/lib/python3.8/site-packages/airflow/example_dags/subdags/subdag.py for tasks to queue
[2025-12-24T17:29:34.358+0000] {logging_mixin.py:188} INFO - [2025-12-24T17:29:34.358+0000] {dagbag.py:538} INFO - Filling up the DagBag from /home/airflow/.local/lib/python3.8/site-packages/airflow/example_dags/subdags/subdag.py
[2025-12-24T17:29:34.361+0000] {processor.py:842} WARNING - No viable dags retrieved from /home/airflow/.local/lib/python3.8/site-packages/airflow/example_dags/subdags/subdag.py
[2025-12-24T17:29:34.375+0000] {processor.py:183} INFO - Processing /home/airflow/.local/lib/python3.8/site-packages/airflow/example_dags/subdags/subdag.py took 0.023 seconds
[2025-12-24T17:30:04.839+0000] {processor.py:161} INFO - Started process (PID=13111) to work on /home/airflow/.local/lib/python3.8/site-packages/airflow/example_dags/subdags/subdag.py
[2025-12-24T17:30:04.841+0000] {processor.py:830} INFO - Processing file /home/airflow/.local/lib/python3.8/site-packages/airflow/example_dags/subdags/subdag.py for tasks to queue
[2025-12-24T17:30:04.845+0000] {logging_mixin.py:188} INFO - [2025-12-24T17:30:04.844+0000] {dagbag.py:538} INFO - Filling up the DagBag from /home/airflow/.local/lib/python3.8/site-packages/airflow/example_dags/subdags/subdag.py
[2025-12-24T17:30:04.848+0000] {processor.py:842} WARNING - No viable dags retrieved from /home/airflow/.local/lib/python3.8/site-packages/airflow/example_dags/subdags/subdag.py
[2025-12-24T17:30:04.864+0000] {processor.py:183} INFO - Processing /home/airflow/.local/lib/python3.8/site-packages/airflow/example_dags/subdags/subdag.py took 0.029 seconds
[2025-12-24T17:30:35.194+0000] {processor.py:161} INFO - Started process (PID=13168) to work on /home/airflow/.local/lib/python3.8/site-packages/airflow/example_dags/subdags/subdag.py
[2025-12-24T17:30:35.195+0000] {processor.py:830} INFO - Processing file /home/airflow/.local/lib/python3.8/site-packages/airflow/example_dags/subdags/subdag.py for tasks to queue
[2025-12-24T17:30:35.197+0000] {logging_mixin.py:188} INFO - [2025-12-24T17:30:35.196+0000] {dagbag.py:538} INFO - Filling up the DagBag from /home/airflow/.local/lib/python3.8/site-packages/airflow/example_dags/subdags/subdag.py
[2025-12-24T17:30:35.201+0000] {processor.py:842} WARNING - No viable dags retrieved from /home/airflow/.local/lib/python3.8/site-packages/airflow/example_dags/subdags/subdag.py
[2025-12-24T17:30:35.221+0000] {processor.py:183} INFO - Processing /home/airflow/.local/lib/python3.8/site-packages/airflow/example_dags/subdags/subdag.py took 0.033 seconds
[2025-12-24T17:31:05.696+0000] {processor.py:161} INFO - Started process (PID=13231) to work on /home/airflow/.local/lib/python3.8/site-packages/airflow/example_dags/subdags/subdag.py
[2025-12-24T17:31:05.698+0000] {processor.py:830} INFO - Processing file /home/airflow/.local/lib/python3.8/site-packages/airflow/example_dags/subdags/subdag.py for tasks to queue
[2025-12-24T17:31:05.699+0000] {logging_mixin.py:188} INFO - [2025-12-24T17:31:05.699+0000] {dagbag.py:538} INFO - Filling up the DagBag from /home/airflow/.local/lib/python3.8/site-packages/airflow/example_dags/subdags/subdag.py
[2025-12-24T17:31:05.702+0000] {processor.py:842} WARNING - No viable dags retrieved from /home/airflow/.local/lib/python3.8/site-packages/airflow/example_dags/subdags/subdag.py
[2025-12-24T17:31:05.717+0000] {processor.py:183} INFO - Processing /home/airflow/.local/lib/python3.8/site-packages/airflow/example_dags/subdags/subdag.py took 0.024 seconds
[2025-12-24T17:31:36.049+0000] {processor.py:161} INFO - Started process (PID=13288) to work on /home/airflow/.local/lib/python3.8/site-packages/airflow/example_dags/subdags/subdag.py
[2025-12-24T17:31:36.051+0000] {processor.py:830} INFO - Processing file /home/airflow/.local/lib/python3.8/site-packages/airflow/example_dags/subdags/subdag.py for tasks to queue
[2025-12-24T17:31:36.052+0000] {logging_mixin.py:188} INFO - [2025-12-24T17:31:36.051+0000] {dagbag.py:538} INFO - Filling up the DagBag from /home/airflow/.local/lib/python3.8/site-packages/airflow/example_dags/subdags/subdag.py
[2025-12-24T17:31:36.054+0000] {processor.py:842} WARNING - No viable dags retrieved from /home/airflow/.local/lib/python3.8/site-packages/airflow/example_dags/subdags/subdag.py
[2025-12-24T17:31:36.071+0000] {processor.py:183} INFO - Processing /home/airflow/.local/lib/python3.8/site-packages/airflow/example_dags/subdags/subdag.py took 0.025 seconds
[2025-12-24T17:32:06.648+0000] {processor.py:161} INFO - Started process (PID=13345) to work on /home/airflow/.local/lib/python3.8/site-packages/airflow/example_dags/subdags/subdag.py
[2025-12-24T17:32:06.650+0000] {processor.py:830} INFO - Processing file /home/airflow/.local/lib/python3.8/site-packages/airflow/example_dags/subdags/subdag.py for tasks to queue
[2025-12-24T17:32:06.651+0000] {logging_mixin.py:188} INFO - [2025-12-24T17:32:06.650+0000] {dagbag.py:538} INFO - Filling up the DagBag from /home/airflow/.local/lib/python3.8/site-packages/airflow/example_dags/subdags/subdag.py
[2025-12-24T17:32:06.653+0000] {processor.py:842} WARNING - No viable dags retrieved from /home/airflow/.local/lib/python3.8/site-packages/airflow/example_dags/subdags/subdag.py
[2025-12-24T17:32:06.670+0000] {processor.py:183} INFO - Processing /home/airflow/.local/lib/python3.8/site-packages/airflow/example_dags/subdags/subdag.py took 0.025 seconds
[2025-12-24T17:32:37.174+0000] {processor.py:161} INFO - Started process (PID=13402) to work on /home/airflow/.local/lib/python3.8/site-packages/airflow/example_dags/subdags/subdag.py
[2025-12-24T17:32:37.176+0000] {processor.py:830} INFO - Processing file /home/airflow/.local/lib/python3.8/site-packages/airflow/example_dags/subdags/subdag.py for tasks to queue
[2025-12-24T17:32:37.177+0000] {logging_mixin.py:188} INFO - [2025-12-24T17:32:37.177+0000] {dagbag.py:538} INFO - Filling up the DagBag from /home/airflow/.local/lib/python3.8/site-packages/airflow/example_dags/subdags/subdag.py
[2025-12-24T17:32:37.180+0000] {processor.py:842} WARNING - No viable dags retrieved from /home/airflow/.local/lib/python3.8/site-packages/airflow/example_dags/subdags/subdag.py
[2025-12-24T17:32:37.196+0000] {processor.py:183} INFO - Processing /home/airflow/.local/lib/python3.8/site-packages/airflow/example_dags/subdags/subdag.py took 0.025 seconds
[2025-12-24T17:33:07.758+0000] {processor.py:161} INFO - Started process (PID=13459) to work on /home/airflow/.local/lib/python3.8/site-packages/airflow/example_dags/subdags/subdag.py
[2025-12-24T17:33:07.760+0000] {processor.py:830} INFO - Processing file /home/airflow/.local/lib/python3.8/site-packages/airflow/example_dags/subdags/subdag.py for tasks to queue
[2025-12-24T17:33:07.761+0000] {logging_mixin.py:188} INFO - [2025-12-24T17:33:07.761+0000] {dagbag.py:538} INFO - Filling up the DagBag from /home/airflow/.local/lib/python3.8/site-packages/airflow/example_dags/subdags/subdag.py
[2025-12-24T17:33:07.764+0000] {processor.py:842} WARNING - No viable dags retrieved from /home/airflow/.local/lib/python3.8/site-packages/airflow/example_dags/subdags/subdag.py
[2025-12-24T17:33:07.780+0000] {processor.py:183} INFO - Processing /home/airflow/.local/lib/python3.8/site-packages/airflow/example_dags/subdags/subdag.py took 0.027 seconds
[2025-12-24T17:33:38.068+0000] {processor.py:161} INFO - Started process (PID=13516) to work on /home/airflow/.local/lib/python3.8/site-packages/airflow/example_dags/subdags/subdag.py
[2025-12-24T17:33:38.069+0000] {processor.py:830} INFO - Processing file /home/airflow/.local/lib/python3.8/site-packages/airflow/example_dags/subdags/subdag.py for tasks to queue
[2025-12-24T17:33:38.070+0000] {logging_mixin.py:188} INFO - [2025-12-24T17:33:38.070+0000] {dagbag.py:538} INFO - Filling up the DagBag from /home/airflow/.local/lib/python3.8/site-packages/airflow/example_dags/subdags/subdag.py
[2025-12-24T17:33:38.073+0000] {processor.py:842} WARNING - No viable dags retrieved from /home/airflow/.local/lib/python3.8/site-packages/airflow/example_dags/subdags/subdag.py
[2025-12-24T17:33:38.090+0000] {processor.py:183} INFO - Processing /home/airflow/.local/lib/python3.8/site-packages/airflow/example_dags/subdags/subdag.py took 0.026 seconds
[2025-12-24T17:34:08.170+0000] {processor.py:161} INFO - Started process (PID=13571) to work on /home/airflow/.local/lib/python3.8/site-packages/airflow/example_dags/subdags/subdag.py
[2025-12-24T17:34:08.172+0000] {processor.py:830} INFO - Processing file /home/airflow/.local/lib/python3.8/site-packages/airflow/example_dags/subdags/subdag.py for tasks to queue
[2025-12-24T17:34:08.174+0000] {logging_mixin.py:188} INFO - [2025-12-24T17:34:08.174+0000] {dagbag.py:538} INFO - Filling up the DagBag from /home/airflow/.local/lib/python3.8/site-packages/airflow/example_dags/subdags/subdag.py
[2025-12-24T17:34:08.177+0000] {processor.py:842} WARNING - No viable dags retrieved from /home/airflow/.local/lib/python3.8/site-packages/airflow/example_dags/subdags/subdag.py
[2025-12-24T17:34:08.194+0000] {processor.py:183} INFO - Processing /home/airflow/.local/lib/python3.8/site-packages/airflow/example_dags/subdags/subdag.py took 0.028 seconds
[2025-12-24T17:34:38.371+0000] {processor.py:161} INFO - Started process (PID=13628) to work on /home/airflow/.local/lib/python3.8/site-packages/airflow/example_dags/subdags/subdag.py
[2025-12-24T17:34:38.373+0000] {processor.py:830} INFO - Processing file /home/airflow/.local/lib/python3.8/site-packages/airflow/example_dags/subdags/subdag.py for tasks to queue
[2025-12-24T17:34:38.374+0000] {logging_mixin.py:188} INFO - [2025-12-24T17:34:38.374+0000] {dagbag.py:538} INFO - Filling up the DagBag from /home/airflow/.local/lib/python3.8/site-packages/airflow/example_dags/subdags/subdag.py
[2025-12-24T17:34:38.376+0000] {processor.py:842} WARNING - No viable dags retrieved from /home/airflow/.local/lib/python3.8/site-packages/airflow/example_dags/subdags/subdag.py
[2025-12-24T17:34:38.392+0000] {processor.py:183} INFO - Processing /home/airflow/.local/lib/python3.8/site-packages/airflow/example_dags/subdags/subdag.py took 0.024 seconds
[2025-12-24T17:35:08.642+0000] {processor.py:161} INFO - Started process (PID=13685) to work on /home/airflow/.local/lib/python3.8/site-packages/airflow/example_dags/subdags/subdag.py
[2025-12-24T17:35:08.644+0000] {processor.py:830} INFO - Processing file /home/airflow/.local/lib/python3.8/site-packages/airflow/example_dags/subdags/subdag.py for tasks to queue
[2025-12-24T17:35:08.645+0000] {logging_mixin.py:188} INFO - [2025-12-24T17:35:08.644+0000] {dagbag.py:538} INFO - Filling up the DagBag from /home/airflow/.local/lib/python3.8/site-packages/airflow/example_dags/subdags/subdag.py
[2025-12-24T17:35:08.648+0000] {processor.py:842} WARNING - No viable dags retrieved from /home/airflow/.local/lib/python3.8/site-packages/airflow/example_dags/subdags/subdag.py
[2025-12-24T17:35:08.665+0000] {processor.py:183} INFO - Processing /home/airflow/.local/lib/python3.8/site-packages/airflow/example_dags/subdags/subdag.py took 0.027 seconds
[2025-12-24T17:35:39.030+0000] {processor.py:161} INFO - Started process (PID=13742) to work on /home/airflow/.local/lib/python3.8/site-packages/airflow/example_dags/subdags/subdag.py
[2025-12-24T17:35:39.033+0000] {processor.py:830} INFO - Processing file /home/airflow/.local/lib/python3.8/site-packages/airflow/example_dags/subdags/subdag.py for tasks to queue
[2025-12-24T17:35:39.034+0000] {logging_mixin.py:188} INFO - [2025-12-24T17:35:39.034+0000] {dagbag.py:538} INFO - Filling up the DagBag from /home/airflow/.local/lib/python3.8/site-packages/airflow/example_dags/subdags/subdag.py
[2025-12-24T17:35:39.037+0000] {processor.py:842} WARNING - No viable dags retrieved from /home/airflow/.local/lib/python3.8/site-packages/airflow/example_dags/subdags/subdag.py
[2025-12-24T17:35:39.056+0000] {processor.py:183} INFO - Processing /home/airflow/.local/lib/python3.8/site-packages/airflow/example_dags/subdags/subdag.py took 0.030 seconds
[2025-12-24T17:36:09.182+0000] {processor.py:161} INFO - Started process (PID=13799) to work on /home/airflow/.local/lib/python3.8/site-packages/airflow/example_dags/subdags/subdag.py
[2025-12-24T17:36:09.184+0000] {processor.py:830} INFO - Processing file /home/airflow/.local/lib/python3.8/site-packages/airflow/example_dags/subdags/subdag.py for tasks to queue
[2025-12-24T17:36:09.185+0000] {logging_mixin.py:188} INFO - [2025-12-24T17:36:09.184+0000] {dagbag.py:538} INFO - Filling up the DagBag from /home/airflow/.local/lib/python3.8/site-packages/airflow/example_dags/subdags/subdag.py
[2025-12-24T17:36:09.187+0000] {processor.py:842} WARNING - No viable dags retrieved from /home/airflow/.local/lib/python3.8/site-packages/airflow/example_dags/subdags/subdag.py
[2025-12-24T17:36:09.203+0000] {processor.py:183} INFO - Processing /home/airflow/.local/lib/python3.8/site-packages/airflow/example_dags/subdags/subdag.py took 0.024 seconds
[2025-12-24T17:36:40.004+0000] {processor.py:161} INFO - Started process (PID=13856) to work on /home/airflow/.local/lib/python3.8/site-packages/airflow/example_dags/subdags/subdag.py
[2025-12-24T17:36:40.005+0000] {processor.py:830} INFO - Processing file /home/airflow/.local/lib/python3.8/site-packages/airflow/example_dags/subdags/subdag.py for tasks to queue
[2025-12-24T17:36:40.006+0000] {logging_mixin.py:188} INFO - [2025-12-24T17:36:40.006+0000] {dagbag.py:538} INFO - Filling up the DagBag from /home/airflow/.local/lib/python3.8/site-packages/airflow/example_dags/subdags/subdag.py
[2025-12-24T17:36:40.009+0000] {processor.py:842} WARNING - No viable dags retrieved from /home/airflow/.local/lib/python3.8/site-packages/airflow/example_dags/subdags/subdag.py
[2025-12-24T17:36:40.025+0000] {processor.py:183} INFO - Processing /home/airflow/.local/lib/python3.8/site-packages/airflow/example_dags/subdags/subdag.py took 0.024 seconds
[2025-12-24T17:37:10.261+0000] {processor.py:161} INFO - Started process (PID=13913) to work on /home/airflow/.local/lib/python3.8/site-packages/airflow/example_dags/subdags/subdag.py
[2025-12-24T17:37:10.262+0000] {processor.py:830} INFO - Processing file /home/airflow/.local/lib/python3.8/site-packages/airflow/example_dags/subdags/subdag.py for tasks to queue
[2025-12-24T17:37:10.263+0000] {logging_mixin.py:188} INFO - [2025-12-24T17:37:10.263+0000] {dagbag.py:538} INFO - Filling up the DagBag from /home/airflow/.local/lib/python3.8/site-packages/airflow/example_dags/subdags/subdag.py
[2025-12-24T17:37:10.267+0000] {processor.py:842} WARNING - No viable dags retrieved from /home/airflow/.local/lib/python3.8/site-packages/airflow/example_dags/subdags/subdag.py
[2025-12-24T17:37:10.281+0000] {processor.py:183} INFO - Processing /home/airflow/.local/lib/python3.8/site-packages/airflow/example_dags/subdags/subdag.py took 0.025 seconds
[2025-12-24T17:37:40.536+0000] {processor.py:161} INFO - Started process (PID=13970) to work on /home/airflow/.local/lib/python3.8/site-packages/airflow/example_dags/subdags/subdag.py
[2025-12-24T17:37:40.537+0000] {processor.py:830} INFO - Processing file /home/airflow/.local/lib/python3.8/site-packages/airflow/example_dags/subdags/subdag.py for tasks to queue
[2025-12-24T17:37:40.538+0000] {logging_mixin.py:188} INFO - [2025-12-24T17:37:40.538+0000] {dagbag.py:538} INFO - Filling up the DagBag from /home/airflow/.local/lib/python3.8/site-packages/airflow/example_dags/subdags/subdag.py
[2025-12-24T17:37:40.540+0000] {processor.py:842} WARNING - No viable dags retrieved from /home/airflow/.local/lib/python3.8/site-packages/airflow/example_dags/subdags/subdag.py
[2025-12-24T17:37:40.555+0000] {processor.py:183} INFO - Processing /home/airflow/.local/lib/python3.8/site-packages/airflow/example_dags/subdags/subdag.py took 0.023 seconds
[2025-12-24T17:38:10.928+0000] {processor.py:161} INFO - Started process (PID=14027) to work on /home/airflow/.local/lib/python3.8/site-packages/airflow/example_dags/subdags/subdag.py
[2025-12-24T17:38:10.929+0000] {processor.py:830} INFO - Processing file /home/airflow/.local/lib/python3.8/site-packages/airflow/example_dags/subdags/subdag.py for tasks to queue
[2025-12-24T17:38:10.930+0000] {logging_mixin.py:188} INFO - [2025-12-24T17:38:10.930+0000] {dagbag.py:538} INFO - Filling up the DagBag from /home/airflow/.local/lib/python3.8/site-packages/airflow/example_dags/subdags/subdag.py
[2025-12-24T17:38:10.932+0000] {processor.py:842} WARNING - No viable dags retrieved from /home/airflow/.local/lib/python3.8/site-packages/airflow/example_dags/subdags/subdag.py
[2025-12-24T17:38:10.947+0000] {processor.py:183} INFO - Processing /home/airflow/.local/lib/python3.8/site-packages/airflow/example_dags/subdags/subdag.py took 0.023 seconds
[2025-12-24T17:38:41.118+0000] {processor.py:161} INFO - Started process (PID=14084) to work on /home/airflow/.local/lib/python3.8/site-packages/airflow/example_dags/subdags/subdag.py
[2025-12-24T17:38:41.120+0000] {processor.py:830} INFO - Processing file /home/airflow/.local/lib/python3.8/site-packages/airflow/example_dags/subdags/subdag.py for tasks to queue
[2025-12-24T17:38:41.121+0000] {logging_mixin.py:188} INFO - [2025-12-24T17:38:41.120+0000] {dagbag.py:538} INFO - Filling up the DagBag from /home/airflow/.local/lib/python3.8/site-packages/airflow/example_dags/subdags/subdag.py
[2025-12-24T17:38:41.123+0000] {processor.py:842} WARNING - No viable dags retrieved from /home/airflow/.local/lib/python3.8/site-packages/airflow/example_dags/subdags/subdag.py
[2025-12-24T17:38:41.142+0000] {processor.py:183} INFO - Processing /home/airflow/.local/lib/python3.8/site-packages/airflow/example_dags/subdags/subdag.py took 0.027 seconds
[2025-12-24T17:39:11.339+0000] {processor.py:161} INFO - Started process (PID=14141) to work on /home/airflow/.local/lib/python3.8/site-packages/airflow/example_dags/subdags/subdag.py
[2025-12-24T17:39:11.341+0000] {processor.py:830} INFO - Processing file /home/airflow/.local/lib/python3.8/site-packages/airflow/example_dags/subdags/subdag.py for tasks to queue
[2025-12-24T17:39:11.342+0000] {logging_mixin.py:188} INFO - [2025-12-24T17:39:11.341+0000] {dagbag.py:538} INFO - Filling up the DagBag from /home/airflow/.local/lib/python3.8/site-packages/airflow/example_dags/subdags/subdag.py
[2025-12-24T17:39:11.344+0000] {processor.py:842} WARNING - No viable dags retrieved from /home/airflow/.local/lib/python3.8/site-packages/airflow/example_dags/subdags/subdag.py
[2025-12-24T17:39:11.361+0000] {processor.py:183} INFO - Processing /home/airflow/.local/lib/python3.8/site-packages/airflow/example_dags/subdags/subdag.py took 0.025 seconds
[2025-12-24T17:39:41.853+0000] {processor.py:161} INFO - Started process (PID=14198) to work on /home/airflow/.local/lib/python3.8/site-packages/airflow/example_dags/subdags/subdag.py
[2025-12-24T17:39:41.855+0000] {processor.py:830} INFO - Processing file /home/airflow/.local/lib/python3.8/site-packages/airflow/example_dags/subdags/subdag.py for tasks to queue
[2025-12-24T17:39:41.857+0000] {logging_mixin.py:188} INFO - [2025-12-24T17:39:41.856+0000] {dagbag.py:538} INFO - Filling up the DagBag from /home/airflow/.local/lib/python3.8/site-packages/airflow/example_dags/subdags/subdag.py
[2025-12-24T17:39:41.859+0000] {processor.py:842} WARNING - No viable dags retrieved from /home/airflow/.local/lib/python3.8/site-packages/airflow/example_dags/subdags/subdag.py
[2025-12-24T17:39:41.883+0000] {processor.py:183} INFO - Processing /home/airflow/.local/lib/python3.8/site-packages/airflow/example_dags/subdags/subdag.py took 0.034 seconds
[2025-12-24T17:40:12.365+0000] {processor.py:161} INFO - Started process (PID=14255) to work on /home/airflow/.local/lib/python3.8/site-packages/airflow/example_dags/subdags/subdag.py
[2025-12-24T17:40:12.366+0000] {processor.py:830} INFO - Processing file /home/airflow/.local/lib/python3.8/site-packages/airflow/example_dags/subdags/subdag.py for tasks to queue
[2025-12-24T17:40:12.368+0000] {logging_mixin.py:188} INFO - [2025-12-24T17:40:12.368+0000] {dagbag.py:538} INFO - Filling up the DagBag from /home/airflow/.local/lib/python3.8/site-packages/airflow/example_dags/subdags/subdag.py
[2025-12-24T17:40:12.371+0000] {processor.py:842} WARNING - No viable dags retrieved from /home/airflow/.local/lib/python3.8/site-packages/airflow/example_dags/subdags/subdag.py
[2025-12-24T17:40:12.385+0000] {processor.py:183} INFO - Processing /home/airflow/.local/lib/python3.8/site-packages/airflow/example_dags/subdags/subdag.py took 0.024 seconds
[2025-12-24T17:40:42.778+0000] {processor.py:161} INFO - Started process (PID=14312) to work on /home/airflow/.local/lib/python3.8/site-packages/airflow/example_dags/subdags/subdag.py
[2025-12-24T17:40:42.779+0000] {processor.py:830} INFO - Processing file /home/airflow/.local/lib/python3.8/site-packages/airflow/example_dags/subdags/subdag.py for tasks to queue
[2025-12-24T17:40:42.780+0000] {logging_mixin.py:188} INFO - [2025-12-24T17:40:42.780+0000] {dagbag.py:538} INFO - Filling up the DagBag from /home/airflow/.local/lib/python3.8/site-packages/airflow/example_dags/subdags/subdag.py
[2025-12-24T17:40:42.783+0000] {processor.py:842} WARNING - No viable dags retrieved from /home/airflow/.local/lib/python3.8/site-packages/airflow/example_dags/subdags/subdag.py
[2025-12-24T17:40:42.802+0000] {processor.py:183} INFO - Processing /home/airflow/.local/lib/python3.8/site-packages/airflow/example_dags/subdags/subdag.py took 0.029 seconds
[2025-12-24T17:41:13.066+0000] {processor.py:161} INFO - Started process (PID=14368) to work on /home/airflow/.local/lib/python3.8/site-packages/airflow/example_dags/subdags/subdag.py
[2025-12-24T17:41:13.067+0000] {processor.py:830} INFO - Processing file /home/airflow/.local/lib/python3.8/site-packages/airflow/example_dags/subdags/subdag.py for tasks to queue
[2025-12-24T17:41:13.069+0000] {logging_mixin.py:188} INFO - [2025-12-24T17:41:13.068+0000] {dagbag.py:538} INFO - Filling up the DagBag from /home/airflow/.local/lib/python3.8/site-packages/airflow/example_dags/subdags/subdag.py
[2025-12-24T17:41:13.071+0000] {processor.py:842} WARNING - No viable dags retrieved from /home/airflow/.local/lib/python3.8/site-packages/airflow/example_dags/subdags/subdag.py
[2025-12-24T17:41:13.086+0000] {processor.py:183} INFO - Processing /home/airflow/.local/lib/python3.8/site-packages/airflow/example_dags/subdags/subdag.py took 0.023 seconds
[2025-12-24T17:41:43.449+0000] {processor.py:161} INFO - Started process (PID=14425) to work on /home/airflow/.local/lib/python3.8/site-packages/airflow/example_dags/subdags/subdag.py
[2025-12-24T17:41:43.451+0000] {processor.py:830} INFO - Processing file /home/airflow/.local/lib/python3.8/site-packages/airflow/example_dags/subdags/subdag.py for tasks to queue
[2025-12-24T17:41:43.453+0000] {logging_mixin.py:188} INFO - [2025-12-24T17:41:43.453+0000] {dagbag.py:538} INFO - Filling up the DagBag from /home/airflow/.local/lib/python3.8/site-packages/airflow/example_dags/subdags/subdag.py
[2025-12-24T17:41:43.456+0000] {processor.py:842} WARNING - No viable dags retrieved from /home/airflow/.local/lib/python3.8/site-packages/airflow/example_dags/subdags/subdag.py
[2025-12-24T17:41:43.471+0000] {processor.py:183} INFO - Processing /home/airflow/.local/lib/python3.8/site-packages/airflow/example_dags/subdags/subdag.py took 0.026 seconds
[2025-12-24T17:42:13.675+0000] {processor.py:161} INFO - Started process (PID=14482) to work on /home/airflow/.local/lib/python3.8/site-packages/airflow/example_dags/subdags/subdag.py
[2025-12-24T17:42:13.676+0000] {processor.py:830} INFO - Processing file /home/airflow/.local/lib/python3.8/site-packages/airflow/example_dags/subdags/subdag.py for tasks to queue
[2025-12-24T17:42:13.677+0000] {logging_mixin.py:188} INFO - [2025-12-24T17:42:13.677+0000] {dagbag.py:538} INFO - Filling up the DagBag from /home/airflow/.local/lib/python3.8/site-packages/airflow/example_dags/subdags/subdag.py
[2025-12-24T17:42:13.680+0000] {processor.py:842} WARNING - No viable dags retrieved from /home/airflow/.local/lib/python3.8/site-packages/airflow/example_dags/subdags/subdag.py
[2025-12-24T17:42:13.694+0000] {processor.py:183} INFO - Processing /home/airflow/.local/lib/python3.8/site-packages/airflow/example_dags/subdags/subdag.py took 0.022 seconds
[2025-12-24T17:42:43.892+0000] {processor.py:161} INFO - Started process (PID=14539) to work on /home/airflow/.local/lib/python3.8/site-packages/airflow/example_dags/subdags/subdag.py
[2025-12-24T17:42:43.893+0000] {processor.py:830} INFO - Processing file /home/airflow/.local/lib/python3.8/site-packages/airflow/example_dags/subdags/subdag.py for tasks to queue
[2025-12-24T17:42:43.895+0000] {logging_mixin.py:188} INFO - [2025-12-24T17:42:43.894+0000] {dagbag.py:538} INFO - Filling up the DagBag from /home/airflow/.local/lib/python3.8/site-packages/airflow/example_dags/subdags/subdag.py
[2025-12-24T17:42:43.897+0000] {processor.py:842} WARNING - No viable dags retrieved from /home/airflow/.local/lib/python3.8/site-packages/airflow/example_dags/subdags/subdag.py
[2025-12-24T17:42:43.912+0000] {processor.py:183} INFO - Processing /home/airflow/.local/lib/python3.8/site-packages/airflow/example_dags/subdags/subdag.py took 0.023 seconds
[2025-12-24T17:43:14.485+0000] {processor.py:161} INFO - Started process (PID=14596) to work on /home/airflow/.local/lib/python3.8/site-packages/airflow/example_dags/subdags/subdag.py
[2025-12-24T17:43:14.487+0000] {processor.py:830} INFO - Processing file /home/airflow/.local/lib/python3.8/site-packages/airflow/example_dags/subdags/subdag.py for tasks to queue
[2025-12-24T17:43:14.487+0000] {logging_mixin.py:188} INFO - [2025-12-24T17:43:14.487+0000] {dagbag.py:538} INFO - Filling up the DagBag from /home/airflow/.local/lib/python3.8/site-packages/airflow/example_dags/subdags/subdag.py
[2025-12-24T17:43:14.490+0000] {processor.py:842} WARNING - No viable dags retrieved from /home/airflow/.local/lib/python3.8/site-packages/airflow/example_dags/subdags/subdag.py
[2025-12-24T17:43:14.504+0000] {processor.py:183} INFO - Processing /home/airflow/.local/lib/python3.8/site-packages/airflow/example_dags/subdags/subdag.py took 0.023 seconds
[2025-12-24T17:43:44.671+0000] {processor.py:161} INFO - Started process (PID=14653) to work on /home/airflow/.local/lib/python3.8/site-packages/airflow/example_dags/subdags/subdag.py
[2025-12-24T17:43:44.672+0000] {processor.py:830} INFO - Processing file /home/airflow/.local/lib/python3.8/site-packages/airflow/example_dags/subdags/subdag.py for tasks to queue
[2025-12-24T17:43:44.673+0000] {logging_mixin.py:188} INFO - [2025-12-24T17:43:44.672+0000] {dagbag.py:538} INFO - Filling up the DagBag from /home/airflow/.local/lib/python3.8/site-packages/airflow/example_dags/subdags/subdag.py
[2025-12-24T17:43:44.675+0000] {processor.py:842} WARNING - No viable dags retrieved from /home/airflow/.local/lib/python3.8/site-packages/airflow/example_dags/subdags/subdag.py
[2025-12-24T17:43:44.690+0000] {processor.py:183} INFO - Processing /home/airflow/.local/lib/python3.8/site-packages/airflow/example_dags/subdags/subdag.py took 0.023 seconds
[2025-12-24T17:44:14.961+0000] {processor.py:161} INFO - Started process (PID=14710) to work on /home/airflow/.local/lib/python3.8/site-packages/airflow/example_dags/subdags/subdag.py
[2025-12-24T17:44:14.962+0000] {processor.py:830} INFO - Processing file /home/airflow/.local/lib/python3.8/site-packages/airflow/example_dags/subdags/subdag.py for tasks to queue
[2025-12-24T17:44:14.963+0000] {logging_mixin.py:188} INFO - [2025-12-24T17:44:14.963+0000] {dagbag.py:538} INFO - Filling up the DagBag from /home/airflow/.local/lib/python3.8/site-packages/airflow/example_dags/subdags/subdag.py
[2025-12-24T17:44:14.966+0000] {processor.py:842} WARNING - No viable dags retrieved from /home/airflow/.local/lib/python3.8/site-packages/airflow/example_dags/subdags/subdag.py
[2025-12-24T17:44:14.979+0000] {processor.py:183} INFO - Processing /home/airflow/.local/lib/python3.8/site-packages/airflow/example_dags/subdags/subdag.py took 0.022 seconds
[2025-12-24T17:44:45.532+0000] {processor.py:161} INFO - Started process (PID=14767) to work on /home/airflow/.local/lib/python3.8/site-packages/airflow/example_dags/subdags/subdag.py
[2025-12-24T17:44:45.533+0000] {processor.py:830} INFO - Processing file /home/airflow/.local/lib/python3.8/site-packages/airflow/example_dags/subdags/subdag.py for tasks to queue
[2025-12-24T17:44:45.534+0000] {logging_mixin.py:188} INFO - [2025-12-24T17:44:45.534+0000] {dagbag.py:538} INFO - Filling up the DagBag from /home/airflow/.local/lib/python3.8/site-packages/airflow/example_dags/subdags/subdag.py
[2025-12-24T17:44:45.537+0000] {processor.py:842} WARNING - No viable dags retrieved from /home/airflow/.local/lib/python3.8/site-packages/airflow/example_dags/subdags/subdag.py
[2025-12-24T17:44:45.551+0000] {processor.py:183} INFO - Processing /home/airflow/.local/lib/python3.8/site-packages/airflow/example_dags/subdags/subdag.py took 0.023 seconds
[2025-12-24T17:45:15.999+0000] {processor.py:161} INFO - Started process (PID=14824) to work on /home/airflow/.local/lib/python3.8/site-packages/airflow/example_dags/subdags/subdag.py
[2025-12-24T17:45:16.001+0000] {processor.py:830} INFO - Processing file /home/airflow/.local/lib/python3.8/site-packages/airflow/example_dags/subdags/subdag.py for tasks to queue
[2025-12-24T17:45:16.002+0000] {logging_mixin.py:188} INFO - [2025-12-24T17:45:16.002+0000] {dagbag.py:538} INFO - Filling up the DagBag from /home/airflow/.local/lib/python3.8/site-packages/airflow/example_dags/subdags/subdag.py
[2025-12-24T17:45:16.006+0000] {processor.py:842} WARNING - No viable dags retrieved from /home/airflow/.local/lib/python3.8/site-packages/airflow/example_dags/subdags/subdag.py
[2025-12-24T17:45:16.024+0000] {processor.py:183} INFO - Processing /home/airflow/.local/lib/python3.8/site-packages/airflow/example_dags/subdags/subdag.py took 0.029 seconds
[2025-12-24T17:45:46.964+0000] {processor.py:161} INFO - Started process (PID=14881) to work on /home/airflow/.local/lib/python3.8/site-packages/airflow/example_dags/subdags/subdag.py
[2025-12-24T17:45:46.965+0000] {processor.py:830} INFO - Processing file /home/airflow/.local/lib/python3.8/site-packages/airflow/example_dags/subdags/subdag.py for tasks to queue
[2025-12-24T17:45:46.966+0000] {logging_mixin.py:188} INFO - [2025-12-24T17:45:46.965+0000] {dagbag.py:538} INFO - Filling up the DagBag from /home/airflow/.local/lib/python3.8/site-packages/airflow/example_dags/subdags/subdag.py
[2025-12-24T17:45:46.968+0000] {processor.py:842} WARNING - No viable dags retrieved from /home/airflow/.local/lib/python3.8/site-packages/airflow/example_dags/subdags/subdag.py
[2025-12-24T17:45:46.982+0000] {processor.py:183} INFO - Processing /home/airflow/.local/lib/python3.8/site-packages/airflow/example_dags/subdags/subdag.py took 0.022 seconds
[2025-12-24T17:46:17.387+0000] {processor.py:161} INFO - Started process (PID=14938) to work on /home/airflow/.local/lib/python3.8/site-packages/airflow/example_dags/subdags/subdag.py
[2025-12-24T17:46:17.389+0000] {processor.py:830} INFO - Processing file /home/airflow/.local/lib/python3.8/site-packages/airflow/example_dags/subdags/subdag.py for tasks to queue
[2025-12-24T17:46:17.390+0000] {logging_mixin.py:188} INFO - [2025-12-24T17:46:17.389+0000] {dagbag.py:538} INFO - Filling up the DagBag from /home/airflow/.local/lib/python3.8/site-packages/airflow/example_dags/subdags/subdag.py
[2025-12-24T17:46:17.392+0000] {processor.py:842} WARNING - No viable dags retrieved from /home/airflow/.local/lib/python3.8/site-packages/airflow/example_dags/subdags/subdag.py
[2025-12-24T17:46:17.407+0000] {processor.py:183} INFO - Processing /home/airflow/.local/lib/python3.8/site-packages/airflow/example_dags/subdags/subdag.py took 0.023 seconds
[2025-12-24T17:46:47.708+0000] {processor.py:161} INFO - Started process (PID=14995) to work on /home/airflow/.local/lib/python3.8/site-packages/airflow/example_dags/subdags/subdag.py
[2025-12-24T17:46:47.709+0000] {processor.py:830} INFO - Processing file /home/airflow/.local/lib/python3.8/site-packages/airflow/example_dags/subdags/subdag.py for tasks to queue
[2025-12-24T17:46:47.710+0000] {logging_mixin.py:188} INFO - [2025-12-24T17:46:47.710+0000] {dagbag.py:538} INFO - Filling up the DagBag from /home/airflow/.local/lib/python3.8/site-packages/airflow/example_dags/subdags/subdag.py
[2025-12-24T17:46:47.713+0000] {processor.py:842} WARNING - No viable dags retrieved from /home/airflow/.local/lib/python3.8/site-packages/airflow/example_dags/subdags/subdag.py
[2025-12-24T17:46:47.728+0000] {processor.py:183} INFO - Processing /home/airflow/.local/lib/python3.8/site-packages/airflow/example_dags/subdags/subdag.py took 0.023 seconds
[2025-12-24T17:47:18.551+0000] {processor.py:161} INFO - Started process (PID=15052) to work on /home/airflow/.local/lib/python3.8/site-packages/airflow/example_dags/subdags/subdag.py
[2025-12-24T17:47:18.552+0000] {processor.py:830} INFO - Processing file /home/airflow/.local/lib/python3.8/site-packages/airflow/example_dags/subdags/subdag.py for tasks to queue
[2025-12-24T17:47:18.553+0000] {logging_mixin.py:188} INFO - [2025-12-24T17:47:18.553+0000] {dagbag.py:538} INFO - Filling up the DagBag from /home/airflow/.local/lib/python3.8/site-packages/airflow/example_dags/subdags/subdag.py
[2025-12-24T17:47:18.556+0000] {processor.py:842} WARNING - No viable dags retrieved from /home/airflow/.local/lib/python3.8/site-packages/airflow/example_dags/subdags/subdag.py
[2025-12-24T17:47:18.572+0000] {processor.py:183} INFO - Processing /home/airflow/.local/lib/python3.8/site-packages/airflow/example_dags/subdags/subdag.py took 0.025 seconds
[2025-12-24T17:47:49.128+0000] {processor.py:161} INFO - Started process (PID=15109) to work on /home/airflow/.local/lib/python3.8/site-packages/airflow/example_dags/subdags/subdag.py
[2025-12-24T17:47:49.129+0000] {processor.py:830} INFO - Processing file /home/airflow/.local/lib/python3.8/site-packages/airflow/example_dags/subdags/subdag.py for tasks to queue
[2025-12-24T17:47:49.131+0000] {logging_mixin.py:188} INFO - [2025-12-24T17:47:49.131+0000] {dagbag.py:538} INFO - Filling up the DagBag from /home/airflow/.local/lib/python3.8/site-packages/airflow/example_dags/subdags/subdag.py
[2025-12-24T17:47:49.135+0000] {processor.py:842} WARNING - No viable dags retrieved from /home/airflow/.local/lib/python3.8/site-packages/airflow/example_dags/subdags/subdag.py
[2025-12-24T17:47:49.153+0000] {processor.py:183} INFO - Processing /home/airflow/.local/lib/python3.8/site-packages/airflow/example_dags/subdags/subdag.py took 0.030 seconds
[2025-12-24T17:48:20.047+0000] {processor.py:161} INFO - Started process (PID=15166) to work on /home/airflow/.local/lib/python3.8/site-packages/airflow/example_dags/subdags/subdag.py
[2025-12-24T17:48:20.048+0000] {processor.py:830} INFO - Processing file /home/airflow/.local/lib/python3.8/site-packages/airflow/example_dags/subdags/subdag.py for tasks to queue
[2025-12-24T17:48:20.049+0000] {logging_mixin.py:188} INFO - [2025-12-24T17:48:20.049+0000] {dagbag.py:538} INFO - Filling up the DagBag from /home/airflow/.local/lib/python3.8/site-packages/airflow/example_dags/subdags/subdag.py
[2025-12-24T17:48:20.052+0000] {processor.py:842} WARNING - No viable dags retrieved from /home/airflow/.local/lib/python3.8/site-packages/airflow/example_dags/subdags/subdag.py
[2025-12-24T17:48:20.070+0000] {processor.py:183} INFO - Processing /home/airflow/.local/lib/python3.8/site-packages/airflow/example_dags/subdags/subdag.py took 0.027 seconds
[2025-12-24T17:48:50.740+0000] {processor.py:161} INFO - Started process (PID=15223) to work on /home/airflow/.local/lib/python3.8/site-packages/airflow/example_dags/subdags/subdag.py
[2025-12-24T17:48:50.741+0000] {processor.py:830} INFO - Processing file /home/airflow/.local/lib/python3.8/site-packages/airflow/example_dags/subdags/subdag.py for tasks to queue
[2025-12-24T17:48:50.742+0000] {logging_mixin.py:188} INFO - [2025-12-24T17:48:50.742+0000] {dagbag.py:538} INFO - Filling up the DagBag from /home/airflow/.local/lib/python3.8/site-packages/airflow/example_dags/subdags/subdag.py
[2025-12-24T17:48:50.745+0000] {processor.py:842} WARNING - No viable dags retrieved from /home/airflow/.local/lib/python3.8/site-packages/airflow/example_dags/subdags/subdag.py
[2025-12-24T17:48:50.760+0000] {processor.py:183} INFO - Processing /home/airflow/.local/lib/python3.8/site-packages/airflow/example_dags/subdags/subdag.py took 0.024 seconds
[2025-12-24T17:49:21.246+0000] {processor.py:161} INFO - Started process (PID=15280) to work on /home/airflow/.local/lib/python3.8/site-packages/airflow/example_dags/subdags/subdag.py
[2025-12-24T17:49:21.248+0000] {processor.py:830} INFO - Processing file /home/airflow/.local/lib/python3.8/site-packages/airflow/example_dags/subdags/subdag.py for tasks to queue
[2025-12-24T17:49:21.249+0000] {logging_mixin.py:188} INFO - [2025-12-24T17:49:21.249+0000] {dagbag.py:538} INFO - Filling up the DagBag from /home/airflow/.local/lib/python3.8/site-packages/airflow/example_dags/subdags/subdag.py
[2025-12-24T17:49:21.253+0000] {processor.py:842} WARNING - No viable dags retrieved from /home/airflow/.local/lib/python3.8/site-packages/airflow/example_dags/subdags/subdag.py
[2025-12-24T17:49:21.277+0000] {processor.py:183} INFO - Processing /home/airflow/.local/lib/python3.8/site-packages/airflow/example_dags/subdags/subdag.py took 0.038 seconds
[2025-12-24T17:49:51.442+0000] {processor.py:161} INFO - Started process (PID=15338) to work on /home/airflow/.local/lib/python3.8/site-packages/airflow/example_dags/subdags/subdag.py
[2025-12-24T17:49:51.443+0000] {processor.py:830} INFO - Processing file /home/airflow/.local/lib/python3.8/site-packages/airflow/example_dags/subdags/subdag.py for tasks to queue
[2025-12-24T17:49:51.444+0000] {logging_mixin.py:188} INFO - [2025-12-24T17:49:51.444+0000] {dagbag.py:538} INFO - Filling up the DagBag from /home/airflow/.local/lib/python3.8/site-packages/airflow/example_dags/subdags/subdag.py
[2025-12-24T17:49:51.447+0000] {processor.py:842} WARNING - No viable dags retrieved from /home/airflow/.local/lib/python3.8/site-packages/airflow/example_dags/subdags/subdag.py
[2025-12-24T17:49:51.465+0000] {processor.py:183} INFO - Processing /home/airflow/.local/lib/python3.8/site-packages/airflow/example_dags/subdags/subdag.py took 0.027 seconds
[2025-12-24T17:50:21.882+0000] {processor.py:161} INFO - Started process (PID=15395) to work on /home/airflow/.local/lib/python3.8/site-packages/airflow/example_dags/subdags/subdag.py
[2025-12-24T17:50:21.883+0000] {processor.py:830} INFO - Processing file /home/airflow/.local/lib/python3.8/site-packages/airflow/example_dags/subdags/subdag.py for tasks to queue
[2025-12-24T17:50:21.884+0000] {logging_mixin.py:188} INFO - [2025-12-24T17:50:21.884+0000] {dagbag.py:538} INFO - Filling up the DagBag from /home/airflow/.local/lib/python3.8/site-packages/airflow/example_dags/subdags/subdag.py
[2025-12-24T17:50:21.887+0000] {processor.py:842} WARNING - No viable dags retrieved from /home/airflow/.local/lib/python3.8/site-packages/airflow/example_dags/subdags/subdag.py
[2025-12-24T17:50:21.902+0000] {processor.py:183} INFO - Processing /home/airflow/.local/lib/python3.8/site-packages/airflow/example_dags/subdags/subdag.py took 0.024 seconds
[2025-12-24T17:50:52.150+0000] {processor.py:161} INFO - Started process (PID=15452) to work on /home/airflow/.local/lib/python3.8/site-packages/airflow/example_dags/subdags/subdag.py
[2025-12-24T17:50:52.151+0000] {processor.py:830} INFO - Processing file /home/airflow/.local/lib/python3.8/site-packages/airflow/example_dags/subdags/subdag.py for tasks to queue
[2025-12-24T17:50:52.152+0000] {logging_mixin.py:188} INFO - [2025-12-24T17:50:52.152+0000] {dagbag.py:538} INFO - Filling up the DagBag from /home/airflow/.local/lib/python3.8/site-packages/airflow/example_dags/subdags/subdag.py
[2025-12-24T17:50:52.155+0000] {processor.py:842} WARNING - No viable dags retrieved from /home/airflow/.local/lib/python3.8/site-packages/airflow/example_dags/subdags/subdag.py
[2025-12-24T17:50:52.171+0000] {processor.py:183} INFO - Processing /home/airflow/.local/lib/python3.8/site-packages/airflow/example_dags/subdags/subdag.py took 0.024 seconds
[2025-12-24T17:51:22.639+0000] {processor.py:161} INFO - Started process (PID=15509) to work on /home/airflow/.local/lib/python3.8/site-packages/airflow/example_dags/subdags/subdag.py
[2025-12-24T17:51:22.640+0000] {processor.py:830} INFO - Processing file /home/airflow/.local/lib/python3.8/site-packages/airflow/example_dags/subdags/subdag.py for tasks to queue
[2025-12-24T17:51:22.641+0000] {logging_mixin.py:188} INFO - [2025-12-24T17:51:22.641+0000] {dagbag.py:538} INFO - Filling up the DagBag from /home/airflow/.local/lib/python3.8/site-packages/airflow/example_dags/subdags/subdag.py
[2025-12-24T17:51:22.644+0000] {processor.py:842} WARNING - No viable dags retrieved from /home/airflow/.local/lib/python3.8/site-packages/airflow/example_dags/subdags/subdag.py
[2025-12-24T17:51:22.657+0000] {processor.py:183} INFO - Processing /home/airflow/.local/lib/python3.8/site-packages/airflow/example_dags/subdags/subdag.py took 0.021 seconds
[2025-12-24T17:51:52.900+0000] {processor.py:161} INFO - Started process (PID=15566) to work on /home/airflow/.local/lib/python3.8/site-packages/airflow/example_dags/subdags/subdag.py
[2025-12-24T17:51:52.902+0000] {processor.py:830} INFO - Processing file /home/airflow/.local/lib/python3.8/site-packages/airflow/example_dags/subdags/subdag.py for tasks to queue
[2025-12-24T17:51:52.903+0000] {logging_mixin.py:188} INFO - [2025-12-24T17:51:52.903+0000] {dagbag.py:538} INFO - Filling up the DagBag from /home/airflow/.local/lib/python3.8/site-packages/airflow/example_dags/subdags/subdag.py
[2025-12-24T17:51:52.906+0000] {processor.py:842} WARNING - No viable dags retrieved from /home/airflow/.local/lib/python3.8/site-packages/airflow/example_dags/subdags/subdag.py
[2025-12-24T17:51:52.923+0000] {processor.py:183} INFO - Processing /home/airflow/.local/lib/python3.8/site-packages/airflow/example_dags/subdags/subdag.py took 0.027 seconds
[2025-12-24T17:52:23.198+0000] {processor.py:161} INFO - Started process (PID=15623) to work on /home/airflow/.local/lib/python3.8/site-packages/airflow/example_dags/subdags/subdag.py
[2025-12-24T17:52:23.199+0000] {processor.py:830} INFO - Processing file /home/airflow/.local/lib/python3.8/site-packages/airflow/example_dags/subdags/subdag.py for tasks to queue
[2025-12-24T17:52:23.201+0000] {logging_mixin.py:188} INFO - [2025-12-24T17:52:23.200+0000] {dagbag.py:538} INFO - Filling up the DagBag from /home/airflow/.local/lib/python3.8/site-packages/airflow/example_dags/subdags/subdag.py
[2025-12-24T17:52:23.204+0000] {processor.py:842} WARNING - No viable dags retrieved from /home/airflow/.local/lib/python3.8/site-packages/airflow/example_dags/subdags/subdag.py
[2025-12-24T17:52:23.220+0000] {processor.py:183} INFO - Processing /home/airflow/.local/lib/python3.8/site-packages/airflow/example_dags/subdags/subdag.py took 0.027 seconds
[2025-12-24T17:52:53.648+0000] {processor.py:161} INFO - Started process (PID=15679) to work on /home/airflow/.local/lib/python3.8/site-packages/airflow/example_dags/subdags/subdag.py
[2025-12-24T17:52:53.649+0000] {processor.py:830} INFO - Processing file /home/airflow/.local/lib/python3.8/site-packages/airflow/example_dags/subdags/subdag.py for tasks to queue
[2025-12-24T17:52:53.650+0000] {logging_mixin.py:188} INFO - [2025-12-24T17:52:53.650+0000] {dagbag.py:538} INFO - Filling up the DagBag from /home/airflow/.local/lib/python3.8/site-packages/airflow/example_dags/subdags/subdag.py
[2025-12-24T17:52:53.653+0000] {processor.py:842} WARNING - No viable dags retrieved from /home/airflow/.local/lib/python3.8/site-packages/airflow/example_dags/subdags/subdag.py
[2025-12-24T17:52:53.667+0000] {processor.py:183} INFO - Processing /home/airflow/.local/lib/python3.8/site-packages/airflow/example_dags/subdags/subdag.py took 0.024 seconds
[2025-12-24T17:53:24.063+0000] {processor.py:161} INFO - Started process (PID=15737) to work on /home/airflow/.local/lib/python3.8/site-packages/airflow/example_dags/subdags/subdag.py
[2025-12-24T17:53:24.064+0000] {processor.py:830} INFO - Processing file /home/airflow/.local/lib/python3.8/site-packages/airflow/example_dags/subdags/subdag.py for tasks to queue
[2025-12-24T17:53:24.065+0000] {logging_mixin.py:188} INFO - [2025-12-24T17:53:24.065+0000] {dagbag.py:538} INFO - Filling up the DagBag from /home/airflow/.local/lib/python3.8/site-packages/airflow/example_dags/subdags/subdag.py
[2025-12-24T17:53:24.067+0000] {processor.py:842} WARNING - No viable dags retrieved from /home/airflow/.local/lib/python3.8/site-packages/airflow/example_dags/subdags/subdag.py
[2025-12-24T17:53:24.083+0000] {processor.py:183} INFO - Processing /home/airflow/.local/lib/python3.8/site-packages/airflow/example_dags/subdags/subdag.py took 0.024 seconds
[2025-12-24T17:53:54.982+0000] {processor.py:161} INFO - Started process (PID=15794) to work on /home/airflow/.local/lib/python3.8/site-packages/airflow/example_dags/subdags/subdag.py
[2025-12-24T17:53:54.983+0000] {processor.py:830} INFO - Processing file /home/airflow/.local/lib/python3.8/site-packages/airflow/example_dags/subdags/subdag.py for tasks to queue
[2025-12-24T17:53:54.984+0000] {logging_mixin.py:188} INFO - [2025-12-24T17:53:54.984+0000] {dagbag.py:538} INFO - Filling up the DagBag from /home/airflow/.local/lib/python3.8/site-packages/airflow/example_dags/subdags/subdag.py
[2025-12-24T17:53:54.987+0000] {processor.py:842} WARNING - No viable dags retrieved from /home/airflow/.local/lib/python3.8/site-packages/airflow/example_dags/subdags/subdag.py
[2025-12-24T17:53:55.002+0000] {processor.py:183} INFO - Processing /home/airflow/.local/lib/python3.8/site-packages/airflow/example_dags/subdags/subdag.py took 0.023 seconds
[2025-12-24T17:54:25.061+0000] {processor.py:161} INFO - Started process (PID=15850) to work on /home/airflow/.local/lib/python3.8/site-packages/airflow/example_dags/subdags/subdag.py
[2025-12-24T17:54:25.063+0000] {processor.py:830} INFO - Processing file /home/airflow/.local/lib/python3.8/site-packages/airflow/example_dags/subdags/subdag.py for tasks to queue
[2025-12-24T17:54:25.064+0000] {logging_mixin.py:188} INFO - [2025-12-24T17:54:25.063+0000] {dagbag.py:538} INFO - Filling up the DagBag from /home/airflow/.local/lib/python3.8/site-packages/airflow/example_dags/subdags/subdag.py
[2025-12-24T17:54:25.067+0000] {processor.py:842} WARNING - No viable dags retrieved from /home/airflow/.local/lib/python3.8/site-packages/airflow/example_dags/subdags/subdag.py
[2025-12-24T17:54:25.084+0000] {processor.py:183} INFO - Processing /home/airflow/.local/lib/python3.8/site-packages/airflow/example_dags/subdags/subdag.py took 0.027 seconds
[2025-12-24T17:54:55.287+0000] {processor.py:161} INFO - Started process (PID=15907) to work on /home/airflow/.local/lib/python3.8/site-packages/airflow/example_dags/subdags/subdag.py
[2025-12-24T17:54:55.288+0000] {processor.py:830} INFO - Processing file /home/airflow/.local/lib/python3.8/site-packages/airflow/example_dags/subdags/subdag.py for tasks to queue
[2025-12-24T17:54:55.289+0000] {logging_mixin.py:188} INFO - [2025-12-24T17:54:55.289+0000] {dagbag.py:538} INFO - Filling up the DagBag from /home/airflow/.local/lib/python3.8/site-packages/airflow/example_dags/subdags/subdag.py
[2025-12-24T17:54:55.292+0000] {processor.py:842} WARNING - No viable dags retrieved from /home/airflow/.local/lib/python3.8/site-packages/airflow/example_dags/subdags/subdag.py
[2025-12-24T17:54:55.307+0000] {processor.py:183} INFO - Processing /home/airflow/.local/lib/python3.8/site-packages/airflow/example_dags/subdags/subdag.py took 0.023 seconds
[2025-12-24T17:55:25.789+0000] {processor.py:161} INFO - Started process (PID=15965) to work on /home/airflow/.local/lib/python3.8/site-packages/airflow/example_dags/subdags/subdag.py
[2025-12-24T17:55:25.790+0000] {processor.py:830} INFO - Processing file /home/airflow/.local/lib/python3.8/site-packages/airflow/example_dags/subdags/subdag.py for tasks to queue
[2025-12-24T17:55:25.791+0000] {logging_mixin.py:188} INFO - [2025-12-24T17:55:25.791+0000] {dagbag.py:538} INFO - Filling up the DagBag from /home/airflow/.local/lib/python3.8/site-packages/airflow/example_dags/subdags/subdag.py
[2025-12-24T17:55:25.794+0000] {processor.py:842} WARNING - No viable dags retrieved from /home/airflow/.local/lib/python3.8/site-packages/airflow/example_dags/subdags/subdag.py
[2025-12-24T17:55:25.810+0000] {processor.py:183} INFO - Processing /home/airflow/.local/lib/python3.8/site-packages/airflow/example_dags/subdags/subdag.py took 0.025 seconds
[2025-12-24T17:55:56.471+0000] {processor.py:161} INFO - Started process (PID=16022) to work on /home/airflow/.local/lib/python3.8/site-packages/airflow/example_dags/subdags/subdag.py
[2025-12-24T17:55:56.472+0000] {processor.py:830} INFO - Processing file /home/airflow/.local/lib/python3.8/site-packages/airflow/example_dags/subdags/subdag.py for tasks to queue
[2025-12-24T17:55:56.473+0000] {logging_mixin.py:188} INFO - [2025-12-24T17:55:56.473+0000] {dagbag.py:538} INFO - Filling up the DagBag from /home/airflow/.local/lib/python3.8/site-packages/airflow/example_dags/subdags/subdag.py
[2025-12-24T17:55:56.475+0000] {processor.py:842} WARNING - No viable dags retrieved from /home/airflow/.local/lib/python3.8/site-packages/airflow/example_dags/subdags/subdag.py
[2025-12-24T17:55:56.492+0000] {processor.py:183} INFO - Processing /home/airflow/.local/lib/python3.8/site-packages/airflow/example_dags/subdags/subdag.py took 0.025 seconds
[2025-12-24T17:56:27.229+0000] {processor.py:161} INFO - Started process (PID=16079) to work on /home/airflow/.local/lib/python3.8/site-packages/airflow/example_dags/subdags/subdag.py
[2025-12-24T17:56:27.231+0000] {processor.py:830} INFO - Processing file /home/airflow/.local/lib/python3.8/site-packages/airflow/example_dags/subdags/subdag.py for tasks to queue
[2025-12-24T17:56:27.232+0000] {logging_mixin.py:188} INFO - [2025-12-24T17:56:27.232+0000] {dagbag.py:538} INFO - Filling up the DagBag from /home/airflow/.local/lib/python3.8/site-packages/airflow/example_dags/subdags/subdag.py
[2025-12-24T17:56:27.235+0000] {processor.py:842} WARNING - No viable dags retrieved from /home/airflow/.local/lib/python3.8/site-packages/airflow/example_dags/subdags/subdag.py
[2025-12-24T17:56:27.257+0000] {processor.py:183} INFO - Processing /home/airflow/.local/lib/python3.8/site-packages/airflow/example_dags/subdags/subdag.py took 0.032 seconds
[2025-12-24T17:56:57.862+0000] {processor.py:161} INFO - Started process (PID=16136) to work on /home/airflow/.local/lib/python3.8/site-packages/airflow/example_dags/subdags/subdag.py
[2025-12-24T17:56:57.864+0000] {processor.py:830} INFO - Processing file /home/airflow/.local/lib/python3.8/site-packages/airflow/example_dags/subdags/subdag.py for tasks to queue
[2025-12-24T17:56:57.865+0000] {logging_mixin.py:188} INFO - [2025-12-24T17:56:57.865+0000] {dagbag.py:538} INFO - Filling up the DagBag from /home/airflow/.local/lib/python3.8/site-packages/airflow/example_dags/subdags/subdag.py
[2025-12-24T17:56:57.868+0000] {processor.py:842} WARNING - No viable dags retrieved from /home/airflow/.local/lib/python3.8/site-packages/airflow/example_dags/subdags/subdag.py
[2025-12-24T17:56:57.884+0000] {processor.py:183} INFO - Processing /home/airflow/.local/lib/python3.8/site-packages/airflow/example_dags/subdags/subdag.py took 0.027 seconds
[2025-12-24T17:57:27.988+0000] {processor.py:161} INFO - Started process (PID=16192) to work on /home/airflow/.local/lib/python3.8/site-packages/airflow/example_dags/subdags/subdag.py
[2025-12-24T17:57:27.989+0000] {processor.py:830} INFO - Processing file /home/airflow/.local/lib/python3.8/site-packages/airflow/example_dags/subdags/subdag.py for tasks to queue
[2025-12-24T17:57:27.990+0000] {logging_mixin.py:188} INFO - [2025-12-24T17:57:27.990+0000] {dagbag.py:538} INFO - Filling up the DagBag from /home/airflow/.local/lib/python3.8/site-packages/airflow/example_dags/subdags/subdag.py
[2025-12-24T17:57:27.993+0000] {processor.py:842} WARNING - No viable dags retrieved from /home/airflow/.local/lib/python3.8/site-packages/airflow/example_dags/subdags/subdag.py
[2025-12-24T17:57:28.007+0000] {processor.py:183} INFO - Processing /home/airflow/.local/lib/python3.8/site-packages/airflow/example_dags/subdags/subdag.py took 0.023 seconds
[2025-12-24T17:57:58.137+0000] {processor.py:161} INFO - Started process (PID=16249) to work on /home/airflow/.local/lib/python3.8/site-packages/airflow/example_dags/subdags/subdag.py
[2025-12-24T17:57:58.139+0000] {processor.py:830} INFO - Processing file /home/airflow/.local/lib/python3.8/site-packages/airflow/example_dags/subdags/subdag.py for tasks to queue
[2025-12-24T17:57:58.140+0000] {logging_mixin.py:188} INFO - [2025-12-24T17:57:58.139+0000] {dagbag.py:538} INFO - Filling up the DagBag from /home/airflow/.local/lib/python3.8/site-packages/airflow/example_dags/subdags/subdag.py
[2025-12-24T17:57:58.142+0000] {processor.py:842} WARNING - No viable dags retrieved from /home/airflow/.local/lib/python3.8/site-packages/airflow/example_dags/subdags/subdag.py
[2025-12-24T17:57:58.156+0000] {processor.py:183} INFO - Processing /home/airflow/.local/lib/python3.8/site-packages/airflow/example_dags/subdags/subdag.py took 0.022 seconds
[2025-12-24T17:58:28.584+0000] {processor.py:161} INFO - Started process (PID=16306) to work on /home/airflow/.local/lib/python3.8/site-packages/airflow/example_dags/subdags/subdag.py
[2025-12-24T17:58:28.585+0000] {processor.py:830} INFO - Processing file /home/airflow/.local/lib/python3.8/site-packages/airflow/example_dags/subdags/subdag.py for tasks to queue
[2025-12-24T17:58:28.586+0000] {logging_mixin.py:188} INFO - [2025-12-24T17:58:28.586+0000] {dagbag.py:538} INFO - Filling up the DagBag from /home/airflow/.local/lib/python3.8/site-packages/airflow/example_dags/subdags/subdag.py
[2025-12-24T17:58:28.589+0000] {processor.py:842} WARNING - No viable dags retrieved from /home/airflow/.local/lib/python3.8/site-packages/airflow/example_dags/subdags/subdag.py
[2025-12-24T17:58:28.603+0000] {processor.py:183} INFO - Processing /home/airflow/.local/lib/python3.8/site-packages/airflow/example_dags/subdags/subdag.py took 0.024 seconds
[2025-12-24T17:58:59.541+0000] {processor.py:161} INFO - Started process (PID=16364) to work on /home/airflow/.local/lib/python3.8/site-packages/airflow/example_dags/subdags/subdag.py
[2025-12-24T17:58:59.542+0000] {processor.py:830} INFO - Processing file /home/airflow/.local/lib/python3.8/site-packages/airflow/example_dags/subdags/subdag.py for tasks to queue
[2025-12-24T17:58:59.543+0000] {logging_mixin.py:188} INFO - [2025-12-24T17:58:59.542+0000] {dagbag.py:538} INFO - Filling up the DagBag from /home/airflow/.local/lib/python3.8/site-packages/airflow/example_dags/subdags/subdag.py
[2025-12-24T17:58:59.545+0000] {processor.py:842} WARNING - No viable dags retrieved from /home/airflow/.local/lib/python3.8/site-packages/airflow/example_dags/subdags/subdag.py
[2025-12-24T17:58:59.560+0000] {processor.py:183} INFO - Processing /home/airflow/.local/lib/python3.8/site-packages/airflow/example_dags/subdags/subdag.py took 0.023 seconds
[2025-12-24T17:59:30.027+0000] {processor.py:161} INFO - Started process (PID=16421) to work on /home/airflow/.local/lib/python3.8/site-packages/airflow/example_dags/subdags/subdag.py
[2025-12-24T17:59:30.028+0000] {processor.py:830} INFO - Processing file /home/airflow/.local/lib/python3.8/site-packages/airflow/example_dags/subdags/subdag.py for tasks to queue
[2025-12-24T17:59:30.029+0000] {logging_mixin.py:188} INFO - [2025-12-24T17:59:30.029+0000] {dagbag.py:538} INFO - Filling up the DagBag from /home/airflow/.local/lib/python3.8/site-packages/airflow/example_dags/subdags/subdag.py
[2025-12-24T17:59:30.031+0000] {processor.py:842} WARNING - No viable dags retrieved from /home/airflow/.local/lib/python3.8/site-packages/airflow/example_dags/subdags/subdag.py
[2025-12-24T17:59:30.045+0000] {processor.py:183} INFO - Processing /home/airflow/.local/lib/python3.8/site-packages/airflow/example_dags/subdags/subdag.py took 0.021 seconds
[2025-12-24T18:00:00.228+0000] {processor.py:161} INFO - Started process (PID=16478) to work on /home/airflow/.local/lib/python3.8/site-packages/airflow/example_dags/subdags/subdag.py
[2025-12-24T18:00:00.229+0000] {processor.py:830} INFO - Processing file /home/airflow/.local/lib/python3.8/site-packages/airflow/example_dags/subdags/subdag.py for tasks to queue
[2025-12-24T18:00:00.230+0000] {logging_mixin.py:188} INFO - [2025-12-24T18:00:00.230+0000] {dagbag.py:538} INFO - Filling up the DagBag from /home/airflow/.local/lib/python3.8/site-packages/airflow/example_dags/subdags/subdag.py
[2025-12-24T18:00:00.233+0000] {processor.py:842} WARNING - No viable dags retrieved from /home/airflow/.local/lib/python3.8/site-packages/airflow/example_dags/subdags/subdag.py
[2025-12-24T18:00:00.247+0000] {processor.py:183} INFO - Processing /home/airflow/.local/lib/python3.8/site-packages/airflow/example_dags/subdags/subdag.py took 0.024 seconds
[2025-12-24T18:00:30.425+0000] {processor.py:161} INFO - Started process (PID=16535) to work on /home/airflow/.local/lib/python3.8/site-packages/airflow/example_dags/subdags/subdag.py
[2025-12-24T18:00:30.427+0000] {processor.py:830} INFO - Processing file /home/airflow/.local/lib/python3.8/site-packages/airflow/example_dags/subdags/subdag.py for tasks to queue
[2025-12-24T18:00:30.428+0000] {logging_mixin.py:188} INFO - [2025-12-24T18:00:30.428+0000] {dagbag.py:538} INFO - Filling up the DagBag from /home/airflow/.local/lib/python3.8/site-packages/airflow/example_dags/subdags/subdag.py
[2025-12-24T18:00:30.431+0000] {processor.py:842} WARNING - No viable dags retrieved from /home/airflow/.local/lib/python3.8/site-packages/airflow/example_dags/subdags/subdag.py
[2025-12-24T18:00:30.448+0000] {processor.py:183} INFO - Processing /home/airflow/.local/lib/python3.8/site-packages/airflow/example_dags/subdags/subdag.py took 0.027 seconds
[2025-12-24T18:01:00.703+0000] {processor.py:161} INFO - Started process (PID=16592) to work on /home/airflow/.local/lib/python3.8/site-packages/airflow/example_dags/subdags/subdag.py
[2025-12-24T18:01:00.704+0000] {processor.py:830} INFO - Processing file /home/airflow/.local/lib/python3.8/site-packages/airflow/example_dags/subdags/subdag.py for tasks to queue
[2025-12-24T18:01:00.705+0000] {logging_mixin.py:188} INFO - [2025-12-24T18:01:00.705+0000] {dagbag.py:538} INFO - Filling up the DagBag from /home/airflow/.local/lib/python3.8/site-packages/airflow/example_dags/subdags/subdag.py
[2025-12-24T18:01:00.708+0000] {processor.py:842} WARNING - No viable dags retrieved from /home/airflow/.local/lib/python3.8/site-packages/airflow/example_dags/subdags/subdag.py
[2025-12-24T18:01:00.722+0000] {processor.py:183} INFO - Processing /home/airflow/.local/lib/python3.8/site-packages/airflow/example_dags/subdags/subdag.py took 0.022 seconds
[2025-12-24T18:01:30.941+0000] {processor.py:161} INFO - Started process (PID=16649) to work on /home/airflow/.local/lib/python3.8/site-packages/airflow/example_dags/subdags/subdag.py
[2025-12-24T18:01:30.942+0000] {processor.py:830} INFO - Processing file /home/airflow/.local/lib/python3.8/site-packages/airflow/example_dags/subdags/subdag.py for tasks to queue
[2025-12-24T18:01:30.943+0000] {logging_mixin.py:188} INFO - [2025-12-24T18:01:30.942+0000] {dagbag.py:538} INFO - Filling up the DagBag from /home/airflow/.local/lib/python3.8/site-packages/airflow/example_dags/subdags/subdag.py
[2025-12-24T18:01:30.945+0000] {processor.py:842} WARNING - No viable dags retrieved from /home/airflow/.local/lib/python3.8/site-packages/airflow/example_dags/subdags/subdag.py
[2025-12-24T18:01:30.959+0000] {processor.py:183} INFO - Processing /home/airflow/.local/lib/python3.8/site-packages/airflow/example_dags/subdags/subdag.py took 0.022 seconds
[2025-12-24T18:02:01.264+0000] {processor.py:161} INFO - Started process (PID=16706) to work on /home/airflow/.local/lib/python3.8/site-packages/airflow/example_dags/subdags/subdag.py
[2025-12-24T18:02:01.265+0000] {processor.py:830} INFO - Processing file /home/airflow/.local/lib/python3.8/site-packages/airflow/example_dags/subdags/subdag.py for tasks to queue
[2025-12-24T18:02:01.266+0000] {logging_mixin.py:188} INFO - [2025-12-24T18:02:01.266+0000] {dagbag.py:538} INFO - Filling up the DagBag from /home/airflow/.local/lib/python3.8/site-packages/airflow/example_dags/subdags/subdag.py
[2025-12-24T18:02:01.269+0000] {processor.py:842} WARNING - No viable dags retrieved from /home/airflow/.local/lib/python3.8/site-packages/airflow/example_dags/subdags/subdag.py
[2025-12-24T18:02:01.284+0000] {processor.py:183} INFO - Processing /home/airflow/.local/lib/python3.8/site-packages/airflow/example_dags/subdags/subdag.py took 0.023 seconds
[2025-12-24T18:02:31.597+0000] {processor.py:161} INFO - Started process (PID=16763) to work on /home/airflow/.local/lib/python3.8/site-packages/airflow/example_dags/subdags/subdag.py
[2025-12-24T18:02:31.598+0000] {processor.py:830} INFO - Processing file /home/airflow/.local/lib/python3.8/site-packages/airflow/example_dags/subdags/subdag.py for tasks to queue
[2025-12-24T18:02:31.599+0000] {logging_mixin.py:188} INFO - [2025-12-24T18:02:31.599+0000] {dagbag.py:538} INFO - Filling up the DagBag from /home/airflow/.local/lib/python3.8/site-packages/airflow/example_dags/subdags/subdag.py
[2025-12-24T18:02:31.601+0000] {processor.py:842} WARNING - No viable dags retrieved from /home/airflow/.local/lib/python3.8/site-packages/airflow/example_dags/subdags/subdag.py
[2025-12-24T18:02:31.616+0000] {processor.py:183} INFO - Processing /home/airflow/.local/lib/python3.8/site-packages/airflow/example_dags/subdags/subdag.py took 0.023 seconds
[2025-12-24T18:03:01.853+0000] {processor.py:161} INFO - Started process (PID=16820) to work on /home/airflow/.local/lib/python3.8/site-packages/airflow/example_dags/subdags/subdag.py
[2025-12-24T18:03:01.854+0000] {processor.py:830} INFO - Processing file /home/airflow/.local/lib/python3.8/site-packages/airflow/example_dags/subdags/subdag.py for tasks to queue
[2025-12-24T18:03:01.855+0000] {logging_mixin.py:188} INFO - [2025-12-24T18:03:01.854+0000] {dagbag.py:538} INFO - Filling up the DagBag from /home/airflow/.local/lib/python3.8/site-packages/airflow/example_dags/subdags/subdag.py
[2025-12-24T18:03:01.857+0000] {processor.py:842} WARNING - No viable dags retrieved from /home/airflow/.local/lib/python3.8/site-packages/airflow/example_dags/subdags/subdag.py
[2025-12-24T18:03:01.871+0000] {processor.py:183} INFO - Processing /home/airflow/.local/lib/python3.8/site-packages/airflow/example_dags/subdags/subdag.py took 0.022 seconds
[2025-12-24T18:03:32.205+0000] {processor.py:161} INFO - Started process (PID=16877) to work on /home/airflow/.local/lib/python3.8/site-packages/airflow/example_dags/subdags/subdag.py
[2025-12-24T18:03:32.206+0000] {processor.py:830} INFO - Processing file /home/airflow/.local/lib/python3.8/site-packages/airflow/example_dags/subdags/subdag.py for tasks to queue
[2025-12-24T18:03:32.208+0000] {logging_mixin.py:188} INFO - [2025-12-24T18:03:32.207+0000] {dagbag.py:538} INFO - Filling up the DagBag from /home/airflow/.local/lib/python3.8/site-packages/airflow/example_dags/subdags/subdag.py
[2025-12-24T18:03:32.210+0000] {processor.py:842} WARNING - No viable dags retrieved from /home/airflow/.local/lib/python3.8/site-packages/airflow/example_dags/subdags/subdag.py
[2025-12-24T18:03:32.223+0000] {processor.py:183} INFO - Processing /home/airflow/.local/lib/python3.8/site-packages/airflow/example_dags/subdags/subdag.py took 0.022 seconds
[2025-12-24T18:04:02.596+0000] {processor.py:161} INFO - Started process (PID=16935) to work on /home/airflow/.local/lib/python3.8/site-packages/airflow/example_dags/subdags/subdag.py
[2025-12-24T18:04:02.597+0000] {processor.py:830} INFO - Processing file /home/airflow/.local/lib/python3.8/site-packages/airflow/example_dags/subdags/subdag.py for tasks to queue
[2025-12-24T18:04:02.598+0000] {logging_mixin.py:188} INFO - [2025-12-24T18:04:02.598+0000] {dagbag.py:538} INFO - Filling up the DagBag from /home/airflow/.local/lib/python3.8/site-packages/airflow/example_dags/subdags/subdag.py
[2025-12-24T18:04:02.600+0000] {processor.py:842} WARNING - No viable dags retrieved from /home/airflow/.local/lib/python3.8/site-packages/airflow/example_dags/subdags/subdag.py
[2025-12-24T18:04:02.615+0000] {processor.py:183} INFO - Processing /home/airflow/.local/lib/python3.8/site-packages/airflow/example_dags/subdags/subdag.py took 0.022 seconds
[2025-12-24T18:04:32.819+0000] {processor.py:161} INFO - Started process (PID=16992) to work on /home/airflow/.local/lib/python3.8/site-packages/airflow/example_dags/subdags/subdag.py
[2025-12-24T18:04:32.820+0000] {processor.py:830} INFO - Processing file /home/airflow/.local/lib/python3.8/site-packages/airflow/example_dags/subdags/subdag.py for tasks to queue
[2025-12-24T18:04:32.821+0000] {logging_mixin.py:188} INFO - [2025-12-24T18:04:32.821+0000] {dagbag.py:538} INFO - Filling up the DagBag from /home/airflow/.local/lib/python3.8/site-packages/airflow/example_dags/subdags/subdag.py
[2025-12-24T18:04:32.824+0000] {processor.py:842} WARNING - No viable dags retrieved from /home/airflow/.local/lib/python3.8/site-packages/airflow/example_dags/subdags/subdag.py
[2025-12-24T18:04:32.838+0000] {processor.py:183} INFO - Processing /home/airflow/.local/lib/python3.8/site-packages/airflow/example_dags/subdags/subdag.py took 0.022 seconds
[2025-12-24T18:05:03.180+0000] {processor.py:161} INFO - Started process (PID=17049) to work on /home/airflow/.local/lib/python3.8/site-packages/airflow/example_dags/subdags/subdag.py
[2025-12-24T18:05:03.181+0000] {processor.py:830} INFO - Processing file /home/airflow/.local/lib/python3.8/site-packages/airflow/example_dags/subdags/subdag.py for tasks to queue
[2025-12-24T18:05:03.182+0000] {logging_mixin.py:188} INFO - [2025-12-24T18:05:03.182+0000] {dagbag.py:538} INFO - Filling up the DagBag from /home/airflow/.local/lib/python3.8/site-packages/airflow/example_dags/subdags/subdag.py
[2025-12-24T18:05:03.185+0000] {processor.py:842} WARNING - No viable dags retrieved from /home/airflow/.local/lib/python3.8/site-packages/airflow/example_dags/subdags/subdag.py
[2025-12-24T18:05:03.200+0000] {processor.py:183} INFO - Processing /home/airflow/.local/lib/python3.8/site-packages/airflow/example_dags/subdags/subdag.py took 0.023 seconds
[2025-12-24T18:05:33.765+0000] {processor.py:161} INFO - Started process (PID=17106) to work on /home/airflow/.local/lib/python3.8/site-packages/airflow/example_dags/subdags/subdag.py
[2025-12-24T18:05:33.766+0000] {processor.py:830} INFO - Processing file /home/airflow/.local/lib/python3.8/site-packages/airflow/example_dags/subdags/subdag.py for tasks to queue
[2025-12-24T18:05:33.767+0000] {logging_mixin.py:188} INFO - [2025-12-24T18:05:33.767+0000] {dagbag.py:538} INFO - Filling up the DagBag from /home/airflow/.local/lib/python3.8/site-packages/airflow/example_dags/subdags/subdag.py
[2025-12-24T18:05:33.770+0000] {processor.py:842} WARNING - No viable dags retrieved from /home/airflow/.local/lib/python3.8/site-packages/airflow/example_dags/subdags/subdag.py
[2025-12-24T18:05:33.786+0000] {processor.py:183} INFO - Processing /home/airflow/.local/lib/python3.8/site-packages/airflow/example_dags/subdags/subdag.py took 0.025 seconds
[2025-12-24T18:06:04.079+0000] {processor.py:161} INFO - Started process (PID=17163) to work on /home/airflow/.local/lib/python3.8/site-packages/airflow/example_dags/subdags/subdag.py
[2025-12-24T18:06:04.081+0000] {processor.py:830} INFO - Processing file /home/airflow/.local/lib/python3.8/site-packages/airflow/example_dags/subdags/subdag.py for tasks to queue
[2025-12-24T18:06:04.082+0000] {logging_mixin.py:188} INFO - [2025-12-24T18:06:04.082+0000] {dagbag.py:538} INFO - Filling up the DagBag from /home/airflow/.local/lib/python3.8/site-packages/airflow/example_dags/subdags/subdag.py
[2025-12-24T18:06:04.085+0000] {processor.py:842} WARNING - No viable dags retrieved from /home/airflow/.local/lib/python3.8/site-packages/airflow/example_dags/subdags/subdag.py
[2025-12-24T18:06:04.105+0000] {processor.py:183} INFO - Processing /home/airflow/.local/lib/python3.8/site-packages/airflow/example_dags/subdags/subdag.py took 0.030 seconds
[2025-12-24T18:06:35.162+0000] {processor.py:161} INFO - Started process (PID=17220) to work on /home/airflow/.local/lib/python3.8/site-packages/airflow/example_dags/subdags/subdag.py
[2025-12-24T18:06:35.164+0000] {processor.py:830} INFO - Processing file /home/airflow/.local/lib/python3.8/site-packages/airflow/example_dags/subdags/subdag.py for tasks to queue
[2025-12-24T18:06:35.165+0000] {logging_mixin.py:188} INFO - [2025-12-24T18:06:35.164+0000] {dagbag.py:538} INFO - Filling up the DagBag from /home/airflow/.local/lib/python3.8/site-packages/airflow/example_dags/subdags/subdag.py
[2025-12-24T18:06:35.167+0000] {processor.py:842} WARNING - No viable dags retrieved from /home/airflow/.local/lib/python3.8/site-packages/airflow/example_dags/subdags/subdag.py
[2025-12-24T18:06:35.185+0000] {processor.py:183} INFO - Processing /home/airflow/.local/lib/python3.8/site-packages/airflow/example_dags/subdags/subdag.py took 0.028 seconds
[2025-12-24T18:07:05.439+0000] {processor.py:161} INFO - Started process (PID=17276) to work on /home/airflow/.local/lib/python3.8/site-packages/airflow/example_dags/subdags/subdag.py
[2025-12-24T18:07:05.440+0000] {processor.py:830} INFO - Processing file /home/airflow/.local/lib/python3.8/site-packages/airflow/example_dags/subdags/subdag.py for tasks to queue
[2025-12-24T18:07:05.441+0000] {logging_mixin.py:188} INFO - [2025-12-24T18:07:05.440+0000] {dagbag.py:538} INFO - Filling up the DagBag from /home/airflow/.local/lib/python3.8/site-packages/airflow/example_dags/subdags/subdag.py
[2025-12-24T18:07:05.443+0000] {processor.py:842} WARNING - No viable dags retrieved from /home/airflow/.local/lib/python3.8/site-packages/airflow/example_dags/subdags/subdag.py
[2025-12-24T18:07:05.459+0000] {processor.py:183} INFO - Processing /home/airflow/.local/lib/python3.8/site-packages/airflow/example_dags/subdags/subdag.py took 0.024 seconds
[2025-12-24T18:07:35.676+0000] {processor.py:161} INFO - Started process (PID=17333) to work on /home/airflow/.local/lib/python3.8/site-packages/airflow/example_dags/subdags/subdag.py
[2025-12-24T18:07:35.677+0000] {processor.py:830} INFO - Processing file /home/airflow/.local/lib/python3.8/site-packages/airflow/example_dags/subdags/subdag.py for tasks to queue
[2025-12-24T18:07:35.678+0000] {logging_mixin.py:188} INFO - [2025-12-24T18:07:35.678+0000] {dagbag.py:538} INFO - Filling up the DagBag from /home/airflow/.local/lib/python3.8/site-packages/airflow/example_dags/subdags/subdag.py
[2025-12-24T18:07:35.681+0000] {processor.py:842} WARNING - No viable dags retrieved from /home/airflow/.local/lib/python3.8/site-packages/airflow/example_dags/subdags/subdag.py
[2025-12-24T18:07:35.695+0000] {processor.py:183} INFO - Processing /home/airflow/.local/lib/python3.8/site-packages/airflow/example_dags/subdags/subdag.py took 0.023 seconds
[2025-12-24T18:08:05.794+0000] {processor.py:161} INFO - Started process (PID=17390) to work on /home/airflow/.local/lib/python3.8/site-packages/airflow/example_dags/subdags/subdag.py
[2025-12-24T18:08:05.796+0000] {processor.py:830} INFO - Processing file /home/airflow/.local/lib/python3.8/site-packages/airflow/example_dags/subdags/subdag.py for tasks to queue
[2025-12-24T18:08:05.797+0000] {logging_mixin.py:188} INFO - [2025-12-24T18:08:05.796+0000] {dagbag.py:538} INFO - Filling up the DagBag from /home/airflow/.local/lib/python3.8/site-packages/airflow/example_dags/subdags/subdag.py
[2025-12-24T18:08:05.799+0000] {processor.py:842} WARNING - No viable dags retrieved from /home/airflow/.local/lib/python3.8/site-packages/airflow/example_dags/subdags/subdag.py
[2025-12-24T18:08:05.813+0000] {processor.py:183} INFO - Processing /home/airflow/.local/lib/python3.8/site-packages/airflow/example_dags/subdags/subdag.py took 0.022 seconds
[2025-12-24T18:08:36.240+0000] {processor.py:161} INFO - Started process (PID=17447) to work on /home/airflow/.local/lib/python3.8/site-packages/airflow/example_dags/subdags/subdag.py
[2025-12-24T18:08:36.241+0000] {processor.py:830} INFO - Processing file /home/airflow/.local/lib/python3.8/site-packages/airflow/example_dags/subdags/subdag.py for tasks to queue
[2025-12-24T18:08:36.243+0000] {logging_mixin.py:188} INFO - [2025-12-24T18:08:36.242+0000] {dagbag.py:538} INFO - Filling up the DagBag from /home/airflow/.local/lib/python3.8/site-packages/airflow/example_dags/subdags/subdag.py
[2025-12-24T18:08:36.245+0000] {processor.py:842} WARNING - No viable dags retrieved from /home/airflow/.local/lib/python3.8/site-packages/airflow/example_dags/subdags/subdag.py
[2025-12-24T18:08:36.259+0000] {processor.py:183} INFO - Processing /home/airflow/.local/lib/python3.8/site-packages/airflow/example_dags/subdags/subdag.py took 0.023 seconds
[2025-12-24T18:09:06.427+0000] {processor.py:161} INFO - Started process (PID=17504) to work on /home/airflow/.local/lib/python3.8/site-packages/airflow/example_dags/subdags/subdag.py
[2025-12-24T18:09:06.428+0000] {processor.py:830} INFO - Processing file /home/airflow/.local/lib/python3.8/site-packages/airflow/example_dags/subdags/subdag.py for tasks to queue
[2025-12-24T18:09:06.429+0000] {logging_mixin.py:188} INFO - [2025-12-24T18:09:06.428+0000] {dagbag.py:538} INFO - Filling up the DagBag from /home/airflow/.local/lib/python3.8/site-packages/airflow/example_dags/subdags/subdag.py
[2025-12-24T18:09:06.431+0000] {processor.py:842} WARNING - No viable dags retrieved from /home/airflow/.local/lib/python3.8/site-packages/airflow/example_dags/subdags/subdag.py
[2025-12-24T18:09:06.445+0000] {processor.py:183} INFO - Processing /home/airflow/.local/lib/python3.8/site-packages/airflow/example_dags/subdags/subdag.py took 0.022 seconds
[2025-12-24T18:09:36.711+0000] {processor.py:161} INFO - Started process (PID=17561) to work on /home/airflow/.local/lib/python3.8/site-packages/airflow/example_dags/subdags/subdag.py
[2025-12-24T18:09:36.712+0000] {processor.py:830} INFO - Processing file /home/airflow/.local/lib/python3.8/site-packages/airflow/example_dags/subdags/subdag.py for tasks to queue
[2025-12-24T18:09:36.713+0000] {logging_mixin.py:188} INFO - [2025-12-24T18:09:36.713+0000] {dagbag.py:538} INFO - Filling up the DagBag from /home/airflow/.local/lib/python3.8/site-packages/airflow/example_dags/subdags/subdag.py
[2025-12-24T18:09:36.715+0000] {processor.py:842} WARNING - No viable dags retrieved from /home/airflow/.local/lib/python3.8/site-packages/airflow/example_dags/subdags/subdag.py
[2025-12-24T18:09:36.729+0000] {processor.py:183} INFO - Processing /home/airflow/.local/lib/python3.8/site-packages/airflow/example_dags/subdags/subdag.py took 0.022 seconds
[2025-12-24T18:10:06.945+0000] {processor.py:161} INFO - Started process (PID=17618) to work on /home/airflow/.local/lib/python3.8/site-packages/airflow/example_dags/subdags/subdag.py
[2025-12-24T18:10:06.946+0000] {processor.py:830} INFO - Processing file /home/airflow/.local/lib/python3.8/site-packages/airflow/example_dags/subdags/subdag.py for tasks to queue
[2025-12-24T18:10:06.947+0000] {logging_mixin.py:188} INFO - [2025-12-24T18:10:06.947+0000] {dagbag.py:538} INFO - Filling up the DagBag from /home/airflow/.local/lib/python3.8/site-packages/airflow/example_dags/subdags/subdag.py
[2025-12-24T18:10:06.950+0000] {processor.py:842} WARNING - No viable dags retrieved from /home/airflow/.local/lib/python3.8/site-packages/airflow/example_dags/subdags/subdag.py
[2025-12-24T18:10:06.963+0000] {processor.py:183} INFO - Processing /home/airflow/.local/lib/python3.8/site-packages/airflow/example_dags/subdags/subdag.py took 0.022 seconds
[2025-12-24T18:10:37.145+0000] {processor.py:161} INFO - Started process (PID=17675) to work on /home/airflow/.local/lib/python3.8/site-packages/airflow/example_dags/subdags/subdag.py
[2025-12-24T18:10:37.147+0000] {processor.py:830} INFO - Processing file /home/airflow/.local/lib/python3.8/site-packages/airflow/example_dags/subdags/subdag.py for tasks to queue
[2025-12-24T18:10:37.148+0000] {logging_mixin.py:188} INFO - [2025-12-24T18:10:37.147+0000] {dagbag.py:538} INFO - Filling up the DagBag from /home/airflow/.local/lib/python3.8/site-packages/airflow/example_dags/subdags/subdag.py
[2025-12-24T18:10:37.150+0000] {processor.py:842} WARNING - No viable dags retrieved from /home/airflow/.local/lib/python3.8/site-packages/airflow/example_dags/subdags/subdag.py
[2025-12-24T18:10:37.166+0000] {processor.py:183} INFO - Processing /home/airflow/.local/lib/python3.8/site-packages/airflow/example_dags/subdags/subdag.py took 0.026 seconds
[2025-12-24T18:11:07.357+0000] {processor.py:161} INFO - Started process (PID=17733) to work on /home/airflow/.local/lib/python3.8/site-packages/airflow/example_dags/subdags/subdag.py
[2025-12-24T18:11:07.358+0000] {processor.py:830} INFO - Processing file /home/airflow/.local/lib/python3.8/site-packages/airflow/example_dags/subdags/subdag.py for tasks to queue
[2025-12-24T18:11:07.360+0000] {logging_mixin.py:188} INFO - [2025-12-24T18:11:07.360+0000] {dagbag.py:538} INFO - Filling up the DagBag from /home/airflow/.local/lib/python3.8/site-packages/airflow/example_dags/subdags/subdag.py
[2025-12-24T18:11:07.363+0000] {processor.py:842} WARNING - No viable dags retrieved from /home/airflow/.local/lib/python3.8/site-packages/airflow/example_dags/subdags/subdag.py
[2025-12-24T18:11:07.379+0000] {processor.py:183} INFO - Processing /home/airflow/.local/lib/python3.8/site-packages/airflow/example_dags/subdags/subdag.py took 0.025 seconds
[2025-12-24T18:11:37.438+0000] {processor.py:161} INFO - Started process (PID=17790) to work on /home/airflow/.local/lib/python3.8/site-packages/airflow/example_dags/subdags/subdag.py
[2025-12-24T18:11:37.439+0000] {processor.py:830} INFO - Processing file /home/airflow/.local/lib/python3.8/site-packages/airflow/example_dags/subdags/subdag.py for tasks to queue
[2025-12-24T18:11:37.440+0000] {logging_mixin.py:188} INFO - [2025-12-24T18:11:37.440+0000] {dagbag.py:538} INFO - Filling up the DagBag from /home/airflow/.local/lib/python3.8/site-packages/airflow/example_dags/subdags/subdag.py
[2025-12-24T18:11:37.443+0000] {processor.py:842} WARNING - No viable dags retrieved from /home/airflow/.local/lib/python3.8/site-packages/airflow/example_dags/subdags/subdag.py
[2025-12-24T18:11:37.457+0000] {processor.py:183} INFO - Processing /home/airflow/.local/lib/python3.8/site-packages/airflow/example_dags/subdags/subdag.py took 0.023 seconds
[2025-12-24T18:12:07.925+0000] {processor.py:161} INFO - Started process (PID=17847) to work on /home/airflow/.local/lib/python3.8/site-packages/airflow/example_dags/subdags/subdag.py
[2025-12-24T18:12:07.926+0000] {processor.py:830} INFO - Processing file /home/airflow/.local/lib/python3.8/site-packages/airflow/example_dags/subdags/subdag.py for tasks to queue
[2025-12-24T18:12:07.927+0000] {logging_mixin.py:188} INFO - [2025-12-24T18:12:07.927+0000] {dagbag.py:538} INFO - Filling up the DagBag from /home/airflow/.local/lib/python3.8/site-packages/airflow/example_dags/subdags/subdag.py
[2025-12-24T18:12:07.930+0000] {processor.py:842} WARNING - No viable dags retrieved from /home/airflow/.local/lib/python3.8/site-packages/airflow/example_dags/subdags/subdag.py
[2025-12-24T18:12:07.944+0000] {processor.py:183} INFO - Processing /home/airflow/.local/lib/python3.8/site-packages/airflow/example_dags/subdags/subdag.py took 0.022 seconds
[2025-12-24T18:12:38.194+0000] {processor.py:161} INFO - Started process (PID=17904) to work on /home/airflow/.local/lib/python3.8/site-packages/airflow/example_dags/subdags/subdag.py
[2025-12-24T18:12:38.195+0000] {processor.py:830} INFO - Processing file /home/airflow/.local/lib/python3.8/site-packages/airflow/example_dags/subdags/subdag.py for tasks to queue
[2025-12-24T18:12:38.196+0000] {logging_mixin.py:188} INFO - [2025-12-24T18:12:38.196+0000] {dagbag.py:538} INFO - Filling up the DagBag from /home/airflow/.local/lib/python3.8/site-packages/airflow/example_dags/subdags/subdag.py
[2025-12-24T18:12:38.199+0000] {processor.py:842} WARNING - No viable dags retrieved from /home/airflow/.local/lib/python3.8/site-packages/airflow/example_dags/subdags/subdag.py
[2025-12-24T18:12:38.216+0000] {processor.py:183} INFO - Processing /home/airflow/.local/lib/python3.8/site-packages/airflow/example_dags/subdags/subdag.py took 0.026 seconds
[2025-12-24T18:13:08.481+0000] {processor.py:161} INFO - Started process (PID=17961) to work on /home/airflow/.local/lib/python3.8/site-packages/airflow/example_dags/subdags/subdag.py
[2025-12-24T18:13:08.482+0000] {processor.py:830} INFO - Processing file /home/airflow/.local/lib/python3.8/site-packages/airflow/example_dags/subdags/subdag.py for tasks to queue
[2025-12-24T18:13:08.483+0000] {logging_mixin.py:188} INFO - [2025-12-24T18:13:08.483+0000] {dagbag.py:538} INFO - Filling up the DagBag from /home/airflow/.local/lib/python3.8/site-packages/airflow/example_dags/subdags/subdag.py
[2025-12-24T18:13:08.486+0000] {processor.py:842} WARNING - No viable dags retrieved from /home/airflow/.local/lib/python3.8/site-packages/airflow/example_dags/subdags/subdag.py
[2025-12-24T18:13:08.502+0000] {processor.py:183} INFO - Processing /home/airflow/.local/lib/python3.8/site-packages/airflow/example_dags/subdags/subdag.py took 0.025 seconds
[2025-12-24T18:13:39.105+0000] {processor.py:161} INFO - Started process (PID=18017) to work on /home/airflow/.local/lib/python3.8/site-packages/airflow/example_dags/subdags/subdag.py
[2025-12-24T18:13:39.106+0000] {processor.py:830} INFO - Processing file /home/airflow/.local/lib/python3.8/site-packages/airflow/example_dags/subdags/subdag.py for tasks to queue
[2025-12-24T18:13:39.108+0000] {logging_mixin.py:188} INFO - [2025-12-24T18:13:39.107+0000] {dagbag.py:538} INFO - Filling up the DagBag from /home/airflow/.local/lib/python3.8/site-packages/airflow/example_dags/subdags/subdag.py
[2025-12-24T18:13:39.112+0000] {processor.py:842} WARNING - No viable dags retrieved from /home/airflow/.local/lib/python3.8/site-packages/airflow/example_dags/subdags/subdag.py
[2025-12-24T18:13:39.133+0000] {processor.py:183} INFO - Processing /home/airflow/.local/lib/python3.8/site-packages/airflow/example_dags/subdags/subdag.py took 0.032 seconds
[2025-12-24T18:14:09.596+0000] {processor.py:161} INFO - Started process (PID=18074) to work on /home/airflow/.local/lib/python3.8/site-packages/airflow/example_dags/subdags/subdag.py
[2025-12-24T18:14:09.597+0000] {processor.py:830} INFO - Processing file /home/airflow/.local/lib/python3.8/site-packages/airflow/example_dags/subdags/subdag.py for tasks to queue
[2025-12-24T18:14:09.598+0000] {logging_mixin.py:188} INFO - [2025-12-24T18:14:09.598+0000] {dagbag.py:538} INFO - Filling up the DagBag from /home/airflow/.local/lib/python3.8/site-packages/airflow/example_dags/subdags/subdag.py
[2025-12-24T18:14:09.601+0000] {processor.py:842} WARNING - No viable dags retrieved from /home/airflow/.local/lib/python3.8/site-packages/airflow/example_dags/subdags/subdag.py
[2025-12-24T18:14:09.618+0000] {processor.py:183} INFO - Processing /home/airflow/.local/lib/python3.8/site-packages/airflow/example_dags/subdags/subdag.py took 0.027 seconds
[2025-12-24T18:14:39.804+0000] {processor.py:161} INFO - Started process (PID=18131) to work on /home/airflow/.local/lib/python3.8/site-packages/airflow/example_dags/subdags/subdag.py
[2025-12-24T18:14:39.805+0000] {processor.py:830} INFO - Processing file /home/airflow/.local/lib/python3.8/site-packages/airflow/example_dags/subdags/subdag.py for tasks to queue
[2025-12-24T18:14:39.807+0000] {logging_mixin.py:188} INFO - [2025-12-24T18:14:39.806+0000] {dagbag.py:538} INFO - Filling up the DagBag from /home/airflow/.local/lib/python3.8/site-packages/airflow/example_dags/subdags/subdag.py
[2025-12-24T18:14:39.810+0000] {processor.py:842} WARNING - No viable dags retrieved from /home/airflow/.local/lib/python3.8/site-packages/airflow/example_dags/subdags/subdag.py
[2025-12-24T18:14:39.827+0000] {processor.py:183} INFO - Processing /home/airflow/.local/lib/python3.8/site-packages/airflow/example_dags/subdags/subdag.py took 0.027 seconds
[2025-12-24T18:15:10.123+0000] {processor.py:161} INFO - Started process (PID=18187) to work on /home/airflow/.local/lib/python3.8/site-packages/airflow/example_dags/subdags/subdag.py
[2025-12-24T18:15:10.124+0000] {processor.py:830} INFO - Processing file /home/airflow/.local/lib/python3.8/site-packages/airflow/example_dags/subdags/subdag.py for tasks to queue
[2025-12-24T18:15:10.125+0000] {logging_mixin.py:188} INFO - [2025-12-24T18:15:10.125+0000] {dagbag.py:538} INFO - Filling up the DagBag from /home/airflow/.local/lib/python3.8/site-packages/airflow/example_dags/subdags/subdag.py
[2025-12-24T18:15:10.130+0000] {processor.py:842} WARNING - No viable dags retrieved from /home/airflow/.local/lib/python3.8/site-packages/airflow/example_dags/subdags/subdag.py
[2025-12-24T18:15:10.148+0000] {processor.py:183} INFO - Processing /home/airflow/.local/lib/python3.8/site-packages/airflow/example_dags/subdags/subdag.py took 0.029 seconds
[2025-12-24T18:15:40.453+0000] {processor.py:161} INFO - Started process (PID=18244) to work on /home/airflow/.local/lib/python3.8/site-packages/airflow/example_dags/subdags/subdag.py
[2025-12-24T18:15:40.454+0000] {processor.py:830} INFO - Processing file /home/airflow/.local/lib/python3.8/site-packages/airflow/example_dags/subdags/subdag.py for tasks to queue
[2025-12-24T18:15:40.455+0000] {logging_mixin.py:188} INFO - [2025-12-24T18:15:40.455+0000] {dagbag.py:538} INFO - Filling up the DagBag from /home/airflow/.local/lib/python3.8/site-packages/airflow/example_dags/subdags/subdag.py
[2025-12-24T18:15:40.458+0000] {processor.py:842} WARNING - No viable dags retrieved from /home/airflow/.local/lib/python3.8/site-packages/airflow/example_dags/subdags/subdag.py
[2025-12-24T18:15:40.474+0000] {processor.py:183} INFO - Processing /home/airflow/.local/lib/python3.8/site-packages/airflow/example_dags/subdags/subdag.py took 0.025 seconds
[2025-12-24T18:16:10.610+0000] {processor.py:161} INFO - Started process (PID=18301) to work on /home/airflow/.local/lib/python3.8/site-packages/airflow/example_dags/subdags/subdag.py
[2025-12-24T18:16:10.612+0000] {processor.py:830} INFO - Processing file /home/airflow/.local/lib/python3.8/site-packages/airflow/example_dags/subdags/subdag.py for tasks to queue
[2025-12-24T18:16:10.613+0000] {logging_mixin.py:188} INFO - [2025-12-24T18:16:10.613+0000] {dagbag.py:538} INFO - Filling up the DagBag from /home/airflow/.local/lib/python3.8/site-packages/airflow/example_dags/subdags/subdag.py
[2025-12-24T18:16:10.617+0000] {processor.py:842} WARNING - No viable dags retrieved from /home/airflow/.local/lib/python3.8/site-packages/airflow/example_dags/subdags/subdag.py
[2025-12-24T18:16:10.636+0000] {processor.py:183} INFO - Processing /home/airflow/.local/lib/python3.8/site-packages/airflow/example_dags/subdags/subdag.py took 0.033 seconds
[2025-12-24T18:16:41.143+0000] {processor.py:161} INFO - Started process (PID=18358) to work on /home/airflow/.local/lib/python3.8/site-packages/airflow/example_dags/subdags/subdag.py
[2025-12-24T18:16:41.146+0000] {processor.py:830} INFO - Processing file /home/airflow/.local/lib/python3.8/site-packages/airflow/example_dags/subdags/subdag.py for tasks to queue
[2025-12-24T18:16:41.148+0000] {logging_mixin.py:188} INFO - [2025-12-24T18:16:41.148+0000] {dagbag.py:538} INFO - Filling up the DagBag from /home/airflow/.local/lib/python3.8/site-packages/airflow/example_dags/subdags/subdag.py
[2025-12-24T18:16:41.153+0000] {processor.py:842} WARNING - No viable dags retrieved from /home/airflow/.local/lib/python3.8/site-packages/airflow/example_dags/subdags/subdag.py
[2025-12-24T18:16:41.179+0000] {processor.py:183} INFO - Processing /home/airflow/.local/lib/python3.8/site-packages/airflow/example_dags/subdags/subdag.py took 0.051 seconds
[2025-12-24T18:17:11.272+0000] {processor.py:161} INFO - Started process (PID=18415) to work on /home/airflow/.local/lib/python3.8/site-packages/airflow/example_dags/subdags/subdag.py
[2025-12-24T18:17:11.273+0000] {processor.py:830} INFO - Processing file /home/airflow/.local/lib/python3.8/site-packages/airflow/example_dags/subdags/subdag.py for tasks to queue
[2025-12-24T18:17:11.274+0000] {logging_mixin.py:188} INFO - [2025-12-24T18:17:11.274+0000] {dagbag.py:538} INFO - Filling up the DagBag from /home/airflow/.local/lib/python3.8/site-packages/airflow/example_dags/subdags/subdag.py
[2025-12-24T18:17:11.277+0000] {processor.py:842} WARNING - No viable dags retrieved from /home/airflow/.local/lib/python3.8/site-packages/airflow/example_dags/subdags/subdag.py
[2025-12-24T18:17:11.292+0000] {processor.py:183} INFO - Processing /home/airflow/.local/lib/python3.8/site-packages/airflow/example_dags/subdags/subdag.py took 0.024 seconds
[2025-12-24T18:17:41.473+0000] {processor.py:161} INFO - Started process (PID=18478) to work on /home/airflow/.local/lib/python3.8/site-packages/airflow/example_dags/subdags/subdag.py
[2025-12-24T18:17:41.475+0000] {processor.py:830} INFO - Processing file /home/airflow/.local/lib/python3.8/site-packages/airflow/example_dags/subdags/subdag.py for tasks to queue
[2025-12-24T18:17:41.476+0000] {logging_mixin.py:188} INFO - [2025-12-24T18:17:41.475+0000] {dagbag.py:538} INFO - Filling up the DagBag from /home/airflow/.local/lib/python3.8/site-packages/airflow/example_dags/subdags/subdag.py
[2025-12-24T18:17:41.478+0000] {processor.py:842} WARNING - No viable dags retrieved from /home/airflow/.local/lib/python3.8/site-packages/airflow/example_dags/subdags/subdag.py
[2025-12-24T18:17:41.493+0000] {processor.py:183} INFO - Processing /home/airflow/.local/lib/python3.8/site-packages/airflow/example_dags/subdags/subdag.py took 0.023 seconds
[2025-12-24T18:18:11.685+0000] {processor.py:161} INFO - Started process (PID=18535) to work on /home/airflow/.local/lib/python3.8/site-packages/airflow/example_dags/subdags/subdag.py
[2025-12-24T18:18:11.686+0000] {processor.py:830} INFO - Processing file /home/airflow/.local/lib/python3.8/site-packages/airflow/example_dags/subdags/subdag.py for tasks to queue
[2025-12-24T18:18:11.687+0000] {logging_mixin.py:188} INFO - [2025-12-24T18:18:11.687+0000] {dagbag.py:538} INFO - Filling up the DagBag from /home/airflow/.local/lib/python3.8/site-packages/airflow/example_dags/subdags/subdag.py
[2025-12-24T18:18:11.689+0000] {processor.py:842} WARNING - No viable dags retrieved from /home/airflow/.local/lib/python3.8/site-packages/airflow/example_dags/subdags/subdag.py
[2025-12-24T18:18:11.703+0000] {processor.py:183} INFO - Processing /home/airflow/.local/lib/python3.8/site-packages/airflow/example_dags/subdags/subdag.py took 0.022 seconds
[2025-12-24T18:18:42.119+0000] {processor.py:161} INFO - Started process (PID=18592) to work on /home/airflow/.local/lib/python3.8/site-packages/airflow/example_dags/subdags/subdag.py
[2025-12-24T18:18:42.120+0000] {processor.py:830} INFO - Processing file /home/airflow/.local/lib/python3.8/site-packages/airflow/example_dags/subdags/subdag.py for tasks to queue
[2025-12-24T18:18:42.121+0000] {logging_mixin.py:188} INFO - [2025-12-24T18:18:42.121+0000] {dagbag.py:538} INFO - Filling up the DagBag from /home/airflow/.local/lib/python3.8/site-packages/airflow/example_dags/subdags/subdag.py
[2025-12-24T18:18:42.124+0000] {processor.py:842} WARNING - No viable dags retrieved from /home/airflow/.local/lib/python3.8/site-packages/airflow/example_dags/subdags/subdag.py
[2025-12-24T18:18:42.139+0000] {processor.py:183} INFO - Processing /home/airflow/.local/lib/python3.8/site-packages/airflow/example_dags/subdags/subdag.py took 0.023 seconds
[2025-12-24T18:19:12.600+0000] {processor.py:161} INFO - Started process (PID=18649) to work on /home/airflow/.local/lib/python3.8/site-packages/airflow/example_dags/subdags/subdag.py
[2025-12-24T18:19:12.602+0000] {processor.py:830} INFO - Processing file /home/airflow/.local/lib/python3.8/site-packages/airflow/example_dags/subdags/subdag.py for tasks to queue
[2025-12-24T18:19:12.602+0000] {logging_mixin.py:188} INFO - [2025-12-24T18:19:12.602+0000] {dagbag.py:538} INFO - Filling up the DagBag from /home/airflow/.local/lib/python3.8/site-packages/airflow/example_dags/subdags/subdag.py
[2025-12-24T18:19:12.605+0000] {processor.py:842} WARNING - No viable dags retrieved from /home/airflow/.local/lib/python3.8/site-packages/airflow/example_dags/subdags/subdag.py
[2025-12-24T18:19:12.619+0000] {processor.py:183} INFO - Processing /home/airflow/.local/lib/python3.8/site-packages/airflow/example_dags/subdags/subdag.py took 0.022 seconds
[2025-12-24T18:19:42.894+0000] {processor.py:161} INFO - Started process (PID=18706) to work on /home/airflow/.local/lib/python3.8/site-packages/airflow/example_dags/subdags/subdag.py
[2025-12-24T18:19:42.895+0000] {processor.py:830} INFO - Processing file /home/airflow/.local/lib/python3.8/site-packages/airflow/example_dags/subdags/subdag.py for tasks to queue
[2025-12-24T18:19:42.897+0000] {logging_mixin.py:188} INFO - [2025-12-24T18:19:42.896+0000] {dagbag.py:538} INFO - Filling up the DagBag from /home/airflow/.local/lib/python3.8/site-packages/airflow/example_dags/subdags/subdag.py
[2025-12-24T18:19:42.899+0000] {processor.py:842} WARNING - No viable dags retrieved from /home/airflow/.local/lib/python3.8/site-packages/airflow/example_dags/subdags/subdag.py
[2025-12-24T18:19:42.915+0000] {processor.py:183} INFO - Processing /home/airflow/.local/lib/python3.8/site-packages/airflow/example_dags/subdags/subdag.py took 0.025 seconds
[2025-12-24T18:20:13.194+0000] {processor.py:161} INFO - Started process (PID=18763) to work on /home/airflow/.local/lib/python3.8/site-packages/airflow/example_dags/subdags/subdag.py
[2025-12-24T18:20:13.195+0000] {processor.py:830} INFO - Processing file /home/airflow/.local/lib/python3.8/site-packages/airflow/example_dags/subdags/subdag.py for tasks to queue
[2025-12-24T18:20:13.196+0000] {logging_mixin.py:188} INFO - [2025-12-24T18:20:13.195+0000] {dagbag.py:538} INFO - Filling up the DagBag from /home/airflow/.local/lib/python3.8/site-packages/airflow/example_dags/subdags/subdag.py
[2025-12-24T18:20:13.199+0000] {processor.py:842} WARNING - No viable dags retrieved from /home/airflow/.local/lib/python3.8/site-packages/airflow/example_dags/subdags/subdag.py
[2025-12-24T18:20:13.214+0000] {processor.py:183} INFO - Processing /home/airflow/.local/lib/python3.8/site-packages/airflow/example_dags/subdags/subdag.py took 0.025 seconds
[2025-12-24T18:20:43.303+0000] {processor.py:161} INFO - Started process (PID=18820) to work on /home/airflow/.local/lib/python3.8/site-packages/airflow/example_dags/subdags/subdag.py
[2025-12-24T18:20:43.305+0000] {processor.py:830} INFO - Processing file /home/airflow/.local/lib/python3.8/site-packages/airflow/example_dags/subdags/subdag.py for tasks to queue
[2025-12-24T18:20:43.305+0000] {logging_mixin.py:188} INFO - [2025-12-24T18:20:43.305+0000] {dagbag.py:538} INFO - Filling up the DagBag from /home/airflow/.local/lib/python3.8/site-packages/airflow/example_dags/subdags/subdag.py
[2025-12-24T18:20:43.308+0000] {processor.py:842} WARNING - No viable dags retrieved from /home/airflow/.local/lib/python3.8/site-packages/airflow/example_dags/subdags/subdag.py
[2025-12-24T18:20:43.322+0000] {processor.py:183} INFO - Processing /home/airflow/.local/lib/python3.8/site-packages/airflow/example_dags/subdags/subdag.py took 0.022 seconds
[2025-12-24T18:21:13.948+0000] {processor.py:161} INFO - Started process (PID=18877) to work on /home/airflow/.local/lib/python3.8/site-packages/airflow/example_dags/subdags/subdag.py
[2025-12-24T18:21:13.950+0000] {processor.py:830} INFO - Processing file /home/airflow/.local/lib/python3.8/site-packages/airflow/example_dags/subdags/subdag.py for tasks to queue
[2025-12-24T18:21:13.951+0000] {logging_mixin.py:188} INFO - [2025-12-24T18:21:13.950+0000] {dagbag.py:538} INFO - Filling up the DagBag from /home/airflow/.local/lib/python3.8/site-packages/airflow/example_dags/subdags/subdag.py
[2025-12-24T18:21:13.954+0000] {processor.py:842} WARNING - No viable dags retrieved from /home/airflow/.local/lib/python3.8/site-packages/airflow/example_dags/subdags/subdag.py
[2025-12-24T18:21:13.970+0000] {processor.py:183} INFO - Processing /home/airflow/.local/lib/python3.8/site-packages/airflow/example_dags/subdags/subdag.py took 0.027 seconds
[2025-12-24T18:21:44.074+0000] {processor.py:161} INFO - Started process (PID=18934) to work on /home/airflow/.local/lib/python3.8/site-packages/airflow/example_dags/subdags/subdag.py
[2025-12-24T18:21:44.075+0000] {processor.py:830} INFO - Processing file /home/airflow/.local/lib/python3.8/site-packages/airflow/example_dags/subdags/subdag.py for tasks to queue
[2025-12-24T18:21:44.076+0000] {logging_mixin.py:188} INFO - [2025-12-24T18:21:44.076+0000] {dagbag.py:538} INFO - Filling up the DagBag from /home/airflow/.local/lib/python3.8/site-packages/airflow/example_dags/subdags/subdag.py
[2025-12-24T18:21:44.079+0000] {processor.py:842} WARNING - No viable dags retrieved from /home/airflow/.local/lib/python3.8/site-packages/airflow/example_dags/subdags/subdag.py
[2025-12-24T18:21:44.093+0000] {processor.py:183} INFO - Processing /home/airflow/.local/lib/python3.8/site-packages/airflow/example_dags/subdags/subdag.py took 0.023 seconds
[2025-12-24T18:22:14.340+0000] {processor.py:161} INFO - Started process (PID=18991) to work on /home/airflow/.local/lib/python3.8/site-packages/airflow/example_dags/subdags/subdag.py
[2025-12-24T18:22:14.341+0000] {processor.py:830} INFO - Processing file /home/airflow/.local/lib/python3.8/site-packages/airflow/example_dags/subdags/subdag.py for tasks to queue
[2025-12-24T18:22:14.342+0000] {logging_mixin.py:188} INFO - [2025-12-24T18:22:14.342+0000] {dagbag.py:538} INFO - Filling up the DagBag from /home/airflow/.local/lib/python3.8/site-packages/airflow/example_dags/subdags/subdag.py
[2025-12-24T18:22:14.345+0000] {processor.py:842} WARNING - No viable dags retrieved from /home/airflow/.local/lib/python3.8/site-packages/airflow/example_dags/subdags/subdag.py
[2025-12-24T18:22:14.359+0000] {processor.py:183} INFO - Processing /home/airflow/.local/lib/python3.8/site-packages/airflow/example_dags/subdags/subdag.py took 0.024 seconds
[2025-12-24T18:22:44.627+0000] {processor.py:161} INFO - Started process (PID=19048) to work on /home/airflow/.local/lib/python3.8/site-packages/airflow/example_dags/subdags/subdag.py
[2025-12-24T18:22:44.628+0000] {processor.py:830} INFO - Processing file /home/airflow/.local/lib/python3.8/site-packages/airflow/example_dags/subdags/subdag.py for tasks to queue
[2025-12-24T18:22:44.629+0000] {logging_mixin.py:188} INFO - [2025-12-24T18:22:44.629+0000] {dagbag.py:538} INFO - Filling up the DagBag from /home/airflow/.local/lib/python3.8/site-packages/airflow/example_dags/subdags/subdag.py
[2025-12-24T18:22:44.631+0000] {processor.py:842} WARNING - No viable dags retrieved from /home/airflow/.local/lib/python3.8/site-packages/airflow/example_dags/subdags/subdag.py
[2025-12-24T18:22:44.646+0000] {processor.py:183} INFO - Processing /home/airflow/.local/lib/python3.8/site-packages/airflow/example_dags/subdags/subdag.py took 0.023 seconds
[2025-12-24T18:23:14.784+0000] {processor.py:161} INFO - Started process (PID=19105) to work on /home/airflow/.local/lib/python3.8/site-packages/airflow/example_dags/subdags/subdag.py
[2025-12-24T18:23:14.786+0000] {processor.py:830} INFO - Processing file /home/airflow/.local/lib/python3.8/site-packages/airflow/example_dags/subdags/subdag.py for tasks to queue
[2025-12-24T18:23:14.788+0000] {logging_mixin.py:188} INFO - [2025-12-24T18:23:14.787+0000] {dagbag.py:538} INFO - Filling up the DagBag from /home/airflow/.local/lib/python3.8/site-packages/airflow/example_dags/subdags/subdag.py
[2025-12-24T18:23:14.791+0000] {processor.py:842} WARNING - No viable dags retrieved from /home/airflow/.local/lib/python3.8/site-packages/airflow/example_dags/subdags/subdag.py
[2025-12-24T18:23:14.808+0000] {processor.py:183} INFO - Processing /home/airflow/.local/lib/python3.8/site-packages/airflow/example_dags/subdags/subdag.py took 0.028 seconds
[2025-12-24T18:23:45.044+0000] {processor.py:161} INFO - Started process (PID=19162) to work on /home/airflow/.local/lib/python3.8/site-packages/airflow/example_dags/subdags/subdag.py
[2025-12-24T18:23:45.045+0000] {processor.py:830} INFO - Processing file /home/airflow/.local/lib/python3.8/site-packages/airflow/example_dags/subdags/subdag.py for tasks to queue
[2025-12-24T18:23:45.046+0000] {logging_mixin.py:188} INFO - [2025-12-24T18:23:45.046+0000] {dagbag.py:538} INFO - Filling up the DagBag from /home/airflow/.local/lib/python3.8/site-packages/airflow/example_dags/subdags/subdag.py
[2025-12-24T18:23:45.049+0000] {processor.py:842} WARNING - No viable dags retrieved from /home/airflow/.local/lib/python3.8/site-packages/airflow/example_dags/subdags/subdag.py
[2025-12-24T18:23:45.064+0000] {processor.py:183} INFO - Processing /home/airflow/.local/lib/python3.8/site-packages/airflow/example_dags/subdags/subdag.py took 0.023 seconds
[2025-12-24T18:24:15.260+0000] {processor.py:161} INFO - Started process (PID=19219) to work on /home/airflow/.local/lib/python3.8/site-packages/airflow/example_dags/subdags/subdag.py
[2025-12-24T18:24:15.261+0000] {processor.py:830} INFO - Processing file /home/airflow/.local/lib/python3.8/site-packages/airflow/example_dags/subdags/subdag.py for tasks to queue
[2025-12-24T18:24:15.262+0000] {logging_mixin.py:188} INFO - [2025-12-24T18:24:15.262+0000] {dagbag.py:538} INFO - Filling up the DagBag from /home/airflow/.local/lib/python3.8/site-packages/airflow/example_dags/subdags/subdag.py
[2025-12-24T18:24:15.265+0000] {processor.py:842} WARNING - No viable dags retrieved from /home/airflow/.local/lib/python3.8/site-packages/airflow/example_dags/subdags/subdag.py
[2025-12-24T18:24:15.279+0000] {processor.py:183} INFO - Processing /home/airflow/.local/lib/python3.8/site-packages/airflow/example_dags/subdags/subdag.py took 0.022 seconds
[2025-12-24T18:24:45.474+0000] {processor.py:161} INFO - Started process (PID=19276) to work on /home/airflow/.local/lib/python3.8/site-packages/airflow/example_dags/subdags/subdag.py
[2025-12-24T18:24:45.475+0000] {processor.py:830} INFO - Processing file /home/airflow/.local/lib/python3.8/site-packages/airflow/example_dags/subdags/subdag.py for tasks to queue
[2025-12-24T18:24:45.476+0000] {logging_mixin.py:188} INFO - [2025-12-24T18:24:45.476+0000] {dagbag.py:538} INFO - Filling up the DagBag from /home/airflow/.local/lib/python3.8/site-packages/airflow/example_dags/subdags/subdag.py
[2025-12-24T18:24:45.478+0000] {processor.py:842} WARNING - No viable dags retrieved from /home/airflow/.local/lib/python3.8/site-packages/airflow/example_dags/subdags/subdag.py
[2025-12-24T18:24:45.494+0000] {processor.py:183} INFO - Processing /home/airflow/.local/lib/python3.8/site-packages/airflow/example_dags/subdags/subdag.py took 0.024 seconds
[2025-12-24T18:25:15.983+0000] {processor.py:161} INFO - Started process (PID=19333) to work on /home/airflow/.local/lib/python3.8/site-packages/airflow/example_dags/subdags/subdag.py
[2025-12-24T18:25:15.985+0000] {processor.py:830} INFO - Processing file /home/airflow/.local/lib/python3.8/site-packages/airflow/example_dags/subdags/subdag.py for tasks to queue
[2025-12-24T18:25:15.985+0000] {logging_mixin.py:188} INFO - [2025-12-24T18:25:15.985+0000] {dagbag.py:538} INFO - Filling up the DagBag from /home/airflow/.local/lib/python3.8/site-packages/airflow/example_dags/subdags/subdag.py
[2025-12-24T18:25:15.988+0000] {processor.py:842} WARNING - No viable dags retrieved from /home/airflow/.local/lib/python3.8/site-packages/airflow/example_dags/subdags/subdag.py
[2025-12-24T18:25:16.002+0000] {processor.py:183} INFO - Processing /home/airflow/.local/lib/python3.8/site-packages/airflow/example_dags/subdags/subdag.py took 0.022 seconds
[2025-12-24T18:25:46.386+0000] {processor.py:161} INFO - Started process (PID=19390) to work on /home/airflow/.local/lib/python3.8/site-packages/airflow/example_dags/subdags/subdag.py
[2025-12-24T18:25:46.387+0000] {processor.py:830} INFO - Processing file /home/airflow/.local/lib/python3.8/site-packages/airflow/example_dags/subdags/subdag.py for tasks to queue
[2025-12-24T18:25:46.388+0000] {logging_mixin.py:188} INFO - [2025-12-24T18:25:46.387+0000] {dagbag.py:538} INFO - Filling up the DagBag from /home/airflow/.local/lib/python3.8/site-packages/airflow/example_dags/subdags/subdag.py
[2025-12-24T18:25:46.390+0000] {processor.py:842} WARNING - No viable dags retrieved from /home/airflow/.local/lib/python3.8/site-packages/airflow/example_dags/subdags/subdag.py
[2025-12-24T18:25:46.405+0000] {processor.py:183} INFO - Processing /home/airflow/.local/lib/python3.8/site-packages/airflow/example_dags/subdags/subdag.py took 0.023 seconds
[2025-12-24T18:26:16.694+0000] {processor.py:161} INFO - Started process (PID=19447) to work on /home/airflow/.local/lib/python3.8/site-packages/airflow/example_dags/subdags/subdag.py
[2025-12-24T18:26:16.695+0000] {processor.py:830} INFO - Processing file /home/airflow/.local/lib/python3.8/site-packages/airflow/example_dags/subdags/subdag.py for tasks to queue
[2025-12-24T18:26:16.696+0000] {logging_mixin.py:188} INFO - [2025-12-24T18:26:16.696+0000] {dagbag.py:538} INFO - Filling up the DagBag from /home/airflow/.local/lib/python3.8/site-packages/airflow/example_dags/subdags/subdag.py
[2025-12-24T18:26:16.699+0000] {processor.py:842} WARNING - No viable dags retrieved from /home/airflow/.local/lib/python3.8/site-packages/airflow/example_dags/subdags/subdag.py
[2025-12-24T18:26:16.713+0000] {processor.py:183} INFO - Processing /home/airflow/.local/lib/python3.8/site-packages/airflow/example_dags/subdags/subdag.py took 0.023 seconds
[2025-12-24T18:26:46.873+0000] {processor.py:161} INFO - Started process (PID=19504) to work on /home/airflow/.local/lib/python3.8/site-packages/airflow/example_dags/subdags/subdag.py
[2025-12-24T18:26:46.874+0000] {processor.py:830} INFO - Processing file /home/airflow/.local/lib/python3.8/site-packages/airflow/example_dags/subdags/subdag.py for tasks to queue
[2025-12-24T18:26:46.875+0000] {logging_mixin.py:188} INFO - [2025-12-24T18:26:46.874+0000] {dagbag.py:538} INFO - Filling up the DagBag from /home/airflow/.local/lib/python3.8/site-packages/airflow/example_dags/subdags/subdag.py
[2025-12-24T18:26:46.877+0000] {processor.py:842} WARNING - No viable dags retrieved from /home/airflow/.local/lib/python3.8/site-packages/airflow/example_dags/subdags/subdag.py
[2025-12-24T18:26:46.891+0000] {processor.py:183} INFO - Processing /home/airflow/.local/lib/python3.8/site-packages/airflow/example_dags/subdags/subdag.py took 0.021 seconds
[2025-12-24T18:27:17.144+0000] {processor.py:161} INFO - Started process (PID=19561) to work on /home/airflow/.local/lib/python3.8/site-packages/airflow/example_dags/subdags/subdag.py
[2025-12-24T18:27:17.146+0000] {processor.py:830} INFO - Processing file /home/airflow/.local/lib/python3.8/site-packages/airflow/example_dags/subdags/subdag.py for tasks to queue
[2025-12-24T18:27:17.147+0000] {logging_mixin.py:188} INFO - [2025-12-24T18:27:17.146+0000] {dagbag.py:538} INFO - Filling up the DagBag from /home/airflow/.local/lib/python3.8/site-packages/airflow/example_dags/subdags/subdag.py
[2025-12-24T18:27:17.149+0000] {processor.py:842} WARNING - No viable dags retrieved from /home/airflow/.local/lib/python3.8/site-packages/airflow/example_dags/subdags/subdag.py
[2025-12-24T18:27:17.163+0000] {processor.py:183} INFO - Processing /home/airflow/.local/lib/python3.8/site-packages/airflow/example_dags/subdags/subdag.py took 0.023 seconds
[2025-12-24T18:27:47.380+0000] {processor.py:161} INFO - Started process (PID=19618) to work on /home/airflow/.local/lib/python3.8/site-packages/airflow/example_dags/subdags/subdag.py
[2025-12-24T18:27:47.382+0000] {processor.py:830} INFO - Processing file /home/airflow/.local/lib/python3.8/site-packages/airflow/example_dags/subdags/subdag.py for tasks to queue
[2025-12-24T18:27:47.383+0000] {logging_mixin.py:188} INFO - [2025-12-24T18:27:47.383+0000] {dagbag.py:538} INFO - Filling up the DagBag from /home/airflow/.local/lib/python3.8/site-packages/airflow/example_dags/subdags/subdag.py
[2025-12-24T18:27:47.386+0000] {processor.py:842} WARNING - No viable dags retrieved from /home/airflow/.local/lib/python3.8/site-packages/airflow/example_dags/subdags/subdag.py
[2025-12-24T18:27:47.402+0000] {processor.py:183} INFO - Processing /home/airflow/.local/lib/python3.8/site-packages/airflow/example_dags/subdags/subdag.py took 0.025 seconds
[2025-12-24T18:28:18.029+0000] {processor.py:161} INFO - Started process (PID=19675) to work on /home/airflow/.local/lib/python3.8/site-packages/airflow/example_dags/subdags/subdag.py
[2025-12-24T18:28:18.030+0000] {processor.py:830} INFO - Processing file /home/airflow/.local/lib/python3.8/site-packages/airflow/example_dags/subdags/subdag.py for tasks to queue
[2025-12-24T18:28:18.031+0000] {logging_mixin.py:188} INFO - [2025-12-24T18:28:18.031+0000] {dagbag.py:538} INFO - Filling up the DagBag from /home/airflow/.local/lib/python3.8/site-packages/airflow/example_dags/subdags/subdag.py
[2025-12-24T18:28:18.034+0000] {processor.py:842} WARNING - No viable dags retrieved from /home/airflow/.local/lib/python3.8/site-packages/airflow/example_dags/subdags/subdag.py
[2025-12-24T18:28:18.049+0000] {processor.py:183} INFO - Processing /home/airflow/.local/lib/python3.8/site-packages/airflow/example_dags/subdags/subdag.py took 0.023 seconds
[2025-12-24T18:28:48.255+0000] {processor.py:161} INFO - Started process (PID=19732) to work on /home/airflow/.local/lib/python3.8/site-packages/airflow/example_dags/subdags/subdag.py
[2025-12-24T18:28:48.256+0000] {processor.py:830} INFO - Processing file /home/airflow/.local/lib/python3.8/site-packages/airflow/example_dags/subdags/subdag.py for tasks to queue
[2025-12-24T18:28:48.258+0000] {logging_mixin.py:188} INFO - [2025-12-24T18:28:48.257+0000] {dagbag.py:538} INFO - Filling up the DagBag from /home/airflow/.local/lib/python3.8/site-packages/airflow/example_dags/subdags/subdag.py
[2025-12-24T18:28:48.261+0000] {processor.py:842} WARNING - No viable dags retrieved from /home/airflow/.local/lib/python3.8/site-packages/airflow/example_dags/subdags/subdag.py
[2025-12-24T18:28:48.277+0000] {processor.py:183} INFO - Processing /home/airflow/.local/lib/python3.8/site-packages/airflow/example_dags/subdags/subdag.py took 0.026 seconds
[2025-12-24T18:29:18.630+0000] {processor.py:161} INFO - Started process (PID=19789) to work on /home/airflow/.local/lib/python3.8/site-packages/airflow/example_dags/subdags/subdag.py
[2025-12-24T18:29:18.631+0000] {processor.py:830} INFO - Processing file /home/airflow/.local/lib/python3.8/site-packages/airflow/example_dags/subdags/subdag.py for tasks to queue
[2025-12-24T18:29:18.632+0000] {logging_mixin.py:188} INFO - [2025-12-24T18:29:18.632+0000] {dagbag.py:538} INFO - Filling up the DagBag from /home/airflow/.local/lib/python3.8/site-packages/airflow/example_dags/subdags/subdag.py
[2025-12-24T18:29:18.636+0000] {processor.py:842} WARNING - No viable dags retrieved from /home/airflow/.local/lib/python3.8/site-packages/airflow/example_dags/subdags/subdag.py
[2025-12-24T18:29:18.650+0000] {processor.py:183} INFO - Processing /home/airflow/.local/lib/python3.8/site-packages/airflow/example_dags/subdags/subdag.py took 0.024 seconds
[2025-12-24T18:29:49.053+0000] {processor.py:161} INFO - Started process (PID=19844) to work on /home/airflow/.local/lib/python3.8/site-packages/airflow/example_dags/subdags/subdag.py
[2025-12-24T18:29:49.054+0000] {processor.py:830} INFO - Processing file /home/airflow/.local/lib/python3.8/site-packages/airflow/example_dags/subdags/subdag.py for tasks to queue
[2025-12-24T18:29:49.055+0000] {logging_mixin.py:188} INFO - [2025-12-24T18:29:49.055+0000] {dagbag.py:538} INFO - Filling up the DagBag from /home/airflow/.local/lib/python3.8/site-packages/airflow/example_dags/subdags/subdag.py
[2025-12-24T18:29:49.057+0000] {processor.py:842} WARNING - No viable dags retrieved from /home/airflow/.local/lib/python3.8/site-packages/airflow/example_dags/subdags/subdag.py
[2025-12-24T18:29:49.071+0000] {processor.py:183} INFO - Processing /home/airflow/.local/lib/python3.8/site-packages/airflow/example_dags/subdags/subdag.py took 0.023 seconds
[2025-12-24T18:30:19.308+0000] {processor.py:161} INFO - Started process (PID=19901) to work on /home/airflow/.local/lib/python3.8/site-packages/airflow/example_dags/subdags/subdag.py
[2025-12-24T18:30:19.310+0000] {processor.py:830} INFO - Processing file /home/airflow/.local/lib/python3.8/site-packages/airflow/example_dags/subdags/subdag.py for tasks to queue
[2025-12-24T18:30:19.312+0000] {logging_mixin.py:188} INFO - [2025-12-24T18:30:19.311+0000] {dagbag.py:538} INFO - Filling up the DagBag from /home/airflow/.local/lib/python3.8/site-packages/airflow/example_dags/subdags/subdag.py
[2025-12-24T18:30:19.316+0000] {processor.py:842} WARNING - No viable dags retrieved from /home/airflow/.local/lib/python3.8/site-packages/airflow/example_dags/subdags/subdag.py
[2025-12-24T18:30:19.349+0000] {processor.py:183} INFO - Processing /home/airflow/.local/lib/python3.8/site-packages/airflow/example_dags/subdags/subdag.py took 0.045 seconds
[2025-12-24T18:30:49.561+0000] {processor.py:161} INFO - Started process (PID=19958) to work on /home/airflow/.local/lib/python3.8/site-packages/airflow/example_dags/subdags/subdag.py
[2025-12-24T18:30:49.562+0000] {processor.py:830} INFO - Processing file /home/airflow/.local/lib/python3.8/site-packages/airflow/example_dags/subdags/subdag.py for tasks to queue
[2025-12-24T18:30:49.563+0000] {logging_mixin.py:188} INFO - [2025-12-24T18:30:49.563+0000] {dagbag.py:538} INFO - Filling up the DagBag from /home/airflow/.local/lib/python3.8/site-packages/airflow/example_dags/subdags/subdag.py
[2025-12-24T18:30:49.566+0000] {processor.py:842} WARNING - No viable dags retrieved from /home/airflow/.local/lib/python3.8/site-packages/airflow/example_dags/subdags/subdag.py
[2025-12-24T18:30:49.581+0000] {processor.py:183} INFO - Processing /home/airflow/.local/lib/python3.8/site-packages/airflow/example_dags/subdags/subdag.py took 0.024 seconds
[2025-12-24T18:31:19.774+0000] {processor.py:161} INFO - Started process (PID=20014) to work on /home/airflow/.local/lib/python3.8/site-packages/airflow/example_dags/subdags/subdag.py
[2025-12-24T18:31:19.776+0000] {processor.py:830} INFO - Processing file /home/airflow/.local/lib/python3.8/site-packages/airflow/example_dags/subdags/subdag.py for tasks to queue
[2025-12-24T18:31:19.777+0000] {logging_mixin.py:188} INFO - [2025-12-24T18:31:19.776+0000] {dagbag.py:538} INFO - Filling up the DagBag from /home/airflow/.local/lib/python3.8/site-packages/airflow/example_dags/subdags/subdag.py
[2025-12-24T18:31:19.780+0000] {processor.py:842} WARNING - No viable dags retrieved from /home/airflow/.local/lib/python3.8/site-packages/airflow/example_dags/subdags/subdag.py
[2025-12-24T18:31:19.797+0000] {processor.py:183} INFO - Processing /home/airflow/.local/lib/python3.8/site-packages/airflow/example_dags/subdags/subdag.py took 0.027 seconds
[2025-12-24T18:31:50.214+0000] {processor.py:161} INFO - Started process (PID=20071) to work on /home/airflow/.local/lib/python3.8/site-packages/airflow/example_dags/subdags/subdag.py
[2025-12-24T18:31:50.215+0000] {processor.py:830} INFO - Processing file /home/airflow/.local/lib/python3.8/site-packages/airflow/example_dags/subdags/subdag.py for tasks to queue
[2025-12-24T18:31:50.216+0000] {logging_mixin.py:188} INFO - [2025-12-24T18:31:50.216+0000] {dagbag.py:538} INFO - Filling up the DagBag from /home/airflow/.local/lib/python3.8/site-packages/airflow/example_dags/subdags/subdag.py
[2025-12-24T18:31:50.219+0000] {processor.py:842} WARNING - No viable dags retrieved from /home/airflow/.local/lib/python3.8/site-packages/airflow/example_dags/subdags/subdag.py
[2025-12-24T18:31:50.233+0000] {processor.py:183} INFO - Processing /home/airflow/.local/lib/python3.8/site-packages/airflow/example_dags/subdags/subdag.py took 0.024 seconds
[2025-12-24T18:32:21.331+0000] {processor.py:161} INFO - Started process (PID=20128) to work on /home/airflow/.local/lib/python3.8/site-packages/airflow/example_dags/subdags/subdag.py
[2025-12-24T18:32:21.332+0000] {processor.py:830} INFO - Processing file /home/airflow/.local/lib/python3.8/site-packages/airflow/example_dags/subdags/subdag.py for tasks to queue
[2025-12-24T18:32:21.334+0000] {logging_mixin.py:188} INFO - [2025-12-24T18:32:21.333+0000] {dagbag.py:538} INFO - Filling up the DagBag from /home/airflow/.local/lib/python3.8/site-packages/airflow/example_dags/subdags/subdag.py
[2025-12-24T18:32:21.336+0000] {processor.py:842} WARNING - No viable dags retrieved from /home/airflow/.local/lib/python3.8/site-packages/airflow/example_dags/subdags/subdag.py
[2025-12-24T18:32:21.352+0000] {processor.py:183} INFO - Processing /home/airflow/.local/lib/python3.8/site-packages/airflow/example_dags/subdags/subdag.py took 0.024 seconds
[2025-12-24T18:32:51.630+0000] {processor.py:161} INFO - Started process (PID=20185) to work on /home/airflow/.local/lib/python3.8/site-packages/airflow/example_dags/subdags/subdag.py
[2025-12-24T18:32:51.632+0000] {processor.py:830} INFO - Processing file /home/airflow/.local/lib/python3.8/site-packages/airflow/example_dags/subdags/subdag.py for tasks to queue
[2025-12-24T18:32:51.633+0000] {logging_mixin.py:188} INFO - [2025-12-24T18:32:51.633+0000] {dagbag.py:538} INFO - Filling up the DagBag from /home/airflow/.local/lib/python3.8/site-packages/airflow/example_dags/subdags/subdag.py
[2025-12-24T18:32:51.637+0000] {processor.py:842} WARNING - No viable dags retrieved from /home/airflow/.local/lib/python3.8/site-packages/airflow/example_dags/subdags/subdag.py
[2025-12-24T18:32:51.656+0000] {processor.py:183} INFO - Processing /home/airflow/.local/lib/python3.8/site-packages/airflow/example_dags/subdags/subdag.py took 0.029 seconds
[2025-12-24T18:33:22.158+0000] {processor.py:161} INFO - Started process (PID=20241) to work on /home/airflow/.local/lib/python3.8/site-packages/airflow/example_dags/subdags/subdag.py
[2025-12-24T18:33:22.159+0000] {processor.py:830} INFO - Processing file /home/airflow/.local/lib/python3.8/site-packages/airflow/example_dags/subdags/subdag.py for tasks to queue
[2025-12-24T18:33:22.160+0000] {logging_mixin.py:188} INFO - [2025-12-24T18:33:22.160+0000] {dagbag.py:538} INFO - Filling up the DagBag from /home/airflow/.local/lib/python3.8/site-packages/airflow/example_dags/subdags/subdag.py
[2025-12-24T18:33:22.162+0000] {processor.py:842} WARNING - No viable dags retrieved from /home/airflow/.local/lib/python3.8/site-packages/airflow/example_dags/subdags/subdag.py
[2025-12-24T18:33:22.178+0000] {processor.py:183} INFO - Processing /home/airflow/.local/lib/python3.8/site-packages/airflow/example_dags/subdags/subdag.py took 0.023 seconds
[2025-12-24T18:33:52.646+0000] {processor.py:161} INFO - Started process (PID=20298) to work on /home/airflow/.local/lib/python3.8/site-packages/airflow/example_dags/subdags/subdag.py
[2025-12-24T18:33:52.648+0000] {processor.py:830} INFO - Processing file /home/airflow/.local/lib/python3.8/site-packages/airflow/example_dags/subdags/subdag.py for tasks to queue
[2025-12-24T18:33:52.649+0000] {logging_mixin.py:188} INFO - [2025-12-24T18:33:52.648+0000] {dagbag.py:538} INFO - Filling up the DagBag from /home/airflow/.local/lib/python3.8/site-packages/airflow/example_dags/subdags/subdag.py
[2025-12-24T18:33:52.652+0000] {processor.py:842} WARNING - No viable dags retrieved from /home/airflow/.local/lib/python3.8/site-packages/airflow/example_dags/subdags/subdag.py
[2025-12-24T18:33:52.665+0000] {processor.py:183} INFO - Processing /home/airflow/.local/lib/python3.8/site-packages/airflow/example_dags/subdags/subdag.py took 0.023 seconds
[2025-12-24T18:34:23.077+0000] {processor.py:161} INFO - Started process (PID=20355) to work on /home/airflow/.local/lib/python3.8/site-packages/airflow/example_dags/subdags/subdag.py
[2025-12-24T18:34:23.079+0000] {processor.py:830} INFO - Processing file /home/airflow/.local/lib/python3.8/site-packages/airflow/example_dags/subdags/subdag.py for tasks to queue
[2025-12-24T18:34:23.080+0000] {logging_mixin.py:188} INFO - [2025-12-24T18:34:23.080+0000] {dagbag.py:538} INFO - Filling up the DagBag from /home/airflow/.local/lib/python3.8/site-packages/airflow/example_dags/subdags/subdag.py
[2025-12-24T18:34:23.083+0000] {processor.py:842} WARNING - No viable dags retrieved from /home/airflow/.local/lib/python3.8/site-packages/airflow/example_dags/subdags/subdag.py
[2025-12-24T18:34:23.113+0000] {processor.py:183} INFO - Processing /home/airflow/.local/lib/python3.8/site-packages/airflow/example_dags/subdags/subdag.py took 0.039 seconds
[2025-12-24T18:34:53.473+0000] {processor.py:161} INFO - Started process (PID=20412) to work on /home/airflow/.local/lib/python3.8/site-packages/airflow/example_dags/subdags/subdag.py
[2025-12-24T18:34:53.474+0000] {processor.py:830} INFO - Processing file /home/airflow/.local/lib/python3.8/site-packages/airflow/example_dags/subdags/subdag.py for tasks to queue
[2025-12-24T18:34:53.475+0000] {logging_mixin.py:188} INFO - [2025-12-24T18:34:53.475+0000] {dagbag.py:538} INFO - Filling up the DagBag from /home/airflow/.local/lib/python3.8/site-packages/airflow/example_dags/subdags/subdag.py
[2025-12-24T18:34:53.477+0000] {processor.py:842} WARNING - No viable dags retrieved from /home/airflow/.local/lib/python3.8/site-packages/airflow/example_dags/subdags/subdag.py
[2025-12-24T18:34:53.492+0000] {processor.py:183} INFO - Processing /home/airflow/.local/lib/python3.8/site-packages/airflow/example_dags/subdags/subdag.py took 0.023 seconds
[2025-12-24T18:35:23.954+0000] {processor.py:161} INFO - Started process (PID=20469) to work on /home/airflow/.local/lib/python3.8/site-packages/airflow/example_dags/subdags/subdag.py
[2025-12-24T18:35:23.955+0000] {processor.py:830} INFO - Processing file /home/airflow/.local/lib/python3.8/site-packages/airflow/example_dags/subdags/subdag.py for tasks to queue
[2025-12-24T18:35:23.956+0000] {logging_mixin.py:188} INFO - [2025-12-24T18:35:23.956+0000] {dagbag.py:538} INFO - Filling up the DagBag from /home/airflow/.local/lib/python3.8/site-packages/airflow/example_dags/subdags/subdag.py
[2025-12-24T18:35:23.958+0000] {processor.py:842} WARNING - No viable dags retrieved from /home/airflow/.local/lib/python3.8/site-packages/airflow/example_dags/subdags/subdag.py
[2025-12-24T18:35:23.973+0000] {processor.py:183} INFO - Processing /home/airflow/.local/lib/python3.8/site-packages/airflow/example_dags/subdags/subdag.py took 0.023 seconds
[2025-12-24T18:35:54.352+0000] {processor.py:161} INFO - Started process (PID=20526) to work on /home/airflow/.local/lib/python3.8/site-packages/airflow/example_dags/subdags/subdag.py
[2025-12-24T18:35:54.354+0000] {processor.py:830} INFO - Processing file /home/airflow/.local/lib/python3.8/site-packages/airflow/example_dags/subdags/subdag.py for tasks to queue
[2025-12-24T18:35:54.355+0000] {logging_mixin.py:188} INFO - [2025-12-24T18:35:54.354+0000] {dagbag.py:538} INFO - Filling up the DagBag from /home/airflow/.local/lib/python3.8/site-packages/airflow/example_dags/subdags/subdag.py
[2025-12-24T18:35:54.357+0000] {processor.py:842} WARNING - No viable dags retrieved from /home/airflow/.local/lib/python3.8/site-packages/airflow/example_dags/subdags/subdag.py
[2025-12-24T18:35:54.371+0000] {processor.py:183} INFO - Processing /home/airflow/.local/lib/python3.8/site-packages/airflow/example_dags/subdags/subdag.py took 0.023 seconds
[2025-12-24T18:36:24.572+0000] {processor.py:161} INFO - Started process (PID=20583) to work on /home/airflow/.local/lib/python3.8/site-packages/airflow/example_dags/subdags/subdag.py
[2025-12-24T18:36:24.574+0000] {processor.py:830} INFO - Processing file /home/airflow/.local/lib/python3.8/site-packages/airflow/example_dags/subdags/subdag.py for tasks to queue
[2025-12-24T18:36:24.575+0000] {logging_mixin.py:188} INFO - [2025-12-24T18:36:24.574+0000] {dagbag.py:538} INFO - Filling up the DagBag from /home/airflow/.local/lib/python3.8/site-packages/airflow/example_dags/subdags/subdag.py
[2025-12-24T18:36:24.577+0000] {processor.py:842} WARNING - No viable dags retrieved from /home/airflow/.local/lib/python3.8/site-packages/airflow/example_dags/subdags/subdag.py
[2025-12-24T18:36:24.591+0000] {processor.py:183} INFO - Processing /home/airflow/.local/lib/python3.8/site-packages/airflow/example_dags/subdags/subdag.py took 0.022 seconds
[2025-12-24T18:36:55.197+0000] {processor.py:161} INFO - Started process (PID=20639) to work on /home/airflow/.local/lib/python3.8/site-packages/airflow/example_dags/subdags/subdag.py
[2025-12-24T18:36:55.198+0000] {processor.py:830} INFO - Processing file /home/airflow/.local/lib/python3.8/site-packages/airflow/example_dags/subdags/subdag.py for tasks to queue
[2025-12-24T18:36:55.208+0000] {logging_mixin.py:188} INFO - [2025-12-24T18:36:55.208+0000] {dagbag.py:538} INFO - Filling up the DagBag from /home/airflow/.local/lib/python3.8/site-packages/airflow/example_dags/subdags/subdag.py
[2025-12-24T18:36:55.212+0000] {processor.py:842} WARNING - No viable dags retrieved from /home/airflow/.local/lib/python3.8/site-packages/airflow/example_dags/subdags/subdag.py
[2025-12-24T18:36:55.229+0000] {processor.py:183} INFO - Processing /home/airflow/.local/lib/python3.8/site-packages/airflow/example_dags/subdags/subdag.py took 0.037 seconds
[2025-12-24T18:37:25.353+0000] {processor.py:161} INFO - Started process (PID=20696) to work on /home/airflow/.local/lib/python3.8/site-packages/airflow/example_dags/subdags/subdag.py
[2025-12-24T18:37:25.354+0000] {processor.py:830} INFO - Processing file /home/airflow/.local/lib/python3.8/site-packages/airflow/example_dags/subdags/subdag.py for tasks to queue
[2025-12-24T18:37:25.355+0000] {logging_mixin.py:188} INFO - [2025-12-24T18:37:25.355+0000] {dagbag.py:538} INFO - Filling up the DagBag from /home/airflow/.local/lib/python3.8/site-packages/airflow/example_dags/subdags/subdag.py
[2025-12-24T18:37:25.357+0000] {processor.py:842} WARNING - No viable dags retrieved from /home/airflow/.local/lib/python3.8/site-packages/airflow/example_dags/subdags/subdag.py
[2025-12-24T18:37:25.372+0000] {processor.py:183} INFO - Processing /home/airflow/.local/lib/python3.8/site-packages/airflow/example_dags/subdags/subdag.py took 0.023 seconds
[2025-12-24T18:37:55.525+0000] {processor.py:161} INFO - Started process (PID=20753) to work on /home/airflow/.local/lib/python3.8/site-packages/airflow/example_dags/subdags/subdag.py
[2025-12-24T18:37:55.526+0000] {processor.py:830} INFO - Processing file /home/airflow/.local/lib/python3.8/site-packages/airflow/example_dags/subdags/subdag.py for tasks to queue
[2025-12-24T18:37:55.527+0000] {logging_mixin.py:188} INFO - [2025-12-24T18:37:55.527+0000] {dagbag.py:538} INFO - Filling up the DagBag from /home/airflow/.local/lib/python3.8/site-packages/airflow/example_dags/subdags/subdag.py
[2025-12-24T18:37:55.529+0000] {processor.py:842} WARNING - No viable dags retrieved from /home/airflow/.local/lib/python3.8/site-packages/airflow/example_dags/subdags/subdag.py
[2025-12-24T18:37:55.545+0000] {processor.py:183} INFO - Processing /home/airflow/.local/lib/python3.8/site-packages/airflow/example_dags/subdags/subdag.py took 0.025 seconds
[2025-12-24T18:38:25.944+0000] {processor.py:161} INFO - Started process (PID=20810) to work on /home/airflow/.local/lib/python3.8/site-packages/airflow/example_dags/subdags/subdag.py
[2025-12-24T18:38:25.945+0000] {processor.py:830} INFO - Processing file /home/airflow/.local/lib/python3.8/site-packages/airflow/example_dags/subdags/subdag.py for tasks to queue
[2025-12-24T18:38:25.946+0000] {logging_mixin.py:188} INFO - [2025-12-24T18:38:25.946+0000] {dagbag.py:538} INFO - Filling up the DagBag from /home/airflow/.local/lib/python3.8/site-packages/airflow/example_dags/subdags/subdag.py
[2025-12-24T18:38:25.948+0000] {processor.py:842} WARNING - No viable dags retrieved from /home/airflow/.local/lib/python3.8/site-packages/airflow/example_dags/subdags/subdag.py
[2025-12-24T18:38:25.964+0000] {processor.py:183} INFO - Processing /home/airflow/.local/lib/python3.8/site-packages/airflow/example_dags/subdags/subdag.py took 0.024 seconds
[2025-12-24T18:38:56.387+0000] {processor.py:161} INFO - Started process (PID=20867) to work on /home/airflow/.local/lib/python3.8/site-packages/airflow/example_dags/subdags/subdag.py
[2025-12-24T18:38:56.388+0000] {processor.py:830} INFO - Processing file /home/airflow/.local/lib/python3.8/site-packages/airflow/example_dags/subdags/subdag.py for tasks to queue
[2025-12-24T18:38:56.389+0000] {logging_mixin.py:188} INFO - [2025-12-24T18:38:56.389+0000] {dagbag.py:538} INFO - Filling up the DagBag from /home/airflow/.local/lib/python3.8/site-packages/airflow/example_dags/subdags/subdag.py
[2025-12-24T18:38:56.391+0000] {processor.py:842} WARNING - No viable dags retrieved from /home/airflow/.local/lib/python3.8/site-packages/airflow/example_dags/subdags/subdag.py
[2025-12-24T18:38:56.407+0000] {processor.py:183} INFO - Processing /home/airflow/.local/lib/python3.8/site-packages/airflow/example_dags/subdags/subdag.py took 0.024 seconds
[2025-12-24T18:39:26.555+0000] {processor.py:161} INFO - Started process (PID=20924) to work on /home/airflow/.local/lib/python3.8/site-packages/airflow/example_dags/subdags/subdag.py
[2025-12-24T18:39:26.556+0000] {processor.py:830} INFO - Processing file /home/airflow/.local/lib/python3.8/site-packages/airflow/example_dags/subdags/subdag.py for tasks to queue
[2025-12-24T18:39:26.557+0000] {logging_mixin.py:188} INFO - [2025-12-24T18:39:26.556+0000] {dagbag.py:538} INFO - Filling up the DagBag from /home/airflow/.local/lib/python3.8/site-packages/airflow/example_dags/subdags/subdag.py
[2025-12-24T18:39:26.560+0000] {processor.py:842} WARNING - No viable dags retrieved from /home/airflow/.local/lib/python3.8/site-packages/airflow/example_dags/subdags/subdag.py
[2025-12-24T18:39:26.578+0000] {processor.py:183} INFO - Processing /home/airflow/.local/lib/python3.8/site-packages/airflow/example_dags/subdags/subdag.py took 0.027 seconds
[2025-12-24T18:39:57.014+0000] {processor.py:161} INFO - Started process (PID=20981) to work on /home/airflow/.local/lib/python3.8/site-packages/airflow/example_dags/subdags/subdag.py
[2025-12-24T18:39:57.015+0000] {processor.py:830} INFO - Processing file /home/airflow/.local/lib/python3.8/site-packages/airflow/example_dags/subdags/subdag.py for tasks to queue
[2025-12-24T18:39:57.016+0000] {logging_mixin.py:188} INFO - [2025-12-24T18:39:57.016+0000] {dagbag.py:538} INFO - Filling up the DagBag from /home/airflow/.local/lib/python3.8/site-packages/airflow/example_dags/subdags/subdag.py
[2025-12-24T18:39:57.020+0000] {processor.py:842} WARNING - No viable dags retrieved from /home/airflow/.local/lib/python3.8/site-packages/airflow/example_dags/subdags/subdag.py
[2025-12-24T18:39:57.037+0000] {processor.py:183} INFO - Processing /home/airflow/.local/lib/python3.8/site-packages/airflow/example_dags/subdags/subdag.py took 0.026 seconds
[2025-12-24T18:40:27.188+0000] {processor.py:161} INFO - Started process (PID=21038) to work on /home/airflow/.local/lib/python3.8/site-packages/airflow/example_dags/subdags/subdag.py
[2025-12-24T18:40:27.190+0000] {processor.py:830} INFO - Processing file /home/airflow/.local/lib/python3.8/site-packages/airflow/example_dags/subdags/subdag.py for tasks to queue
[2025-12-24T18:40:27.191+0000] {logging_mixin.py:188} INFO - [2025-12-24T18:40:27.190+0000] {dagbag.py:538} INFO - Filling up the DagBag from /home/airflow/.local/lib/python3.8/site-packages/airflow/example_dags/subdags/subdag.py
[2025-12-24T18:40:27.193+0000] {processor.py:842} WARNING - No viable dags retrieved from /home/airflow/.local/lib/python3.8/site-packages/airflow/example_dags/subdags/subdag.py
[2025-12-24T18:40:27.209+0000] {processor.py:183} INFO - Processing /home/airflow/.local/lib/python3.8/site-packages/airflow/example_dags/subdags/subdag.py took 0.025 seconds
[2025-12-24T18:40:57.296+0000] {processor.py:161} INFO - Started process (PID=21095) to work on /home/airflow/.local/lib/python3.8/site-packages/airflow/example_dags/subdags/subdag.py
[2025-12-24T18:40:57.298+0000] {processor.py:830} INFO - Processing file /home/airflow/.local/lib/python3.8/site-packages/airflow/example_dags/subdags/subdag.py for tasks to queue
[2025-12-24T18:40:57.299+0000] {logging_mixin.py:188} INFO - [2025-12-24T18:40:57.298+0000] {dagbag.py:538} INFO - Filling up the DagBag from /home/airflow/.local/lib/python3.8/site-packages/airflow/example_dags/subdags/subdag.py
[2025-12-24T18:40:57.301+0000] {processor.py:842} WARNING - No viable dags retrieved from /home/airflow/.local/lib/python3.8/site-packages/airflow/example_dags/subdags/subdag.py
[2025-12-24T18:40:57.316+0000] {processor.py:183} INFO - Processing /home/airflow/.local/lib/python3.8/site-packages/airflow/example_dags/subdags/subdag.py took 0.025 seconds
[2025-12-24T18:41:27.567+0000] {processor.py:161} INFO - Started process (PID=21152) to work on /home/airflow/.local/lib/python3.8/site-packages/airflow/example_dags/subdags/subdag.py
[2025-12-24T18:41:27.568+0000] {processor.py:830} INFO - Processing file /home/airflow/.local/lib/python3.8/site-packages/airflow/example_dags/subdags/subdag.py for tasks to queue
[2025-12-24T18:41:27.569+0000] {logging_mixin.py:188} INFO - [2025-12-24T18:41:27.569+0000] {dagbag.py:538} INFO - Filling up the DagBag from /home/airflow/.local/lib/python3.8/site-packages/airflow/example_dags/subdags/subdag.py
[2025-12-24T18:41:27.572+0000] {processor.py:842} WARNING - No viable dags retrieved from /home/airflow/.local/lib/python3.8/site-packages/airflow/example_dags/subdags/subdag.py
[2025-12-24T18:41:27.586+0000] {processor.py:183} INFO - Processing /home/airflow/.local/lib/python3.8/site-packages/airflow/example_dags/subdags/subdag.py took 0.023 seconds
[2025-12-24T18:41:57.814+0000] {processor.py:161} INFO - Started process (PID=21209) to work on /home/airflow/.local/lib/python3.8/site-packages/airflow/example_dags/subdags/subdag.py
[2025-12-24T18:41:57.815+0000] {processor.py:830} INFO - Processing file /home/airflow/.local/lib/python3.8/site-packages/airflow/example_dags/subdags/subdag.py for tasks to queue
[2025-12-24T18:41:57.816+0000] {logging_mixin.py:188} INFO - [2025-12-24T18:41:57.816+0000] {dagbag.py:538} INFO - Filling up the DagBag from /home/airflow/.local/lib/python3.8/site-packages/airflow/example_dags/subdags/subdag.py
[2025-12-24T18:41:57.819+0000] {processor.py:842} WARNING - No viable dags retrieved from /home/airflow/.local/lib/python3.8/site-packages/airflow/example_dags/subdags/subdag.py
[2025-12-24T18:41:57.832+0000] {processor.py:183} INFO - Processing /home/airflow/.local/lib/python3.8/site-packages/airflow/example_dags/subdags/subdag.py took 0.021 seconds
[2025-12-24T18:42:28.289+0000] {processor.py:161} INFO - Started process (PID=21266) to work on /home/airflow/.local/lib/python3.8/site-packages/airflow/example_dags/subdags/subdag.py
[2025-12-24T18:42:28.290+0000] {processor.py:830} INFO - Processing file /home/airflow/.local/lib/python3.8/site-packages/airflow/example_dags/subdags/subdag.py for tasks to queue
[2025-12-24T18:42:28.291+0000] {logging_mixin.py:188} INFO - [2025-12-24T18:42:28.291+0000] {dagbag.py:538} INFO - Filling up the DagBag from /home/airflow/.local/lib/python3.8/site-packages/airflow/example_dags/subdags/subdag.py
[2025-12-24T18:42:28.293+0000] {processor.py:842} WARNING - No viable dags retrieved from /home/airflow/.local/lib/python3.8/site-packages/airflow/example_dags/subdags/subdag.py
[2025-12-24T18:42:28.310+0000] {processor.py:183} INFO - Processing /home/airflow/.local/lib/python3.8/site-packages/airflow/example_dags/subdags/subdag.py took 0.025 seconds
[2025-12-24T18:42:58.567+0000] {processor.py:161} INFO - Started process (PID=21323) to work on /home/airflow/.local/lib/python3.8/site-packages/airflow/example_dags/subdags/subdag.py
[2025-12-24T18:42:58.569+0000] {processor.py:830} INFO - Processing file /home/airflow/.local/lib/python3.8/site-packages/airflow/example_dags/subdags/subdag.py for tasks to queue
[2025-12-24T18:42:58.570+0000] {logging_mixin.py:188} INFO - [2025-12-24T18:42:58.570+0000] {dagbag.py:538} INFO - Filling up the DagBag from /home/airflow/.local/lib/python3.8/site-packages/airflow/example_dags/subdags/subdag.py
[2025-12-24T18:42:58.573+0000] {processor.py:842} WARNING - No viable dags retrieved from /home/airflow/.local/lib/python3.8/site-packages/airflow/example_dags/subdags/subdag.py
[2025-12-24T18:42:58.589+0000] {processor.py:183} INFO - Processing /home/airflow/.local/lib/python3.8/site-packages/airflow/example_dags/subdags/subdag.py took 0.025 seconds
[2025-12-24T18:43:28.880+0000] {processor.py:161} INFO - Started process (PID=21380) to work on /home/airflow/.local/lib/python3.8/site-packages/airflow/example_dags/subdags/subdag.py
[2025-12-24T18:43:28.881+0000] {processor.py:830} INFO - Processing file /home/airflow/.local/lib/python3.8/site-packages/airflow/example_dags/subdags/subdag.py for tasks to queue
[2025-12-24T18:43:28.882+0000] {logging_mixin.py:188} INFO - [2025-12-24T18:43:28.882+0000] {dagbag.py:538} INFO - Filling up the DagBag from /home/airflow/.local/lib/python3.8/site-packages/airflow/example_dags/subdags/subdag.py
[2025-12-24T18:43:28.884+0000] {processor.py:842} WARNING - No viable dags retrieved from /home/airflow/.local/lib/python3.8/site-packages/airflow/example_dags/subdags/subdag.py
[2025-12-24T18:43:28.898+0000] {processor.py:183} INFO - Processing /home/airflow/.local/lib/python3.8/site-packages/airflow/example_dags/subdags/subdag.py took 0.022 seconds
[2025-12-24T18:43:59.385+0000] {processor.py:161} INFO - Started process (PID=21436) to work on /home/airflow/.local/lib/python3.8/site-packages/airflow/example_dags/subdags/subdag.py
[2025-12-24T18:43:59.387+0000] {processor.py:830} INFO - Processing file /home/airflow/.local/lib/python3.8/site-packages/airflow/example_dags/subdags/subdag.py for tasks to queue
[2025-12-24T18:43:59.388+0000] {logging_mixin.py:188} INFO - [2025-12-24T18:43:59.387+0000] {dagbag.py:538} INFO - Filling up the DagBag from /home/airflow/.local/lib/python3.8/site-packages/airflow/example_dags/subdags/subdag.py
[2025-12-24T18:43:59.390+0000] {processor.py:842} WARNING - No viable dags retrieved from /home/airflow/.local/lib/python3.8/site-packages/airflow/example_dags/subdags/subdag.py
[2025-12-24T18:43:59.404+0000] {processor.py:183} INFO - Processing /home/airflow/.local/lib/python3.8/site-packages/airflow/example_dags/subdags/subdag.py took 0.022 seconds
[2025-12-24T18:44:29.666+0000] {processor.py:161} INFO - Started process (PID=21493) to work on /home/airflow/.local/lib/python3.8/site-packages/airflow/example_dags/subdags/subdag.py
[2025-12-24T18:44:29.667+0000] {processor.py:830} INFO - Processing file /home/airflow/.local/lib/python3.8/site-packages/airflow/example_dags/subdags/subdag.py for tasks to queue
[2025-12-24T18:44:29.668+0000] {logging_mixin.py:188} INFO - [2025-12-24T18:44:29.668+0000] {dagbag.py:538} INFO - Filling up the DagBag from /home/airflow/.local/lib/python3.8/site-packages/airflow/example_dags/subdags/subdag.py
[2025-12-24T18:44:29.670+0000] {processor.py:842} WARNING - No viable dags retrieved from /home/airflow/.local/lib/python3.8/site-packages/airflow/example_dags/subdags/subdag.py
[2025-12-24T18:44:29.685+0000] {processor.py:183} INFO - Processing /home/airflow/.local/lib/python3.8/site-packages/airflow/example_dags/subdags/subdag.py took 0.023 seconds
[2025-12-24T18:44:59.890+0000] {processor.py:161} INFO - Started process (PID=21550) to work on /home/airflow/.local/lib/python3.8/site-packages/airflow/example_dags/subdags/subdag.py
[2025-12-24T18:44:59.891+0000] {processor.py:830} INFO - Processing file /home/airflow/.local/lib/python3.8/site-packages/airflow/example_dags/subdags/subdag.py for tasks to queue
[2025-12-24T18:44:59.892+0000] {logging_mixin.py:188} INFO - [2025-12-24T18:44:59.892+0000] {dagbag.py:538} INFO - Filling up the DagBag from /home/airflow/.local/lib/python3.8/site-packages/airflow/example_dags/subdags/subdag.py
[2025-12-24T18:44:59.894+0000] {processor.py:842} WARNING - No viable dags retrieved from /home/airflow/.local/lib/python3.8/site-packages/airflow/example_dags/subdags/subdag.py
[2025-12-24T18:44:59.908+0000] {processor.py:183} INFO - Processing /home/airflow/.local/lib/python3.8/site-packages/airflow/example_dags/subdags/subdag.py took 0.022 seconds
[2025-12-24T18:45:30.780+0000] {processor.py:161} INFO - Started process (PID=21607) to work on /home/airflow/.local/lib/python3.8/site-packages/airflow/example_dags/subdags/subdag.py
[2025-12-24T18:45:30.781+0000] {processor.py:830} INFO - Processing file /home/airflow/.local/lib/python3.8/site-packages/airflow/example_dags/subdags/subdag.py for tasks to queue
[2025-12-24T18:45:30.782+0000] {logging_mixin.py:188} INFO - [2025-12-24T18:45:30.782+0000] {dagbag.py:538} INFO - Filling up the DagBag from /home/airflow/.local/lib/python3.8/site-packages/airflow/example_dags/subdags/subdag.py
[2025-12-24T18:45:30.785+0000] {processor.py:842} WARNING - No viable dags retrieved from /home/airflow/.local/lib/python3.8/site-packages/airflow/example_dags/subdags/subdag.py
[2025-12-24T18:45:30.800+0000] {processor.py:183} INFO - Processing /home/airflow/.local/lib/python3.8/site-packages/airflow/example_dags/subdags/subdag.py took 0.023 seconds
[2025-12-24T18:46:01.064+0000] {processor.py:161} INFO - Started process (PID=21664) to work on /home/airflow/.local/lib/python3.8/site-packages/airflow/example_dags/subdags/subdag.py
[2025-12-24T18:46:01.065+0000] {processor.py:830} INFO - Processing file /home/airflow/.local/lib/python3.8/site-packages/airflow/example_dags/subdags/subdag.py for tasks to queue
[2025-12-24T18:46:01.066+0000] {logging_mixin.py:188} INFO - [2025-12-24T18:46:01.066+0000] {dagbag.py:538} INFO - Filling up the DagBag from /home/airflow/.local/lib/python3.8/site-packages/airflow/example_dags/subdags/subdag.py
[2025-12-24T18:46:01.068+0000] {processor.py:842} WARNING - No viable dags retrieved from /home/airflow/.local/lib/python3.8/site-packages/airflow/example_dags/subdags/subdag.py
[2025-12-24T18:46:01.082+0000] {processor.py:183} INFO - Processing /home/airflow/.local/lib/python3.8/site-packages/airflow/example_dags/subdags/subdag.py took 0.022 seconds
[2025-12-24T18:46:31.325+0000] {processor.py:161} INFO - Started process (PID=21721) to work on /home/airflow/.local/lib/python3.8/site-packages/airflow/example_dags/subdags/subdag.py
[2025-12-24T18:46:31.326+0000] {processor.py:830} INFO - Processing file /home/airflow/.local/lib/python3.8/site-packages/airflow/example_dags/subdags/subdag.py for tasks to queue
[2025-12-24T18:46:31.327+0000] {logging_mixin.py:188} INFO - [2025-12-24T18:46:31.327+0000] {dagbag.py:538} INFO - Filling up the DagBag from /home/airflow/.local/lib/python3.8/site-packages/airflow/example_dags/subdags/subdag.py
[2025-12-24T18:46:31.330+0000] {processor.py:842} WARNING - No viable dags retrieved from /home/airflow/.local/lib/python3.8/site-packages/airflow/example_dags/subdags/subdag.py
[2025-12-24T18:46:31.347+0000] {processor.py:183} INFO - Processing /home/airflow/.local/lib/python3.8/site-packages/airflow/example_dags/subdags/subdag.py took 0.026 seconds
[2025-12-24T18:47:01.608+0000] {processor.py:161} INFO - Started process (PID=21778) to work on /home/airflow/.local/lib/python3.8/site-packages/airflow/example_dags/subdags/subdag.py
[2025-12-24T18:47:01.609+0000] {processor.py:830} INFO - Processing file /home/airflow/.local/lib/python3.8/site-packages/airflow/example_dags/subdags/subdag.py for tasks to queue
[2025-12-24T18:47:01.610+0000] {logging_mixin.py:188} INFO - [2025-12-24T18:47:01.609+0000] {dagbag.py:538} INFO - Filling up the DagBag from /home/airflow/.local/lib/python3.8/site-packages/airflow/example_dags/subdags/subdag.py
[2025-12-24T18:47:01.612+0000] {processor.py:842} WARNING - No viable dags retrieved from /home/airflow/.local/lib/python3.8/site-packages/airflow/example_dags/subdags/subdag.py
[2025-12-24T18:47:01.629+0000] {processor.py:183} INFO - Processing /home/airflow/.local/lib/python3.8/site-packages/airflow/example_dags/subdags/subdag.py took 0.026 seconds
[2025-12-24T18:47:31.838+0000] {processor.py:161} INFO - Started process (PID=21835) to work on /home/airflow/.local/lib/python3.8/site-packages/airflow/example_dags/subdags/subdag.py
[2025-12-24T18:47:31.839+0000] {processor.py:830} INFO - Processing file /home/airflow/.local/lib/python3.8/site-packages/airflow/example_dags/subdags/subdag.py for tasks to queue
[2025-12-24T18:47:31.840+0000] {logging_mixin.py:188} INFO - [2025-12-24T18:47:31.840+0000] {dagbag.py:538} INFO - Filling up the DagBag from /home/airflow/.local/lib/python3.8/site-packages/airflow/example_dags/subdags/subdag.py
[2025-12-24T18:47:31.843+0000] {processor.py:842} WARNING - No viable dags retrieved from /home/airflow/.local/lib/python3.8/site-packages/airflow/example_dags/subdags/subdag.py
[2025-12-24T18:47:31.858+0000] {processor.py:183} INFO - Processing /home/airflow/.local/lib/python3.8/site-packages/airflow/example_dags/subdags/subdag.py took 0.024 seconds
[2025-12-24T18:48:02.170+0000] {processor.py:161} INFO - Started process (PID=21892) to work on /home/airflow/.local/lib/python3.8/site-packages/airflow/example_dags/subdags/subdag.py
[2025-12-24T18:48:02.172+0000] {processor.py:830} INFO - Processing file /home/airflow/.local/lib/python3.8/site-packages/airflow/example_dags/subdags/subdag.py for tasks to queue
[2025-12-24T18:48:02.173+0000] {logging_mixin.py:188} INFO - [2025-12-24T18:48:02.173+0000] {dagbag.py:538} INFO - Filling up the DagBag from /home/airflow/.local/lib/python3.8/site-packages/airflow/example_dags/subdags/subdag.py
[2025-12-24T18:48:02.176+0000] {processor.py:842} WARNING - No viable dags retrieved from /home/airflow/.local/lib/python3.8/site-packages/airflow/example_dags/subdags/subdag.py
[2025-12-24T18:48:02.192+0000] {processor.py:183} INFO - Processing /home/airflow/.local/lib/python3.8/site-packages/airflow/example_dags/subdags/subdag.py took 0.028 seconds
[2025-12-24T18:48:32.408+0000] {processor.py:161} INFO - Started process (PID=21949) to work on /home/airflow/.local/lib/python3.8/site-packages/airflow/example_dags/subdags/subdag.py
[2025-12-24T18:48:32.409+0000] {processor.py:830} INFO - Processing file /home/airflow/.local/lib/python3.8/site-packages/airflow/example_dags/subdags/subdag.py for tasks to queue
[2025-12-24T18:48:32.410+0000] {logging_mixin.py:188} INFO - [2025-12-24T18:48:32.410+0000] {dagbag.py:538} INFO - Filling up the DagBag from /home/airflow/.local/lib/python3.8/site-packages/airflow/example_dags/subdags/subdag.py
[2025-12-24T18:48:32.412+0000] {processor.py:842} WARNING - No viable dags retrieved from /home/airflow/.local/lib/python3.8/site-packages/airflow/example_dags/subdags/subdag.py
[2025-12-24T18:48:32.426+0000] {processor.py:183} INFO - Processing /home/airflow/.local/lib/python3.8/site-packages/airflow/example_dags/subdags/subdag.py took 0.022 seconds
[2025-12-24T18:49:02.833+0000] {processor.py:161} INFO - Started process (PID=22006) to work on /home/airflow/.local/lib/python3.8/site-packages/airflow/example_dags/subdags/subdag.py
[2025-12-24T18:49:02.834+0000] {processor.py:830} INFO - Processing file /home/airflow/.local/lib/python3.8/site-packages/airflow/example_dags/subdags/subdag.py for tasks to queue
[2025-12-24T18:49:02.835+0000] {logging_mixin.py:188} INFO - [2025-12-24T18:49:02.834+0000] {dagbag.py:538} INFO - Filling up the DagBag from /home/airflow/.local/lib/python3.8/site-packages/airflow/example_dags/subdags/subdag.py
[2025-12-24T18:49:02.837+0000] {processor.py:842} WARNING - No viable dags retrieved from /home/airflow/.local/lib/python3.8/site-packages/airflow/example_dags/subdags/subdag.py
[2025-12-24T18:49:02.852+0000] {processor.py:183} INFO - Processing /home/airflow/.local/lib/python3.8/site-packages/airflow/example_dags/subdags/subdag.py took 0.023 seconds
[2025-12-24T18:49:33.431+0000] {processor.py:161} INFO - Started process (PID=22063) to work on /home/airflow/.local/lib/python3.8/site-packages/airflow/example_dags/subdags/subdag.py
[2025-12-24T18:49:33.432+0000] {processor.py:830} INFO - Processing file /home/airflow/.local/lib/python3.8/site-packages/airflow/example_dags/subdags/subdag.py for tasks to queue
[2025-12-24T18:49:33.433+0000] {logging_mixin.py:188} INFO - [2025-12-24T18:49:33.433+0000] {dagbag.py:538} INFO - Filling up the DagBag from /home/airflow/.local/lib/python3.8/site-packages/airflow/example_dags/subdags/subdag.py
[2025-12-24T18:49:33.436+0000] {processor.py:842} WARNING - No viable dags retrieved from /home/airflow/.local/lib/python3.8/site-packages/airflow/example_dags/subdags/subdag.py
[2025-12-24T18:49:33.452+0000] {processor.py:183} INFO - Processing /home/airflow/.local/lib/python3.8/site-packages/airflow/example_dags/subdags/subdag.py took 0.025 seconds
[2025-12-24T18:50:03.644+0000] {processor.py:161} INFO - Started process (PID=22120) to work on /home/airflow/.local/lib/python3.8/site-packages/airflow/example_dags/subdags/subdag.py
[2025-12-24T18:50:03.645+0000] {processor.py:830} INFO - Processing file /home/airflow/.local/lib/python3.8/site-packages/airflow/example_dags/subdags/subdag.py for tasks to queue
[2025-12-24T18:50:03.646+0000] {logging_mixin.py:188} INFO - [2025-12-24T18:50:03.646+0000] {dagbag.py:538} INFO - Filling up the DagBag from /home/airflow/.local/lib/python3.8/site-packages/airflow/example_dags/subdags/subdag.py
[2025-12-24T18:50:03.648+0000] {processor.py:842} WARNING - No viable dags retrieved from /home/airflow/.local/lib/python3.8/site-packages/airflow/example_dags/subdags/subdag.py
[2025-12-24T18:50:03.663+0000] {processor.py:183} INFO - Processing /home/airflow/.local/lib/python3.8/site-packages/airflow/example_dags/subdags/subdag.py took 0.023 seconds
[2025-12-24T18:50:33.902+0000] {processor.py:161} INFO - Started process (PID=22176) to work on /home/airflow/.local/lib/python3.8/site-packages/airflow/example_dags/subdags/subdag.py
[2025-12-24T18:50:33.903+0000] {processor.py:830} INFO - Processing file /home/airflow/.local/lib/python3.8/site-packages/airflow/example_dags/subdags/subdag.py for tasks to queue
[2025-12-24T18:50:33.904+0000] {logging_mixin.py:188} INFO - [2025-12-24T18:50:33.904+0000] {dagbag.py:538} INFO - Filling up the DagBag from /home/airflow/.local/lib/python3.8/site-packages/airflow/example_dags/subdags/subdag.py
[2025-12-24T18:50:33.907+0000] {processor.py:842} WARNING - No viable dags retrieved from /home/airflow/.local/lib/python3.8/site-packages/airflow/example_dags/subdags/subdag.py
[2025-12-24T18:50:33.921+0000] {processor.py:183} INFO - Processing /home/airflow/.local/lib/python3.8/site-packages/airflow/example_dags/subdags/subdag.py took 0.023 seconds
[2025-12-24T18:51:04.399+0000] {processor.py:161} INFO - Started process (PID=22234) to work on /home/airflow/.local/lib/python3.8/site-packages/airflow/example_dags/subdags/subdag.py
[2025-12-24T18:51:04.400+0000] {processor.py:830} INFO - Processing file /home/airflow/.local/lib/python3.8/site-packages/airflow/example_dags/subdags/subdag.py for tasks to queue
[2025-12-24T18:51:04.401+0000] {logging_mixin.py:188} INFO - [2025-12-24T18:51:04.401+0000] {dagbag.py:538} INFO - Filling up the DagBag from /home/airflow/.local/lib/python3.8/site-packages/airflow/example_dags/subdags/subdag.py
[2025-12-24T18:51:04.404+0000] {processor.py:842} WARNING - No viable dags retrieved from /home/airflow/.local/lib/python3.8/site-packages/airflow/example_dags/subdags/subdag.py
[2025-12-24T18:51:04.420+0000] {processor.py:183} INFO - Processing /home/airflow/.local/lib/python3.8/site-packages/airflow/example_dags/subdags/subdag.py took 0.025 seconds
[2025-12-24T18:51:35.066+0000] {processor.py:161} INFO - Started process (PID=22292) to work on /home/airflow/.local/lib/python3.8/site-packages/airflow/example_dags/subdags/subdag.py
[2025-12-24T18:51:35.068+0000] {processor.py:830} INFO - Processing file /home/airflow/.local/lib/python3.8/site-packages/airflow/example_dags/subdags/subdag.py for tasks to queue
[2025-12-24T18:51:35.069+0000] {logging_mixin.py:188} INFO - [2025-12-24T18:51:35.069+0000] {dagbag.py:538} INFO - Filling up the DagBag from /home/airflow/.local/lib/python3.8/site-packages/airflow/example_dags/subdags/subdag.py
[2025-12-24T18:51:35.073+0000] {processor.py:842} WARNING - No viable dags retrieved from /home/airflow/.local/lib/python3.8/site-packages/airflow/example_dags/subdags/subdag.py
[2025-12-24T18:51:35.089+0000] {processor.py:183} INFO - Processing /home/airflow/.local/lib/python3.8/site-packages/airflow/example_dags/subdags/subdag.py took 0.027 seconds
[2025-12-24T18:52:05.234+0000] {processor.py:161} INFO - Started process (PID=22349) to work on /home/airflow/.local/lib/python3.8/site-packages/airflow/example_dags/subdags/subdag.py
[2025-12-24T18:52:05.236+0000] {processor.py:830} INFO - Processing file /home/airflow/.local/lib/python3.8/site-packages/airflow/example_dags/subdags/subdag.py for tasks to queue
[2025-12-24T18:52:05.237+0000] {logging_mixin.py:188} INFO - [2025-12-24T18:52:05.236+0000] {dagbag.py:538} INFO - Filling up the DagBag from /home/airflow/.local/lib/python3.8/site-packages/airflow/example_dags/subdags/subdag.py
[2025-12-24T18:52:05.239+0000] {processor.py:842} WARNING - No viable dags retrieved from /home/airflow/.local/lib/python3.8/site-packages/airflow/example_dags/subdags/subdag.py
[2025-12-24T18:52:05.254+0000] {processor.py:183} INFO - Processing /home/airflow/.local/lib/python3.8/site-packages/airflow/example_dags/subdags/subdag.py took 0.024 seconds
[2025-12-24T18:52:36.274+0000] {processor.py:161} INFO - Started process (PID=22406) to work on /home/airflow/.local/lib/python3.8/site-packages/airflow/example_dags/subdags/subdag.py
[2025-12-24T18:52:36.276+0000] {processor.py:830} INFO - Processing file /home/airflow/.local/lib/python3.8/site-packages/airflow/example_dags/subdags/subdag.py for tasks to queue
[2025-12-24T18:52:36.277+0000] {logging_mixin.py:188} INFO - [2025-12-24T18:52:36.276+0000] {dagbag.py:538} INFO - Filling up the DagBag from /home/airflow/.local/lib/python3.8/site-packages/airflow/example_dags/subdags/subdag.py
[2025-12-24T18:52:36.280+0000] {processor.py:842} WARNING - No viable dags retrieved from /home/airflow/.local/lib/python3.8/site-packages/airflow/example_dags/subdags/subdag.py
[2025-12-24T18:52:36.295+0000] {processor.py:183} INFO - Processing /home/airflow/.local/lib/python3.8/site-packages/airflow/example_dags/subdags/subdag.py took 0.027 seconds
[2025-12-24T18:53:06.903+0000] {processor.py:161} INFO - Started process (PID=22462) to work on /home/airflow/.local/lib/python3.8/site-packages/airflow/example_dags/subdags/subdag.py
[2025-12-24T18:53:06.905+0000] {processor.py:830} INFO - Processing file /home/airflow/.local/lib/python3.8/site-packages/airflow/example_dags/subdags/subdag.py for tasks to queue
[2025-12-24T18:53:06.905+0000] {logging_mixin.py:188} INFO - [2025-12-24T18:53:06.905+0000] {dagbag.py:538} INFO - Filling up the DagBag from /home/airflow/.local/lib/python3.8/site-packages/airflow/example_dags/subdags/subdag.py
[2025-12-24T18:53:06.909+0000] {processor.py:842} WARNING - No viable dags retrieved from /home/airflow/.local/lib/python3.8/site-packages/airflow/example_dags/subdags/subdag.py
[2025-12-24T18:53:06.923+0000] {processor.py:183} INFO - Processing /home/airflow/.local/lib/python3.8/site-packages/airflow/example_dags/subdags/subdag.py took 0.023 seconds
[2025-12-24T18:53:37.040+0000] {processor.py:161} INFO - Started process (PID=22519) to work on /home/airflow/.local/lib/python3.8/site-packages/airflow/example_dags/subdags/subdag.py
[2025-12-24T18:53:37.041+0000] {processor.py:830} INFO - Processing file /home/airflow/.local/lib/python3.8/site-packages/airflow/example_dags/subdags/subdag.py for tasks to queue
[2025-12-24T18:53:37.042+0000] {logging_mixin.py:188} INFO - [2025-12-24T18:53:37.042+0000] {dagbag.py:538} INFO - Filling up the DagBag from /home/airflow/.local/lib/python3.8/site-packages/airflow/example_dags/subdags/subdag.py
[2025-12-24T18:53:37.044+0000] {processor.py:842} WARNING - No viable dags retrieved from /home/airflow/.local/lib/python3.8/site-packages/airflow/example_dags/subdags/subdag.py
[2025-12-24T18:53:37.059+0000] {processor.py:183} INFO - Processing /home/airflow/.local/lib/python3.8/site-packages/airflow/example_dags/subdags/subdag.py took 0.023 seconds
[2025-12-24T18:54:07.328+0000] {processor.py:161} INFO - Started process (PID=22576) to work on /home/airflow/.local/lib/python3.8/site-packages/airflow/example_dags/subdags/subdag.py
[2025-12-24T18:54:07.330+0000] {processor.py:830} INFO - Processing file /home/airflow/.local/lib/python3.8/site-packages/airflow/example_dags/subdags/subdag.py for tasks to queue
[2025-12-24T18:54:07.330+0000] {logging_mixin.py:188} INFO - [2025-12-24T18:54:07.330+0000] {dagbag.py:538} INFO - Filling up the DagBag from /home/airflow/.local/lib/python3.8/site-packages/airflow/example_dags/subdags/subdag.py
[2025-12-24T18:54:07.333+0000] {processor.py:842} WARNING - No viable dags retrieved from /home/airflow/.local/lib/python3.8/site-packages/airflow/example_dags/subdags/subdag.py
[2025-12-24T18:54:07.348+0000] {processor.py:183} INFO - Processing /home/airflow/.local/lib/python3.8/site-packages/airflow/example_dags/subdags/subdag.py took 0.023 seconds
[2025-12-24T18:54:37.918+0000] {processor.py:161} INFO - Started process (PID=22633) to work on /home/airflow/.local/lib/python3.8/site-packages/airflow/example_dags/subdags/subdag.py
[2025-12-24T18:54:37.919+0000] {processor.py:830} INFO - Processing file /home/airflow/.local/lib/python3.8/site-packages/airflow/example_dags/subdags/subdag.py for tasks to queue
[2025-12-24T18:54:37.920+0000] {logging_mixin.py:188} INFO - [2025-12-24T18:54:37.920+0000] {dagbag.py:538} INFO - Filling up the DagBag from /home/airflow/.local/lib/python3.8/site-packages/airflow/example_dags/subdags/subdag.py
[2025-12-24T18:54:37.922+0000] {processor.py:842} WARNING - No viable dags retrieved from /home/airflow/.local/lib/python3.8/site-packages/airflow/example_dags/subdags/subdag.py
[2025-12-24T18:54:37.937+0000] {processor.py:183} INFO - Processing /home/airflow/.local/lib/python3.8/site-packages/airflow/example_dags/subdags/subdag.py took 0.022 seconds
[2025-12-24T18:55:08.364+0000] {processor.py:161} INFO - Started process (PID=22690) to work on /home/airflow/.local/lib/python3.8/site-packages/airflow/example_dags/subdags/subdag.py
[2025-12-24T18:55:08.365+0000] {processor.py:830} INFO - Processing file /home/airflow/.local/lib/python3.8/site-packages/airflow/example_dags/subdags/subdag.py for tasks to queue
[2025-12-24T18:55:08.366+0000] {logging_mixin.py:188} INFO - [2025-12-24T18:55:08.366+0000] {dagbag.py:538} INFO - Filling up the DagBag from /home/airflow/.local/lib/python3.8/site-packages/airflow/example_dags/subdags/subdag.py
[2025-12-24T18:55:08.368+0000] {processor.py:842} WARNING - No viable dags retrieved from /home/airflow/.local/lib/python3.8/site-packages/airflow/example_dags/subdags/subdag.py
[2025-12-24T18:55:08.383+0000] {processor.py:183} INFO - Processing /home/airflow/.local/lib/python3.8/site-packages/airflow/example_dags/subdags/subdag.py took 0.024 seconds
[2025-12-24T18:55:38.677+0000] {processor.py:161} INFO - Started process (PID=22747) to work on /home/airflow/.local/lib/python3.8/site-packages/airflow/example_dags/subdags/subdag.py
[2025-12-24T18:55:38.678+0000] {processor.py:830} INFO - Processing file /home/airflow/.local/lib/python3.8/site-packages/airflow/example_dags/subdags/subdag.py for tasks to queue
[2025-12-24T18:55:38.679+0000] {logging_mixin.py:188} INFO - [2025-12-24T18:55:38.679+0000] {dagbag.py:538} INFO - Filling up the DagBag from /home/airflow/.local/lib/python3.8/site-packages/airflow/example_dags/subdags/subdag.py
[2025-12-24T18:55:38.682+0000] {processor.py:842} WARNING - No viable dags retrieved from /home/airflow/.local/lib/python3.8/site-packages/airflow/example_dags/subdags/subdag.py
[2025-12-24T18:55:38.696+0000] {processor.py:183} INFO - Processing /home/airflow/.local/lib/python3.8/site-packages/airflow/example_dags/subdags/subdag.py took 0.024 seconds
[2025-12-24T18:56:08.932+0000] {processor.py:161} INFO - Started process (PID=22804) to work on /home/airflow/.local/lib/python3.8/site-packages/airflow/example_dags/subdags/subdag.py
[2025-12-24T18:56:08.933+0000] {processor.py:830} INFO - Processing file /home/airflow/.local/lib/python3.8/site-packages/airflow/example_dags/subdags/subdag.py for tasks to queue
[2025-12-24T18:56:08.934+0000] {logging_mixin.py:188} INFO - [2025-12-24T18:56:08.934+0000] {dagbag.py:538} INFO - Filling up the DagBag from /home/airflow/.local/lib/python3.8/site-packages/airflow/example_dags/subdags/subdag.py
[2025-12-24T18:56:08.937+0000] {processor.py:842} WARNING - No viable dags retrieved from /home/airflow/.local/lib/python3.8/site-packages/airflow/example_dags/subdags/subdag.py
[2025-12-24T18:56:08.953+0000] {processor.py:183} INFO - Processing /home/airflow/.local/lib/python3.8/site-packages/airflow/example_dags/subdags/subdag.py took 0.025 seconds
[2025-12-24T18:56:39.191+0000] {processor.py:161} INFO - Started process (PID=22861) to work on /home/airflow/.local/lib/python3.8/site-packages/airflow/example_dags/subdags/subdag.py
[2025-12-24T18:56:39.192+0000] {processor.py:830} INFO - Processing file /home/airflow/.local/lib/python3.8/site-packages/airflow/example_dags/subdags/subdag.py for tasks to queue
[2025-12-24T18:56:39.193+0000] {logging_mixin.py:188} INFO - [2025-12-24T18:56:39.193+0000] {dagbag.py:538} INFO - Filling up the DagBag from /home/airflow/.local/lib/python3.8/site-packages/airflow/example_dags/subdags/subdag.py
[2025-12-24T18:56:39.196+0000] {processor.py:842} WARNING - No viable dags retrieved from /home/airflow/.local/lib/python3.8/site-packages/airflow/example_dags/subdags/subdag.py
[2025-12-24T18:56:39.212+0000] {processor.py:183} INFO - Processing /home/airflow/.local/lib/python3.8/site-packages/airflow/example_dags/subdags/subdag.py took 0.025 seconds
[2025-12-24T18:57:09.674+0000] {processor.py:161} INFO - Started process (PID=22918) to work on /home/airflow/.local/lib/python3.8/site-packages/airflow/example_dags/subdags/subdag.py
[2025-12-24T18:57:09.676+0000] {processor.py:830} INFO - Processing file /home/airflow/.local/lib/python3.8/site-packages/airflow/example_dags/subdags/subdag.py for tasks to queue
[2025-12-24T18:57:09.677+0000] {logging_mixin.py:188} INFO - [2025-12-24T18:57:09.677+0000] {dagbag.py:538} INFO - Filling up the DagBag from /home/airflow/.local/lib/python3.8/site-packages/airflow/example_dags/subdags/subdag.py
[2025-12-24T18:57:09.680+0000] {processor.py:842} WARNING - No viable dags retrieved from /home/airflow/.local/lib/python3.8/site-packages/airflow/example_dags/subdags/subdag.py
[2025-12-24T18:57:09.696+0000] {processor.py:183} INFO - Processing /home/airflow/.local/lib/python3.8/site-packages/airflow/example_dags/subdags/subdag.py took 0.026 seconds
[2025-12-24T18:57:40.572+0000] {processor.py:161} INFO - Started process (PID=22975) to work on /home/airflow/.local/lib/python3.8/site-packages/airflow/example_dags/subdags/subdag.py
[2025-12-24T18:57:40.573+0000] {processor.py:830} INFO - Processing file /home/airflow/.local/lib/python3.8/site-packages/airflow/example_dags/subdags/subdag.py for tasks to queue
[2025-12-24T18:57:40.574+0000] {logging_mixin.py:188} INFO - [2025-12-24T18:57:40.574+0000] {dagbag.py:538} INFO - Filling up the DagBag from /home/airflow/.local/lib/python3.8/site-packages/airflow/example_dags/subdags/subdag.py
[2025-12-24T18:57:40.577+0000] {processor.py:842} WARNING - No viable dags retrieved from /home/airflow/.local/lib/python3.8/site-packages/airflow/example_dags/subdags/subdag.py
[2025-12-24T18:57:40.592+0000] {processor.py:183} INFO - Processing /home/airflow/.local/lib/python3.8/site-packages/airflow/example_dags/subdags/subdag.py took 0.023 seconds
[2025-12-24T18:58:10.782+0000] {processor.py:161} INFO - Started process (PID=23032) to work on /home/airflow/.local/lib/python3.8/site-packages/airflow/example_dags/subdags/subdag.py
[2025-12-24T18:58:10.783+0000] {processor.py:830} INFO - Processing file /home/airflow/.local/lib/python3.8/site-packages/airflow/example_dags/subdags/subdag.py for tasks to queue
[2025-12-24T18:58:10.784+0000] {logging_mixin.py:188} INFO - [2025-12-24T18:58:10.784+0000] {dagbag.py:538} INFO - Filling up the DagBag from /home/airflow/.local/lib/python3.8/site-packages/airflow/example_dags/subdags/subdag.py
[2025-12-24T18:58:10.787+0000] {processor.py:842} WARNING - No viable dags retrieved from /home/airflow/.local/lib/python3.8/site-packages/airflow/example_dags/subdags/subdag.py
[2025-12-24T18:58:10.805+0000] {processor.py:183} INFO - Processing /home/airflow/.local/lib/python3.8/site-packages/airflow/example_dags/subdags/subdag.py took 0.027 seconds
[2025-12-24T18:58:41.450+0000] {processor.py:161} INFO - Started process (PID=23089) to work on /home/airflow/.local/lib/python3.8/site-packages/airflow/example_dags/subdags/subdag.py
[2025-12-24T18:58:41.451+0000] {processor.py:830} INFO - Processing file /home/airflow/.local/lib/python3.8/site-packages/airflow/example_dags/subdags/subdag.py for tasks to queue
[2025-12-24T18:58:41.452+0000] {logging_mixin.py:188} INFO - [2025-12-24T18:58:41.452+0000] {dagbag.py:538} INFO - Filling up the DagBag from /home/airflow/.local/lib/python3.8/site-packages/airflow/example_dags/subdags/subdag.py
[2025-12-24T18:58:41.454+0000] {processor.py:842} WARNING - No viable dags retrieved from /home/airflow/.local/lib/python3.8/site-packages/airflow/example_dags/subdags/subdag.py
[2025-12-24T18:58:41.470+0000] {processor.py:183} INFO - Processing /home/airflow/.local/lib/python3.8/site-packages/airflow/example_dags/subdags/subdag.py took 0.024 seconds
[2025-12-24T18:59:11.806+0000] {processor.py:161} INFO - Started process (PID=23146) to work on /home/airflow/.local/lib/python3.8/site-packages/airflow/example_dags/subdags/subdag.py
[2025-12-24T18:59:11.807+0000] {processor.py:830} INFO - Processing file /home/airflow/.local/lib/python3.8/site-packages/airflow/example_dags/subdags/subdag.py for tasks to queue
[2025-12-24T18:59:11.808+0000] {logging_mixin.py:188} INFO - [2025-12-24T18:59:11.808+0000] {dagbag.py:538} INFO - Filling up the DagBag from /home/airflow/.local/lib/python3.8/site-packages/airflow/example_dags/subdags/subdag.py
[2025-12-24T18:59:11.810+0000] {processor.py:842} WARNING - No viable dags retrieved from /home/airflow/.local/lib/python3.8/site-packages/airflow/example_dags/subdags/subdag.py
[2025-12-24T18:59:11.825+0000] {processor.py:183} INFO - Processing /home/airflow/.local/lib/python3.8/site-packages/airflow/example_dags/subdags/subdag.py took 0.023 seconds
[2025-12-24T18:59:42.183+0000] {processor.py:161} INFO - Started process (PID=23203) to work on /home/airflow/.local/lib/python3.8/site-packages/airflow/example_dags/subdags/subdag.py
[2025-12-24T18:59:42.185+0000] {processor.py:830} INFO - Processing file /home/airflow/.local/lib/python3.8/site-packages/airflow/example_dags/subdags/subdag.py for tasks to queue
[2025-12-24T18:59:42.187+0000] {logging_mixin.py:188} INFO - [2025-12-24T18:59:42.186+0000] {dagbag.py:538} INFO - Filling up the DagBag from /home/airflow/.local/lib/python3.8/site-packages/airflow/example_dags/subdags/subdag.py
[2025-12-24T18:59:42.190+0000] {processor.py:842} WARNING - No viable dags retrieved from /home/airflow/.local/lib/python3.8/site-packages/airflow/example_dags/subdags/subdag.py
[2025-12-24T18:59:42.209+0000] {processor.py:183} INFO - Processing /home/airflow/.local/lib/python3.8/site-packages/airflow/example_dags/subdags/subdag.py took 0.030 seconds
[2025-12-24T19:00:12.333+0000] {processor.py:161} INFO - Started process (PID=23260) to work on /home/airflow/.local/lib/python3.8/site-packages/airflow/example_dags/subdags/subdag.py
[2025-12-24T19:00:12.334+0000] {processor.py:830} INFO - Processing file /home/airflow/.local/lib/python3.8/site-packages/airflow/example_dags/subdags/subdag.py for tasks to queue
[2025-12-24T19:00:12.336+0000] {logging_mixin.py:188} INFO - [2025-12-24T19:00:12.335+0000] {dagbag.py:538} INFO - Filling up the DagBag from /home/airflow/.local/lib/python3.8/site-packages/airflow/example_dags/subdags/subdag.py
[2025-12-24T19:00:12.339+0000] {processor.py:842} WARNING - No viable dags retrieved from /home/airflow/.local/lib/python3.8/site-packages/airflow/example_dags/subdags/subdag.py
[2025-12-24T19:00:12.355+0000] {processor.py:183} INFO - Processing /home/airflow/.local/lib/python3.8/site-packages/airflow/example_dags/subdags/subdag.py took 0.027 seconds
[2025-12-24T19:00:43.410+0000] {processor.py:161} INFO - Started process (PID=23317) to work on /home/airflow/.local/lib/python3.8/site-packages/airflow/example_dags/subdags/subdag.py
[2025-12-24T19:00:43.412+0000] {processor.py:830} INFO - Processing file /home/airflow/.local/lib/python3.8/site-packages/airflow/example_dags/subdags/subdag.py for tasks to queue
[2025-12-24T19:00:43.413+0000] {logging_mixin.py:188} INFO - [2025-12-24T19:00:43.412+0000] {dagbag.py:538} INFO - Filling up the DagBag from /home/airflow/.local/lib/python3.8/site-packages/airflow/example_dags/subdags/subdag.py
[2025-12-24T19:00:43.415+0000] {processor.py:842} WARNING - No viable dags retrieved from /home/airflow/.local/lib/python3.8/site-packages/airflow/example_dags/subdags/subdag.py
[2025-12-24T19:00:43.429+0000] {processor.py:183} INFO - Processing /home/airflow/.local/lib/python3.8/site-packages/airflow/example_dags/subdags/subdag.py took 0.022 seconds
[2025-12-24T19:01:14.607+0000] {processor.py:161} INFO - Started process (PID=23374) to work on /home/airflow/.local/lib/python3.8/site-packages/airflow/example_dags/subdags/subdag.py
[2025-12-24T19:01:14.608+0000] {processor.py:830} INFO - Processing file /home/airflow/.local/lib/python3.8/site-packages/airflow/example_dags/subdags/subdag.py for tasks to queue
[2025-12-24T19:01:14.610+0000] {logging_mixin.py:188} INFO - [2025-12-24T19:01:14.609+0000] {dagbag.py:538} INFO - Filling up the DagBag from /home/airflow/.local/lib/python3.8/site-packages/airflow/example_dags/subdags/subdag.py
[2025-12-24T19:01:14.613+0000] {processor.py:842} WARNING - No viable dags retrieved from /home/airflow/.local/lib/python3.8/site-packages/airflow/example_dags/subdags/subdag.py
[2025-12-24T19:01:14.628+0000] {processor.py:183} INFO - Processing /home/airflow/.local/lib/python3.8/site-packages/airflow/example_dags/subdags/subdag.py took 0.025 seconds
[2025-12-24T19:01:45.100+0000] {processor.py:161} INFO - Started process (PID=23433) to work on /home/airflow/.local/lib/python3.8/site-packages/airflow/example_dags/subdags/subdag.py
[2025-12-24T19:01:45.101+0000] {processor.py:830} INFO - Processing file /home/airflow/.local/lib/python3.8/site-packages/airflow/example_dags/subdags/subdag.py for tasks to queue
[2025-12-24T19:01:45.102+0000] {logging_mixin.py:188} INFO - [2025-12-24T19:01:45.102+0000] {dagbag.py:538} INFO - Filling up the DagBag from /home/airflow/.local/lib/python3.8/site-packages/airflow/example_dags/subdags/subdag.py
[2025-12-24T19:01:45.104+0000] {processor.py:842} WARNING - No viable dags retrieved from /home/airflow/.local/lib/python3.8/site-packages/airflow/example_dags/subdags/subdag.py
[2025-12-24T19:01:45.120+0000] {processor.py:183} INFO - Processing /home/airflow/.local/lib/python3.8/site-packages/airflow/example_dags/subdags/subdag.py took 0.024 seconds
[2025-12-24T19:02:15.448+0000] {processor.py:161} INFO - Started process (PID=23490) to work on /home/airflow/.local/lib/python3.8/site-packages/airflow/example_dags/subdags/subdag.py
[2025-12-24T19:02:15.449+0000] {processor.py:830} INFO - Processing file /home/airflow/.local/lib/python3.8/site-packages/airflow/example_dags/subdags/subdag.py for tasks to queue
[2025-12-24T19:02:15.450+0000] {logging_mixin.py:188} INFO - [2025-12-24T19:02:15.450+0000] {dagbag.py:538} INFO - Filling up the DagBag from /home/airflow/.local/lib/python3.8/site-packages/airflow/example_dags/subdags/subdag.py
[2025-12-24T19:02:15.453+0000] {processor.py:842} WARNING - No viable dags retrieved from /home/airflow/.local/lib/python3.8/site-packages/airflow/example_dags/subdags/subdag.py
[2025-12-24T19:02:15.466+0000] {processor.py:183} INFO - Processing /home/airflow/.local/lib/python3.8/site-packages/airflow/example_dags/subdags/subdag.py took 0.023 seconds
[2025-12-24T19:02:45.805+0000] {processor.py:161} INFO - Started process (PID=23547) to work on /home/airflow/.local/lib/python3.8/site-packages/airflow/example_dags/subdags/subdag.py
[2025-12-24T19:02:45.806+0000] {processor.py:830} INFO - Processing file /home/airflow/.local/lib/python3.8/site-packages/airflow/example_dags/subdags/subdag.py for tasks to queue
[2025-12-24T19:02:45.807+0000] {logging_mixin.py:188} INFO - [2025-12-24T19:02:45.807+0000] {dagbag.py:538} INFO - Filling up the DagBag from /home/airflow/.local/lib/python3.8/site-packages/airflow/example_dags/subdags/subdag.py
[2025-12-24T19:02:45.810+0000] {processor.py:842} WARNING - No viable dags retrieved from /home/airflow/.local/lib/python3.8/site-packages/airflow/example_dags/subdags/subdag.py
[2025-12-24T19:02:45.825+0000] {processor.py:183} INFO - Processing /home/airflow/.local/lib/python3.8/site-packages/airflow/example_dags/subdags/subdag.py took 0.023 seconds
[2025-12-24T19:03:16.046+0000] {processor.py:161} INFO - Started process (PID=23602) to work on /home/airflow/.local/lib/python3.8/site-packages/airflow/example_dags/subdags/subdag.py
[2025-12-24T19:03:16.048+0000] {processor.py:830} INFO - Processing file /home/airflow/.local/lib/python3.8/site-packages/airflow/example_dags/subdags/subdag.py for tasks to queue
[2025-12-24T19:03:16.049+0000] {logging_mixin.py:188} INFO - [2025-12-24T19:03:16.049+0000] {dagbag.py:538} INFO - Filling up the DagBag from /home/airflow/.local/lib/python3.8/site-packages/airflow/example_dags/subdags/subdag.py
[2025-12-24T19:03:16.052+0000] {processor.py:842} WARNING - No viable dags retrieved from /home/airflow/.local/lib/python3.8/site-packages/airflow/example_dags/subdags/subdag.py
[2025-12-24T19:03:16.068+0000] {processor.py:183} INFO - Processing /home/airflow/.local/lib/python3.8/site-packages/airflow/example_dags/subdags/subdag.py took 0.027 seconds
[2025-12-24T19:03:47.192+0000] {processor.py:161} INFO - Started process (PID=23667) to work on /home/airflow/.local/lib/python3.8/site-packages/airflow/example_dags/subdags/subdag.py
[2025-12-24T19:03:47.194+0000] {processor.py:830} INFO - Processing file /home/airflow/.local/lib/python3.8/site-packages/airflow/example_dags/subdags/subdag.py for tasks to queue
[2025-12-24T19:03:47.199+0000] {logging_mixin.py:188} INFO - [2025-12-24T19:03:47.199+0000] {dagbag.py:538} INFO - Filling up the DagBag from /home/airflow/.local/lib/python3.8/site-packages/airflow/example_dags/subdags/subdag.py
[2025-12-24T19:03:47.203+0000] {processor.py:842} WARNING - No viable dags retrieved from /home/airflow/.local/lib/python3.8/site-packages/airflow/example_dags/subdags/subdag.py
[2025-12-24T19:03:47.224+0000] {processor.py:183} INFO - Processing /home/airflow/.local/lib/python3.8/site-packages/airflow/example_dags/subdags/subdag.py took 0.036 seconds
[2025-12-24T19:04:18.425+0000] {processor.py:161} INFO - Started process (PID=23724) to work on /home/airflow/.local/lib/python3.8/site-packages/airflow/example_dags/subdags/subdag.py
[2025-12-24T19:04:18.426+0000] {processor.py:830} INFO - Processing file /home/airflow/.local/lib/python3.8/site-packages/airflow/example_dags/subdags/subdag.py for tasks to queue
[2025-12-24T19:04:18.427+0000] {logging_mixin.py:188} INFO - [2025-12-24T19:04:18.427+0000] {dagbag.py:538} INFO - Filling up the DagBag from /home/airflow/.local/lib/python3.8/site-packages/airflow/example_dags/subdags/subdag.py
[2025-12-24T19:04:18.430+0000] {processor.py:842} WARNING - No viable dags retrieved from /home/airflow/.local/lib/python3.8/site-packages/airflow/example_dags/subdags/subdag.py
[2025-12-24T19:04:18.445+0000] {processor.py:183} INFO - Processing /home/airflow/.local/lib/python3.8/site-packages/airflow/example_dags/subdags/subdag.py took 0.024 seconds
[2025-12-24T19:04:49.684+0000] {processor.py:161} INFO - Started process (PID=23781) to work on /home/airflow/.local/lib/python3.8/site-packages/airflow/example_dags/subdags/subdag.py
[2025-12-24T19:04:49.685+0000] {processor.py:830} INFO - Processing file /home/airflow/.local/lib/python3.8/site-packages/airflow/example_dags/subdags/subdag.py for tasks to queue
[2025-12-24T19:04:49.686+0000] {logging_mixin.py:188} INFO - [2025-12-24T19:04:49.686+0000] {dagbag.py:538} INFO - Filling up the DagBag from /home/airflow/.local/lib/python3.8/site-packages/airflow/example_dags/subdags/subdag.py
[2025-12-24T19:04:49.689+0000] {processor.py:842} WARNING - No viable dags retrieved from /home/airflow/.local/lib/python3.8/site-packages/airflow/example_dags/subdags/subdag.py
[2025-12-24T19:04:49.704+0000] {processor.py:183} INFO - Processing /home/airflow/.local/lib/python3.8/site-packages/airflow/example_dags/subdags/subdag.py took 0.024 seconds
[2025-12-24T19:05:20.879+0000] {processor.py:161} INFO - Started process (PID=23840) to work on /home/airflow/.local/lib/python3.8/site-packages/airflow/example_dags/subdags/subdag.py
[2025-12-24T19:05:20.881+0000] {processor.py:830} INFO - Processing file /home/airflow/.local/lib/python3.8/site-packages/airflow/example_dags/subdags/subdag.py for tasks to queue
[2025-12-24T19:05:20.882+0000] {logging_mixin.py:188} INFO - [2025-12-24T19:05:20.882+0000] {dagbag.py:538} INFO - Filling up the DagBag from /home/airflow/.local/lib/python3.8/site-packages/airflow/example_dags/subdags/subdag.py
[2025-12-24T19:05:20.885+0000] {processor.py:842} WARNING - No viable dags retrieved from /home/airflow/.local/lib/python3.8/site-packages/airflow/example_dags/subdags/subdag.py
[2025-12-24T19:05:20.901+0000] {processor.py:183} INFO - Processing /home/airflow/.local/lib/python3.8/site-packages/airflow/example_dags/subdags/subdag.py took 0.026 seconds
[2025-12-24T19:05:51.378+0000] {processor.py:161} INFO - Started process (PID=23895) to work on /home/airflow/.local/lib/python3.8/site-packages/airflow/example_dags/subdags/subdag.py
[2025-12-24T19:05:51.380+0000] {processor.py:830} INFO - Processing file /home/airflow/.local/lib/python3.8/site-packages/airflow/example_dags/subdags/subdag.py for tasks to queue
[2025-12-24T19:05:51.381+0000] {logging_mixin.py:188} INFO - [2025-12-24T19:05:51.381+0000] {dagbag.py:538} INFO - Filling up the DagBag from /home/airflow/.local/lib/python3.8/site-packages/airflow/example_dags/subdags/subdag.py
[2025-12-24T19:05:51.384+0000] {processor.py:842} WARNING - No viable dags retrieved from /home/airflow/.local/lib/python3.8/site-packages/airflow/example_dags/subdags/subdag.py
[2025-12-24T19:05:51.400+0000] {processor.py:183} INFO - Processing /home/airflow/.local/lib/python3.8/site-packages/airflow/example_dags/subdags/subdag.py took 0.027 seconds
[2025-12-24T19:06:22.733+0000] {processor.py:161} INFO - Started process (PID=23956) to work on /home/airflow/.local/lib/python3.8/site-packages/airflow/example_dags/subdags/subdag.py
[2025-12-24T19:06:22.735+0000] {processor.py:830} INFO - Processing file /home/airflow/.local/lib/python3.8/site-packages/airflow/example_dags/subdags/subdag.py for tasks to queue
[2025-12-24T19:06:22.736+0000] {logging_mixin.py:188} INFO - [2025-12-24T19:06:22.735+0000] {dagbag.py:538} INFO - Filling up the DagBag from /home/airflow/.local/lib/python3.8/site-packages/airflow/example_dags/subdags/subdag.py
[2025-12-24T19:06:22.739+0000] {processor.py:842} WARNING - No viable dags retrieved from /home/airflow/.local/lib/python3.8/site-packages/airflow/example_dags/subdags/subdag.py
[2025-12-24T19:06:22.754+0000] {processor.py:183} INFO - Processing /home/airflow/.local/lib/python3.8/site-packages/airflow/example_dags/subdags/subdag.py took 0.026 seconds
[2025-12-24T19:06:53.824+0000] {processor.py:161} INFO - Started process (PID=24014) to work on /home/airflow/.local/lib/python3.8/site-packages/airflow/example_dags/subdags/subdag.py
[2025-12-24T19:06:53.826+0000] {processor.py:830} INFO - Processing file /home/airflow/.local/lib/python3.8/site-packages/airflow/example_dags/subdags/subdag.py for tasks to queue
[2025-12-24T19:06:53.827+0000] {logging_mixin.py:188} INFO - [2025-12-24T19:06:53.827+0000] {dagbag.py:538} INFO - Filling up the DagBag from /home/airflow/.local/lib/python3.8/site-packages/airflow/example_dags/subdags/subdag.py
[2025-12-24T19:06:53.830+0000] {processor.py:842} WARNING - No viable dags retrieved from /home/airflow/.local/lib/python3.8/site-packages/airflow/example_dags/subdags/subdag.py
[2025-12-24T19:06:53.846+0000] {processor.py:183} INFO - Processing /home/airflow/.local/lib/python3.8/site-packages/airflow/example_dags/subdags/subdag.py took 0.026 seconds
[2025-12-24T19:07:25.017+0000] {processor.py:161} INFO - Started process (PID=24071) to work on /home/airflow/.local/lib/python3.8/site-packages/airflow/example_dags/subdags/subdag.py
[2025-12-24T19:07:25.018+0000] {processor.py:830} INFO - Processing file /home/airflow/.local/lib/python3.8/site-packages/airflow/example_dags/subdags/subdag.py for tasks to queue
[2025-12-24T19:07:25.019+0000] {logging_mixin.py:188} INFO - [2025-12-24T19:07:25.019+0000] {dagbag.py:538} INFO - Filling up the DagBag from /home/airflow/.local/lib/python3.8/site-packages/airflow/example_dags/subdags/subdag.py
[2025-12-24T19:07:25.022+0000] {processor.py:842} WARNING - No viable dags retrieved from /home/airflow/.local/lib/python3.8/site-packages/airflow/example_dags/subdags/subdag.py
[2025-12-24T19:07:25.038+0000] {processor.py:183} INFO - Processing /home/airflow/.local/lib/python3.8/site-packages/airflow/example_dags/subdags/subdag.py took 0.025 seconds
[2025-12-24T19:07:56.205+0000] {processor.py:161} INFO - Started process (PID=24128) to work on /home/airflow/.local/lib/python3.8/site-packages/airflow/example_dags/subdags/subdag.py
[2025-12-24T19:07:56.207+0000] {processor.py:830} INFO - Processing file /home/airflow/.local/lib/python3.8/site-packages/airflow/example_dags/subdags/subdag.py for tasks to queue
[2025-12-24T19:07:56.208+0000] {logging_mixin.py:188} INFO - [2025-12-24T19:07:56.207+0000] {dagbag.py:538} INFO - Filling up the DagBag from /home/airflow/.local/lib/python3.8/site-packages/airflow/example_dags/subdags/subdag.py
[2025-12-24T19:07:56.211+0000] {processor.py:842} WARNING - No viable dags retrieved from /home/airflow/.local/lib/python3.8/site-packages/airflow/example_dags/subdags/subdag.py
[2025-12-24T19:07:56.224+0000] {processor.py:183} INFO - Processing /home/airflow/.local/lib/python3.8/site-packages/airflow/example_dags/subdags/subdag.py took 0.022 seconds
[2025-12-24T19:08:27.479+0000] {processor.py:161} INFO - Started process (PID=24187) to work on /home/airflow/.local/lib/python3.8/site-packages/airflow/example_dags/subdags/subdag.py
[2025-12-24T19:08:27.480+0000] {processor.py:830} INFO - Processing file /home/airflow/.local/lib/python3.8/site-packages/airflow/example_dags/subdags/subdag.py for tasks to queue
[2025-12-24T19:08:27.482+0000] {logging_mixin.py:188} INFO - [2025-12-24T19:08:27.481+0000] {dagbag.py:538} INFO - Filling up the DagBag from /home/airflow/.local/lib/python3.8/site-packages/airflow/example_dags/subdags/subdag.py
[2025-12-24T19:08:27.485+0000] {processor.py:842} WARNING - No viable dags retrieved from /home/airflow/.local/lib/python3.8/site-packages/airflow/example_dags/subdags/subdag.py
[2025-12-24T19:08:27.501+0000] {processor.py:183} INFO - Processing /home/airflow/.local/lib/python3.8/site-packages/airflow/example_dags/subdags/subdag.py took 0.026 seconds
[2025-12-24T19:08:58.705+0000] {processor.py:161} INFO - Started process (PID=24244) to work on /home/airflow/.local/lib/python3.8/site-packages/airflow/example_dags/subdags/subdag.py
[2025-12-24T19:08:58.706+0000] {processor.py:830} INFO - Processing file /home/airflow/.local/lib/python3.8/site-packages/airflow/example_dags/subdags/subdag.py for tasks to queue
[2025-12-24T19:08:58.707+0000] {logging_mixin.py:188} INFO - [2025-12-24T19:08:58.707+0000] {dagbag.py:538} INFO - Filling up the DagBag from /home/airflow/.local/lib/python3.8/site-packages/airflow/example_dags/subdags/subdag.py
[2025-12-24T19:08:58.710+0000] {processor.py:842} WARNING - No viable dags retrieved from /home/airflow/.local/lib/python3.8/site-packages/airflow/example_dags/subdags/subdag.py
[2025-12-24T19:08:58.724+0000] {processor.py:183} INFO - Processing /home/airflow/.local/lib/python3.8/site-packages/airflow/example_dags/subdags/subdag.py took 0.022 seconds
[2025-12-24T19:09:30.022+0000] {processor.py:161} INFO - Started process (PID=24304) to work on /home/airflow/.local/lib/python3.8/site-packages/airflow/example_dags/subdags/subdag.py
[2025-12-24T19:09:30.023+0000] {processor.py:830} INFO - Processing file /home/airflow/.local/lib/python3.8/site-packages/airflow/example_dags/subdags/subdag.py for tasks to queue
[2025-12-24T19:09:30.024+0000] {logging_mixin.py:188} INFO - [2025-12-24T19:09:30.024+0000] {dagbag.py:538} INFO - Filling up the DagBag from /home/airflow/.local/lib/python3.8/site-packages/airflow/example_dags/subdags/subdag.py
[2025-12-24T19:09:30.027+0000] {processor.py:842} WARNING - No viable dags retrieved from /home/airflow/.local/lib/python3.8/site-packages/airflow/example_dags/subdags/subdag.py
[2025-12-24T19:09:30.041+0000] {processor.py:183} INFO - Processing /home/airflow/.local/lib/python3.8/site-packages/airflow/example_dags/subdags/subdag.py took 0.022 seconds
[2025-12-24T19:10:00.211+0000] {processor.py:161} INFO - Started process (PID=24360) to work on /home/airflow/.local/lib/python3.8/site-packages/airflow/example_dags/subdags/subdag.py
[2025-12-24T19:10:00.212+0000] {processor.py:830} INFO - Processing file /home/airflow/.local/lib/python3.8/site-packages/airflow/example_dags/subdags/subdag.py for tasks to queue
[2025-12-24T19:10:00.213+0000] {logging_mixin.py:188} INFO - [2025-12-24T19:10:00.213+0000] {dagbag.py:538} INFO - Filling up the DagBag from /home/airflow/.local/lib/python3.8/site-packages/airflow/example_dags/subdags/subdag.py
[2025-12-24T19:10:00.215+0000] {processor.py:842} WARNING - No viable dags retrieved from /home/airflow/.local/lib/python3.8/site-packages/airflow/example_dags/subdags/subdag.py
[2025-12-24T19:10:00.230+0000] {processor.py:183} INFO - Processing /home/airflow/.local/lib/python3.8/site-packages/airflow/example_dags/subdags/subdag.py took 0.023 seconds
[2025-12-24T19:10:30.400+0000] {processor.py:161} INFO - Started process (PID=24415) to work on /home/airflow/.local/lib/python3.8/site-packages/airflow/example_dags/subdags/subdag.py
[2025-12-24T19:10:30.400+0000] {processor.py:830} INFO - Processing file /home/airflow/.local/lib/python3.8/site-packages/airflow/example_dags/subdags/subdag.py for tasks to queue
[2025-12-24T19:10:30.402+0000] {logging_mixin.py:188} INFO - [2025-12-24T19:10:30.401+0000] {dagbag.py:538} INFO - Filling up the DagBag from /home/airflow/.local/lib/python3.8/site-packages/airflow/example_dags/subdags/subdag.py
[2025-12-24T19:10:30.404+0000] {processor.py:842} WARNING - No viable dags retrieved from /home/airflow/.local/lib/python3.8/site-packages/airflow/example_dags/subdags/subdag.py
[2025-12-24T19:10:30.419+0000] {processor.py:183} INFO - Processing /home/airflow/.local/lib/python3.8/site-packages/airflow/example_dags/subdags/subdag.py took 0.023 seconds
[2025-12-24T19:11:00.654+0000] {processor.py:161} INFO - Started process (PID=24472) to work on /home/airflow/.local/lib/python3.8/site-packages/airflow/example_dags/subdags/subdag.py
[2025-12-24T19:11:00.655+0000] {processor.py:830} INFO - Processing file /home/airflow/.local/lib/python3.8/site-packages/airflow/example_dags/subdags/subdag.py for tasks to queue
[2025-12-24T19:11:00.656+0000] {logging_mixin.py:188} INFO - [2025-12-24T19:11:00.656+0000] {dagbag.py:538} INFO - Filling up the DagBag from /home/airflow/.local/lib/python3.8/site-packages/airflow/example_dags/subdags/subdag.py
[2025-12-24T19:11:00.658+0000] {processor.py:842} WARNING - No viable dags retrieved from /home/airflow/.local/lib/python3.8/site-packages/airflow/example_dags/subdags/subdag.py
[2025-12-24T19:11:00.672+0000] {processor.py:183} INFO - Processing /home/airflow/.local/lib/python3.8/site-packages/airflow/example_dags/subdags/subdag.py took 0.022 seconds
[2025-12-24T19:11:30.973+0000] {processor.py:161} INFO - Started process (PID=24529) to work on /home/airflow/.local/lib/python3.8/site-packages/airflow/example_dags/subdags/subdag.py
[2025-12-24T19:11:30.974+0000] {processor.py:830} INFO - Processing file /home/airflow/.local/lib/python3.8/site-packages/airflow/example_dags/subdags/subdag.py for tasks to queue
[2025-12-24T19:11:30.976+0000] {logging_mixin.py:188} INFO - [2025-12-24T19:11:30.975+0000] {dagbag.py:538} INFO - Filling up the DagBag from /home/airflow/.local/lib/python3.8/site-packages/airflow/example_dags/subdags/subdag.py
[2025-12-24T19:11:30.979+0000] {processor.py:842} WARNING - No viable dags retrieved from /home/airflow/.local/lib/python3.8/site-packages/airflow/example_dags/subdags/subdag.py
[2025-12-24T19:11:30.993+0000] {processor.py:183} INFO - Processing /home/airflow/.local/lib/python3.8/site-packages/airflow/example_dags/subdags/subdag.py took 0.024 seconds
[2025-12-24T19:12:01.457+0000] {processor.py:161} INFO - Started process (PID=24586) to work on /home/airflow/.local/lib/python3.8/site-packages/airflow/example_dags/subdags/subdag.py
[2025-12-24T19:12:01.458+0000] {processor.py:830} INFO - Processing file /home/airflow/.local/lib/python3.8/site-packages/airflow/example_dags/subdags/subdag.py for tasks to queue
[2025-12-24T19:12:01.459+0000] {logging_mixin.py:188} INFO - [2025-12-24T19:12:01.459+0000] {dagbag.py:538} INFO - Filling up the DagBag from /home/airflow/.local/lib/python3.8/site-packages/airflow/example_dags/subdags/subdag.py
[2025-12-24T19:12:01.463+0000] {processor.py:842} WARNING - No viable dags retrieved from /home/airflow/.local/lib/python3.8/site-packages/airflow/example_dags/subdags/subdag.py
[2025-12-24T19:12:01.479+0000] {processor.py:183} INFO - Processing /home/airflow/.local/lib/python3.8/site-packages/airflow/example_dags/subdags/subdag.py took 0.027 seconds
[2025-12-24T19:12:31.749+0000] {processor.py:161} INFO - Started process (PID=24643) to work on /home/airflow/.local/lib/python3.8/site-packages/airflow/example_dags/subdags/subdag.py
[2025-12-24T19:12:31.750+0000] {processor.py:830} INFO - Processing file /home/airflow/.local/lib/python3.8/site-packages/airflow/example_dags/subdags/subdag.py for tasks to queue
[2025-12-24T19:12:31.752+0000] {logging_mixin.py:188} INFO - [2025-12-24T19:12:31.751+0000] {dagbag.py:538} INFO - Filling up the DagBag from /home/airflow/.local/lib/python3.8/site-packages/airflow/example_dags/subdags/subdag.py
[2025-12-24T19:12:31.754+0000] {processor.py:842} WARNING - No viable dags retrieved from /home/airflow/.local/lib/python3.8/site-packages/airflow/example_dags/subdags/subdag.py
[2025-12-24T19:12:31.769+0000] {processor.py:183} INFO - Processing /home/airflow/.local/lib/python3.8/site-packages/airflow/example_dags/subdags/subdag.py took 0.024 seconds
[2025-12-24T19:13:02.107+0000] {processor.py:161} INFO - Started process (PID=24700) to work on /home/airflow/.local/lib/python3.8/site-packages/airflow/example_dags/subdags/subdag.py
[2025-12-24T19:13:02.108+0000] {processor.py:830} INFO - Processing file /home/airflow/.local/lib/python3.8/site-packages/airflow/example_dags/subdags/subdag.py for tasks to queue
[2025-12-24T19:13:02.109+0000] {logging_mixin.py:188} INFO - [2025-12-24T19:13:02.109+0000] {dagbag.py:538} INFO - Filling up the DagBag from /home/airflow/.local/lib/python3.8/site-packages/airflow/example_dags/subdags/subdag.py
[2025-12-24T19:13:02.112+0000] {processor.py:842} WARNING - No viable dags retrieved from /home/airflow/.local/lib/python3.8/site-packages/airflow/example_dags/subdags/subdag.py
[2025-12-24T19:13:02.126+0000] {processor.py:183} INFO - Processing /home/airflow/.local/lib/python3.8/site-packages/airflow/example_dags/subdags/subdag.py took 0.023 seconds
[2025-12-24T19:13:32.769+0000] {processor.py:161} INFO - Started process (PID=24757) to work on /home/airflow/.local/lib/python3.8/site-packages/airflow/example_dags/subdags/subdag.py
[2025-12-24T19:13:32.771+0000] {processor.py:830} INFO - Processing file /home/airflow/.local/lib/python3.8/site-packages/airflow/example_dags/subdags/subdag.py for tasks to queue
[2025-12-24T19:13:32.772+0000] {logging_mixin.py:188} INFO - [2025-12-24T19:13:32.772+0000] {dagbag.py:538} INFO - Filling up the DagBag from /home/airflow/.local/lib/python3.8/site-packages/airflow/example_dags/subdags/subdag.py
[2025-12-24T19:13:32.776+0000] {processor.py:842} WARNING - No viable dags retrieved from /home/airflow/.local/lib/python3.8/site-packages/airflow/example_dags/subdags/subdag.py
[2025-12-24T19:13:32.795+0000] {processor.py:183} INFO - Processing /home/airflow/.local/lib/python3.8/site-packages/airflow/example_dags/subdags/subdag.py took 0.031 seconds
[2025-12-24T19:14:03.201+0000] {processor.py:161} INFO - Started process (PID=24814) to work on /home/airflow/.local/lib/python3.8/site-packages/airflow/example_dags/subdags/subdag.py
[2025-12-24T19:14:03.202+0000] {processor.py:830} INFO - Processing file /home/airflow/.local/lib/python3.8/site-packages/airflow/example_dags/subdags/subdag.py for tasks to queue
[2025-12-24T19:14:03.203+0000] {logging_mixin.py:188} INFO - [2025-12-24T19:14:03.203+0000] {dagbag.py:538} INFO - Filling up the DagBag from /home/airflow/.local/lib/python3.8/site-packages/airflow/example_dags/subdags/subdag.py
[2025-12-24T19:14:03.206+0000] {processor.py:842} WARNING - No viable dags retrieved from /home/airflow/.local/lib/python3.8/site-packages/airflow/example_dags/subdags/subdag.py
[2025-12-24T19:14:03.220+0000] {processor.py:183} INFO - Processing /home/airflow/.local/lib/python3.8/site-packages/airflow/example_dags/subdags/subdag.py took 0.022 seconds
[2025-12-24T19:14:33.503+0000] {processor.py:161} INFO - Started process (PID=24871) to work on /home/airflow/.local/lib/python3.8/site-packages/airflow/example_dags/subdags/subdag.py
[2025-12-24T19:14:33.504+0000] {processor.py:830} INFO - Processing file /home/airflow/.local/lib/python3.8/site-packages/airflow/example_dags/subdags/subdag.py for tasks to queue
[2025-12-24T19:14:33.505+0000] {logging_mixin.py:188} INFO - [2025-12-24T19:14:33.505+0000] {dagbag.py:538} INFO - Filling up the DagBag from /home/airflow/.local/lib/python3.8/site-packages/airflow/example_dags/subdags/subdag.py
[2025-12-24T19:14:33.507+0000] {processor.py:842} WARNING - No viable dags retrieved from /home/airflow/.local/lib/python3.8/site-packages/airflow/example_dags/subdags/subdag.py
[2025-12-24T19:14:33.521+0000] {processor.py:183} INFO - Processing /home/airflow/.local/lib/python3.8/site-packages/airflow/example_dags/subdags/subdag.py took 0.021 seconds
[2025-12-24T19:15:04.027+0000] {processor.py:161} INFO - Started process (PID=24928) to work on /home/airflow/.local/lib/python3.8/site-packages/airflow/example_dags/subdags/subdag.py
[2025-12-24T19:15:04.028+0000] {processor.py:830} INFO - Processing file /home/airflow/.local/lib/python3.8/site-packages/airflow/example_dags/subdags/subdag.py for tasks to queue
[2025-12-24T19:15:04.030+0000] {logging_mixin.py:188} INFO - [2025-12-24T19:15:04.029+0000] {dagbag.py:538} INFO - Filling up the DagBag from /home/airflow/.local/lib/python3.8/site-packages/airflow/example_dags/subdags/subdag.py
[2025-12-24T19:15:04.032+0000] {processor.py:842} WARNING - No viable dags retrieved from /home/airflow/.local/lib/python3.8/site-packages/airflow/example_dags/subdags/subdag.py
[2025-12-24T19:15:04.045+0000] {processor.py:183} INFO - Processing /home/airflow/.local/lib/python3.8/site-packages/airflow/example_dags/subdags/subdag.py took 0.020 seconds
[2025-12-24T19:15:34.239+0000] {processor.py:161} INFO - Started process (PID=24985) to work on /home/airflow/.local/lib/python3.8/site-packages/airflow/example_dags/subdags/subdag.py
[2025-12-24T19:15:34.240+0000] {processor.py:830} INFO - Processing file /home/airflow/.local/lib/python3.8/site-packages/airflow/example_dags/subdags/subdag.py for tasks to queue
[2025-12-24T19:15:34.241+0000] {logging_mixin.py:188} INFO - [2025-12-24T19:15:34.241+0000] {dagbag.py:538} INFO - Filling up the DagBag from /home/airflow/.local/lib/python3.8/site-packages/airflow/example_dags/subdags/subdag.py
[2025-12-24T19:15:34.244+0000] {processor.py:842} WARNING - No viable dags retrieved from /home/airflow/.local/lib/python3.8/site-packages/airflow/example_dags/subdags/subdag.py
[2025-12-24T19:15:34.258+0000] {processor.py:183} INFO - Processing /home/airflow/.local/lib/python3.8/site-packages/airflow/example_dags/subdags/subdag.py took 0.023 seconds
[2025-12-24T19:16:04.389+0000] {processor.py:161} INFO - Started process (PID=25041) to work on /home/airflow/.local/lib/python3.8/site-packages/airflow/example_dags/subdags/subdag.py
[2025-12-24T19:16:04.390+0000] {processor.py:830} INFO - Processing file /home/airflow/.local/lib/python3.8/site-packages/airflow/example_dags/subdags/subdag.py for tasks to queue
[2025-12-24T19:16:04.391+0000] {logging_mixin.py:188} INFO - [2025-12-24T19:16:04.391+0000] {dagbag.py:538} INFO - Filling up the DagBag from /home/airflow/.local/lib/python3.8/site-packages/airflow/example_dags/subdags/subdag.py
[2025-12-24T19:16:04.394+0000] {processor.py:842} WARNING - No viable dags retrieved from /home/airflow/.local/lib/python3.8/site-packages/airflow/example_dags/subdags/subdag.py
[2025-12-24T19:16:04.413+0000] {processor.py:183} INFO - Processing /home/airflow/.local/lib/python3.8/site-packages/airflow/example_dags/subdags/subdag.py took 0.029 seconds
[2025-12-24T19:16:34.800+0000] {processor.py:161} INFO - Started process (PID=25098) to work on /home/airflow/.local/lib/python3.8/site-packages/airflow/example_dags/subdags/subdag.py
[2025-12-24T19:16:34.801+0000] {processor.py:830} INFO - Processing file /home/airflow/.local/lib/python3.8/site-packages/airflow/example_dags/subdags/subdag.py for tasks to queue
[2025-12-24T19:16:34.802+0000] {logging_mixin.py:188} INFO - [2025-12-24T19:16:34.802+0000] {dagbag.py:538} INFO - Filling up the DagBag from /home/airflow/.local/lib/python3.8/site-packages/airflow/example_dags/subdags/subdag.py
[2025-12-24T19:16:34.806+0000] {processor.py:842} WARNING - No viable dags retrieved from /home/airflow/.local/lib/python3.8/site-packages/airflow/example_dags/subdags/subdag.py
[2025-12-24T19:16:34.823+0000] {processor.py:183} INFO - Processing /home/airflow/.local/lib/python3.8/site-packages/airflow/example_dags/subdags/subdag.py took 0.028 seconds
[2025-12-24T19:17:05.273+0000] {processor.py:161} INFO - Started process (PID=25156) to work on /home/airflow/.local/lib/python3.8/site-packages/airflow/example_dags/subdags/subdag.py
[2025-12-24T19:17:05.274+0000] {processor.py:830} INFO - Processing file /home/airflow/.local/lib/python3.8/site-packages/airflow/example_dags/subdags/subdag.py for tasks to queue
[2025-12-24T19:17:05.275+0000] {logging_mixin.py:188} INFO - [2025-12-24T19:17:05.275+0000] {dagbag.py:538} INFO - Filling up the DagBag from /home/airflow/.local/lib/python3.8/site-packages/airflow/example_dags/subdags/subdag.py
[2025-12-24T19:17:05.277+0000] {processor.py:842} WARNING - No viable dags retrieved from /home/airflow/.local/lib/python3.8/site-packages/airflow/example_dags/subdags/subdag.py
[2025-12-24T19:17:05.290+0000] {processor.py:183} INFO - Processing /home/airflow/.local/lib/python3.8/site-packages/airflow/example_dags/subdags/subdag.py took 0.021 seconds
[2025-12-24T19:17:35.912+0000] {processor.py:161} INFO - Started process (PID=25213) to work on /home/airflow/.local/lib/python3.8/site-packages/airflow/example_dags/subdags/subdag.py
[2025-12-24T19:17:35.913+0000] {processor.py:830} INFO - Processing file /home/airflow/.local/lib/python3.8/site-packages/airflow/example_dags/subdags/subdag.py for tasks to queue
[2025-12-24T19:17:35.915+0000] {logging_mixin.py:188} INFO - [2025-12-24T19:17:35.914+0000] {dagbag.py:538} INFO - Filling up the DagBag from /home/airflow/.local/lib/python3.8/site-packages/airflow/example_dags/subdags/subdag.py
[2025-12-24T19:17:35.919+0000] {processor.py:842} WARNING - No viable dags retrieved from /home/airflow/.local/lib/python3.8/site-packages/airflow/example_dags/subdags/subdag.py
[2025-12-24T19:17:35.934+0000] {processor.py:183} INFO - Processing /home/airflow/.local/lib/python3.8/site-packages/airflow/example_dags/subdags/subdag.py took 0.026 seconds
[2025-12-24T19:18:06.813+0000] {processor.py:161} INFO - Started process (PID=25271) to work on /home/airflow/.local/lib/python3.8/site-packages/airflow/example_dags/subdags/subdag.py
[2025-12-24T19:18:06.815+0000] {processor.py:830} INFO - Processing file /home/airflow/.local/lib/python3.8/site-packages/airflow/example_dags/subdags/subdag.py for tasks to queue
[2025-12-24T19:18:06.816+0000] {logging_mixin.py:188} INFO - [2025-12-24T19:18:06.816+0000] {dagbag.py:538} INFO - Filling up the DagBag from /home/airflow/.local/lib/python3.8/site-packages/airflow/example_dags/subdags/subdag.py
[2025-12-24T19:18:06.818+0000] {processor.py:842} WARNING - No viable dags retrieved from /home/airflow/.local/lib/python3.8/site-packages/airflow/example_dags/subdags/subdag.py
[2025-12-24T19:18:06.831+0000] {processor.py:183} INFO - Processing /home/airflow/.local/lib/python3.8/site-packages/airflow/example_dags/subdags/subdag.py took 0.022 seconds
[2025-12-24T19:18:37.126+0000] {processor.py:161} INFO - Started process (PID=25328) to work on /home/airflow/.local/lib/python3.8/site-packages/airflow/example_dags/subdags/subdag.py
[2025-12-24T19:18:37.127+0000] {processor.py:830} INFO - Processing file /home/airflow/.local/lib/python3.8/site-packages/airflow/example_dags/subdags/subdag.py for tasks to queue
[2025-12-24T19:18:37.128+0000] {logging_mixin.py:188} INFO - [2025-12-24T19:18:37.128+0000] {dagbag.py:538} INFO - Filling up the DagBag from /home/airflow/.local/lib/python3.8/site-packages/airflow/example_dags/subdags/subdag.py
[2025-12-24T19:18:37.131+0000] {processor.py:842} WARNING - No viable dags retrieved from /home/airflow/.local/lib/python3.8/site-packages/airflow/example_dags/subdags/subdag.py
[2025-12-24T19:18:37.144+0000] {processor.py:183} INFO - Processing /home/airflow/.local/lib/python3.8/site-packages/airflow/example_dags/subdags/subdag.py took 0.021 seconds
[2025-12-24T19:19:07.799+0000] {processor.py:161} INFO - Started process (PID=25385) to work on /home/airflow/.local/lib/python3.8/site-packages/airflow/example_dags/subdags/subdag.py
[2025-12-24T19:19:07.800+0000] {processor.py:830} INFO - Processing file /home/airflow/.local/lib/python3.8/site-packages/airflow/example_dags/subdags/subdag.py for tasks to queue
[2025-12-24T19:19:07.802+0000] {logging_mixin.py:188} INFO - [2025-12-24T19:19:07.801+0000] {dagbag.py:538} INFO - Filling up the DagBag from /home/airflow/.local/lib/python3.8/site-packages/airflow/example_dags/subdags/subdag.py
[2025-12-24T19:19:07.804+0000] {processor.py:842} WARNING - No viable dags retrieved from /home/airflow/.local/lib/python3.8/site-packages/airflow/example_dags/subdags/subdag.py
[2025-12-24T19:19:07.818+0000] {processor.py:183} INFO - Processing /home/airflow/.local/lib/python3.8/site-packages/airflow/example_dags/subdags/subdag.py took 0.022 seconds
[2025-12-24T19:19:38.300+0000] {processor.py:161} INFO - Started process (PID=25442) to work on /home/airflow/.local/lib/python3.8/site-packages/airflow/example_dags/subdags/subdag.py
[2025-12-24T19:19:38.301+0000] {processor.py:830} INFO - Processing file /home/airflow/.local/lib/python3.8/site-packages/airflow/example_dags/subdags/subdag.py for tasks to queue
[2025-12-24T19:19:38.302+0000] {logging_mixin.py:188} INFO - [2025-12-24T19:19:38.301+0000] {dagbag.py:538} INFO - Filling up the DagBag from /home/airflow/.local/lib/python3.8/site-packages/airflow/example_dags/subdags/subdag.py
[2025-12-24T19:19:38.304+0000] {processor.py:842} WARNING - No viable dags retrieved from /home/airflow/.local/lib/python3.8/site-packages/airflow/example_dags/subdags/subdag.py
[2025-12-24T19:19:38.317+0000] {processor.py:183} INFO - Processing /home/airflow/.local/lib/python3.8/site-packages/airflow/example_dags/subdags/subdag.py took 0.021 seconds
[2025-12-24T19:20:08.888+0000] {processor.py:161} INFO - Started process (PID=25499) to work on /home/airflow/.local/lib/python3.8/site-packages/airflow/example_dags/subdags/subdag.py
[2025-12-24T19:20:08.890+0000] {processor.py:830} INFO - Processing file /home/airflow/.local/lib/python3.8/site-packages/airflow/example_dags/subdags/subdag.py for tasks to queue
[2025-12-24T19:20:08.891+0000] {logging_mixin.py:188} INFO - [2025-12-24T19:20:08.890+0000] {dagbag.py:538} INFO - Filling up the DagBag from /home/airflow/.local/lib/python3.8/site-packages/airflow/example_dags/subdags/subdag.py
[2025-12-24T19:20:08.893+0000] {processor.py:842} WARNING - No viable dags retrieved from /home/airflow/.local/lib/python3.8/site-packages/airflow/example_dags/subdags/subdag.py
[2025-12-24T19:20:08.906+0000] {processor.py:183} INFO - Processing /home/airflow/.local/lib/python3.8/site-packages/airflow/example_dags/subdags/subdag.py took 0.022 seconds
[2025-12-24T19:20:39.264+0000] {processor.py:161} INFO - Started process (PID=25556) to work on /home/airflow/.local/lib/python3.8/site-packages/airflow/example_dags/subdags/subdag.py
[2025-12-24T19:20:39.266+0000] {processor.py:830} INFO - Processing file /home/airflow/.local/lib/python3.8/site-packages/airflow/example_dags/subdags/subdag.py for tasks to queue
[2025-12-24T19:20:39.267+0000] {logging_mixin.py:188} INFO - [2025-12-24T19:20:39.267+0000] {dagbag.py:538} INFO - Filling up the DagBag from /home/airflow/.local/lib/python3.8/site-packages/airflow/example_dags/subdags/subdag.py
[2025-12-24T19:20:39.270+0000] {processor.py:842} WARNING - No viable dags retrieved from /home/airflow/.local/lib/python3.8/site-packages/airflow/example_dags/subdags/subdag.py
[2025-12-24T19:20:39.285+0000] {processor.py:183} INFO - Processing /home/airflow/.local/lib/python3.8/site-packages/airflow/example_dags/subdags/subdag.py took 0.025 seconds
[2025-12-24T19:21:09.516+0000] {processor.py:161} INFO - Started process (PID=25613) to work on /home/airflow/.local/lib/python3.8/site-packages/airflow/example_dags/subdags/subdag.py
[2025-12-24T19:21:09.518+0000] {processor.py:830} INFO - Processing file /home/airflow/.local/lib/python3.8/site-packages/airflow/example_dags/subdags/subdag.py for tasks to queue
[2025-12-24T19:21:09.519+0000] {logging_mixin.py:188} INFO - [2025-12-24T19:21:09.518+0000] {dagbag.py:538} INFO - Filling up the DagBag from /home/airflow/.local/lib/python3.8/site-packages/airflow/example_dags/subdags/subdag.py
[2025-12-24T19:21:09.521+0000] {processor.py:842} WARNING - No viable dags retrieved from /home/airflow/.local/lib/python3.8/site-packages/airflow/example_dags/subdags/subdag.py
[2025-12-24T19:21:09.535+0000] {processor.py:183} INFO - Processing /home/airflow/.local/lib/python3.8/site-packages/airflow/example_dags/subdags/subdag.py took 0.022 seconds
[2025-12-24T19:21:40.895+0000] {processor.py:161} INFO - Started process (PID=25672) to work on /home/airflow/.local/lib/python3.8/site-packages/airflow/example_dags/subdags/subdag.py
[2025-12-24T19:21:40.896+0000] {processor.py:830} INFO - Processing file /home/airflow/.local/lib/python3.8/site-packages/airflow/example_dags/subdags/subdag.py for tasks to queue
[2025-12-24T19:21:40.898+0000] {logging_mixin.py:188} INFO - [2025-12-24T19:21:40.897+0000] {dagbag.py:538} INFO - Filling up the DagBag from /home/airflow/.local/lib/python3.8/site-packages/airflow/example_dags/subdags/subdag.py
[2025-12-24T19:21:40.901+0000] {processor.py:842} WARNING - No viable dags retrieved from /home/airflow/.local/lib/python3.8/site-packages/airflow/example_dags/subdags/subdag.py
[2025-12-24T19:21:40.919+0000] {processor.py:183} INFO - Processing /home/airflow/.local/lib/python3.8/site-packages/airflow/example_dags/subdags/subdag.py took 0.027 seconds
[2025-12-24T19:22:11.272+0000] {processor.py:161} INFO - Started process (PID=25734) to work on /home/airflow/.local/lib/python3.8/site-packages/airflow/example_dags/subdags/subdag.py
[2025-12-24T19:22:11.273+0000] {processor.py:830} INFO - Processing file /home/airflow/.local/lib/python3.8/site-packages/airflow/example_dags/subdags/subdag.py for tasks to queue
[2025-12-24T19:22:11.274+0000] {logging_mixin.py:188} INFO - [2025-12-24T19:22:11.274+0000] {dagbag.py:538} INFO - Filling up the DagBag from /home/airflow/.local/lib/python3.8/site-packages/airflow/example_dags/subdags/subdag.py
[2025-12-24T19:22:11.277+0000] {processor.py:842} WARNING - No viable dags retrieved from /home/airflow/.local/lib/python3.8/site-packages/airflow/example_dags/subdags/subdag.py
[2025-12-24T19:22:11.294+0000] {processor.py:183} INFO - Processing /home/airflow/.local/lib/python3.8/site-packages/airflow/example_dags/subdags/subdag.py took 0.027 seconds
[2025-12-24T19:22:41.807+0000] {processor.py:161} INFO - Started process (PID=25796) to work on /home/airflow/.local/lib/python3.8/site-packages/airflow/example_dags/subdags/subdag.py
[2025-12-24T19:22:41.809+0000] {processor.py:830} INFO - Processing file /home/airflow/.local/lib/python3.8/site-packages/airflow/example_dags/subdags/subdag.py for tasks to queue
[2025-12-24T19:22:41.810+0000] {logging_mixin.py:188} INFO - [2025-12-24T19:22:41.810+0000] {dagbag.py:538} INFO - Filling up the DagBag from /home/airflow/.local/lib/python3.8/site-packages/airflow/example_dags/subdags/subdag.py
[2025-12-24T19:22:41.820+0000] {processor.py:842} WARNING - No viable dags retrieved from /home/airflow/.local/lib/python3.8/site-packages/airflow/example_dags/subdags/subdag.py
[2025-12-24T19:22:41.843+0000] {processor.py:183} INFO - Processing /home/airflow/.local/lib/python3.8/site-packages/airflow/example_dags/subdags/subdag.py took 0.040 seconds
[2025-12-24T19:23:12.394+0000] {processor.py:161} INFO - Started process (PID=25859) to work on /home/airflow/.local/lib/python3.8/site-packages/airflow/example_dags/subdags/subdag.py
[2025-12-24T19:23:12.396+0000] {processor.py:830} INFO - Processing file /home/airflow/.local/lib/python3.8/site-packages/airflow/example_dags/subdags/subdag.py for tasks to queue
[2025-12-24T19:23:12.401+0000] {logging_mixin.py:188} INFO - [2025-12-24T19:23:12.401+0000] {dagbag.py:538} INFO - Filling up the DagBag from /home/airflow/.local/lib/python3.8/site-packages/airflow/example_dags/subdags/subdag.py
[2025-12-24T19:23:12.404+0000] {processor.py:842} WARNING - No viable dags retrieved from /home/airflow/.local/lib/python3.8/site-packages/airflow/example_dags/subdags/subdag.py
[2025-12-24T19:23:12.422+0000] {processor.py:183} INFO - Processing /home/airflow/.local/lib/python3.8/site-packages/airflow/example_dags/subdags/subdag.py took 0.032 seconds
[2025-12-24T19:23:42.768+0000] {processor.py:161} INFO - Started process (PID=25916) to work on /home/airflow/.local/lib/python3.8/site-packages/airflow/example_dags/subdags/subdag.py
[2025-12-24T19:23:42.770+0000] {processor.py:830} INFO - Processing file /home/airflow/.local/lib/python3.8/site-packages/airflow/example_dags/subdags/subdag.py for tasks to queue
[2025-12-24T19:23:42.771+0000] {logging_mixin.py:188} INFO - [2025-12-24T19:23:42.771+0000] {dagbag.py:538} INFO - Filling up the DagBag from /home/airflow/.local/lib/python3.8/site-packages/airflow/example_dags/subdags/subdag.py
[2025-12-24T19:23:42.774+0000] {processor.py:842} WARNING - No viable dags retrieved from /home/airflow/.local/lib/python3.8/site-packages/airflow/example_dags/subdags/subdag.py
[2025-12-24T19:23:42.792+0000] {processor.py:183} INFO - Processing /home/airflow/.local/lib/python3.8/site-packages/airflow/example_dags/subdags/subdag.py took 0.028 seconds
[2025-12-24T19:24:13.088+0000] {processor.py:161} INFO - Started process (PID=25972) to work on /home/airflow/.local/lib/python3.8/site-packages/airflow/example_dags/subdags/subdag.py
[2025-12-24T19:24:13.090+0000] {processor.py:830} INFO - Processing file /home/airflow/.local/lib/python3.8/site-packages/airflow/example_dags/subdags/subdag.py for tasks to queue
[2025-12-24T19:24:13.091+0000] {logging_mixin.py:188} INFO - [2025-12-24T19:24:13.091+0000] {dagbag.py:538} INFO - Filling up the DagBag from /home/airflow/.local/lib/python3.8/site-packages/airflow/example_dags/subdags/subdag.py
[2025-12-24T19:24:13.095+0000] {processor.py:842} WARNING - No viable dags retrieved from /home/airflow/.local/lib/python3.8/site-packages/airflow/example_dags/subdags/subdag.py
[2025-12-24T19:24:13.112+0000] {processor.py:183} INFO - Processing /home/airflow/.local/lib/python3.8/site-packages/airflow/example_dags/subdags/subdag.py took 0.029 seconds
[2025-12-24T19:24:43.518+0000] {processor.py:161} INFO - Started process (PID=26028) to work on /home/airflow/.local/lib/python3.8/site-packages/airflow/example_dags/subdags/subdag.py
[2025-12-24T19:24:43.519+0000] {processor.py:830} INFO - Processing file /home/airflow/.local/lib/python3.8/site-packages/airflow/example_dags/subdags/subdag.py for tasks to queue
[2025-12-24T19:24:43.521+0000] {logging_mixin.py:188} INFO - [2025-12-24T19:24:43.520+0000] {dagbag.py:538} INFO - Filling up the DagBag from /home/airflow/.local/lib/python3.8/site-packages/airflow/example_dags/subdags/subdag.py
[2025-12-24T19:24:43.523+0000] {processor.py:842} WARNING - No viable dags retrieved from /home/airflow/.local/lib/python3.8/site-packages/airflow/example_dags/subdags/subdag.py
[2025-12-24T19:24:43.537+0000] {processor.py:183} INFO - Processing /home/airflow/.local/lib/python3.8/site-packages/airflow/example_dags/subdags/subdag.py took 0.023 seconds
[2025-12-24T19:25:13.690+0000] {processor.py:161} INFO - Started process (PID=26085) to work on /home/airflow/.local/lib/python3.8/site-packages/airflow/example_dags/subdags/subdag.py
[2025-12-24T19:25:13.691+0000] {processor.py:830} INFO - Processing file /home/airflow/.local/lib/python3.8/site-packages/airflow/example_dags/subdags/subdag.py for tasks to queue
[2025-12-24T19:25:13.692+0000] {logging_mixin.py:188} INFO - [2025-12-24T19:25:13.692+0000] {dagbag.py:538} INFO - Filling up the DagBag from /home/airflow/.local/lib/python3.8/site-packages/airflow/example_dags/subdags/subdag.py
[2025-12-24T19:25:13.695+0000] {processor.py:842} WARNING - No viable dags retrieved from /home/airflow/.local/lib/python3.8/site-packages/airflow/example_dags/subdags/subdag.py
[2025-12-24T19:25:13.709+0000] {processor.py:183} INFO - Processing /home/airflow/.local/lib/python3.8/site-packages/airflow/example_dags/subdags/subdag.py took 0.023 seconds
[2025-12-24T19:25:44.135+0000] {processor.py:161} INFO - Started process (PID=26142) to work on /home/airflow/.local/lib/python3.8/site-packages/airflow/example_dags/subdags/subdag.py
[2025-12-24T19:25:44.136+0000] {processor.py:830} INFO - Processing file /home/airflow/.local/lib/python3.8/site-packages/airflow/example_dags/subdags/subdag.py for tasks to queue
[2025-12-24T19:25:44.137+0000] {logging_mixin.py:188} INFO - [2025-12-24T19:25:44.137+0000] {dagbag.py:538} INFO - Filling up the DagBag from /home/airflow/.local/lib/python3.8/site-packages/airflow/example_dags/subdags/subdag.py
[2025-12-24T19:25:44.140+0000] {processor.py:842} WARNING - No viable dags retrieved from /home/airflow/.local/lib/python3.8/site-packages/airflow/example_dags/subdags/subdag.py
[2025-12-24T19:25:44.153+0000] {processor.py:183} INFO - Processing /home/airflow/.local/lib/python3.8/site-packages/airflow/example_dags/subdags/subdag.py took 0.021 seconds
[2025-12-24T19:26:14.367+0000] {processor.py:161} INFO - Started process (PID=26199) to work on /home/airflow/.local/lib/python3.8/site-packages/airflow/example_dags/subdags/subdag.py
[2025-12-24T19:26:14.368+0000] {processor.py:830} INFO - Processing file /home/airflow/.local/lib/python3.8/site-packages/airflow/example_dags/subdags/subdag.py for tasks to queue
[2025-12-24T19:26:14.369+0000] {logging_mixin.py:188} INFO - [2025-12-24T19:26:14.368+0000] {dagbag.py:538} INFO - Filling up the DagBag from /home/airflow/.local/lib/python3.8/site-packages/airflow/example_dags/subdags/subdag.py
[2025-12-24T19:26:14.371+0000] {processor.py:842} WARNING - No viable dags retrieved from /home/airflow/.local/lib/python3.8/site-packages/airflow/example_dags/subdags/subdag.py
[2025-12-24T19:26:14.383+0000] {processor.py:183} INFO - Processing /home/airflow/.local/lib/python3.8/site-packages/airflow/example_dags/subdags/subdag.py took 0.019 seconds
[2025-12-24T19:26:44.712+0000] {processor.py:161} INFO - Started process (PID=26256) to work on /home/airflow/.local/lib/python3.8/site-packages/airflow/example_dags/subdags/subdag.py
[2025-12-24T19:26:44.713+0000] {processor.py:830} INFO - Processing file /home/airflow/.local/lib/python3.8/site-packages/airflow/example_dags/subdags/subdag.py for tasks to queue
[2025-12-24T19:26:44.714+0000] {logging_mixin.py:188} INFO - [2025-12-24T19:26:44.714+0000] {dagbag.py:538} INFO - Filling up the DagBag from /home/airflow/.local/lib/python3.8/site-packages/airflow/example_dags/subdags/subdag.py
[2025-12-24T19:26:44.717+0000] {processor.py:842} WARNING - No viable dags retrieved from /home/airflow/.local/lib/python3.8/site-packages/airflow/example_dags/subdags/subdag.py
[2025-12-24T19:26:44.731+0000] {processor.py:183} INFO - Processing /home/airflow/.local/lib/python3.8/site-packages/airflow/example_dags/subdags/subdag.py took 0.023 seconds
[2025-12-24T19:27:14.900+0000] {processor.py:161} INFO - Started process (PID=26313) to work on /home/airflow/.local/lib/python3.8/site-packages/airflow/example_dags/subdags/subdag.py
[2025-12-24T19:27:14.901+0000] {processor.py:830} INFO - Processing file /home/airflow/.local/lib/python3.8/site-packages/airflow/example_dags/subdags/subdag.py for tasks to queue
[2025-12-24T19:27:14.903+0000] {logging_mixin.py:188} INFO - [2025-12-24T19:27:14.902+0000] {dagbag.py:538} INFO - Filling up the DagBag from /home/airflow/.local/lib/python3.8/site-packages/airflow/example_dags/subdags/subdag.py
[2025-12-24T19:27:14.905+0000] {processor.py:842} WARNING - No viable dags retrieved from /home/airflow/.local/lib/python3.8/site-packages/airflow/example_dags/subdags/subdag.py
[2025-12-24T19:27:14.919+0000] {processor.py:183} INFO - Processing /home/airflow/.local/lib/python3.8/site-packages/airflow/example_dags/subdags/subdag.py took 0.023 seconds
[2025-12-24T19:27:45.335+0000] {processor.py:161} INFO - Started process (PID=26370) to work on /home/airflow/.local/lib/python3.8/site-packages/airflow/example_dags/subdags/subdag.py
[2025-12-24T19:27:45.336+0000] {processor.py:830} INFO - Processing file /home/airflow/.local/lib/python3.8/site-packages/airflow/example_dags/subdags/subdag.py for tasks to queue
[2025-12-24T19:27:45.337+0000] {logging_mixin.py:188} INFO - [2025-12-24T19:27:45.337+0000] {dagbag.py:538} INFO - Filling up the DagBag from /home/airflow/.local/lib/python3.8/site-packages/airflow/example_dags/subdags/subdag.py
[2025-12-24T19:27:45.339+0000] {processor.py:842} WARNING - No viable dags retrieved from /home/airflow/.local/lib/python3.8/site-packages/airflow/example_dags/subdags/subdag.py
[2025-12-24T19:27:45.353+0000] {processor.py:183} INFO - Processing /home/airflow/.local/lib/python3.8/site-packages/airflow/example_dags/subdags/subdag.py took 0.021 seconds
[2025-12-24T19:28:15.836+0000] {processor.py:161} INFO - Started process (PID=26426) to work on /home/airflow/.local/lib/python3.8/site-packages/airflow/example_dags/subdags/subdag.py
[2025-12-24T19:28:15.837+0000] {processor.py:830} INFO - Processing file /home/airflow/.local/lib/python3.8/site-packages/airflow/example_dags/subdags/subdag.py for tasks to queue
[2025-12-24T19:28:15.838+0000] {logging_mixin.py:188} INFO - [2025-12-24T19:28:15.837+0000] {dagbag.py:538} INFO - Filling up the DagBag from /home/airflow/.local/lib/python3.8/site-packages/airflow/example_dags/subdags/subdag.py
[2025-12-24T19:28:15.840+0000] {processor.py:842} WARNING - No viable dags retrieved from /home/airflow/.local/lib/python3.8/site-packages/airflow/example_dags/subdags/subdag.py
[2025-12-24T19:28:15.853+0000] {processor.py:183} INFO - Processing /home/airflow/.local/lib/python3.8/site-packages/airflow/example_dags/subdags/subdag.py took 0.021 seconds
[2025-12-24T19:28:46.151+0000] {processor.py:161} INFO - Started process (PID=26483) to work on /home/airflow/.local/lib/python3.8/site-packages/airflow/example_dags/subdags/subdag.py
[2025-12-24T19:28:46.152+0000] {processor.py:830} INFO - Processing file /home/airflow/.local/lib/python3.8/site-packages/airflow/example_dags/subdags/subdag.py for tasks to queue
[2025-12-24T19:28:46.153+0000] {logging_mixin.py:188} INFO - [2025-12-24T19:28:46.153+0000] {dagbag.py:538} INFO - Filling up the DagBag from /home/airflow/.local/lib/python3.8/site-packages/airflow/example_dags/subdags/subdag.py
[2025-12-24T19:28:46.155+0000] {processor.py:842} WARNING - No viable dags retrieved from /home/airflow/.local/lib/python3.8/site-packages/airflow/example_dags/subdags/subdag.py
[2025-12-24T19:28:46.168+0000] {processor.py:183} INFO - Processing /home/airflow/.local/lib/python3.8/site-packages/airflow/example_dags/subdags/subdag.py took 0.021 seconds
[2025-12-24T19:29:16.426+0000] {processor.py:161} INFO - Started process (PID=26540) to work on /home/airflow/.local/lib/python3.8/site-packages/airflow/example_dags/subdags/subdag.py
[2025-12-24T19:29:16.427+0000] {processor.py:830} INFO - Processing file /home/airflow/.local/lib/python3.8/site-packages/airflow/example_dags/subdags/subdag.py for tasks to queue
[2025-12-24T19:29:16.428+0000] {logging_mixin.py:188} INFO - [2025-12-24T19:29:16.427+0000] {dagbag.py:538} INFO - Filling up the DagBag from /home/airflow/.local/lib/python3.8/site-packages/airflow/example_dags/subdags/subdag.py
[2025-12-24T19:29:16.430+0000] {processor.py:842} WARNING - No viable dags retrieved from /home/airflow/.local/lib/python3.8/site-packages/airflow/example_dags/subdags/subdag.py
[2025-12-24T19:29:16.443+0000] {processor.py:183} INFO - Processing /home/airflow/.local/lib/python3.8/site-packages/airflow/example_dags/subdags/subdag.py took 0.020 seconds
[2025-12-24T19:29:46.937+0000] {processor.py:161} INFO - Started process (PID=26597) to work on /home/airflow/.local/lib/python3.8/site-packages/airflow/example_dags/subdags/subdag.py
[2025-12-24T19:29:46.939+0000] {processor.py:830} INFO - Processing file /home/airflow/.local/lib/python3.8/site-packages/airflow/example_dags/subdags/subdag.py for tasks to queue
[2025-12-24T19:29:46.940+0000] {logging_mixin.py:188} INFO - [2025-12-24T19:29:46.939+0000] {dagbag.py:538} INFO - Filling up the DagBag from /home/airflow/.local/lib/python3.8/site-packages/airflow/example_dags/subdags/subdag.py
[2025-12-24T19:29:46.942+0000] {processor.py:842} WARNING - No viable dags retrieved from /home/airflow/.local/lib/python3.8/site-packages/airflow/example_dags/subdags/subdag.py
[2025-12-24T19:29:46.957+0000] {processor.py:183} INFO - Processing /home/airflow/.local/lib/python3.8/site-packages/airflow/example_dags/subdags/subdag.py took 0.023 seconds
[2025-12-24T19:30:17.304+0000] {processor.py:161} INFO - Started process (PID=26654) to work on /home/airflow/.local/lib/python3.8/site-packages/airflow/example_dags/subdags/subdag.py
[2025-12-24T19:30:17.305+0000] {processor.py:830} INFO - Processing file /home/airflow/.local/lib/python3.8/site-packages/airflow/example_dags/subdags/subdag.py for tasks to queue
[2025-12-24T19:30:17.306+0000] {logging_mixin.py:188} INFO - [2025-12-24T19:30:17.306+0000] {dagbag.py:538} INFO - Filling up the DagBag from /home/airflow/.local/lib/python3.8/site-packages/airflow/example_dags/subdags/subdag.py
[2025-12-24T19:30:17.309+0000] {processor.py:842} WARNING - No viable dags retrieved from /home/airflow/.local/lib/python3.8/site-packages/airflow/example_dags/subdags/subdag.py
[2025-12-24T19:30:17.322+0000] {processor.py:183} INFO - Processing /home/airflow/.local/lib/python3.8/site-packages/airflow/example_dags/subdags/subdag.py took 0.022 seconds
[2025-12-24T19:30:47.490+0000] {processor.py:161} INFO - Started process (PID=26711) to work on /home/airflow/.local/lib/python3.8/site-packages/airflow/example_dags/subdags/subdag.py
[2025-12-24T19:30:47.492+0000] {processor.py:830} INFO - Processing file /home/airflow/.local/lib/python3.8/site-packages/airflow/example_dags/subdags/subdag.py for tasks to queue
[2025-12-24T19:30:47.493+0000] {logging_mixin.py:188} INFO - [2025-12-24T19:30:47.493+0000] {dagbag.py:538} INFO - Filling up the DagBag from /home/airflow/.local/lib/python3.8/site-packages/airflow/example_dags/subdags/subdag.py
[2025-12-24T19:30:47.497+0000] {processor.py:842} WARNING - No viable dags retrieved from /home/airflow/.local/lib/python3.8/site-packages/airflow/example_dags/subdags/subdag.py
[2025-12-24T19:30:47.513+0000] {processor.py:183} INFO - Processing /home/airflow/.local/lib/python3.8/site-packages/airflow/example_dags/subdags/subdag.py took 0.027 seconds
[2025-12-24T19:31:17.908+0000] {processor.py:161} INFO - Started process (PID=26767) to work on /home/airflow/.local/lib/python3.8/site-packages/airflow/example_dags/subdags/subdag.py
[2025-12-24T19:31:17.910+0000] {processor.py:830} INFO - Processing file /home/airflow/.local/lib/python3.8/site-packages/airflow/example_dags/subdags/subdag.py for tasks to queue
[2025-12-24T19:31:17.911+0000] {logging_mixin.py:188} INFO - [2025-12-24T19:31:17.910+0000] {dagbag.py:538} INFO - Filling up the DagBag from /home/airflow/.local/lib/python3.8/site-packages/airflow/example_dags/subdags/subdag.py
[2025-12-24T19:31:17.913+0000] {processor.py:842} WARNING - No viable dags retrieved from /home/airflow/.local/lib/python3.8/site-packages/airflow/example_dags/subdags/subdag.py
[2025-12-24T19:31:17.926+0000] {processor.py:183} INFO - Processing /home/airflow/.local/lib/python3.8/site-packages/airflow/example_dags/subdags/subdag.py took 0.021 seconds
[2025-12-24T19:31:48.328+0000] {processor.py:161} INFO - Started process (PID=26824) to work on /home/airflow/.local/lib/python3.8/site-packages/airflow/example_dags/subdags/subdag.py
[2025-12-24T19:31:48.330+0000] {processor.py:830} INFO - Processing file /home/airflow/.local/lib/python3.8/site-packages/airflow/example_dags/subdags/subdag.py for tasks to queue
[2025-12-24T19:31:48.332+0000] {logging_mixin.py:188} INFO - [2025-12-24T19:31:48.331+0000] {dagbag.py:538} INFO - Filling up the DagBag from /home/airflow/.local/lib/python3.8/site-packages/airflow/example_dags/subdags/subdag.py
[2025-12-24T19:31:48.337+0000] {processor.py:842} WARNING - No viable dags retrieved from /home/airflow/.local/lib/python3.8/site-packages/airflow/example_dags/subdags/subdag.py
[2025-12-24T19:31:48.353+0000] {processor.py:183} INFO - Processing /home/airflow/.local/lib/python3.8/site-packages/airflow/example_dags/subdags/subdag.py took 0.030 seconds
[2025-12-24T19:32:18.839+0000] {processor.py:161} INFO - Started process (PID=26881) to work on /home/airflow/.local/lib/python3.8/site-packages/airflow/example_dags/subdags/subdag.py
[2025-12-24T19:32:18.841+0000] {processor.py:830} INFO - Processing file /home/airflow/.local/lib/python3.8/site-packages/airflow/example_dags/subdags/subdag.py for tasks to queue
[2025-12-24T19:32:18.842+0000] {logging_mixin.py:188} INFO - [2025-12-24T19:32:18.842+0000] {dagbag.py:538} INFO - Filling up the DagBag from /home/airflow/.local/lib/python3.8/site-packages/airflow/example_dags/subdags/subdag.py
[2025-12-24T19:32:18.845+0000] {processor.py:842} WARNING - No viable dags retrieved from /home/airflow/.local/lib/python3.8/site-packages/airflow/example_dags/subdags/subdag.py
[2025-12-24T19:32:18.859+0000] {processor.py:183} INFO - Processing /home/airflow/.local/lib/python3.8/site-packages/airflow/example_dags/subdags/subdag.py took 0.024 seconds
[2025-12-24T19:32:49.077+0000] {processor.py:161} INFO - Started process (PID=26938) to work on /home/airflow/.local/lib/python3.8/site-packages/airflow/example_dags/subdags/subdag.py
[2025-12-24T19:32:49.078+0000] {processor.py:830} INFO - Processing file /home/airflow/.local/lib/python3.8/site-packages/airflow/example_dags/subdags/subdag.py for tasks to queue
[2025-12-24T19:32:49.080+0000] {logging_mixin.py:188} INFO - [2025-12-24T19:32:49.079+0000] {dagbag.py:538} INFO - Filling up the DagBag from /home/airflow/.local/lib/python3.8/site-packages/airflow/example_dags/subdags/subdag.py
[2025-12-24T19:32:49.083+0000] {processor.py:842} WARNING - No viable dags retrieved from /home/airflow/.local/lib/python3.8/site-packages/airflow/example_dags/subdags/subdag.py
[2025-12-24T19:32:49.101+0000] {processor.py:183} INFO - Processing /home/airflow/.local/lib/python3.8/site-packages/airflow/example_dags/subdags/subdag.py took 0.028 seconds
[2025-12-24T19:33:19.634+0000] {processor.py:161} INFO - Started process (PID=26995) to work on /home/airflow/.local/lib/python3.8/site-packages/airflow/example_dags/subdags/subdag.py
[2025-12-24T19:33:19.635+0000] {processor.py:830} INFO - Processing file /home/airflow/.local/lib/python3.8/site-packages/airflow/example_dags/subdags/subdag.py for tasks to queue
[2025-12-24T19:33:19.636+0000] {logging_mixin.py:188} INFO - [2025-12-24T19:33:19.636+0000] {dagbag.py:538} INFO - Filling up the DagBag from /home/airflow/.local/lib/python3.8/site-packages/airflow/example_dags/subdags/subdag.py
[2025-12-24T19:33:19.641+0000] {processor.py:842} WARNING - No viable dags retrieved from /home/airflow/.local/lib/python3.8/site-packages/airflow/example_dags/subdags/subdag.py
[2025-12-24T19:33:19.654+0000] {processor.py:183} INFO - Processing /home/airflow/.local/lib/python3.8/site-packages/airflow/example_dags/subdags/subdag.py took 0.024 seconds
[2025-12-24T19:33:49.867+0000] {processor.py:161} INFO - Started process (PID=27052) to work on /home/airflow/.local/lib/python3.8/site-packages/airflow/example_dags/subdags/subdag.py
[2025-12-24T19:33:49.868+0000] {processor.py:830} INFO - Processing file /home/airflow/.local/lib/python3.8/site-packages/airflow/example_dags/subdags/subdag.py for tasks to queue
[2025-12-24T19:33:49.869+0000] {logging_mixin.py:188} INFO - [2025-12-24T19:33:49.869+0000] {dagbag.py:538} INFO - Filling up the DagBag from /home/airflow/.local/lib/python3.8/site-packages/airflow/example_dags/subdags/subdag.py
[2025-12-24T19:33:49.872+0000] {processor.py:842} WARNING - No viable dags retrieved from /home/airflow/.local/lib/python3.8/site-packages/airflow/example_dags/subdags/subdag.py
[2025-12-24T19:33:49.884+0000] {processor.py:183} INFO - Processing /home/airflow/.local/lib/python3.8/site-packages/airflow/example_dags/subdags/subdag.py took 0.020 seconds
[2025-12-24T19:34:20.134+0000] {processor.py:161} INFO - Started process (PID=27110) to work on /home/airflow/.local/lib/python3.8/site-packages/airflow/example_dags/subdags/subdag.py
[2025-12-24T19:34:20.135+0000] {processor.py:830} INFO - Processing file /home/airflow/.local/lib/python3.8/site-packages/airflow/example_dags/subdags/subdag.py for tasks to queue
[2025-12-24T19:34:20.137+0000] {logging_mixin.py:188} INFO - [2025-12-24T19:34:20.136+0000] {dagbag.py:538} INFO - Filling up the DagBag from /home/airflow/.local/lib/python3.8/site-packages/airflow/example_dags/subdags/subdag.py
[2025-12-24T19:34:20.139+0000] {processor.py:842} WARNING - No viable dags retrieved from /home/airflow/.local/lib/python3.8/site-packages/airflow/example_dags/subdags/subdag.py
[2025-12-24T19:34:20.152+0000] {processor.py:183} INFO - Processing /home/airflow/.local/lib/python3.8/site-packages/airflow/example_dags/subdags/subdag.py took 0.021 seconds
[2025-12-24T19:34:50.625+0000] {processor.py:161} INFO - Started process (PID=27167) to work on /home/airflow/.local/lib/python3.8/site-packages/airflow/example_dags/subdags/subdag.py
[2025-12-24T19:34:50.626+0000] {processor.py:830} INFO - Processing file /home/airflow/.local/lib/python3.8/site-packages/airflow/example_dags/subdags/subdag.py for tasks to queue
[2025-12-24T19:34:50.627+0000] {logging_mixin.py:188} INFO - [2025-12-24T19:34:50.627+0000] {dagbag.py:538} INFO - Filling up the DagBag from /home/airflow/.local/lib/python3.8/site-packages/airflow/example_dags/subdags/subdag.py
[2025-12-24T19:34:50.629+0000] {processor.py:842} WARNING - No viable dags retrieved from /home/airflow/.local/lib/python3.8/site-packages/airflow/example_dags/subdags/subdag.py
[2025-12-24T19:34:50.642+0000] {processor.py:183} INFO - Processing /home/airflow/.local/lib/python3.8/site-packages/airflow/example_dags/subdags/subdag.py took 0.020 seconds
[2025-12-24T19:35:21.170+0000] {processor.py:161} INFO - Started process (PID=27230) to work on /home/airflow/.local/lib/python3.8/site-packages/airflow/example_dags/subdags/subdag.py
[2025-12-24T19:35:21.171+0000] {processor.py:830} INFO - Processing file /home/airflow/.local/lib/python3.8/site-packages/airflow/example_dags/subdags/subdag.py for tasks to queue
[2025-12-24T19:35:21.172+0000] {logging_mixin.py:188} INFO - [2025-12-24T19:35:21.172+0000] {dagbag.py:538} INFO - Filling up the DagBag from /home/airflow/.local/lib/python3.8/site-packages/airflow/example_dags/subdags/subdag.py
[2025-12-24T19:35:21.175+0000] {processor.py:842} WARNING - No viable dags retrieved from /home/airflow/.local/lib/python3.8/site-packages/airflow/example_dags/subdags/subdag.py
[2025-12-24T19:35:21.189+0000] {processor.py:183} INFO - Processing /home/airflow/.local/lib/python3.8/site-packages/airflow/example_dags/subdags/subdag.py took 0.024 seconds
[2025-12-24T19:35:51.855+0000] {processor.py:161} INFO - Started process (PID=27287) to work on /home/airflow/.local/lib/python3.8/site-packages/airflow/example_dags/subdags/subdag.py
[2025-12-24T19:35:51.856+0000] {processor.py:830} INFO - Processing file /home/airflow/.local/lib/python3.8/site-packages/airflow/example_dags/subdags/subdag.py for tasks to queue
[2025-12-24T19:35:51.857+0000] {logging_mixin.py:188} INFO - [2025-12-24T19:35:51.857+0000] {dagbag.py:538} INFO - Filling up the DagBag from /home/airflow/.local/lib/python3.8/site-packages/airflow/example_dags/subdags/subdag.py
[2025-12-24T19:35:51.860+0000] {processor.py:842} WARNING - No viable dags retrieved from /home/airflow/.local/lib/python3.8/site-packages/airflow/example_dags/subdags/subdag.py
[2025-12-24T19:35:51.873+0000] {processor.py:183} INFO - Processing /home/airflow/.local/lib/python3.8/site-packages/airflow/example_dags/subdags/subdag.py took 0.021 seconds
[2025-12-24T19:36:22.510+0000] {processor.py:161} INFO - Started process (PID=27344) to work on /home/airflow/.local/lib/python3.8/site-packages/airflow/example_dags/subdags/subdag.py
[2025-12-24T19:36:22.512+0000] {processor.py:830} INFO - Processing file /home/airflow/.local/lib/python3.8/site-packages/airflow/example_dags/subdags/subdag.py for tasks to queue
[2025-12-24T19:36:22.513+0000] {logging_mixin.py:188} INFO - [2025-12-24T19:36:22.513+0000] {dagbag.py:538} INFO - Filling up the DagBag from /home/airflow/.local/lib/python3.8/site-packages/airflow/example_dags/subdags/subdag.py
[2025-12-24T19:36:22.516+0000] {processor.py:842} WARNING - No viable dags retrieved from /home/airflow/.local/lib/python3.8/site-packages/airflow/example_dags/subdags/subdag.py
[2025-12-24T19:36:22.530+0000] {processor.py:183} INFO - Processing /home/airflow/.local/lib/python3.8/site-packages/airflow/example_dags/subdags/subdag.py took 0.024 seconds
[2025-12-24T19:36:53.022+0000] {processor.py:161} INFO - Started process (PID=27401) to work on /home/airflow/.local/lib/python3.8/site-packages/airflow/example_dags/subdags/subdag.py
[2025-12-24T19:36:53.023+0000] {processor.py:830} INFO - Processing file /home/airflow/.local/lib/python3.8/site-packages/airflow/example_dags/subdags/subdag.py for tasks to queue
[2025-12-24T19:36:53.024+0000] {logging_mixin.py:188} INFO - [2025-12-24T19:36:53.024+0000] {dagbag.py:538} INFO - Filling up the DagBag from /home/airflow/.local/lib/python3.8/site-packages/airflow/example_dags/subdags/subdag.py
[2025-12-24T19:36:53.027+0000] {processor.py:842} WARNING - No viable dags retrieved from /home/airflow/.local/lib/python3.8/site-packages/airflow/example_dags/subdags/subdag.py
[2025-12-24T19:36:53.039+0000] {processor.py:183} INFO - Processing /home/airflow/.local/lib/python3.8/site-packages/airflow/example_dags/subdags/subdag.py took 0.020 seconds
[2025-12-24T19:37:23.137+0000] {processor.py:161} INFO - Started process (PID=27458) to work on /home/airflow/.local/lib/python3.8/site-packages/airflow/example_dags/subdags/subdag.py
[2025-12-24T19:37:23.138+0000] {processor.py:830} INFO - Processing file /home/airflow/.local/lib/python3.8/site-packages/airflow/example_dags/subdags/subdag.py for tasks to queue
[2025-12-24T19:37:23.139+0000] {logging_mixin.py:188} INFO - [2025-12-24T19:37:23.139+0000] {dagbag.py:538} INFO - Filling up the DagBag from /home/airflow/.local/lib/python3.8/site-packages/airflow/example_dags/subdags/subdag.py
[2025-12-24T19:37:23.141+0000] {processor.py:842} WARNING - No viable dags retrieved from /home/airflow/.local/lib/python3.8/site-packages/airflow/example_dags/subdags/subdag.py
[2025-12-24T19:37:23.156+0000] {processor.py:183} INFO - Processing /home/airflow/.local/lib/python3.8/site-packages/airflow/example_dags/subdags/subdag.py took 0.023 seconds
[2025-12-24T19:37:53.628+0000] {processor.py:161} INFO - Started process (PID=27515) to work on /home/airflow/.local/lib/python3.8/site-packages/airflow/example_dags/subdags/subdag.py
[2025-12-24T19:37:53.629+0000] {processor.py:830} INFO - Processing file /home/airflow/.local/lib/python3.8/site-packages/airflow/example_dags/subdags/subdag.py for tasks to queue
[2025-12-24T19:37:53.630+0000] {logging_mixin.py:188} INFO - [2025-12-24T19:37:53.630+0000] {dagbag.py:538} INFO - Filling up the DagBag from /home/airflow/.local/lib/python3.8/site-packages/airflow/example_dags/subdags/subdag.py
[2025-12-24T19:37:53.633+0000] {processor.py:842} WARNING - No viable dags retrieved from /home/airflow/.local/lib/python3.8/site-packages/airflow/example_dags/subdags/subdag.py
[2025-12-24T19:37:53.647+0000] {processor.py:183} INFO - Processing /home/airflow/.local/lib/python3.8/site-packages/airflow/example_dags/subdags/subdag.py took 0.023 seconds
[2025-12-24T19:38:24.248+0000] {processor.py:161} INFO - Started process (PID=27573) to work on /home/airflow/.local/lib/python3.8/site-packages/airflow/example_dags/subdags/subdag.py
[2025-12-24T19:38:24.249+0000] {processor.py:830} INFO - Processing file /home/airflow/.local/lib/python3.8/site-packages/airflow/example_dags/subdags/subdag.py for tasks to queue
[2025-12-24T19:38:24.250+0000] {logging_mixin.py:188} INFO - [2025-12-24T19:38:24.250+0000] {dagbag.py:538} INFO - Filling up the DagBag from /home/airflow/.local/lib/python3.8/site-packages/airflow/example_dags/subdags/subdag.py
[2025-12-24T19:38:24.254+0000] {processor.py:842} WARNING - No viable dags retrieved from /home/airflow/.local/lib/python3.8/site-packages/airflow/example_dags/subdags/subdag.py
[2025-12-24T19:38:24.269+0000] {processor.py:183} INFO - Processing /home/airflow/.local/lib/python3.8/site-packages/airflow/example_dags/subdags/subdag.py took 0.025 seconds
[2025-12-24T19:38:54.493+0000] {processor.py:161} INFO - Started process (PID=27630) to work on /home/airflow/.local/lib/python3.8/site-packages/airflow/example_dags/subdags/subdag.py
[2025-12-24T19:38:54.495+0000] {processor.py:830} INFO - Processing file /home/airflow/.local/lib/python3.8/site-packages/airflow/example_dags/subdags/subdag.py for tasks to queue
[2025-12-24T19:38:54.496+0000] {logging_mixin.py:188} INFO - [2025-12-24T19:38:54.496+0000] {dagbag.py:538} INFO - Filling up the DagBag from /home/airflow/.local/lib/python3.8/site-packages/airflow/example_dags/subdags/subdag.py
[2025-12-24T19:38:54.499+0000] {processor.py:842} WARNING - No viable dags retrieved from /home/airflow/.local/lib/python3.8/site-packages/airflow/example_dags/subdags/subdag.py
[2025-12-24T19:38:54.515+0000] {processor.py:183} INFO - Processing /home/airflow/.local/lib/python3.8/site-packages/airflow/example_dags/subdags/subdag.py took 0.025 seconds
[2025-12-24T19:39:24.878+0000] {processor.py:161} INFO - Started process (PID=27687) to work on /home/airflow/.local/lib/python3.8/site-packages/airflow/example_dags/subdags/subdag.py
[2025-12-24T19:39:24.879+0000] {processor.py:830} INFO - Processing file /home/airflow/.local/lib/python3.8/site-packages/airflow/example_dags/subdags/subdag.py for tasks to queue
[2025-12-24T19:39:24.880+0000] {logging_mixin.py:188} INFO - [2025-12-24T19:39:24.879+0000] {dagbag.py:538} INFO - Filling up the DagBag from /home/airflow/.local/lib/python3.8/site-packages/airflow/example_dags/subdags/subdag.py
[2025-12-24T19:39:24.882+0000] {processor.py:842} WARNING - No viable dags retrieved from /home/airflow/.local/lib/python3.8/site-packages/airflow/example_dags/subdags/subdag.py
[2025-12-24T19:39:24.894+0000] {processor.py:183} INFO - Processing /home/airflow/.local/lib/python3.8/site-packages/airflow/example_dags/subdags/subdag.py took 0.020 seconds
[2025-12-24T19:39:55.540+0000] {processor.py:161} INFO - Started process (PID=27744) to work on /home/airflow/.local/lib/python3.8/site-packages/airflow/example_dags/subdags/subdag.py
[2025-12-24T19:39:55.542+0000] {processor.py:830} INFO - Processing file /home/airflow/.local/lib/python3.8/site-packages/airflow/example_dags/subdags/subdag.py for tasks to queue
[2025-12-24T19:39:55.543+0000] {logging_mixin.py:188} INFO - [2025-12-24T19:39:55.543+0000] {dagbag.py:538} INFO - Filling up the DagBag from /home/airflow/.local/lib/python3.8/site-packages/airflow/example_dags/subdags/subdag.py
[2025-12-24T19:39:55.546+0000] {processor.py:842} WARNING - No viable dags retrieved from /home/airflow/.local/lib/python3.8/site-packages/airflow/example_dags/subdags/subdag.py
[2025-12-24T19:39:55.560+0000] {processor.py:183} INFO - Processing /home/airflow/.local/lib/python3.8/site-packages/airflow/example_dags/subdags/subdag.py took 0.024 seconds
[2025-12-24T19:40:25.813+0000] {processor.py:161} INFO - Started process (PID=27801) to work on /home/airflow/.local/lib/python3.8/site-packages/airflow/example_dags/subdags/subdag.py
[2025-12-24T19:40:25.814+0000] {processor.py:830} INFO - Processing file /home/airflow/.local/lib/python3.8/site-packages/airflow/example_dags/subdags/subdag.py for tasks to queue
[2025-12-24T19:40:25.815+0000] {logging_mixin.py:188} INFO - [2025-12-24T19:40:25.815+0000] {dagbag.py:538} INFO - Filling up the DagBag from /home/airflow/.local/lib/python3.8/site-packages/airflow/example_dags/subdags/subdag.py
[2025-12-24T19:40:25.818+0000] {processor.py:842} WARNING - No viable dags retrieved from /home/airflow/.local/lib/python3.8/site-packages/airflow/example_dags/subdags/subdag.py
[2025-12-24T19:40:25.830+0000] {processor.py:183} INFO - Processing /home/airflow/.local/lib/python3.8/site-packages/airflow/example_dags/subdags/subdag.py took 0.021 seconds
[2025-12-24T19:40:56.728+0000] {processor.py:161} INFO - Started process (PID=27858) to work on /home/airflow/.local/lib/python3.8/site-packages/airflow/example_dags/subdags/subdag.py
[2025-12-24T19:40:56.729+0000] {processor.py:830} INFO - Processing file /home/airflow/.local/lib/python3.8/site-packages/airflow/example_dags/subdags/subdag.py for tasks to queue
[2025-12-24T19:40:56.730+0000] {logging_mixin.py:188} INFO - [2025-12-24T19:40:56.730+0000] {dagbag.py:538} INFO - Filling up the DagBag from /home/airflow/.local/lib/python3.8/site-packages/airflow/example_dags/subdags/subdag.py
[2025-12-24T19:40:56.733+0000] {processor.py:842} WARNING - No viable dags retrieved from /home/airflow/.local/lib/python3.8/site-packages/airflow/example_dags/subdags/subdag.py
[2025-12-24T19:40:56.746+0000] {processor.py:183} INFO - Processing /home/airflow/.local/lib/python3.8/site-packages/airflow/example_dags/subdags/subdag.py took 0.022 seconds
[2025-12-24T19:41:27.102+0000] {processor.py:161} INFO - Started process (PID=27915) to work on /home/airflow/.local/lib/python3.8/site-packages/airflow/example_dags/subdags/subdag.py
[2025-12-24T19:41:27.104+0000] {processor.py:830} INFO - Processing file /home/airflow/.local/lib/python3.8/site-packages/airflow/example_dags/subdags/subdag.py for tasks to queue
[2025-12-24T19:41:27.106+0000] {logging_mixin.py:188} INFO - [2025-12-24T19:41:27.106+0000] {dagbag.py:538} INFO - Filling up the DagBag from /home/airflow/.local/lib/python3.8/site-packages/airflow/example_dags/subdags/subdag.py
[2025-12-24T19:41:27.109+0000] {processor.py:842} WARNING - No viable dags retrieved from /home/airflow/.local/lib/python3.8/site-packages/airflow/example_dags/subdags/subdag.py
[2025-12-24T19:41:27.126+0000] {processor.py:183} INFO - Processing /home/airflow/.local/lib/python3.8/site-packages/airflow/example_dags/subdags/subdag.py took 0.030 seconds
[2025-12-24T19:41:57.384+0000] {processor.py:161} INFO - Started process (PID=27972) to work on /home/airflow/.local/lib/python3.8/site-packages/airflow/example_dags/subdags/subdag.py
[2025-12-24T19:41:57.385+0000] {processor.py:830} INFO - Processing file /home/airflow/.local/lib/python3.8/site-packages/airflow/example_dags/subdags/subdag.py for tasks to queue
[2025-12-24T19:41:57.386+0000] {logging_mixin.py:188} INFO - [2025-12-24T19:41:57.385+0000] {dagbag.py:538} INFO - Filling up the DagBag from /home/airflow/.local/lib/python3.8/site-packages/airflow/example_dags/subdags/subdag.py
[2025-12-24T19:41:57.388+0000] {processor.py:842} WARNING - No viable dags retrieved from /home/airflow/.local/lib/python3.8/site-packages/airflow/example_dags/subdags/subdag.py
[2025-12-24T19:41:57.402+0000] {processor.py:183} INFO - Processing /home/airflow/.local/lib/python3.8/site-packages/airflow/example_dags/subdags/subdag.py took 0.022 seconds
[2025-12-24T19:42:27.949+0000] {processor.py:161} INFO - Started process (PID=28029) to work on /home/airflow/.local/lib/python3.8/site-packages/airflow/example_dags/subdags/subdag.py
[2025-12-24T19:42:27.950+0000] {processor.py:830} INFO - Processing file /home/airflow/.local/lib/python3.8/site-packages/airflow/example_dags/subdags/subdag.py for tasks to queue
[2025-12-24T19:42:27.951+0000] {logging_mixin.py:188} INFO - [2025-12-24T19:42:27.951+0000] {dagbag.py:538} INFO - Filling up the DagBag from /home/airflow/.local/lib/python3.8/site-packages/airflow/example_dags/subdags/subdag.py
[2025-12-24T19:42:27.955+0000] {processor.py:842} WARNING - No viable dags retrieved from /home/airflow/.local/lib/python3.8/site-packages/airflow/example_dags/subdags/subdag.py
[2025-12-24T19:42:27.973+0000] {processor.py:183} INFO - Processing /home/airflow/.local/lib/python3.8/site-packages/airflow/example_dags/subdags/subdag.py took 0.028 seconds
[2025-12-24T19:42:58.426+0000] {processor.py:161} INFO - Started process (PID=28086) to work on /home/airflow/.local/lib/python3.8/site-packages/airflow/example_dags/subdags/subdag.py
[2025-12-24T19:42:58.428+0000] {processor.py:830} INFO - Processing file /home/airflow/.local/lib/python3.8/site-packages/airflow/example_dags/subdags/subdag.py for tasks to queue
[2025-12-24T19:42:58.429+0000] {logging_mixin.py:188} INFO - [2025-12-24T19:42:58.429+0000] {dagbag.py:538} INFO - Filling up the DagBag from /home/airflow/.local/lib/python3.8/site-packages/airflow/example_dags/subdags/subdag.py
[2025-12-24T19:42:58.432+0000] {processor.py:842} WARNING - No viable dags retrieved from /home/airflow/.local/lib/python3.8/site-packages/airflow/example_dags/subdags/subdag.py
[2025-12-24T19:42:58.446+0000] {processor.py:183} INFO - Processing /home/airflow/.local/lib/python3.8/site-packages/airflow/example_dags/subdags/subdag.py took 0.023 seconds
[2025-12-24T19:43:28.779+0000] {processor.py:161} INFO - Started process (PID=28143) to work on /home/airflow/.local/lib/python3.8/site-packages/airflow/example_dags/subdags/subdag.py
[2025-12-24T19:43:28.780+0000] {processor.py:830} INFO - Processing file /home/airflow/.local/lib/python3.8/site-packages/airflow/example_dags/subdags/subdag.py for tasks to queue
[2025-12-24T19:43:28.781+0000] {logging_mixin.py:188} INFO - [2025-12-24T19:43:28.781+0000] {dagbag.py:538} INFO - Filling up the DagBag from /home/airflow/.local/lib/python3.8/site-packages/airflow/example_dags/subdags/subdag.py
[2025-12-24T19:43:28.784+0000] {processor.py:842} WARNING - No viable dags retrieved from /home/airflow/.local/lib/python3.8/site-packages/airflow/example_dags/subdags/subdag.py
[2025-12-24T19:43:28.802+0000] {processor.py:183} INFO - Processing /home/airflow/.local/lib/python3.8/site-packages/airflow/example_dags/subdags/subdag.py took 0.027 seconds
[2025-12-24T19:43:59.198+0000] {processor.py:161} INFO - Started process (PID=28200) to work on /home/airflow/.local/lib/python3.8/site-packages/airflow/example_dags/subdags/subdag.py
[2025-12-24T19:43:59.200+0000] {processor.py:830} INFO - Processing file /home/airflow/.local/lib/python3.8/site-packages/airflow/example_dags/subdags/subdag.py for tasks to queue
[2025-12-24T19:43:59.201+0000] {logging_mixin.py:188} INFO - [2025-12-24T19:43:59.201+0000] {dagbag.py:538} INFO - Filling up the DagBag from /home/airflow/.local/lib/python3.8/site-packages/airflow/example_dags/subdags/subdag.py
[2025-12-24T19:43:59.204+0000] {processor.py:842} WARNING - No viable dags retrieved from /home/airflow/.local/lib/python3.8/site-packages/airflow/example_dags/subdags/subdag.py
[2025-12-24T19:43:59.222+0000] {processor.py:183} INFO - Processing /home/airflow/.local/lib/python3.8/site-packages/airflow/example_dags/subdags/subdag.py took 0.028 seconds
[2025-12-24T19:44:29.582+0000] {processor.py:161} INFO - Started process (PID=28257) to work on /home/airflow/.local/lib/python3.8/site-packages/airflow/example_dags/subdags/subdag.py
[2025-12-24T19:44:29.583+0000] {processor.py:830} INFO - Processing file /home/airflow/.local/lib/python3.8/site-packages/airflow/example_dags/subdags/subdag.py for tasks to queue
[2025-12-24T19:44:29.584+0000] {logging_mixin.py:188} INFO - [2025-12-24T19:44:29.584+0000] {dagbag.py:538} INFO - Filling up the DagBag from /home/airflow/.local/lib/python3.8/site-packages/airflow/example_dags/subdags/subdag.py
[2025-12-24T19:44:29.587+0000] {processor.py:842} WARNING - No viable dags retrieved from /home/airflow/.local/lib/python3.8/site-packages/airflow/example_dags/subdags/subdag.py
[2025-12-24T19:44:29.602+0000] {processor.py:183} INFO - Processing /home/airflow/.local/lib/python3.8/site-packages/airflow/example_dags/subdags/subdag.py took 0.025 seconds
[2025-12-24T19:45:00.189+0000] {processor.py:161} INFO - Started process (PID=28314) to work on /home/airflow/.local/lib/python3.8/site-packages/airflow/example_dags/subdags/subdag.py
[2025-12-24T19:45:00.190+0000] {processor.py:830} INFO - Processing file /home/airflow/.local/lib/python3.8/site-packages/airflow/example_dags/subdags/subdag.py for tasks to queue
[2025-12-24T19:45:00.191+0000] {logging_mixin.py:188} INFO - [2025-12-24T19:45:00.191+0000] {dagbag.py:538} INFO - Filling up the DagBag from /home/airflow/.local/lib/python3.8/site-packages/airflow/example_dags/subdags/subdag.py
[2025-12-24T19:45:00.193+0000] {processor.py:842} WARNING - No viable dags retrieved from /home/airflow/.local/lib/python3.8/site-packages/airflow/example_dags/subdags/subdag.py
[2025-12-24T19:45:00.207+0000] {processor.py:183} INFO - Processing /home/airflow/.local/lib/python3.8/site-packages/airflow/example_dags/subdags/subdag.py took 0.021 seconds
[2025-12-24T19:45:30.612+0000] {processor.py:161} INFO - Started process (PID=28371) to work on /home/airflow/.local/lib/python3.8/site-packages/airflow/example_dags/subdags/subdag.py
[2025-12-24T19:45:30.613+0000] {processor.py:830} INFO - Processing file /home/airflow/.local/lib/python3.8/site-packages/airflow/example_dags/subdags/subdag.py for tasks to queue
[2025-12-24T19:45:30.614+0000] {logging_mixin.py:188} INFO - [2025-12-24T19:45:30.613+0000] {dagbag.py:538} INFO - Filling up the DagBag from /home/airflow/.local/lib/python3.8/site-packages/airflow/example_dags/subdags/subdag.py
[2025-12-24T19:45:30.616+0000] {processor.py:842} WARNING - No viable dags retrieved from /home/airflow/.local/lib/python3.8/site-packages/airflow/example_dags/subdags/subdag.py
[2025-12-24T19:45:30.629+0000] {processor.py:183} INFO - Processing /home/airflow/.local/lib/python3.8/site-packages/airflow/example_dags/subdags/subdag.py took 0.020 seconds
[2025-12-24T19:46:00.936+0000] {processor.py:161} INFO - Started process (PID=28428) to work on /home/airflow/.local/lib/python3.8/site-packages/airflow/example_dags/subdags/subdag.py
[2025-12-24T19:46:00.937+0000] {processor.py:830} INFO - Processing file /home/airflow/.local/lib/python3.8/site-packages/airflow/example_dags/subdags/subdag.py for tasks to queue
[2025-12-24T19:46:00.938+0000] {logging_mixin.py:188} INFO - [2025-12-24T19:46:00.938+0000] {dagbag.py:538} INFO - Filling up the DagBag from /home/airflow/.local/lib/python3.8/site-packages/airflow/example_dags/subdags/subdag.py
[2025-12-24T19:46:00.940+0000] {processor.py:842} WARNING - No viable dags retrieved from /home/airflow/.local/lib/python3.8/site-packages/airflow/example_dags/subdags/subdag.py
[2025-12-24T19:46:00.954+0000] {processor.py:183} INFO - Processing /home/airflow/.local/lib/python3.8/site-packages/airflow/example_dags/subdags/subdag.py took 0.020 seconds
[2025-12-24T19:46:31.455+0000] {processor.py:161} INFO - Started process (PID=28485) to work on /home/airflow/.local/lib/python3.8/site-packages/airflow/example_dags/subdags/subdag.py
[2025-12-24T19:46:31.456+0000] {processor.py:830} INFO - Processing file /home/airflow/.local/lib/python3.8/site-packages/airflow/example_dags/subdags/subdag.py for tasks to queue
[2025-12-24T19:46:31.457+0000] {logging_mixin.py:188} INFO - [2025-12-24T19:46:31.457+0000] {dagbag.py:538} INFO - Filling up the DagBag from /home/airflow/.local/lib/python3.8/site-packages/airflow/example_dags/subdags/subdag.py
[2025-12-24T19:46:31.460+0000] {processor.py:842} WARNING - No viable dags retrieved from /home/airflow/.local/lib/python3.8/site-packages/airflow/example_dags/subdags/subdag.py
[2025-12-24T19:46:31.473+0000] {processor.py:183} INFO - Processing /home/airflow/.local/lib/python3.8/site-packages/airflow/example_dags/subdags/subdag.py took 0.021 seconds
[2025-12-24T19:47:01.641+0000] {processor.py:161} INFO - Started process (PID=28542) to work on /home/airflow/.local/lib/python3.8/site-packages/airflow/example_dags/subdags/subdag.py
[2025-12-24T19:47:01.642+0000] {processor.py:830} INFO - Processing file /home/airflow/.local/lib/python3.8/site-packages/airflow/example_dags/subdags/subdag.py for tasks to queue
[2025-12-24T19:47:01.643+0000] {logging_mixin.py:188} INFO - [2025-12-24T19:47:01.643+0000] {dagbag.py:538} INFO - Filling up the DagBag from /home/airflow/.local/lib/python3.8/site-packages/airflow/example_dags/subdags/subdag.py
[2025-12-24T19:47:01.646+0000] {processor.py:842} WARNING - No viable dags retrieved from /home/airflow/.local/lib/python3.8/site-packages/airflow/example_dags/subdags/subdag.py
[2025-12-24T19:47:01.662+0000] {processor.py:183} INFO - Processing /home/airflow/.local/lib/python3.8/site-packages/airflow/example_dags/subdags/subdag.py took 0.025 seconds
[2025-12-24T19:47:32.208+0000] {processor.py:161} INFO - Started process (PID=28600) to work on /home/airflow/.local/lib/python3.8/site-packages/airflow/example_dags/subdags/subdag.py
[2025-12-24T19:47:32.209+0000] {processor.py:830} INFO - Processing file /home/airflow/.local/lib/python3.8/site-packages/airflow/example_dags/subdags/subdag.py for tasks to queue
[2025-12-24T19:47:32.210+0000] {logging_mixin.py:188} INFO - [2025-12-24T19:47:32.210+0000] {dagbag.py:538} INFO - Filling up the DagBag from /home/airflow/.local/lib/python3.8/site-packages/airflow/example_dags/subdags/subdag.py
[2025-12-24T19:47:32.213+0000] {processor.py:842} WARNING - No viable dags retrieved from /home/airflow/.local/lib/python3.8/site-packages/airflow/example_dags/subdags/subdag.py
[2025-12-24T19:47:32.228+0000] {processor.py:183} INFO - Processing /home/airflow/.local/lib/python3.8/site-packages/airflow/example_dags/subdags/subdag.py took 0.024 seconds
[2025-12-24T19:48:02.715+0000] {processor.py:161} INFO - Started process (PID=28657) to work on /home/airflow/.local/lib/python3.8/site-packages/airflow/example_dags/subdags/subdag.py
[2025-12-24T19:48:02.717+0000] {processor.py:830} INFO - Processing file /home/airflow/.local/lib/python3.8/site-packages/airflow/example_dags/subdags/subdag.py for tasks to queue
[2025-12-24T19:48:02.718+0000] {logging_mixin.py:188} INFO - [2025-12-24T19:48:02.717+0000] {dagbag.py:538} INFO - Filling up the DagBag from /home/airflow/.local/lib/python3.8/site-packages/airflow/example_dags/subdags/subdag.py
[2025-12-24T19:48:02.720+0000] {processor.py:842} WARNING - No viable dags retrieved from /home/airflow/.local/lib/python3.8/site-packages/airflow/example_dags/subdags/subdag.py
[2025-12-24T19:48:02.734+0000] {processor.py:183} INFO - Processing /home/airflow/.local/lib/python3.8/site-packages/airflow/example_dags/subdags/subdag.py took 0.022 seconds
[2025-12-24T19:48:33.130+0000] {processor.py:161} INFO - Started process (PID=28714) to work on /home/airflow/.local/lib/python3.8/site-packages/airflow/example_dags/subdags/subdag.py
[2025-12-24T19:48:33.131+0000] {processor.py:830} INFO - Processing file /home/airflow/.local/lib/python3.8/site-packages/airflow/example_dags/subdags/subdag.py for tasks to queue
[2025-12-24T19:48:33.132+0000] {logging_mixin.py:188} INFO - [2025-12-24T19:48:33.131+0000] {dagbag.py:538} INFO - Filling up the DagBag from /home/airflow/.local/lib/python3.8/site-packages/airflow/example_dags/subdags/subdag.py
[2025-12-24T19:48:33.135+0000] {processor.py:842} WARNING - No viable dags retrieved from /home/airflow/.local/lib/python3.8/site-packages/airflow/example_dags/subdags/subdag.py
[2025-12-24T19:48:33.148+0000] {processor.py:183} INFO - Processing /home/airflow/.local/lib/python3.8/site-packages/airflow/example_dags/subdags/subdag.py took 0.022 seconds
[2025-12-24T19:49:03.509+0000] {processor.py:161} INFO - Started process (PID=28771) to work on /home/airflow/.local/lib/python3.8/site-packages/airflow/example_dags/subdags/subdag.py
[2025-12-24T19:49:03.510+0000] {processor.py:830} INFO - Processing file /home/airflow/.local/lib/python3.8/site-packages/airflow/example_dags/subdags/subdag.py for tasks to queue
[2025-12-24T19:49:03.511+0000] {logging_mixin.py:188} INFO - [2025-12-24T19:49:03.511+0000] {dagbag.py:538} INFO - Filling up the DagBag from /home/airflow/.local/lib/python3.8/site-packages/airflow/example_dags/subdags/subdag.py
[2025-12-24T19:49:03.513+0000] {processor.py:842} WARNING - No viable dags retrieved from /home/airflow/.local/lib/python3.8/site-packages/airflow/example_dags/subdags/subdag.py
[2025-12-24T19:49:03.527+0000] {processor.py:183} INFO - Processing /home/airflow/.local/lib/python3.8/site-packages/airflow/example_dags/subdags/subdag.py took 0.022 seconds
[2025-12-24T19:49:33.766+0000] {processor.py:161} INFO - Started process (PID=28828) to work on /home/airflow/.local/lib/python3.8/site-packages/airflow/example_dags/subdags/subdag.py
[2025-12-24T19:49:33.767+0000] {processor.py:830} INFO - Processing file /home/airflow/.local/lib/python3.8/site-packages/airflow/example_dags/subdags/subdag.py for tasks to queue
[2025-12-24T19:49:33.768+0000] {logging_mixin.py:188} INFO - [2025-12-24T19:49:33.767+0000] {dagbag.py:538} INFO - Filling up the DagBag from /home/airflow/.local/lib/python3.8/site-packages/airflow/example_dags/subdags/subdag.py
[2025-12-24T19:49:33.770+0000] {processor.py:842} WARNING - No viable dags retrieved from /home/airflow/.local/lib/python3.8/site-packages/airflow/example_dags/subdags/subdag.py
[2025-12-24T19:49:33.784+0000] {processor.py:183} INFO - Processing /home/airflow/.local/lib/python3.8/site-packages/airflow/example_dags/subdags/subdag.py took 0.021 seconds
[2025-12-24T19:50:04.318+0000] {processor.py:161} INFO - Started process (PID=28885) to work on /home/airflow/.local/lib/python3.8/site-packages/airflow/example_dags/subdags/subdag.py
[2025-12-24T19:50:04.319+0000] {processor.py:830} INFO - Processing file /home/airflow/.local/lib/python3.8/site-packages/airflow/example_dags/subdags/subdag.py for tasks to queue
[2025-12-24T19:50:04.321+0000] {logging_mixin.py:188} INFO - [2025-12-24T19:50:04.320+0000] {dagbag.py:538} INFO - Filling up the DagBag from /home/airflow/.local/lib/python3.8/site-packages/airflow/example_dags/subdags/subdag.py
[2025-12-24T19:50:04.325+0000] {processor.py:842} WARNING - No viable dags retrieved from /home/airflow/.local/lib/python3.8/site-packages/airflow/example_dags/subdags/subdag.py
[2025-12-24T19:50:04.341+0000] {processor.py:183} INFO - Processing /home/airflow/.local/lib/python3.8/site-packages/airflow/example_dags/subdags/subdag.py took 0.028 seconds
[2025-12-24T19:50:34.885+0000] {processor.py:161} INFO - Started process (PID=28942) to work on /home/airflow/.local/lib/python3.8/site-packages/airflow/example_dags/subdags/subdag.py
[2025-12-24T19:50:34.886+0000] {processor.py:830} INFO - Processing file /home/airflow/.local/lib/python3.8/site-packages/airflow/example_dags/subdags/subdag.py for tasks to queue
[2025-12-24T19:50:34.888+0000] {logging_mixin.py:188} INFO - [2025-12-24T19:50:34.887+0000] {dagbag.py:538} INFO - Filling up the DagBag from /home/airflow/.local/lib/python3.8/site-packages/airflow/example_dags/subdags/subdag.py
[2025-12-24T19:50:34.891+0000] {processor.py:842} WARNING - No viable dags retrieved from /home/airflow/.local/lib/python3.8/site-packages/airflow/example_dags/subdags/subdag.py
[2025-12-24T19:50:34.904+0000] {processor.py:183} INFO - Processing /home/airflow/.local/lib/python3.8/site-packages/airflow/example_dags/subdags/subdag.py took 0.023 seconds
[2025-12-24T19:51:05.337+0000] {processor.py:161} INFO - Started process (PID=28999) to work on /home/airflow/.local/lib/python3.8/site-packages/airflow/example_dags/subdags/subdag.py
[2025-12-24T19:51:05.338+0000] {processor.py:830} INFO - Processing file /home/airflow/.local/lib/python3.8/site-packages/airflow/example_dags/subdags/subdag.py for tasks to queue
[2025-12-24T19:51:05.339+0000] {logging_mixin.py:188} INFO - [2025-12-24T19:51:05.339+0000] {dagbag.py:538} INFO - Filling up the DagBag from /home/airflow/.local/lib/python3.8/site-packages/airflow/example_dags/subdags/subdag.py
[2025-12-24T19:51:05.342+0000] {processor.py:842} WARNING - No viable dags retrieved from /home/airflow/.local/lib/python3.8/site-packages/airflow/example_dags/subdags/subdag.py
[2025-12-24T19:51:05.358+0000] {processor.py:183} INFO - Processing /home/airflow/.local/lib/python3.8/site-packages/airflow/example_dags/subdags/subdag.py took 0.025 seconds
[2025-12-24T19:51:35.854+0000] {processor.py:161} INFO - Started process (PID=29056) to work on /home/airflow/.local/lib/python3.8/site-packages/airflow/example_dags/subdags/subdag.py
[2025-12-24T19:51:35.855+0000] {processor.py:830} INFO - Processing file /home/airflow/.local/lib/python3.8/site-packages/airflow/example_dags/subdags/subdag.py for tasks to queue
[2025-12-24T19:51:35.856+0000] {logging_mixin.py:188} INFO - [2025-12-24T19:51:35.856+0000] {dagbag.py:538} INFO - Filling up the DagBag from /home/airflow/.local/lib/python3.8/site-packages/airflow/example_dags/subdags/subdag.py
[2025-12-24T19:51:35.860+0000] {processor.py:842} WARNING - No viable dags retrieved from /home/airflow/.local/lib/python3.8/site-packages/airflow/example_dags/subdags/subdag.py
[2025-12-24T19:51:35.876+0000] {processor.py:183} INFO - Processing /home/airflow/.local/lib/python3.8/site-packages/airflow/example_dags/subdags/subdag.py took 0.026 seconds
[2025-12-24T19:52:06.851+0000] {processor.py:161} INFO - Started process (PID=29113) to work on /home/airflow/.local/lib/python3.8/site-packages/airflow/example_dags/subdags/subdag.py
[2025-12-24T19:52:06.852+0000] {processor.py:830} INFO - Processing file /home/airflow/.local/lib/python3.8/site-packages/airflow/example_dags/subdags/subdag.py for tasks to queue
[2025-12-24T19:52:06.853+0000] {logging_mixin.py:188} INFO - [2025-12-24T19:52:06.853+0000] {dagbag.py:538} INFO - Filling up the DagBag from /home/airflow/.local/lib/python3.8/site-packages/airflow/example_dags/subdags/subdag.py
[2025-12-24T19:52:06.856+0000] {processor.py:842} WARNING - No viable dags retrieved from /home/airflow/.local/lib/python3.8/site-packages/airflow/example_dags/subdags/subdag.py
[2025-12-24T19:52:06.871+0000] {processor.py:183} INFO - Processing /home/airflow/.local/lib/python3.8/site-packages/airflow/example_dags/subdags/subdag.py took 0.024 seconds
[2025-12-24T19:52:37.279+0000] {processor.py:161} INFO - Started process (PID=29170) to work on /home/airflow/.local/lib/python3.8/site-packages/airflow/example_dags/subdags/subdag.py
[2025-12-24T19:52:37.281+0000] {processor.py:830} INFO - Processing file /home/airflow/.local/lib/python3.8/site-packages/airflow/example_dags/subdags/subdag.py for tasks to queue
[2025-12-24T19:52:37.282+0000] {logging_mixin.py:188} INFO - [2025-12-24T19:52:37.282+0000] {dagbag.py:538} INFO - Filling up the DagBag from /home/airflow/.local/lib/python3.8/site-packages/airflow/example_dags/subdags/subdag.py
[2025-12-24T19:52:37.285+0000] {processor.py:842} WARNING - No viable dags retrieved from /home/airflow/.local/lib/python3.8/site-packages/airflow/example_dags/subdags/subdag.py
[2025-12-24T19:52:37.300+0000] {processor.py:183} INFO - Processing /home/airflow/.local/lib/python3.8/site-packages/airflow/example_dags/subdags/subdag.py took 0.025 seconds
[2025-12-24T19:53:07.900+0000] {processor.py:161} INFO - Started process (PID=29227) to work on /home/airflow/.local/lib/python3.8/site-packages/airflow/example_dags/subdags/subdag.py
[2025-12-24T19:53:07.901+0000] {processor.py:830} INFO - Processing file /home/airflow/.local/lib/python3.8/site-packages/airflow/example_dags/subdags/subdag.py for tasks to queue
[2025-12-24T19:53:07.902+0000] {logging_mixin.py:188} INFO - [2025-12-24T19:53:07.902+0000] {dagbag.py:538} INFO - Filling up the DagBag from /home/airflow/.local/lib/python3.8/site-packages/airflow/example_dags/subdags/subdag.py
[2025-12-24T19:53:07.905+0000] {processor.py:842} WARNING - No viable dags retrieved from /home/airflow/.local/lib/python3.8/site-packages/airflow/example_dags/subdags/subdag.py
[2025-12-24T19:53:07.920+0000] {processor.py:183} INFO - Processing /home/airflow/.local/lib/python3.8/site-packages/airflow/example_dags/subdags/subdag.py took 0.024 seconds
[2025-12-24T19:53:38.132+0000] {processor.py:161} INFO - Started process (PID=29284) to work on /home/airflow/.local/lib/python3.8/site-packages/airflow/example_dags/subdags/subdag.py
[2025-12-24T19:53:38.133+0000] {processor.py:830} INFO - Processing file /home/airflow/.local/lib/python3.8/site-packages/airflow/example_dags/subdags/subdag.py for tasks to queue
[2025-12-24T19:53:38.134+0000] {logging_mixin.py:188} INFO - [2025-12-24T19:53:38.134+0000] {dagbag.py:538} INFO - Filling up the DagBag from /home/airflow/.local/lib/python3.8/site-packages/airflow/example_dags/subdags/subdag.py
[2025-12-24T19:53:38.137+0000] {processor.py:842} WARNING - No viable dags retrieved from /home/airflow/.local/lib/python3.8/site-packages/airflow/example_dags/subdags/subdag.py
[2025-12-24T19:53:38.154+0000] {processor.py:183} INFO - Processing /home/airflow/.local/lib/python3.8/site-packages/airflow/example_dags/subdags/subdag.py took 0.026 seconds
[2025-12-24T19:54:09.219+0000] {processor.py:161} INFO - Started process (PID=29341) to work on /home/airflow/.local/lib/python3.8/site-packages/airflow/example_dags/subdags/subdag.py
[2025-12-24T19:54:09.220+0000] {processor.py:830} INFO - Processing file /home/airflow/.local/lib/python3.8/site-packages/airflow/example_dags/subdags/subdag.py for tasks to queue
[2025-12-24T19:54:09.221+0000] {logging_mixin.py:188} INFO - [2025-12-24T19:54:09.220+0000] {dagbag.py:538} INFO - Filling up the DagBag from /home/airflow/.local/lib/python3.8/site-packages/airflow/example_dags/subdags/subdag.py
[2025-12-24T19:54:09.223+0000] {processor.py:842} WARNING - No viable dags retrieved from /home/airflow/.local/lib/python3.8/site-packages/airflow/example_dags/subdags/subdag.py
[2025-12-24T19:54:09.238+0000] {processor.py:183} INFO - Processing /home/airflow/.local/lib/python3.8/site-packages/airflow/example_dags/subdags/subdag.py took 0.024 seconds
[2025-12-24T19:54:40.281+0000] {processor.py:161} INFO - Started process (PID=29399) to work on /home/airflow/.local/lib/python3.8/site-packages/airflow/example_dags/subdags/subdag.py
[2025-12-24T19:54:40.283+0000] {processor.py:830} INFO - Processing file /home/airflow/.local/lib/python3.8/site-packages/airflow/example_dags/subdags/subdag.py for tasks to queue
[2025-12-24T19:54:40.284+0000] {logging_mixin.py:188} INFO - [2025-12-24T19:54:40.284+0000] {dagbag.py:538} INFO - Filling up the DagBag from /home/airflow/.local/lib/python3.8/site-packages/airflow/example_dags/subdags/subdag.py
[2025-12-24T19:54:40.287+0000] {processor.py:842} WARNING - No viable dags retrieved from /home/airflow/.local/lib/python3.8/site-packages/airflow/example_dags/subdags/subdag.py
[2025-12-24T19:54:40.302+0000] {processor.py:183} INFO - Processing /home/airflow/.local/lib/python3.8/site-packages/airflow/example_dags/subdags/subdag.py took 0.025 seconds
[2025-12-24T19:55:10.584+0000] {processor.py:161} INFO - Started process (PID=29456) to work on /home/airflow/.local/lib/python3.8/site-packages/airflow/example_dags/subdags/subdag.py
[2025-12-24T19:55:10.585+0000] {processor.py:830} INFO - Processing file /home/airflow/.local/lib/python3.8/site-packages/airflow/example_dags/subdags/subdag.py for tasks to queue
[2025-12-24T19:55:10.586+0000] {logging_mixin.py:188} INFO - [2025-12-24T19:55:10.586+0000] {dagbag.py:538} INFO - Filling up the DagBag from /home/airflow/.local/lib/python3.8/site-packages/airflow/example_dags/subdags/subdag.py
[2025-12-24T19:55:10.589+0000] {processor.py:842} WARNING - No viable dags retrieved from /home/airflow/.local/lib/python3.8/site-packages/airflow/example_dags/subdags/subdag.py
[2025-12-24T19:55:10.604+0000] {processor.py:183} INFO - Processing /home/airflow/.local/lib/python3.8/site-packages/airflow/example_dags/subdags/subdag.py took 0.024 seconds
[2025-12-24T19:55:40.931+0000] {processor.py:161} INFO - Started process (PID=29513) to work on /home/airflow/.local/lib/python3.8/site-packages/airflow/example_dags/subdags/subdag.py
[2025-12-24T19:55:40.933+0000] {processor.py:830} INFO - Processing file /home/airflow/.local/lib/python3.8/site-packages/airflow/example_dags/subdags/subdag.py for tasks to queue
[2025-12-24T19:55:40.934+0000] {logging_mixin.py:188} INFO - [2025-12-24T19:55:40.934+0000] {dagbag.py:538} INFO - Filling up the DagBag from /home/airflow/.local/lib/python3.8/site-packages/airflow/example_dags/subdags/subdag.py
[2025-12-24T19:55:40.937+0000] {processor.py:842} WARNING - No viable dags retrieved from /home/airflow/.local/lib/python3.8/site-packages/airflow/example_dags/subdags/subdag.py
[2025-12-24T19:55:40.951+0000] {processor.py:183} INFO - Processing /home/airflow/.local/lib/python3.8/site-packages/airflow/example_dags/subdags/subdag.py took 0.023 seconds
[2025-12-24T19:56:11.380+0000] {processor.py:161} INFO - Started process (PID=29570) to work on /home/airflow/.local/lib/python3.8/site-packages/airflow/example_dags/subdags/subdag.py
[2025-12-24T19:56:11.381+0000] {processor.py:830} INFO - Processing file /home/airflow/.local/lib/python3.8/site-packages/airflow/example_dags/subdags/subdag.py for tasks to queue
[2025-12-24T19:56:11.383+0000] {logging_mixin.py:188} INFO - [2025-12-24T19:56:11.382+0000] {dagbag.py:538} INFO - Filling up the DagBag from /home/airflow/.local/lib/python3.8/site-packages/airflow/example_dags/subdags/subdag.py
[2025-12-24T19:56:11.385+0000] {processor.py:842} WARNING - No viable dags retrieved from /home/airflow/.local/lib/python3.8/site-packages/airflow/example_dags/subdags/subdag.py
[2025-12-24T19:56:11.401+0000] {processor.py:183} INFO - Processing /home/airflow/.local/lib/python3.8/site-packages/airflow/example_dags/subdags/subdag.py took 0.024 seconds
[2025-12-24T19:56:41.933+0000] {processor.py:161} INFO - Started process (PID=29627) to work on /home/airflow/.local/lib/python3.8/site-packages/airflow/example_dags/subdags/subdag.py
[2025-12-24T19:56:41.935+0000] {processor.py:830} INFO - Processing file /home/airflow/.local/lib/python3.8/site-packages/airflow/example_dags/subdags/subdag.py for tasks to queue
[2025-12-24T19:56:41.936+0000] {logging_mixin.py:188} INFO - [2025-12-24T19:56:41.936+0000] {dagbag.py:538} INFO - Filling up the DagBag from /home/airflow/.local/lib/python3.8/site-packages/airflow/example_dags/subdags/subdag.py
[2025-12-24T19:56:41.938+0000] {processor.py:842} WARNING - No viable dags retrieved from /home/airflow/.local/lib/python3.8/site-packages/airflow/example_dags/subdags/subdag.py
[2025-12-24T19:56:41.960+0000] {processor.py:183} INFO - Processing /home/airflow/.local/lib/python3.8/site-packages/airflow/example_dags/subdags/subdag.py took 0.030 seconds
[2025-12-24T19:57:12.324+0000] {processor.py:161} INFO - Started process (PID=29684) to work on /home/airflow/.local/lib/python3.8/site-packages/airflow/example_dags/subdags/subdag.py
[2025-12-24T19:57:12.326+0000] {processor.py:830} INFO - Processing file /home/airflow/.local/lib/python3.8/site-packages/airflow/example_dags/subdags/subdag.py for tasks to queue
[2025-12-24T19:57:12.328+0000] {logging_mixin.py:188} INFO - [2025-12-24T19:57:12.327+0000] {dagbag.py:538} INFO - Filling up the DagBag from /home/airflow/.local/lib/python3.8/site-packages/airflow/example_dags/subdags/subdag.py
[2025-12-24T19:57:12.337+0000] {processor.py:842} WARNING - No viable dags retrieved from /home/airflow/.local/lib/python3.8/site-packages/airflow/example_dags/subdags/subdag.py
[2025-12-24T19:57:12.368+0000] {processor.py:183} INFO - Processing /home/airflow/.local/lib/python3.8/site-packages/airflow/example_dags/subdags/subdag.py took 0.048 seconds
[2025-12-24T19:57:42.602+0000] {processor.py:161} INFO - Started process (PID=29741) to work on /home/airflow/.local/lib/python3.8/site-packages/airflow/example_dags/subdags/subdag.py
[2025-12-24T19:57:42.604+0000] {processor.py:830} INFO - Processing file /home/airflow/.local/lib/python3.8/site-packages/airflow/example_dags/subdags/subdag.py for tasks to queue
[2025-12-24T19:57:42.605+0000] {logging_mixin.py:188} INFO - [2025-12-24T19:57:42.604+0000] {dagbag.py:538} INFO - Filling up the DagBag from /home/airflow/.local/lib/python3.8/site-packages/airflow/example_dags/subdags/subdag.py
[2025-12-24T19:57:42.608+0000] {processor.py:842} WARNING - No viable dags retrieved from /home/airflow/.local/lib/python3.8/site-packages/airflow/example_dags/subdags/subdag.py
[2025-12-24T19:57:42.624+0000] {processor.py:183} INFO - Processing /home/airflow/.local/lib/python3.8/site-packages/airflow/example_dags/subdags/subdag.py took 0.026 seconds
[2025-12-24T19:58:13.055+0000] {processor.py:161} INFO - Started process (PID=29798) to work on /home/airflow/.local/lib/python3.8/site-packages/airflow/example_dags/subdags/subdag.py
[2025-12-24T19:58:13.058+0000] {processor.py:830} INFO - Processing file /home/airflow/.local/lib/python3.8/site-packages/airflow/example_dags/subdags/subdag.py for tasks to queue
[2025-12-24T19:58:13.060+0000] {logging_mixin.py:188} INFO - [2025-12-24T19:58:13.060+0000] {dagbag.py:538} INFO - Filling up the DagBag from /home/airflow/.local/lib/python3.8/site-packages/airflow/example_dags/subdags/subdag.py
[2025-12-24T19:58:13.063+0000] {processor.py:842} WARNING - No viable dags retrieved from /home/airflow/.local/lib/python3.8/site-packages/airflow/example_dags/subdags/subdag.py
[2025-12-24T19:58:13.076+0000] {processor.py:183} INFO - Processing /home/airflow/.local/lib/python3.8/site-packages/airflow/example_dags/subdags/subdag.py took 0.025 seconds
[2025-12-24T19:58:43.321+0000] {processor.py:161} INFO - Started process (PID=29855) to work on /home/airflow/.local/lib/python3.8/site-packages/airflow/example_dags/subdags/subdag.py
[2025-12-24T19:58:43.322+0000] {processor.py:830} INFO - Processing file /home/airflow/.local/lib/python3.8/site-packages/airflow/example_dags/subdags/subdag.py for tasks to queue
[2025-12-24T19:58:43.323+0000] {logging_mixin.py:188} INFO - [2025-12-24T19:58:43.323+0000] {dagbag.py:538} INFO - Filling up the DagBag from /home/airflow/.local/lib/python3.8/site-packages/airflow/example_dags/subdags/subdag.py
[2025-12-24T19:58:43.326+0000] {processor.py:842} WARNING - No viable dags retrieved from /home/airflow/.local/lib/python3.8/site-packages/airflow/example_dags/subdags/subdag.py
[2025-12-24T19:58:43.341+0000] {processor.py:183} INFO - Processing /home/airflow/.local/lib/python3.8/site-packages/airflow/example_dags/subdags/subdag.py took 0.024 seconds
[2025-12-24T19:59:13.724+0000] {processor.py:161} INFO - Started process (PID=29912) to work on /home/airflow/.local/lib/python3.8/site-packages/airflow/example_dags/subdags/subdag.py
[2025-12-24T19:59:13.725+0000] {processor.py:830} INFO - Processing file /home/airflow/.local/lib/python3.8/site-packages/airflow/example_dags/subdags/subdag.py for tasks to queue
[2025-12-24T19:59:13.728+0000] {logging_mixin.py:188} INFO - [2025-12-24T19:59:13.728+0000] {dagbag.py:538} INFO - Filling up the DagBag from /home/airflow/.local/lib/python3.8/site-packages/airflow/example_dags/subdags/subdag.py
[2025-12-24T19:59:13.731+0000] {processor.py:842} WARNING - No viable dags retrieved from /home/airflow/.local/lib/python3.8/site-packages/airflow/example_dags/subdags/subdag.py
[2025-12-24T19:59:13.746+0000] {processor.py:183} INFO - Processing /home/airflow/.local/lib/python3.8/site-packages/airflow/example_dags/subdags/subdag.py took 0.026 seconds
[2025-12-24T19:59:43.960+0000] {processor.py:161} INFO - Started process (PID=29969) to work on /home/airflow/.local/lib/python3.8/site-packages/airflow/example_dags/subdags/subdag.py
[2025-12-24T19:59:43.962+0000] {processor.py:830} INFO - Processing file /home/airflow/.local/lib/python3.8/site-packages/airflow/example_dags/subdags/subdag.py for tasks to queue
[2025-12-24T19:59:43.964+0000] {logging_mixin.py:188} INFO - [2025-12-24T19:59:43.963+0000] {dagbag.py:538} INFO - Filling up the DagBag from /home/airflow/.local/lib/python3.8/site-packages/airflow/example_dags/subdags/subdag.py
[2025-12-24T19:59:43.967+0000] {processor.py:842} WARNING - No viable dags retrieved from /home/airflow/.local/lib/python3.8/site-packages/airflow/example_dags/subdags/subdag.py
[2025-12-24T19:59:43.985+0000] {processor.py:183} INFO - Processing /home/airflow/.local/lib/python3.8/site-packages/airflow/example_dags/subdags/subdag.py took 0.030 seconds
[2025-12-24T20:00:14.364+0000] {processor.py:161} INFO - Started process (PID=30026) to work on /home/airflow/.local/lib/python3.8/site-packages/airflow/example_dags/subdags/subdag.py
[2025-12-24T20:00:14.365+0000] {processor.py:830} INFO - Processing file /home/airflow/.local/lib/python3.8/site-packages/airflow/example_dags/subdags/subdag.py for tasks to queue
[2025-12-24T20:00:14.366+0000] {logging_mixin.py:188} INFO - [2025-12-24T20:00:14.366+0000] {dagbag.py:538} INFO - Filling up the DagBag from /home/airflow/.local/lib/python3.8/site-packages/airflow/example_dags/subdags/subdag.py
[2025-12-24T20:00:14.369+0000] {processor.py:842} WARNING - No viable dags retrieved from /home/airflow/.local/lib/python3.8/site-packages/airflow/example_dags/subdags/subdag.py
[2025-12-24T20:00:14.382+0000] {processor.py:183} INFO - Processing /home/airflow/.local/lib/python3.8/site-packages/airflow/example_dags/subdags/subdag.py took 0.023 seconds
[2025-12-24T20:00:44.624+0000] {processor.py:161} INFO - Started process (PID=30083) to work on /home/airflow/.local/lib/python3.8/site-packages/airflow/example_dags/subdags/subdag.py
[2025-12-24T20:00:44.625+0000] {processor.py:830} INFO - Processing file /home/airflow/.local/lib/python3.8/site-packages/airflow/example_dags/subdags/subdag.py for tasks to queue
[2025-12-24T20:00:44.626+0000] {logging_mixin.py:188} INFO - [2025-12-24T20:00:44.626+0000] {dagbag.py:538} INFO - Filling up the DagBag from /home/airflow/.local/lib/python3.8/site-packages/airflow/example_dags/subdags/subdag.py
[2025-12-24T20:00:44.629+0000] {processor.py:842} WARNING - No viable dags retrieved from /home/airflow/.local/lib/python3.8/site-packages/airflow/example_dags/subdags/subdag.py
[2025-12-24T20:00:44.643+0000] {processor.py:183} INFO - Processing /home/airflow/.local/lib/python3.8/site-packages/airflow/example_dags/subdags/subdag.py took 0.022 seconds
[2025-12-24T20:01:15.683+0000] {processor.py:161} INFO - Started process (PID=30139) to work on /home/airflow/.local/lib/python3.8/site-packages/airflow/example_dags/subdags/subdag.py
[2025-12-24T20:01:15.684+0000] {processor.py:830} INFO - Processing file /home/airflow/.local/lib/python3.8/site-packages/airflow/example_dags/subdags/subdag.py for tasks to queue
[2025-12-24T20:01:15.685+0000] {logging_mixin.py:188} INFO - [2025-12-24T20:01:15.685+0000] {dagbag.py:538} INFO - Filling up the DagBag from /home/airflow/.local/lib/python3.8/site-packages/airflow/example_dags/subdags/subdag.py
[2025-12-24T20:01:15.688+0000] {processor.py:842} WARNING - No viable dags retrieved from /home/airflow/.local/lib/python3.8/site-packages/airflow/example_dags/subdags/subdag.py
[2025-12-24T20:01:15.703+0000] {processor.py:183} INFO - Processing /home/airflow/.local/lib/python3.8/site-packages/airflow/example_dags/subdags/subdag.py took 0.023 seconds
[2025-12-24T20:01:45.875+0000] {processor.py:161} INFO - Started process (PID=30195) to work on /home/airflow/.local/lib/python3.8/site-packages/airflow/example_dags/subdags/subdag.py
[2025-12-24T20:01:45.876+0000] {processor.py:830} INFO - Processing file /home/airflow/.local/lib/python3.8/site-packages/airflow/example_dags/subdags/subdag.py for tasks to queue
[2025-12-24T20:01:45.878+0000] {logging_mixin.py:188} INFO - [2025-12-24T20:01:45.877+0000] {dagbag.py:538} INFO - Filling up the DagBag from /home/airflow/.local/lib/python3.8/site-packages/airflow/example_dags/subdags/subdag.py
[2025-12-24T20:01:45.880+0000] {processor.py:842} WARNING - No viable dags retrieved from /home/airflow/.local/lib/python3.8/site-packages/airflow/example_dags/subdags/subdag.py
[2025-12-24T20:01:45.895+0000] {processor.py:183} INFO - Processing /home/airflow/.local/lib/python3.8/site-packages/airflow/example_dags/subdags/subdag.py took 0.024 seconds
[2025-12-24T20:02:18.337+0000] {processor.py:161} INFO - Started process (PID=30253) to work on /home/airflow/.local/lib/python3.8/site-packages/airflow/example_dags/subdags/subdag.py
[2025-12-24T20:02:18.338+0000] {processor.py:830} INFO - Processing file /home/airflow/.local/lib/python3.8/site-packages/airflow/example_dags/subdags/subdag.py for tasks to queue
[2025-12-24T20:02:18.340+0000] {logging_mixin.py:188} INFO - [2025-12-24T20:02:18.339+0000] {dagbag.py:538} INFO - Filling up the DagBag from /home/airflow/.local/lib/python3.8/site-packages/airflow/example_dags/subdags/subdag.py
[2025-12-24T20:02:18.343+0000] {processor.py:842} WARNING - No viable dags retrieved from /home/airflow/.local/lib/python3.8/site-packages/airflow/example_dags/subdags/subdag.py
[2025-12-24T20:02:18.364+0000] {processor.py:183} INFO - Processing /home/airflow/.local/lib/python3.8/site-packages/airflow/example_dags/subdags/subdag.py took 0.032 seconds
[2025-12-24T20:02:48.508+0000] {processor.py:161} INFO - Started process (PID=30315) to work on /home/airflow/.local/lib/python3.8/site-packages/airflow/example_dags/subdags/subdag.py
[2025-12-24T20:02:48.509+0000] {processor.py:830} INFO - Processing file /home/airflow/.local/lib/python3.8/site-packages/airflow/example_dags/subdags/subdag.py for tasks to queue
[2025-12-24T20:02:48.510+0000] {logging_mixin.py:188} INFO - [2025-12-24T20:02:48.510+0000] {dagbag.py:538} INFO - Filling up the DagBag from /home/airflow/.local/lib/python3.8/site-packages/airflow/example_dags/subdags/subdag.py
[2025-12-24T20:02:48.513+0000] {processor.py:842} WARNING - No viable dags retrieved from /home/airflow/.local/lib/python3.8/site-packages/airflow/example_dags/subdags/subdag.py
[2025-12-24T20:02:48.528+0000] {processor.py:183} INFO - Processing /home/airflow/.local/lib/python3.8/site-packages/airflow/example_dags/subdags/subdag.py took 0.024 seconds
[2025-12-24T20:03:18.686+0000] {processor.py:161} INFO - Started process (PID=30380) to work on /home/airflow/.local/lib/python3.8/site-packages/airflow/example_dags/subdags/subdag.py
[2025-12-24T20:03:18.687+0000] {processor.py:830} INFO - Processing file /home/airflow/.local/lib/python3.8/site-packages/airflow/example_dags/subdags/subdag.py for tasks to queue
[2025-12-24T20:03:18.688+0000] {logging_mixin.py:188} INFO - [2025-12-24T20:03:18.688+0000] {dagbag.py:538} INFO - Filling up the DagBag from /home/airflow/.local/lib/python3.8/site-packages/airflow/example_dags/subdags/subdag.py
[2025-12-24T20:03:18.691+0000] {processor.py:842} WARNING - No viable dags retrieved from /home/airflow/.local/lib/python3.8/site-packages/airflow/example_dags/subdags/subdag.py
[2025-12-24T20:03:18.706+0000] {processor.py:183} INFO - Processing /home/airflow/.local/lib/python3.8/site-packages/airflow/example_dags/subdags/subdag.py took 0.024 seconds
[2025-12-24T20:03:49.599+0000] {processor.py:161} INFO - Started process (PID=30437) to work on /home/airflow/.local/lib/python3.8/site-packages/airflow/example_dags/subdags/subdag.py
[2025-12-24T20:03:49.600+0000] {processor.py:830} INFO - Processing file /home/airflow/.local/lib/python3.8/site-packages/airflow/example_dags/subdags/subdag.py for tasks to queue
[2025-12-24T20:03:49.601+0000] {logging_mixin.py:188} INFO - [2025-12-24T20:03:49.601+0000] {dagbag.py:538} INFO - Filling up the DagBag from /home/airflow/.local/lib/python3.8/site-packages/airflow/example_dags/subdags/subdag.py
[2025-12-24T20:03:49.604+0000] {processor.py:842} WARNING - No viable dags retrieved from /home/airflow/.local/lib/python3.8/site-packages/airflow/example_dags/subdags/subdag.py
[2025-12-24T20:03:49.617+0000] {processor.py:183} INFO - Processing /home/airflow/.local/lib/python3.8/site-packages/airflow/example_dags/subdags/subdag.py took 0.024 seconds
[2025-12-24T20:04:20.073+0000] {processor.py:161} INFO - Started process (PID=30496) to work on /home/airflow/.local/lib/python3.8/site-packages/airflow/example_dags/subdags/subdag.py
[2025-12-24T20:04:20.074+0000] {processor.py:830} INFO - Processing file /home/airflow/.local/lib/python3.8/site-packages/airflow/example_dags/subdags/subdag.py for tasks to queue
[2025-12-24T20:04:20.075+0000] {logging_mixin.py:188} INFO - [2025-12-24T20:04:20.075+0000] {dagbag.py:538} INFO - Filling up the DagBag from /home/airflow/.local/lib/python3.8/site-packages/airflow/example_dags/subdags/subdag.py
[2025-12-24T20:04:20.078+0000] {processor.py:842} WARNING - No viable dags retrieved from /home/airflow/.local/lib/python3.8/site-packages/airflow/example_dags/subdags/subdag.py
[2025-12-24T20:04:20.094+0000] {processor.py:183} INFO - Processing /home/airflow/.local/lib/python3.8/site-packages/airflow/example_dags/subdags/subdag.py took 0.026 seconds
[2025-12-24T20:04:50.603+0000] {processor.py:161} INFO - Started process (PID=30553) to work on /home/airflow/.local/lib/python3.8/site-packages/airflow/example_dags/subdags/subdag.py
[2025-12-24T20:04:50.604+0000] {processor.py:830} INFO - Processing file /home/airflow/.local/lib/python3.8/site-packages/airflow/example_dags/subdags/subdag.py for tasks to queue
[2025-12-24T20:04:50.605+0000] {logging_mixin.py:188} INFO - [2025-12-24T20:04:50.605+0000] {dagbag.py:538} INFO - Filling up the DagBag from /home/airflow/.local/lib/python3.8/site-packages/airflow/example_dags/subdags/subdag.py
[2025-12-24T20:04:50.608+0000] {processor.py:842} WARNING - No viable dags retrieved from /home/airflow/.local/lib/python3.8/site-packages/airflow/example_dags/subdags/subdag.py
[2025-12-24T20:04:50.622+0000] {processor.py:183} INFO - Processing /home/airflow/.local/lib/python3.8/site-packages/airflow/example_dags/subdags/subdag.py took 0.023 seconds
[2025-12-24T20:05:20.811+0000] {processor.py:161} INFO - Started process (PID=30610) to work on /home/airflow/.local/lib/python3.8/site-packages/airflow/example_dags/subdags/subdag.py
[2025-12-24T20:05:20.813+0000] {processor.py:830} INFO - Processing file /home/airflow/.local/lib/python3.8/site-packages/airflow/example_dags/subdags/subdag.py for tasks to queue
[2025-12-24T20:05:20.814+0000] {logging_mixin.py:188} INFO - [2025-12-24T20:05:20.814+0000] {dagbag.py:538} INFO - Filling up the DagBag from /home/airflow/.local/lib/python3.8/site-packages/airflow/example_dags/subdags/subdag.py
[2025-12-24T20:05:20.817+0000] {processor.py:842} WARNING - No viable dags retrieved from /home/airflow/.local/lib/python3.8/site-packages/airflow/example_dags/subdags/subdag.py
[2025-12-24T20:05:20.833+0000] {processor.py:183} INFO - Processing /home/airflow/.local/lib/python3.8/site-packages/airflow/example_dags/subdags/subdag.py took 0.026 seconds
[2025-12-24T20:05:51.129+0000] {processor.py:161} INFO - Started process (PID=30667) to work on /home/airflow/.local/lib/python3.8/site-packages/airflow/example_dags/subdags/subdag.py
[2025-12-24T20:05:51.132+0000] {processor.py:830} INFO - Processing file /home/airflow/.local/lib/python3.8/site-packages/airflow/example_dags/subdags/subdag.py for tasks to queue
[2025-12-24T20:05:51.133+0000] {logging_mixin.py:188} INFO - [2025-12-24T20:05:51.133+0000] {dagbag.py:538} INFO - Filling up the DagBag from /home/airflow/.local/lib/python3.8/site-packages/airflow/example_dags/subdags/subdag.py
[2025-12-24T20:05:51.136+0000] {processor.py:842} WARNING - No viable dags retrieved from /home/airflow/.local/lib/python3.8/site-packages/airflow/example_dags/subdags/subdag.py
[2025-12-24T20:05:51.150+0000] {processor.py:183} INFO - Processing /home/airflow/.local/lib/python3.8/site-packages/airflow/example_dags/subdags/subdag.py took 0.025 seconds
[2025-12-24T20:06:21.484+0000] {processor.py:161} INFO - Started process (PID=30724) to work on /home/airflow/.local/lib/python3.8/site-packages/airflow/example_dags/subdags/subdag.py
[2025-12-24T20:06:21.486+0000] {processor.py:830} INFO - Processing file /home/airflow/.local/lib/python3.8/site-packages/airflow/example_dags/subdags/subdag.py for tasks to queue
[2025-12-24T20:06:21.487+0000] {logging_mixin.py:188} INFO - [2025-12-24T20:06:21.486+0000] {dagbag.py:538} INFO - Filling up the DagBag from /home/airflow/.local/lib/python3.8/site-packages/airflow/example_dags/subdags/subdag.py
[2025-12-24T20:06:21.489+0000] {processor.py:842} WARNING - No viable dags retrieved from /home/airflow/.local/lib/python3.8/site-packages/airflow/example_dags/subdags/subdag.py
[2025-12-24T20:06:21.504+0000] {processor.py:183} INFO - Processing /home/airflow/.local/lib/python3.8/site-packages/airflow/example_dags/subdags/subdag.py took 0.023 seconds
[2025-12-24T20:06:51.811+0000] {processor.py:161} INFO - Started process (PID=30781) to work on /home/airflow/.local/lib/python3.8/site-packages/airflow/example_dags/subdags/subdag.py
[2025-12-24T20:06:51.814+0000] {processor.py:830} INFO - Processing file /home/airflow/.local/lib/python3.8/site-packages/airflow/example_dags/subdags/subdag.py for tasks to queue
[2025-12-24T20:06:51.815+0000] {logging_mixin.py:188} INFO - [2025-12-24T20:06:51.815+0000] {dagbag.py:538} INFO - Filling up the DagBag from /home/airflow/.local/lib/python3.8/site-packages/airflow/example_dags/subdags/subdag.py
[2025-12-24T20:06:51.820+0000] {processor.py:842} WARNING - No viable dags retrieved from /home/airflow/.local/lib/python3.8/site-packages/airflow/example_dags/subdags/subdag.py
[2025-12-24T20:06:51.834+0000] {processor.py:183} INFO - Processing /home/airflow/.local/lib/python3.8/site-packages/airflow/example_dags/subdags/subdag.py took 0.027 seconds
[2025-12-24T20:07:22.487+0000] {processor.py:161} INFO - Started process (PID=30838) to work on /home/airflow/.local/lib/python3.8/site-packages/airflow/example_dags/subdags/subdag.py
[2025-12-24T20:07:22.488+0000] {processor.py:830} INFO - Processing file /home/airflow/.local/lib/python3.8/site-packages/airflow/example_dags/subdags/subdag.py for tasks to queue
[2025-12-24T20:07:22.490+0000] {logging_mixin.py:188} INFO - [2025-12-24T20:07:22.489+0000] {dagbag.py:538} INFO - Filling up the DagBag from /home/airflow/.local/lib/python3.8/site-packages/airflow/example_dags/subdags/subdag.py
[2025-12-24T20:07:22.493+0000] {processor.py:842} WARNING - No viable dags retrieved from /home/airflow/.local/lib/python3.8/site-packages/airflow/example_dags/subdags/subdag.py
[2025-12-24T20:07:22.510+0000] {processor.py:183} INFO - Processing /home/airflow/.local/lib/python3.8/site-packages/airflow/example_dags/subdags/subdag.py took 0.027 seconds
[2025-12-24T20:07:52.707+0000] {processor.py:161} INFO - Started process (PID=30895) to work on /home/airflow/.local/lib/python3.8/site-packages/airflow/example_dags/subdags/subdag.py
[2025-12-24T20:07:52.708+0000] {processor.py:830} INFO - Processing file /home/airflow/.local/lib/python3.8/site-packages/airflow/example_dags/subdags/subdag.py for tasks to queue
[2025-12-24T20:07:52.709+0000] {logging_mixin.py:188} INFO - [2025-12-24T20:07:52.709+0000] {dagbag.py:538} INFO - Filling up the DagBag from /home/airflow/.local/lib/python3.8/site-packages/airflow/example_dags/subdags/subdag.py
[2025-12-24T20:07:52.712+0000] {processor.py:842} WARNING - No viable dags retrieved from /home/airflow/.local/lib/python3.8/site-packages/airflow/example_dags/subdags/subdag.py
[2025-12-24T20:07:52.730+0000] {processor.py:183} INFO - Processing /home/airflow/.local/lib/python3.8/site-packages/airflow/example_dags/subdags/subdag.py took 0.026 seconds
[2025-12-24T20:08:23.423+0000] {processor.py:161} INFO - Started process (PID=30952) to work on /home/airflow/.local/lib/python3.8/site-packages/airflow/example_dags/subdags/subdag.py
[2025-12-24T20:08:23.425+0000] {processor.py:830} INFO - Processing file /home/airflow/.local/lib/python3.8/site-packages/airflow/example_dags/subdags/subdag.py for tasks to queue
[2025-12-24T20:08:23.426+0000] {logging_mixin.py:188} INFO - [2025-12-24T20:08:23.426+0000] {dagbag.py:538} INFO - Filling up the DagBag from /home/airflow/.local/lib/python3.8/site-packages/airflow/example_dags/subdags/subdag.py
[2025-12-24T20:08:23.429+0000] {processor.py:842} WARNING - No viable dags retrieved from /home/airflow/.local/lib/python3.8/site-packages/airflow/example_dags/subdags/subdag.py
[2025-12-24T20:08:23.444+0000] {processor.py:183} INFO - Processing /home/airflow/.local/lib/python3.8/site-packages/airflow/example_dags/subdags/subdag.py took 0.024 seconds
[2025-12-24T20:08:53.689+0000] {processor.py:161} INFO - Started process (PID=31009) to work on /home/airflow/.local/lib/python3.8/site-packages/airflow/example_dags/subdags/subdag.py
[2025-12-24T20:08:53.690+0000] {processor.py:830} INFO - Processing file /home/airflow/.local/lib/python3.8/site-packages/airflow/example_dags/subdags/subdag.py for tasks to queue
[2025-12-24T20:08:53.691+0000] {logging_mixin.py:188} INFO - [2025-12-24T20:08:53.691+0000] {dagbag.py:538} INFO - Filling up the DagBag from /home/airflow/.local/lib/python3.8/site-packages/airflow/example_dags/subdags/subdag.py
[2025-12-24T20:08:53.694+0000] {processor.py:842} WARNING - No viable dags retrieved from /home/airflow/.local/lib/python3.8/site-packages/airflow/example_dags/subdags/subdag.py
[2025-12-24T20:08:53.712+0000] {processor.py:183} INFO - Processing /home/airflow/.local/lib/python3.8/site-packages/airflow/example_dags/subdags/subdag.py took 0.027 seconds
[2025-12-24T20:09:23.908+0000] {processor.py:161} INFO - Started process (PID=31066) to work on /home/airflow/.local/lib/python3.8/site-packages/airflow/example_dags/subdags/subdag.py
[2025-12-24T20:09:23.910+0000] {processor.py:830} INFO - Processing file /home/airflow/.local/lib/python3.8/site-packages/airflow/example_dags/subdags/subdag.py for tasks to queue
[2025-12-24T20:09:23.911+0000] {logging_mixin.py:188} INFO - [2025-12-24T20:09:23.911+0000] {dagbag.py:538} INFO - Filling up the DagBag from /home/airflow/.local/lib/python3.8/site-packages/airflow/example_dags/subdags/subdag.py
[2025-12-24T20:09:23.914+0000] {processor.py:842} WARNING - No viable dags retrieved from /home/airflow/.local/lib/python3.8/site-packages/airflow/example_dags/subdags/subdag.py
[2025-12-24T20:09:23.932+0000] {processor.py:183} INFO - Processing /home/airflow/.local/lib/python3.8/site-packages/airflow/example_dags/subdags/subdag.py took 0.028 seconds
[2025-12-24T20:09:54.194+0000] {processor.py:161} INFO - Started process (PID=31123) to work on /home/airflow/.local/lib/python3.8/site-packages/airflow/example_dags/subdags/subdag.py
[2025-12-24T20:09:54.197+0000] {processor.py:830} INFO - Processing file /home/airflow/.local/lib/python3.8/site-packages/airflow/example_dags/subdags/subdag.py for tasks to queue
[2025-12-24T20:09:54.198+0000] {logging_mixin.py:188} INFO - [2025-12-24T20:09:54.198+0000] {dagbag.py:538} INFO - Filling up the DagBag from /home/airflow/.local/lib/python3.8/site-packages/airflow/example_dags/subdags/subdag.py
[2025-12-24T20:09:54.201+0000] {processor.py:842} WARNING - No viable dags retrieved from /home/airflow/.local/lib/python3.8/site-packages/airflow/example_dags/subdags/subdag.py
[2025-12-24T20:09:54.220+0000] {processor.py:183} INFO - Processing /home/airflow/.local/lib/python3.8/site-packages/airflow/example_dags/subdags/subdag.py took 0.030 seconds
[2025-12-24T20:10:24.493+0000] {processor.py:161} INFO - Started process (PID=31180) to work on /home/airflow/.local/lib/python3.8/site-packages/airflow/example_dags/subdags/subdag.py
[2025-12-24T20:10:24.496+0000] {processor.py:830} INFO - Processing file /home/airflow/.local/lib/python3.8/site-packages/airflow/example_dags/subdags/subdag.py for tasks to queue
[2025-12-24T20:10:24.497+0000] {logging_mixin.py:188} INFO - [2025-12-24T20:10:24.497+0000] {dagbag.py:538} INFO - Filling up the DagBag from /home/airflow/.local/lib/python3.8/site-packages/airflow/example_dags/subdags/subdag.py
[2025-12-24T20:10:24.500+0000] {processor.py:842} WARNING - No viable dags retrieved from /home/airflow/.local/lib/python3.8/site-packages/airflow/example_dags/subdags/subdag.py
[2025-12-24T20:10:24.515+0000] {processor.py:183} INFO - Processing /home/airflow/.local/lib/python3.8/site-packages/airflow/example_dags/subdags/subdag.py took 0.025 seconds
[2025-12-24T20:10:54.824+0000] {processor.py:161} INFO - Started process (PID=31237) to work on /home/airflow/.local/lib/python3.8/site-packages/airflow/example_dags/subdags/subdag.py
[2025-12-24T20:10:54.825+0000] {processor.py:830} INFO - Processing file /home/airflow/.local/lib/python3.8/site-packages/airflow/example_dags/subdags/subdag.py for tasks to queue
[2025-12-24T20:10:54.826+0000] {logging_mixin.py:188} INFO - [2025-12-24T20:10:54.826+0000] {dagbag.py:538} INFO - Filling up the DagBag from /home/airflow/.local/lib/python3.8/site-packages/airflow/example_dags/subdags/subdag.py
[2025-12-24T20:10:54.829+0000] {processor.py:842} WARNING - No viable dags retrieved from /home/airflow/.local/lib/python3.8/site-packages/airflow/example_dags/subdags/subdag.py
[2025-12-24T20:10:54.844+0000] {processor.py:183} INFO - Processing /home/airflow/.local/lib/python3.8/site-packages/airflow/example_dags/subdags/subdag.py took 0.024 seconds
[2025-12-24T20:11:25.090+0000] {processor.py:161} INFO - Started process (PID=31294) to work on /home/airflow/.local/lib/python3.8/site-packages/airflow/example_dags/subdags/subdag.py
[2025-12-24T20:11:25.092+0000] {processor.py:830} INFO - Processing file /home/airflow/.local/lib/python3.8/site-packages/airflow/example_dags/subdags/subdag.py for tasks to queue
[2025-12-24T20:11:25.093+0000] {logging_mixin.py:188} INFO - [2025-12-24T20:11:25.092+0000] {dagbag.py:538} INFO - Filling up the DagBag from /home/airflow/.local/lib/python3.8/site-packages/airflow/example_dags/subdags/subdag.py
[2025-12-24T20:11:25.095+0000] {processor.py:842} WARNING - No viable dags retrieved from /home/airflow/.local/lib/python3.8/site-packages/airflow/example_dags/subdags/subdag.py
[2025-12-24T20:11:25.110+0000] {processor.py:183} INFO - Processing /home/airflow/.local/lib/python3.8/site-packages/airflow/example_dags/subdags/subdag.py took 0.023 seconds
[2025-12-24T20:11:56.174+0000] {processor.py:161} INFO - Started process (PID=31357) to work on /home/airflow/.local/lib/python3.8/site-packages/airflow/example_dags/subdags/subdag.py
[2025-12-24T20:11:56.175+0000] {processor.py:830} INFO - Processing file /home/airflow/.local/lib/python3.8/site-packages/airflow/example_dags/subdags/subdag.py for tasks to queue
[2025-12-24T20:11:56.176+0000] {logging_mixin.py:188} INFO - [2025-12-24T20:11:56.176+0000] {dagbag.py:538} INFO - Filling up the DagBag from /home/airflow/.local/lib/python3.8/site-packages/airflow/example_dags/subdags/subdag.py
[2025-12-24T20:11:56.179+0000] {processor.py:842} WARNING - No viable dags retrieved from /home/airflow/.local/lib/python3.8/site-packages/airflow/example_dags/subdags/subdag.py
[2025-12-24T20:11:56.195+0000] {processor.py:183} INFO - Processing /home/airflow/.local/lib/python3.8/site-packages/airflow/example_dags/subdags/subdag.py took 0.025 seconds
[2025-12-24T20:12:26.304+0000] {processor.py:161} INFO - Started process (PID=31418) to work on /home/airflow/.local/lib/python3.8/site-packages/airflow/example_dags/subdags/subdag.py
[2025-12-24T20:12:26.305+0000] {processor.py:830} INFO - Processing file /home/airflow/.local/lib/python3.8/site-packages/airflow/example_dags/subdags/subdag.py for tasks to queue
[2025-12-24T20:12:26.306+0000] {logging_mixin.py:188} INFO - [2025-12-24T20:12:26.306+0000] {dagbag.py:538} INFO - Filling up the DagBag from /home/airflow/.local/lib/python3.8/site-packages/airflow/example_dags/subdags/subdag.py
[2025-12-24T20:12:26.309+0000] {processor.py:842} WARNING - No viable dags retrieved from /home/airflow/.local/lib/python3.8/site-packages/airflow/example_dags/subdags/subdag.py
[2025-12-24T20:12:26.324+0000] {processor.py:183} INFO - Processing /home/airflow/.local/lib/python3.8/site-packages/airflow/example_dags/subdags/subdag.py took 0.023 seconds
[2025-12-24T20:12:57.167+0000] {processor.py:161} INFO - Started process (PID=31475) to work on /home/airflow/.local/lib/python3.8/site-packages/airflow/example_dags/subdags/subdag.py
[2025-12-24T20:12:57.169+0000] {processor.py:830} INFO - Processing file /home/airflow/.local/lib/python3.8/site-packages/airflow/example_dags/subdags/subdag.py for tasks to queue
[2025-12-24T20:12:57.170+0000] {logging_mixin.py:188} INFO - [2025-12-24T20:12:57.169+0000] {dagbag.py:538} INFO - Filling up the DagBag from /home/airflow/.local/lib/python3.8/site-packages/airflow/example_dags/subdags/subdag.py
[2025-12-24T20:12:57.172+0000] {processor.py:842} WARNING - No viable dags retrieved from /home/airflow/.local/lib/python3.8/site-packages/airflow/example_dags/subdags/subdag.py
[2025-12-24T20:12:57.187+0000] {processor.py:183} INFO - Processing /home/airflow/.local/lib/python3.8/site-packages/airflow/example_dags/subdags/subdag.py took 0.024 seconds
[2025-12-24T20:13:28.011+0000] {processor.py:161} INFO - Started process (PID=31531) to work on /home/airflow/.local/lib/python3.8/site-packages/airflow/example_dags/subdags/subdag.py
[2025-12-24T20:13:28.012+0000] {processor.py:830} INFO - Processing file /home/airflow/.local/lib/python3.8/site-packages/airflow/example_dags/subdags/subdag.py for tasks to queue
[2025-12-24T20:13:28.013+0000] {logging_mixin.py:188} INFO - [2025-12-24T20:13:28.012+0000] {dagbag.py:538} INFO - Filling up the DagBag from /home/airflow/.local/lib/python3.8/site-packages/airflow/example_dags/subdags/subdag.py
[2025-12-24T20:13:28.016+0000] {processor.py:842} WARNING - No viable dags retrieved from /home/airflow/.local/lib/python3.8/site-packages/airflow/example_dags/subdags/subdag.py
[2025-12-24T20:13:28.030+0000] {processor.py:183} INFO - Processing /home/airflow/.local/lib/python3.8/site-packages/airflow/example_dags/subdags/subdag.py took 0.023 seconds
[2025-12-24T20:13:58.100+0000] {processor.py:161} INFO - Started process (PID=31587) to work on /home/airflow/.local/lib/python3.8/site-packages/airflow/example_dags/subdags/subdag.py
[2025-12-24T20:13:58.101+0000] {processor.py:830} INFO - Processing file /home/airflow/.local/lib/python3.8/site-packages/airflow/example_dags/subdags/subdag.py for tasks to queue
[2025-12-24T20:13:58.102+0000] {logging_mixin.py:188} INFO - [2025-12-24T20:13:58.102+0000] {dagbag.py:538} INFO - Filling up the DagBag from /home/airflow/.local/lib/python3.8/site-packages/airflow/example_dags/subdags/subdag.py
[2025-12-24T20:13:58.105+0000] {processor.py:842} WARNING - No viable dags retrieved from /home/airflow/.local/lib/python3.8/site-packages/airflow/example_dags/subdags/subdag.py
[2025-12-24T20:13:58.119+0000] {processor.py:183} INFO - Processing /home/airflow/.local/lib/python3.8/site-packages/airflow/example_dags/subdags/subdag.py took 0.024 seconds
[2025-12-24T20:14:28.349+0000] {processor.py:161} INFO - Started process (PID=31644) to work on /home/airflow/.local/lib/python3.8/site-packages/airflow/example_dags/subdags/subdag.py
[2025-12-24T20:14:28.351+0000] {processor.py:830} INFO - Processing file /home/airflow/.local/lib/python3.8/site-packages/airflow/example_dags/subdags/subdag.py for tasks to queue
[2025-12-24T20:14:28.354+0000] {logging_mixin.py:188} INFO - [2025-12-24T20:14:28.354+0000] {dagbag.py:538} INFO - Filling up the DagBag from /home/airflow/.local/lib/python3.8/site-packages/airflow/example_dags/subdags/subdag.py
[2025-12-24T20:14:28.362+0000] {processor.py:842} WARNING - No viable dags retrieved from /home/airflow/.local/lib/python3.8/site-packages/airflow/example_dags/subdags/subdag.py
[2025-12-24T20:14:28.386+0000] {processor.py:183} INFO - Processing /home/airflow/.local/lib/python3.8/site-packages/airflow/example_dags/subdags/subdag.py took 0.043 seconds
[2025-12-24T20:14:58.744+0000] {processor.py:161} INFO - Started process (PID=31701) to work on /home/airflow/.local/lib/python3.8/site-packages/airflow/example_dags/subdags/subdag.py
[2025-12-24T20:14:58.745+0000] {processor.py:830} INFO - Processing file /home/airflow/.local/lib/python3.8/site-packages/airflow/example_dags/subdags/subdag.py for tasks to queue
[2025-12-24T20:14:58.747+0000] {logging_mixin.py:188} INFO - [2025-12-24T20:14:58.746+0000] {dagbag.py:538} INFO - Filling up the DagBag from /home/airflow/.local/lib/python3.8/site-packages/airflow/example_dags/subdags/subdag.py
[2025-12-24T20:14:58.752+0000] {processor.py:842} WARNING - No viable dags retrieved from /home/airflow/.local/lib/python3.8/site-packages/airflow/example_dags/subdags/subdag.py
[2025-12-24T20:14:58.769+0000] {processor.py:183} INFO - Processing /home/airflow/.local/lib/python3.8/site-packages/airflow/example_dags/subdags/subdag.py took 0.031 seconds
[2025-12-24T20:15:29.182+0000] {processor.py:161} INFO - Started process (PID=31758) to work on /home/airflow/.local/lib/python3.8/site-packages/airflow/example_dags/subdags/subdag.py
[2025-12-24T20:15:29.183+0000] {processor.py:830} INFO - Processing file /home/airflow/.local/lib/python3.8/site-packages/airflow/example_dags/subdags/subdag.py for tasks to queue
[2025-12-24T20:15:29.184+0000] {logging_mixin.py:188} INFO - [2025-12-24T20:15:29.184+0000] {dagbag.py:538} INFO - Filling up the DagBag from /home/airflow/.local/lib/python3.8/site-packages/airflow/example_dags/subdags/subdag.py
[2025-12-24T20:15:29.187+0000] {processor.py:842} WARNING - No viable dags retrieved from /home/airflow/.local/lib/python3.8/site-packages/airflow/example_dags/subdags/subdag.py
[2025-12-24T20:15:29.202+0000] {processor.py:183} INFO - Processing /home/airflow/.local/lib/python3.8/site-packages/airflow/example_dags/subdags/subdag.py took 0.024 seconds
[2025-12-24T20:15:59.405+0000] {processor.py:161} INFO - Started process (PID=31815) to work on /home/airflow/.local/lib/python3.8/site-packages/airflow/example_dags/subdags/subdag.py
[2025-12-24T20:15:59.407+0000] {processor.py:830} INFO - Processing file /home/airflow/.local/lib/python3.8/site-packages/airflow/example_dags/subdags/subdag.py for tasks to queue
[2025-12-24T20:15:59.408+0000] {logging_mixin.py:188} INFO - [2025-12-24T20:15:59.407+0000] {dagbag.py:538} INFO - Filling up the DagBag from /home/airflow/.local/lib/python3.8/site-packages/airflow/example_dags/subdags/subdag.py
[2025-12-24T20:15:59.411+0000] {processor.py:842} WARNING - No viable dags retrieved from /home/airflow/.local/lib/python3.8/site-packages/airflow/example_dags/subdags/subdag.py
[2025-12-24T20:15:59.424+0000] {processor.py:183} INFO - Processing /home/airflow/.local/lib/python3.8/site-packages/airflow/example_dags/subdags/subdag.py took 0.022 seconds
[2025-12-24T20:16:29.889+0000] {processor.py:161} INFO - Started process (PID=31872) to work on /home/airflow/.local/lib/python3.8/site-packages/airflow/example_dags/subdags/subdag.py
[2025-12-24T20:16:29.891+0000] {processor.py:830} INFO - Processing file /home/airflow/.local/lib/python3.8/site-packages/airflow/example_dags/subdags/subdag.py for tasks to queue
[2025-12-24T20:16:29.892+0000] {logging_mixin.py:188} INFO - [2025-12-24T20:16:29.892+0000] {dagbag.py:538} INFO - Filling up the DagBag from /home/airflow/.local/lib/python3.8/site-packages/airflow/example_dags/subdags/subdag.py
[2025-12-24T20:16:29.896+0000] {processor.py:842} WARNING - No viable dags retrieved from /home/airflow/.local/lib/python3.8/site-packages/airflow/example_dags/subdags/subdag.py
[2025-12-24T20:16:29.915+0000] {processor.py:183} INFO - Processing /home/airflow/.local/lib/python3.8/site-packages/airflow/example_dags/subdags/subdag.py took 0.032 seconds
[2025-12-24T20:17:00.087+0000] {processor.py:161} INFO - Started process (PID=31930) to work on /home/airflow/.local/lib/python3.8/site-packages/airflow/example_dags/subdags/subdag.py
[2025-12-24T20:17:00.089+0000] {processor.py:830} INFO - Processing file /home/airflow/.local/lib/python3.8/site-packages/airflow/example_dags/subdags/subdag.py for tasks to queue
[2025-12-24T20:17:00.090+0000] {logging_mixin.py:188} INFO - [2025-12-24T20:17:00.090+0000] {dagbag.py:538} INFO - Filling up the DagBag from /home/airflow/.local/lib/python3.8/site-packages/airflow/example_dags/subdags/subdag.py
[2025-12-24T20:17:00.094+0000] {processor.py:842} WARNING - No viable dags retrieved from /home/airflow/.local/lib/python3.8/site-packages/airflow/example_dags/subdags/subdag.py
[2025-12-24T20:17:00.110+0000] {processor.py:183} INFO - Processing /home/airflow/.local/lib/python3.8/site-packages/airflow/example_dags/subdags/subdag.py took 0.028 seconds
[2025-12-24T20:17:30.466+0000] {processor.py:161} INFO - Started process (PID=31987) to work on /home/airflow/.local/lib/python3.8/site-packages/airflow/example_dags/subdags/subdag.py
[2025-12-24T20:17:30.468+0000] {processor.py:830} INFO - Processing file /home/airflow/.local/lib/python3.8/site-packages/airflow/example_dags/subdags/subdag.py for tasks to queue
[2025-12-24T20:17:30.469+0000] {logging_mixin.py:188} INFO - [2025-12-24T20:17:30.468+0000] {dagbag.py:538} INFO - Filling up the DagBag from /home/airflow/.local/lib/python3.8/site-packages/airflow/example_dags/subdags/subdag.py
[2025-12-24T20:17:30.471+0000] {processor.py:842} WARNING - No viable dags retrieved from /home/airflow/.local/lib/python3.8/site-packages/airflow/example_dags/subdags/subdag.py
[2025-12-24T20:17:30.489+0000] {processor.py:183} INFO - Processing /home/airflow/.local/lib/python3.8/site-packages/airflow/example_dags/subdags/subdag.py took 0.028 seconds
[2025-12-24T20:18:01.201+0000] {processor.py:161} INFO - Started process (PID=32044) to work on /home/airflow/.local/lib/python3.8/site-packages/airflow/example_dags/subdags/subdag.py
[2025-12-24T20:18:01.203+0000] {processor.py:830} INFO - Processing file /home/airflow/.local/lib/python3.8/site-packages/airflow/example_dags/subdags/subdag.py for tasks to queue
[2025-12-24T20:18:01.204+0000] {logging_mixin.py:188} INFO - [2025-12-24T20:18:01.204+0000] {dagbag.py:538} INFO - Filling up the DagBag from /home/airflow/.local/lib/python3.8/site-packages/airflow/example_dags/subdags/subdag.py
[2025-12-24T20:18:01.207+0000] {processor.py:842} WARNING - No viable dags retrieved from /home/airflow/.local/lib/python3.8/site-packages/airflow/example_dags/subdags/subdag.py
[2025-12-24T20:18:01.222+0000] {processor.py:183} INFO - Processing /home/airflow/.local/lib/python3.8/site-packages/airflow/example_dags/subdags/subdag.py took 0.026 seconds
[2025-12-24T20:18:31.806+0000] {processor.py:161} INFO - Started process (PID=32101) to work on /home/airflow/.local/lib/python3.8/site-packages/airflow/example_dags/subdags/subdag.py
[2025-12-24T20:18:31.807+0000] {processor.py:830} INFO - Processing file /home/airflow/.local/lib/python3.8/site-packages/airflow/example_dags/subdags/subdag.py for tasks to queue
[2025-12-24T20:18:31.808+0000] {logging_mixin.py:188} INFO - [2025-12-24T20:18:31.808+0000] {dagbag.py:538} INFO - Filling up the DagBag from /home/airflow/.local/lib/python3.8/site-packages/airflow/example_dags/subdags/subdag.py
[2025-12-24T20:18:31.810+0000] {processor.py:842} WARNING - No viable dags retrieved from /home/airflow/.local/lib/python3.8/site-packages/airflow/example_dags/subdags/subdag.py
[2025-12-24T20:18:31.826+0000] {processor.py:183} INFO - Processing /home/airflow/.local/lib/python3.8/site-packages/airflow/example_dags/subdags/subdag.py took 0.024 seconds
[2025-12-24T20:19:02.489+0000] {processor.py:161} INFO - Started process (PID=32158) to work on /home/airflow/.local/lib/python3.8/site-packages/airflow/example_dags/subdags/subdag.py
[2025-12-24T20:19:02.490+0000] {processor.py:830} INFO - Processing file /home/airflow/.local/lib/python3.8/site-packages/airflow/example_dags/subdags/subdag.py for tasks to queue
[2025-12-24T20:19:02.491+0000] {logging_mixin.py:188} INFO - [2025-12-24T20:19:02.491+0000] {dagbag.py:538} INFO - Filling up the DagBag from /home/airflow/.local/lib/python3.8/site-packages/airflow/example_dags/subdags/subdag.py
[2025-12-24T20:19:02.494+0000] {processor.py:842} WARNING - No viable dags retrieved from /home/airflow/.local/lib/python3.8/site-packages/airflow/example_dags/subdags/subdag.py
[2025-12-24T20:19:02.513+0000] {processor.py:183} INFO - Processing /home/airflow/.local/lib/python3.8/site-packages/airflow/example_dags/subdags/subdag.py took 0.029 seconds
[2025-12-24T20:19:33.295+0000] {processor.py:161} INFO - Started process (PID=32215) to work on /home/airflow/.local/lib/python3.8/site-packages/airflow/example_dags/subdags/subdag.py
[2025-12-24T20:19:33.296+0000] {processor.py:830} INFO - Processing file /home/airflow/.local/lib/python3.8/site-packages/airflow/example_dags/subdags/subdag.py for tasks to queue
[2025-12-24T20:19:33.297+0000] {logging_mixin.py:188} INFO - [2025-12-24T20:19:33.297+0000] {dagbag.py:538} INFO - Filling up the DagBag from /home/airflow/.local/lib/python3.8/site-packages/airflow/example_dags/subdags/subdag.py
[2025-12-24T20:19:33.300+0000] {processor.py:842} WARNING - No viable dags retrieved from /home/airflow/.local/lib/python3.8/site-packages/airflow/example_dags/subdags/subdag.py
[2025-12-24T20:19:33.319+0000] {processor.py:183} INFO - Processing /home/airflow/.local/lib/python3.8/site-packages/airflow/example_dags/subdags/subdag.py took 0.028 seconds
[2025-12-24T20:20:04.107+0000] {processor.py:161} INFO - Started process (PID=32272) to work on /home/airflow/.local/lib/python3.8/site-packages/airflow/example_dags/subdags/subdag.py
[2025-12-24T20:20:04.110+0000] {processor.py:830} INFO - Processing file /home/airflow/.local/lib/python3.8/site-packages/airflow/example_dags/subdags/subdag.py for tasks to queue
[2025-12-24T20:20:04.112+0000] {logging_mixin.py:188} INFO - [2025-12-24T20:20:04.112+0000] {dagbag.py:538} INFO - Filling up the DagBag from /home/airflow/.local/lib/python3.8/site-packages/airflow/example_dags/subdags/subdag.py
[2025-12-24T20:20:04.117+0000] {processor.py:842} WARNING - No viable dags retrieved from /home/airflow/.local/lib/python3.8/site-packages/airflow/example_dags/subdags/subdag.py
[2025-12-24T20:20:04.141+0000] {processor.py:183} INFO - Processing /home/airflow/.local/lib/python3.8/site-packages/airflow/example_dags/subdags/subdag.py took 0.042 seconds
[2025-12-24T20:20:34.883+0000] {processor.py:161} INFO - Started process (PID=32328) to work on /home/airflow/.local/lib/python3.8/site-packages/airflow/example_dags/subdags/subdag.py
[2025-12-24T20:20:34.884+0000] {processor.py:830} INFO - Processing file /home/airflow/.local/lib/python3.8/site-packages/airflow/example_dags/subdags/subdag.py for tasks to queue
[2025-12-24T20:20:34.886+0000] {logging_mixin.py:188} INFO - [2025-12-24T20:20:34.885+0000] {dagbag.py:538} INFO - Filling up the DagBag from /home/airflow/.local/lib/python3.8/site-packages/airflow/example_dags/subdags/subdag.py
[2025-12-24T20:20:34.889+0000] {processor.py:842} WARNING - No viable dags retrieved from /home/airflow/.local/lib/python3.8/site-packages/airflow/example_dags/subdags/subdag.py
[2025-12-24T20:20:34.902+0000] {processor.py:183} INFO - Processing /home/airflow/.local/lib/python3.8/site-packages/airflow/example_dags/subdags/subdag.py took 0.024 seconds
[2025-12-24T20:21:05.178+0000] {processor.py:161} INFO - Started process (PID=32385) to work on /home/airflow/.local/lib/python3.8/site-packages/airflow/example_dags/subdags/subdag.py
[2025-12-24T20:21:05.179+0000] {processor.py:830} INFO - Processing file /home/airflow/.local/lib/python3.8/site-packages/airflow/example_dags/subdags/subdag.py for tasks to queue
[2025-12-24T20:21:05.180+0000] {logging_mixin.py:188} INFO - [2025-12-24T20:21:05.180+0000] {dagbag.py:538} INFO - Filling up the DagBag from /home/airflow/.local/lib/python3.8/site-packages/airflow/example_dags/subdags/subdag.py
[2025-12-24T20:21:05.183+0000] {processor.py:842} WARNING - No viable dags retrieved from /home/airflow/.local/lib/python3.8/site-packages/airflow/example_dags/subdags/subdag.py
[2025-12-24T20:21:05.197+0000] {processor.py:183} INFO - Processing /home/airflow/.local/lib/python3.8/site-packages/airflow/example_dags/subdags/subdag.py took 0.023 seconds
[2025-12-24T20:21:35.440+0000] {processor.py:161} INFO - Started process (PID=32442) to work on /home/airflow/.local/lib/python3.8/site-packages/airflow/example_dags/subdags/subdag.py
[2025-12-24T20:21:35.442+0000] {processor.py:830} INFO - Processing file /home/airflow/.local/lib/python3.8/site-packages/airflow/example_dags/subdags/subdag.py for tasks to queue
[2025-12-24T20:21:35.443+0000] {logging_mixin.py:188} INFO - [2025-12-24T20:21:35.442+0000] {dagbag.py:538} INFO - Filling up the DagBag from /home/airflow/.local/lib/python3.8/site-packages/airflow/example_dags/subdags/subdag.py
[2025-12-24T20:21:35.445+0000] {processor.py:842} WARNING - No viable dags retrieved from /home/airflow/.local/lib/python3.8/site-packages/airflow/example_dags/subdags/subdag.py
[2025-12-24T20:21:35.464+0000] {processor.py:183} INFO - Processing /home/airflow/.local/lib/python3.8/site-packages/airflow/example_dags/subdags/subdag.py took 0.027 seconds
[2025-12-24T20:22:06.276+0000] {processor.py:161} INFO - Started process (PID=32499) to work on /home/airflow/.local/lib/python3.8/site-packages/airflow/example_dags/subdags/subdag.py
[2025-12-24T20:22:06.278+0000] {processor.py:830} INFO - Processing file /home/airflow/.local/lib/python3.8/site-packages/airflow/example_dags/subdags/subdag.py for tasks to queue
[2025-12-24T20:22:06.280+0000] {logging_mixin.py:188} INFO - [2025-12-24T20:22:06.279+0000] {dagbag.py:538} INFO - Filling up the DagBag from /home/airflow/.local/lib/python3.8/site-packages/airflow/example_dags/subdags/subdag.py
[2025-12-24T20:22:06.285+0000] {processor.py:842} WARNING - No viable dags retrieved from /home/airflow/.local/lib/python3.8/site-packages/airflow/example_dags/subdags/subdag.py
[2025-12-24T20:22:06.308+0000] {processor.py:183} INFO - Processing /home/airflow/.local/lib/python3.8/site-packages/airflow/example_dags/subdags/subdag.py took 0.037 seconds
[2025-12-24T20:22:36.545+0000] {processor.py:161} INFO - Started process (PID=32556) to work on /home/airflow/.local/lib/python3.8/site-packages/airflow/example_dags/subdags/subdag.py
[2025-12-24T20:22:36.547+0000] {processor.py:830} INFO - Processing file /home/airflow/.local/lib/python3.8/site-packages/airflow/example_dags/subdags/subdag.py for tasks to queue
[2025-12-24T20:22:36.548+0000] {logging_mixin.py:188} INFO - [2025-12-24T20:22:36.548+0000] {dagbag.py:538} INFO - Filling up the DagBag from /home/airflow/.local/lib/python3.8/site-packages/airflow/example_dags/subdags/subdag.py
[2025-12-24T20:22:36.552+0000] {processor.py:842} WARNING - No viable dags retrieved from /home/airflow/.local/lib/python3.8/site-packages/airflow/example_dags/subdags/subdag.py
[2025-12-24T20:22:36.566+0000] {processor.py:183} INFO - Processing /home/airflow/.local/lib/python3.8/site-packages/airflow/example_dags/subdags/subdag.py took 0.024 seconds
[2025-12-24T20:23:06.690+0000] {processor.py:161} INFO - Started process (PID=32613) to work on /home/airflow/.local/lib/python3.8/site-packages/airflow/example_dags/subdags/subdag.py
[2025-12-24T20:23:06.691+0000] {processor.py:830} INFO - Processing file /home/airflow/.local/lib/python3.8/site-packages/airflow/example_dags/subdags/subdag.py for tasks to queue
[2025-12-24T20:23:06.692+0000] {logging_mixin.py:188} INFO - [2025-12-24T20:23:06.692+0000] {dagbag.py:538} INFO - Filling up the DagBag from /home/airflow/.local/lib/python3.8/site-packages/airflow/example_dags/subdags/subdag.py
[2025-12-24T20:23:06.694+0000] {processor.py:842} WARNING - No viable dags retrieved from /home/airflow/.local/lib/python3.8/site-packages/airflow/example_dags/subdags/subdag.py
[2025-12-24T20:23:06.709+0000] {processor.py:183} INFO - Processing /home/airflow/.local/lib/python3.8/site-packages/airflow/example_dags/subdags/subdag.py took 0.023 seconds
[2025-12-24T20:23:37.130+0000] {processor.py:161} INFO - Started process (PID=32671) to work on /home/airflow/.local/lib/python3.8/site-packages/airflow/example_dags/subdags/subdag.py
[2025-12-24T20:23:37.131+0000] {processor.py:830} INFO - Processing file /home/airflow/.local/lib/python3.8/site-packages/airflow/example_dags/subdags/subdag.py for tasks to queue
[2025-12-24T20:23:37.134+0000] {logging_mixin.py:188} INFO - [2025-12-24T20:23:37.133+0000] {dagbag.py:538} INFO - Filling up the DagBag from /home/airflow/.local/lib/python3.8/site-packages/airflow/example_dags/subdags/subdag.py
[2025-12-24T20:23:37.149+0000] {processor.py:842} WARNING - No viable dags retrieved from /home/airflow/.local/lib/python3.8/site-packages/airflow/example_dags/subdags/subdag.py
[2025-12-24T20:23:37.211+0000] {processor.py:183} INFO - Processing /home/airflow/.local/lib/python3.8/site-packages/airflow/example_dags/subdags/subdag.py took 0.089 seconds
[2025-12-24T20:24:07.826+0000] {processor.py:161} INFO - Started process (PID=32728) to work on /home/airflow/.local/lib/python3.8/site-packages/airflow/example_dags/subdags/subdag.py
[2025-12-24T20:24:07.828+0000] {processor.py:830} INFO - Processing file /home/airflow/.local/lib/python3.8/site-packages/airflow/example_dags/subdags/subdag.py for tasks to queue
[2025-12-24T20:24:07.829+0000] {logging_mixin.py:188} INFO - [2025-12-24T20:24:07.829+0000] {dagbag.py:538} INFO - Filling up the DagBag from /home/airflow/.local/lib/python3.8/site-packages/airflow/example_dags/subdags/subdag.py
[2025-12-24T20:24:07.835+0000] {processor.py:842} WARNING - No viable dags retrieved from /home/airflow/.local/lib/python3.8/site-packages/airflow/example_dags/subdags/subdag.py
[2025-12-24T20:24:07.859+0000] {processor.py:183} INFO - Processing /home/airflow/.local/lib/python3.8/site-packages/airflow/example_dags/subdags/subdag.py took 0.038 seconds
[2025-12-24T20:24:38.690+0000] {processor.py:161} INFO - Started process (PID=32785) to work on /home/airflow/.local/lib/python3.8/site-packages/airflow/example_dags/subdags/subdag.py
[2025-12-24T20:24:38.703+0000] {processor.py:830} INFO - Processing file /home/airflow/.local/lib/python3.8/site-packages/airflow/example_dags/subdags/subdag.py for tasks to queue
[2025-12-24T20:24:38.717+0000] {logging_mixin.py:188} INFO - [2025-12-24T20:24:38.714+0000] {dagbag.py:538} INFO - Filling up the DagBag from /home/airflow/.local/lib/python3.8/site-packages/airflow/example_dags/subdags/subdag.py
[2025-12-24T20:24:38.753+0000] {processor.py:842} WARNING - No viable dags retrieved from /home/airflow/.local/lib/python3.8/site-packages/airflow/example_dags/subdags/subdag.py
[2025-12-24T20:24:38.787+0000] {processor.py:183} INFO - Processing /home/airflow/.local/lib/python3.8/site-packages/airflow/example_dags/subdags/subdag.py took 0.155 seconds
[2025-12-24T20:25:08.926+0000] {processor.py:161} INFO - Started process (PID=32842) to work on /home/airflow/.local/lib/python3.8/site-packages/airflow/example_dags/subdags/subdag.py
[2025-12-24T20:25:08.928+0000] {processor.py:830} INFO - Processing file /home/airflow/.local/lib/python3.8/site-packages/airflow/example_dags/subdags/subdag.py for tasks to queue
[2025-12-24T20:25:08.929+0000] {logging_mixin.py:188} INFO - [2025-12-24T20:25:08.928+0000] {dagbag.py:538} INFO - Filling up the DagBag from /home/airflow/.local/lib/python3.8/site-packages/airflow/example_dags/subdags/subdag.py
[2025-12-24T20:25:08.931+0000] {processor.py:842} WARNING - No viable dags retrieved from /home/airflow/.local/lib/python3.8/site-packages/airflow/example_dags/subdags/subdag.py
[2025-12-24T20:25:08.946+0000] {processor.py:183} INFO - Processing /home/airflow/.local/lib/python3.8/site-packages/airflow/example_dags/subdags/subdag.py took 0.023 seconds
[2025-12-24T20:25:39.099+0000] {processor.py:161} INFO - Started process (PID=32899) to work on /home/airflow/.local/lib/python3.8/site-packages/airflow/example_dags/subdags/subdag.py
[2025-12-24T20:25:39.101+0000] {processor.py:830} INFO - Processing file /home/airflow/.local/lib/python3.8/site-packages/airflow/example_dags/subdags/subdag.py for tasks to queue
[2025-12-24T20:25:39.102+0000] {logging_mixin.py:188} INFO - [2025-12-24T20:25:39.102+0000] {dagbag.py:538} INFO - Filling up the DagBag from /home/airflow/.local/lib/python3.8/site-packages/airflow/example_dags/subdags/subdag.py
[2025-12-24T20:25:39.105+0000] {processor.py:842} WARNING - No viable dags retrieved from /home/airflow/.local/lib/python3.8/site-packages/airflow/example_dags/subdags/subdag.py
[2025-12-24T20:25:39.121+0000] {processor.py:183} INFO - Processing /home/airflow/.local/lib/python3.8/site-packages/airflow/example_dags/subdags/subdag.py took 0.026 seconds
[2025-12-24T20:26:09.481+0000] {processor.py:161} INFO - Started process (PID=32956) to work on /home/airflow/.local/lib/python3.8/site-packages/airflow/example_dags/subdags/subdag.py
[2025-12-24T20:26:09.483+0000] {processor.py:830} INFO - Processing file /home/airflow/.local/lib/python3.8/site-packages/airflow/example_dags/subdags/subdag.py for tasks to queue
[2025-12-24T20:26:09.484+0000] {logging_mixin.py:188} INFO - [2025-12-24T20:26:09.484+0000] {dagbag.py:538} INFO - Filling up the DagBag from /home/airflow/.local/lib/python3.8/site-packages/airflow/example_dags/subdags/subdag.py
[2025-12-24T20:26:09.487+0000] {processor.py:842} WARNING - No viable dags retrieved from /home/airflow/.local/lib/python3.8/site-packages/airflow/example_dags/subdags/subdag.py
[2025-12-24T20:26:09.503+0000] {processor.py:183} INFO - Processing /home/airflow/.local/lib/python3.8/site-packages/airflow/example_dags/subdags/subdag.py took 0.025 seconds
[2025-12-24T20:26:39.952+0000] {processor.py:161} INFO - Started process (PID=33013) to work on /home/airflow/.local/lib/python3.8/site-packages/airflow/example_dags/subdags/subdag.py
[2025-12-24T20:26:39.953+0000] {processor.py:830} INFO - Processing file /home/airflow/.local/lib/python3.8/site-packages/airflow/example_dags/subdags/subdag.py for tasks to queue
[2025-12-24T20:26:39.954+0000] {logging_mixin.py:188} INFO - [2025-12-24T20:26:39.954+0000] {dagbag.py:538} INFO - Filling up the DagBag from /home/airflow/.local/lib/python3.8/site-packages/airflow/example_dags/subdags/subdag.py
[2025-12-24T20:26:39.956+0000] {processor.py:842} WARNING - No viable dags retrieved from /home/airflow/.local/lib/python3.8/site-packages/airflow/example_dags/subdags/subdag.py
[2025-12-24T20:26:39.971+0000] {processor.py:183} INFO - Processing /home/airflow/.local/lib/python3.8/site-packages/airflow/example_dags/subdags/subdag.py took 0.024 seconds
[2025-12-24T20:27:10.402+0000] {processor.py:161} INFO - Started process (PID=33070) to work on /home/airflow/.local/lib/python3.8/site-packages/airflow/example_dags/subdags/subdag.py
[2025-12-24T20:27:10.404+0000] {processor.py:830} INFO - Processing file /home/airflow/.local/lib/python3.8/site-packages/airflow/example_dags/subdags/subdag.py for tasks to queue
[2025-12-24T20:27:10.405+0000] {logging_mixin.py:188} INFO - [2025-12-24T20:27:10.405+0000] {dagbag.py:538} INFO - Filling up the DagBag from /home/airflow/.local/lib/python3.8/site-packages/airflow/example_dags/subdags/subdag.py
[2025-12-24T20:27:10.408+0000] {processor.py:842} WARNING - No viable dags retrieved from /home/airflow/.local/lib/python3.8/site-packages/airflow/example_dags/subdags/subdag.py
[2025-12-24T20:27:10.424+0000] {processor.py:183} INFO - Processing /home/airflow/.local/lib/python3.8/site-packages/airflow/example_dags/subdags/subdag.py took 0.027 seconds
[2025-12-24T20:27:40.683+0000] {processor.py:161} INFO - Started process (PID=33127) to work on /home/airflow/.local/lib/python3.8/site-packages/airflow/example_dags/subdags/subdag.py
[2025-12-24T20:27:40.684+0000] {processor.py:830} INFO - Processing file /home/airflow/.local/lib/python3.8/site-packages/airflow/example_dags/subdags/subdag.py for tasks to queue
[2025-12-24T20:27:40.686+0000] {logging_mixin.py:188} INFO - [2025-12-24T20:27:40.685+0000] {dagbag.py:538} INFO - Filling up the DagBag from /home/airflow/.local/lib/python3.8/site-packages/airflow/example_dags/subdags/subdag.py
[2025-12-24T20:27:40.689+0000] {processor.py:842} WARNING - No viable dags retrieved from /home/airflow/.local/lib/python3.8/site-packages/airflow/example_dags/subdags/subdag.py
[2025-12-24T20:27:40.705+0000] {processor.py:183} INFO - Processing /home/airflow/.local/lib/python3.8/site-packages/airflow/example_dags/subdags/subdag.py took 0.026 seconds
[2025-12-24T20:28:11.030+0000] {processor.py:161} INFO - Started process (PID=33184) to work on /home/airflow/.local/lib/python3.8/site-packages/airflow/example_dags/subdags/subdag.py
[2025-12-24T20:28:11.031+0000] {processor.py:830} INFO - Processing file /home/airflow/.local/lib/python3.8/site-packages/airflow/example_dags/subdags/subdag.py for tasks to queue
[2025-12-24T20:28:11.033+0000] {logging_mixin.py:188} INFO - [2025-12-24T20:28:11.032+0000] {dagbag.py:538} INFO - Filling up the DagBag from /home/airflow/.local/lib/python3.8/site-packages/airflow/example_dags/subdags/subdag.py
[2025-12-24T20:28:11.037+0000] {processor.py:842} WARNING - No viable dags retrieved from /home/airflow/.local/lib/python3.8/site-packages/airflow/example_dags/subdags/subdag.py
[2025-12-24T20:28:11.052+0000] {processor.py:183} INFO - Processing /home/airflow/.local/lib/python3.8/site-packages/airflow/example_dags/subdags/subdag.py took 0.027 seconds
[2025-12-24T20:28:41.290+0000] {processor.py:161} INFO - Started process (PID=33241) to work on /home/airflow/.local/lib/python3.8/site-packages/airflow/example_dags/subdags/subdag.py
[2025-12-24T20:28:41.291+0000] {processor.py:830} INFO - Processing file /home/airflow/.local/lib/python3.8/site-packages/airflow/example_dags/subdags/subdag.py for tasks to queue
[2025-12-24T20:28:41.292+0000] {logging_mixin.py:188} INFO - [2025-12-24T20:28:41.292+0000] {dagbag.py:538} INFO - Filling up the DagBag from /home/airflow/.local/lib/python3.8/site-packages/airflow/example_dags/subdags/subdag.py
[2025-12-24T20:28:41.296+0000] {processor.py:842} WARNING - No viable dags retrieved from /home/airflow/.local/lib/python3.8/site-packages/airflow/example_dags/subdags/subdag.py
[2025-12-24T20:28:41.312+0000] {processor.py:183} INFO - Processing /home/airflow/.local/lib/python3.8/site-packages/airflow/example_dags/subdags/subdag.py took 0.027 seconds
[2025-12-24T20:29:11.567+0000] {processor.py:161} INFO - Started process (PID=33298) to work on /home/airflow/.local/lib/python3.8/site-packages/airflow/example_dags/subdags/subdag.py
[2025-12-24T20:29:11.569+0000] {processor.py:830} INFO - Processing file /home/airflow/.local/lib/python3.8/site-packages/airflow/example_dags/subdags/subdag.py for tasks to queue
[2025-12-24T20:29:11.575+0000] {logging_mixin.py:188} INFO - [2025-12-24T20:29:11.574+0000] {dagbag.py:538} INFO - Filling up the DagBag from /home/airflow/.local/lib/python3.8/site-packages/airflow/example_dags/subdags/subdag.py
[2025-12-24T20:29:11.577+0000] {processor.py:842} WARNING - No viable dags retrieved from /home/airflow/.local/lib/python3.8/site-packages/airflow/example_dags/subdags/subdag.py
[2025-12-24T20:29:11.594+0000] {processor.py:183} INFO - Processing /home/airflow/.local/lib/python3.8/site-packages/airflow/example_dags/subdags/subdag.py took 0.031 seconds
[2025-12-24T20:29:42.037+0000] {processor.py:161} INFO - Started process (PID=33355) to work on /home/airflow/.local/lib/python3.8/site-packages/airflow/example_dags/subdags/subdag.py
[2025-12-24T20:29:42.039+0000] {processor.py:830} INFO - Processing file /home/airflow/.local/lib/python3.8/site-packages/airflow/example_dags/subdags/subdag.py for tasks to queue
[2025-12-24T20:29:42.041+0000] {logging_mixin.py:188} INFO - [2025-12-24T20:29:42.040+0000] {dagbag.py:538} INFO - Filling up the DagBag from /home/airflow/.local/lib/python3.8/site-packages/airflow/example_dags/subdags/subdag.py
[2025-12-24T20:29:42.043+0000] {processor.py:842} WARNING - No viable dags retrieved from /home/airflow/.local/lib/python3.8/site-packages/airflow/example_dags/subdags/subdag.py
[2025-12-24T20:29:42.059+0000] {processor.py:183} INFO - Processing /home/airflow/.local/lib/python3.8/site-packages/airflow/example_dags/subdags/subdag.py took 0.026 seconds
[2025-12-24T20:30:12.686+0000] {processor.py:161} INFO - Started process (PID=33412) to work on /home/airflow/.local/lib/python3.8/site-packages/airflow/example_dags/subdags/subdag.py
[2025-12-24T20:30:12.687+0000] {processor.py:830} INFO - Processing file /home/airflow/.local/lib/python3.8/site-packages/airflow/example_dags/subdags/subdag.py for tasks to queue
[2025-12-24T20:30:12.689+0000] {logging_mixin.py:188} INFO - [2025-12-24T20:30:12.688+0000] {dagbag.py:538} INFO - Filling up the DagBag from /home/airflow/.local/lib/python3.8/site-packages/airflow/example_dags/subdags/subdag.py
[2025-12-24T20:30:12.692+0000] {processor.py:842} WARNING - No viable dags retrieved from /home/airflow/.local/lib/python3.8/site-packages/airflow/example_dags/subdags/subdag.py
[2025-12-24T20:30:12.712+0000] {processor.py:183} INFO - Processing /home/airflow/.local/lib/python3.8/site-packages/airflow/example_dags/subdags/subdag.py took 0.031 seconds
[2025-12-24T20:30:43.213+0000] {processor.py:161} INFO - Started process (PID=33469) to work on /home/airflow/.local/lib/python3.8/site-packages/airflow/example_dags/subdags/subdag.py
[2025-12-24T20:30:43.215+0000] {processor.py:830} INFO - Processing file /home/airflow/.local/lib/python3.8/site-packages/airflow/example_dags/subdags/subdag.py for tasks to queue
[2025-12-24T20:30:43.216+0000] {logging_mixin.py:188} INFO - [2025-12-24T20:30:43.216+0000] {dagbag.py:538} INFO - Filling up the DagBag from /home/airflow/.local/lib/python3.8/site-packages/airflow/example_dags/subdags/subdag.py
[2025-12-24T20:30:43.219+0000] {processor.py:842} WARNING - No viable dags retrieved from /home/airflow/.local/lib/python3.8/site-packages/airflow/example_dags/subdags/subdag.py
[2025-12-24T20:30:43.232+0000] {processor.py:183} INFO - Processing /home/airflow/.local/lib/python3.8/site-packages/airflow/example_dags/subdags/subdag.py took 0.023 seconds
[2025-12-24T20:31:13.838+0000] {processor.py:161} INFO - Started process (PID=33526) to work on /home/airflow/.local/lib/python3.8/site-packages/airflow/example_dags/subdags/subdag.py
[2025-12-24T20:31:13.839+0000] {processor.py:830} INFO - Processing file /home/airflow/.local/lib/python3.8/site-packages/airflow/example_dags/subdags/subdag.py for tasks to queue
[2025-12-24T20:31:13.840+0000] {logging_mixin.py:188} INFO - [2025-12-24T20:31:13.840+0000] {dagbag.py:538} INFO - Filling up the DagBag from /home/airflow/.local/lib/python3.8/site-packages/airflow/example_dags/subdags/subdag.py
[2025-12-24T20:31:13.843+0000] {processor.py:842} WARNING - No viable dags retrieved from /home/airflow/.local/lib/python3.8/site-packages/airflow/example_dags/subdags/subdag.py
[2025-12-24T20:31:13.857+0000] {processor.py:183} INFO - Processing /home/airflow/.local/lib/python3.8/site-packages/airflow/example_dags/subdags/subdag.py took 0.023 seconds
[2025-12-24T20:31:44.392+0000] {processor.py:161} INFO - Started process (PID=33583) to work on /home/airflow/.local/lib/python3.8/site-packages/airflow/example_dags/subdags/subdag.py
[2025-12-24T20:31:44.393+0000] {processor.py:830} INFO - Processing file /home/airflow/.local/lib/python3.8/site-packages/airflow/example_dags/subdags/subdag.py for tasks to queue
[2025-12-24T20:31:44.394+0000] {logging_mixin.py:188} INFO - [2025-12-24T20:31:44.394+0000] {dagbag.py:538} INFO - Filling up the DagBag from /home/airflow/.local/lib/python3.8/site-packages/airflow/example_dags/subdags/subdag.py
[2025-12-24T20:31:44.397+0000] {processor.py:842} WARNING - No viable dags retrieved from /home/airflow/.local/lib/python3.8/site-packages/airflow/example_dags/subdags/subdag.py
[2025-12-24T20:31:44.411+0000] {processor.py:183} INFO - Processing /home/airflow/.local/lib/python3.8/site-packages/airflow/example_dags/subdags/subdag.py took 0.024 seconds
[2025-12-24T20:32:14.984+0000] {processor.py:161} INFO - Started process (PID=33640) to work on /home/airflow/.local/lib/python3.8/site-packages/airflow/example_dags/subdags/subdag.py
[2025-12-24T20:32:14.985+0000] {processor.py:830} INFO - Processing file /home/airflow/.local/lib/python3.8/site-packages/airflow/example_dags/subdags/subdag.py for tasks to queue
[2025-12-24T20:32:14.987+0000] {logging_mixin.py:188} INFO - [2025-12-24T20:32:14.986+0000] {dagbag.py:538} INFO - Filling up the DagBag from /home/airflow/.local/lib/python3.8/site-packages/airflow/example_dags/subdags/subdag.py
[2025-12-24T20:32:14.989+0000] {processor.py:842} WARNING - No viable dags retrieved from /home/airflow/.local/lib/python3.8/site-packages/airflow/example_dags/subdags/subdag.py
[2025-12-24T20:32:15.003+0000] {processor.py:183} INFO - Processing /home/airflow/.local/lib/python3.8/site-packages/airflow/example_dags/subdags/subdag.py took 0.022 seconds
[2025-12-24T20:32:45.206+0000] {processor.py:161} INFO - Started process (PID=33697) to work on /home/airflow/.local/lib/python3.8/site-packages/airflow/example_dags/subdags/subdag.py
[2025-12-24T20:32:45.207+0000] {processor.py:830} INFO - Processing file /home/airflow/.local/lib/python3.8/site-packages/airflow/example_dags/subdags/subdag.py for tasks to queue
[2025-12-24T20:32:45.209+0000] {logging_mixin.py:188} INFO - [2025-12-24T20:32:45.208+0000] {dagbag.py:538} INFO - Filling up the DagBag from /home/airflow/.local/lib/python3.8/site-packages/airflow/example_dags/subdags/subdag.py
[2025-12-24T20:32:45.212+0000] {processor.py:842} WARNING - No viable dags retrieved from /home/airflow/.local/lib/python3.8/site-packages/airflow/example_dags/subdags/subdag.py
[2025-12-24T20:32:45.231+0000] {processor.py:183} INFO - Processing /home/airflow/.local/lib/python3.8/site-packages/airflow/example_dags/subdags/subdag.py took 0.031 seconds
[2025-12-24T20:33:15.856+0000] {processor.py:161} INFO - Started process (PID=33754) to work on /home/airflow/.local/lib/python3.8/site-packages/airflow/example_dags/subdags/subdag.py
[2025-12-24T20:33:15.858+0000] {processor.py:830} INFO - Processing file /home/airflow/.local/lib/python3.8/site-packages/airflow/example_dags/subdags/subdag.py for tasks to queue
[2025-12-24T20:33:15.859+0000] {logging_mixin.py:188} INFO - [2025-12-24T20:33:15.859+0000] {dagbag.py:538} INFO - Filling up the DagBag from /home/airflow/.local/lib/python3.8/site-packages/airflow/example_dags/subdags/subdag.py
[2025-12-24T20:33:15.862+0000] {processor.py:842} WARNING - No viable dags retrieved from /home/airflow/.local/lib/python3.8/site-packages/airflow/example_dags/subdags/subdag.py
[2025-12-24T20:33:15.881+0000] {processor.py:183} INFO - Processing /home/airflow/.local/lib/python3.8/site-packages/airflow/example_dags/subdags/subdag.py took 0.031 seconds
[2025-12-24T20:33:47.298+0000] {processor.py:161} INFO - Started process (PID=33811) to work on /home/airflow/.local/lib/python3.8/site-packages/airflow/example_dags/subdags/subdag.py
[2025-12-24T20:33:47.300+0000] {processor.py:830} INFO - Processing file /home/airflow/.local/lib/python3.8/site-packages/airflow/example_dags/subdags/subdag.py for tasks to queue
[2025-12-24T20:33:47.302+0000] {logging_mixin.py:188} INFO - [2025-12-24T20:33:47.301+0000] {dagbag.py:538} INFO - Filling up the DagBag from /home/airflow/.local/lib/python3.8/site-packages/airflow/example_dags/subdags/subdag.py
[2025-12-24T20:33:47.306+0000] {processor.py:842} WARNING - No viable dags retrieved from /home/airflow/.local/lib/python3.8/site-packages/airflow/example_dags/subdags/subdag.py
[2025-12-24T20:33:47.327+0000] {processor.py:183} INFO - Processing /home/airflow/.local/lib/python3.8/site-packages/airflow/example_dags/subdags/subdag.py took 0.034 seconds
[2025-12-24T20:34:17.598+0000] {processor.py:161} INFO - Started process (PID=33868) to work on /home/airflow/.local/lib/python3.8/site-packages/airflow/example_dags/subdags/subdag.py
[2025-12-24T20:34:17.599+0000] {processor.py:830} INFO - Processing file /home/airflow/.local/lib/python3.8/site-packages/airflow/example_dags/subdags/subdag.py for tasks to queue
[2025-12-24T20:34:17.600+0000] {logging_mixin.py:188} INFO - [2025-12-24T20:34:17.600+0000] {dagbag.py:538} INFO - Filling up the DagBag from /home/airflow/.local/lib/python3.8/site-packages/airflow/example_dags/subdags/subdag.py
[2025-12-24T20:34:17.603+0000] {processor.py:842} WARNING - No viable dags retrieved from /home/airflow/.local/lib/python3.8/site-packages/airflow/example_dags/subdags/subdag.py
[2025-12-24T20:34:17.618+0000] {processor.py:183} INFO - Processing /home/airflow/.local/lib/python3.8/site-packages/airflow/example_dags/subdags/subdag.py took 0.024 seconds
[2025-12-24T20:34:47.880+0000] {processor.py:161} INFO - Started process (PID=33925) to work on /home/airflow/.local/lib/python3.8/site-packages/airflow/example_dags/subdags/subdag.py
[2025-12-24T20:34:47.882+0000] {processor.py:830} INFO - Processing file /home/airflow/.local/lib/python3.8/site-packages/airflow/example_dags/subdags/subdag.py for tasks to queue
[2025-12-24T20:34:47.883+0000] {logging_mixin.py:188} INFO - [2025-12-24T20:34:47.883+0000] {dagbag.py:538} INFO - Filling up the DagBag from /home/airflow/.local/lib/python3.8/site-packages/airflow/example_dags/subdags/subdag.py
[2025-12-24T20:34:47.885+0000] {processor.py:842} WARNING - No viable dags retrieved from /home/airflow/.local/lib/python3.8/site-packages/airflow/example_dags/subdags/subdag.py
[2025-12-24T20:34:47.900+0000] {processor.py:183} INFO - Processing /home/airflow/.local/lib/python3.8/site-packages/airflow/example_dags/subdags/subdag.py took 0.024 seconds
[2025-12-24T20:35:18.348+0000] {processor.py:161} INFO - Started process (PID=33982) to work on /home/airflow/.local/lib/python3.8/site-packages/airflow/example_dags/subdags/subdag.py
[2025-12-24T20:35:18.349+0000] {processor.py:830} INFO - Processing file /home/airflow/.local/lib/python3.8/site-packages/airflow/example_dags/subdags/subdag.py for tasks to queue
[2025-12-24T20:35:18.350+0000] {logging_mixin.py:188} INFO - [2025-12-24T20:35:18.350+0000] {dagbag.py:538} INFO - Filling up the DagBag from /home/airflow/.local/lib/python3.8/site-packages/airflow/example_dags/subdags/subdag.py
[2025-12-24T20:35:18.353+0000] {processor.py:842} WARNING - No viable dags retrieved from /home/airflow/.local/lib/python3.8/site-packages/airflow/example_dags/subdags/subdag.py
[2025-12-24T20:35:18.367+0000] {processor.py:183} INFO - Processing /home/airflow/.local/lib/python3.8/site-packages/airflow/example_dags/subdags/subdag.py took 0.024 seconds
[2025-12-24T20:35:48.638+0000] {processor.py:161} INFO - Started process (PID=34039) to work on /home/airflow/.local/lib/python3.8/site-packages/airflow/example_dags/subdags/subdag.py
[2025-12-24T20:35:48.640+0000] {processor.py:830} INFO - Processing file /home/airflow/.local/lib/python3.8/site-packages/airflow/example_dags/subdags/subdag.py for tasks to queue
[2025-12-24T20:35:48.641+0000] {logging_mixin.py:188} INFO - [2025-12-24T20:35:48.640+0000] {dagbag.py:538} INFO - Filling up the DagBag from /home/airflow/.local/lib/python3.8/site-packages/airflow/example_dags/subdags/subdag.py
[2025-12-24T20:35:48.643+0000] {processor.py:842} WARNING - No viable dags retrieved from /home/airflow/.local/lib/python3.8/site-packages/airflow/example_dags/subdags/subdag.py
[2025-12-24T20:35:48.658+0000] {processor.py:183} INFO - Processing /home/airflow/.local/lib/python3.8/site-packages/airflow/example_dags/subdags/subdag.py took 0.024 seconds
[2025-12-24T20:36:19.402+0000] {processor.py:161} INFO - Started process (PID=34097) to work on /home/airflow/.local/lib/python3.8/site-packages/airflow/example_dags/subdags/subdag.py
[2025-12-24T20:36:19.405+0000] {processor.py:830} INFO - Processing file /home/airflow/.local/lib/python3.8/site-packages/airflow/example_dags/subdags/subdag.py for tasks to queue
[2025-12-24T20:36:19.407+0000] {logging_mixin.py:188} INFO - [2025-12-24T20:36:19.406+0000] {dagbag.py:538} INFO - Filling up the DagBag from /home/airflow/.local/lib/python3.8/site-packages/airflow/example_dags/subdags/subdag.py
[2025-12-24T20:36:19.411+0000] {processor.py:842} WARNING - No viable dags retrieved from /home/airflow/.local/lib/python3.8/site-packages/airflow/example_dags/subdags/subdag.py
[2025-12-24T20:36:19.433+0000] {processor.py:183} INFO - Processing /home/airflow/.local/lib/python3.8/site-packages/airflow/example_dags/subdags/subdag.py took 0.037 seconds
[2025-12-24T20:36:49.857+0000] {processor.py:161} INFO - Started process (PID=34154) to work on /home/airflow/.local/lib/python3.8/site-packages/airflow/example_dags/subdags/subdag.py
[2025-12-24T20:36:49.859+0000] {processor.py:830} INFO - Processing file /home/airflow/.local/lib/python3.8/site-packages/airflow/example_dags/subdags/subdag.py for tasks to queue
[2025-12-24T20:36:49.863+0000] {logging_mixin.py:188} INFO - [2025-12-24T20:36:49.863+0000] {dagbag.py:538} INFO - Filling up the DagBag from /home/airflow/.local/lib/python3.8/site-packages/airflow/example_dags/subdags/subdag.py
[2025-12-24T20:36:49.868+0000] {processor.py:842} WARNING - No viable dags retrieved from /home/airflow/.local/lib/python3.8/site-packages/airflow/example_dags/subdags/subdag.py
[2025-12-24T20:36:49.897+0000] {processor.py:183} INFO - Processing /home/airflow/.local/lib/python3.8/site-packages/airflow/example_dags/subdags/subdag.py took 0.046 seconds
[2025-12-24T20:37:20.530+0000] {processor.py:161} INFO - Started process (PID=34211) to work on /home/airflow/.local/lib/python3.8/site-packages/airflow/example_dags/subdags/subdag.py
[2025-12-24T20:37:20.531+0000] {processor.py:830} INFO - Processing file /home/airflow/.local/lib/python3.8/site-packages/airflow/example_dags/subdags/subdag.py for tasks to queue
[2025-12-24T20:37:20.533+0000] {logging_mixin.py:188} INFO - [2025-12-24T20:37:20.532+0000] {dagbag.py:538} INFO - Filling up the DagBag from /home/airflow/.local/lib/python3.8/site-packages/airflow/example_dags/subdags/subdag.py
[2025-12-24T20:37:20.536+0000] {processor.py:842} WARNING - No viable dags retrieved from /home/airflow/.local/lib/python3.8/site-packages/airflow/example_dags/subdags/subdag.py
[2025-12-24T20:37:20.552+0000] {processor.py:183} INFO - Processing /home/airflow/.local/lib/python3.8/site-packages/airflow/example_dags/subdags/subdag.py took 0.026 seconds
[2025-12-24T20:37:51.178+0000] {processor.py:161} INFO - Started process (PID=34268) to work on /home/airflow/.local/lib/python3.8/site-packages/airflow/example_dags/subdags/subdag.py
[2025-12-24T20:37:51.180+0000] {processor.py:830} INFO - Processing file /home/airflow/.local/lib/python3.8/site-packages/airflow/example_dags/subdags/subdag.py for tasks to queue
[2025-12-24T20:37:51.181+0000] {logging_mixin.py:188} INFO - [2025-12-24T20:37:51.181+0000] {dagbag.py:538} INFO - Filling up the DagBag from /home/airflow/.local/lib/python3.8/site-packages/airflow/example_dags/subdags/subdag.py
[2025-12-24T20:37:51.184+0000] {processor.py:842} WARNING - No viable dags retrieved from /home/airflow/.local/lib/python3.8/site-packages/airflow/example_dags/subdags/subdag.py
[2025-12-24T20:37:51.201+0000] {processor.py:183} INFO - Processing /home/airflow/.local/lib/python3.8/site-packages/airflow/example_dags/subdags/subdag.py took 0.027 seconds
[2025-12-24T20:38:21.476+0000] {processor.py:161} INFO - Started process (PID=34325) to work on /home/airflow/.local/lib/python3.8/site-packages/airflow/example_dags/subdags/subdag.py
[2025-12-24T20:38:21.478+0000] {processor.py:830} INFO - Processing file /home/airflow/.local/lib/python3.8/site-packages/airflow/example_dags/subdags/subdag.py for tasks to queue
[2025-12-24T20:38:21.479+0000] {logging_mixin.py:188} INFO - [2025-12-24T20:38:21.479+0000] {dagbag.py:538} INFO - Filling up the DagBag from /home/airflow/.local/lib/python3.8/site-packages/airflow/example_dags/subdags/subdag.py
[2025-12-24T20:38:21.482+0000] {processor.py:842} WARNING - No viable dags retrieved from /home/airflow/.local/lib/python3.8/site-packages/airflow/example_dags/subdags/subdag.py
[2025-12-24T20:38:21.496+0000] {processor.py:183} INFO - Processing /home/airflow/.local/lib/python3.8/site-packages/airflow/example_dags/subdags/subdag.py took 0.023 seconds
[2025-12-24T20:38:51.840+0000] {processor.py:161} INFO - Started process (PID=34382) to work on /home/airflow/.local/lib/python3.8/site-packages/airflow/example_dags/subdags/subdag.py
[2025-12-24T20:38:51.842+0000] {processor.py:830} INFO - Processing file /home/airflow/.local/lib/python3.8/site-packages/airflow/example_dags/subdags/subdag.py for tasks to queue
[2025-12-24T20:38:51.843+0000] {logging_mixin.py:188} INFO - [2025-12-24T20:38:51.843+0000] {dagbag.py:538} INFO - Filling up the DagBag from /home/airflow/.local/lib/python3.8/site-packages/airflow/example_dags/subdags/subdag.py
[2025-12-24T20:38:51.846+0000] {processor.py:842} WARNING - No viable dags retrieved from /home/airflow/.local/lib/python3.8/site-packages/airflow/example_dags/subdags/subdag.py
[2025-12-24T20:38:51.860+0000] {processor.py:183} INFO - Processing /home/airflow/.local/lib/python3.8/site-packages/airflow/example_dags/subdags/subdag.py took 0.024 seconds
[2025-12-24T20:39:21.995+0000] {processor.py:161} INFO - Started process (PID=34439) to work on /home/airflow/.local/lib/python3.8/site-packages/airflow/example_dags/subdags/subdag.py
[2025-12-24T20:39:21.997+0000] {processor.py:830} INFO - Processing file /home/airflow/.local/lib/python3.8/site-packages/airflow/example_dags/subdags/subdag.py for tasks to queue
[2025-12-24T20:39:21.998+0000] {logging_mixin.py:188} INFO - [2025-12-24T20:39:21.997+0000] {dagbag.py:538} INFO - Filling up the DagBag from /home/airflow/.local/lib/python3.8/site-packages/airflow/example_dags/subdags/subdag.py
[2025-12-24T20:39:22.000+0000] {processor.py:842} WARNING - No viable dags retrieved from /home/airflow/.local/lib/python3.8/site-packages/airflow/example_dags/subdags/subdag.py
[2025-12-24T20:39:22.016+0000] {processor.py:183} INFO - Processing /home/airflow/.local/lib/python3.8/site-packages/airflow/example_dags/subdags/subdag.py took 0.024 seconds
[2025-12-24T20:39:52.469+0000] {processor.py:161} INFO - Started process (PID=34496) to work on /home/airflow/.local/lib/python3.8/site-packages/airflow/example_dags/subdags/subdag.py
[2025-12-24T20:39:52.471+0000] {processor.py:830} INFO - Processing file /home/airflow/.local/lib/python3.8/site-packages/airflow/example_dags/subdags/subdag.py for tasks to queue
[2025-12-24T20:39:52.472+0000] {logging_mixin.py:188} INFO - [2025-12-24T20:39:52.472+0000] {dagbag.py:538} INFO - Filling up the DagBag from /home/airflow/.local/lib/python3.8/site-packages/airflow/example_dags/subdags/subdag.py
[2025-12-24T20:39:52.475+0000] {processor.py:842} WARNING - No viable dags retrieved from /home/airflow/.local/lib/python3.8/site-packages/airflow/example_dags/subdags/subdag.py
[2025-12-24T20:39:52.489+0000] {processor.py:183} INFO - Processing /home/airflow/.local/lib/python3.8/site-packages/airflow/example_dags/subdags/subdag.py took 0.023 seconds
[2025-12-24T20:40:23.059+0000] {processor.py:161} INFO - Started process (PID=34553) to work on /home/airflow/.local/lib/python3.8/site-packages/airflow/example_dags/subdags/subdag.py
[2025-12-24T20:40:23.060+0000] {processor.py:830} INFO - Processing file /home/airflow/.local/lib/python3.8/site-packages/airflow/example_dags/subdags/subdag.py for tasks to queue
[2025-12-24T20:40:23.061+0000] {logging_mixin.py:188} INFO - [2025-12-24T20:40:23.060+0000] {dagbag.py:538} INFO - Filling up the DagBag from /home/airflow/.local/lib/python3.8/site-packages/airflow/example_dags/subdags/subdag.py
[2025-12-24T20:40:23.064+0000] {processor.py:842} WARNING - No viable dags retrieved from /home/airflow/.local/lib/python3.8/site-packages/airflow/example_dags/subdags/subdag.py
[2025-12-24T20:40:23.080+0000] {processor.py:183} INFO - Processing /home/airflow/.local/lib/python3.8/site-packages/airflow/example_dags/subdags/subdag.py took 0.026 seconds
[2025-12-24T20:40:53.599+0000] {processor.py:161} INFO - Started process (PID=34610) to work on /home/airflow/.local/lib/python3.8/site-packages/airflow/example_dags/subdags/subdag.py
[2025-12-24T20:40:53.601+0000] {processor.py:830} INFO - Processing file /home/airflow/.local/lib/python3.8/site-packages/airflow/example_dags/subdags/subdag.py for tasks to queue
[2025-12-24T20:40:53.602+0000] {logging_mixin.py:188} INFO - [2025-12-24T20:40:53.601+0000] {dagbag.py:538} INFO - Filling up the DagBag from /home/airflow/.local/lib/python3.8/site-packages/airflow/example_dags/subdags/subdag.py
[2025-12-24T20:40:53.605+0000] {processor.py:842} WARNING - No viable dags retrieved from /home/airflow/.local/lib/python3.8/site-packages/airflow/example_dags/subdags/subdag.py
[2025-12-24T20:40:53.620+0000] {processor.py:183} INFO - Processing /home/airflow/.local/lib/python3.8/site-packages/airflow/example_dags/subdags/subdag.py took 0.025 seconds
[2025-12-24T20:41:23.969+0000] {processor.py:161} INFO - Started process (PID=34667) to work on /home/airflow/.local/lib/python3.8/site-packages/airflow/example_dags/subdags/subdag.py
[2025-12-24T20:41:23.970+0000] {processor.py:830} INFO - Processing file /home/airflow/.local/lib/python3.8/site-packages/airflow/example_dags/subdags/subdag.py for tasks to queue
[2025-12-24T20:41:23.972+0000] {logging_mixin.py:188} INFO - [2025-12-24T20:41:23.971+0000] {dagbag.py:538} INFO - Filling up the DagBag from /home/airflow/.local/lib/python3.8/site-packages/airflow/example_dags/subdags/subdag.py
[2025-12-24T20:41:23.974+0000] {processor.py:842} WARNING - No viable dags retrieved from /home/airflow/.local/lib/python3.8/site-packages/airflow/example_dags/subdags/subdag.py
[2025-12-24T20:41:23.989+0000] {processor.py:183} INFO - Processing /home/airflow/.local/lib/python3.8/site-packages/airflow/example_dags/subdags/subdag.py took 0.024 seconds
[2025-12-24T20:41:54.234+0000] {processor.py:161} INFO - Started process (PID=34724) to work on /home/airflow/.local/lib/python3.8/site-packages/airflow/example_dags/subdags/subdag.py
[2025-12-24T20:41:54.236+0000] {processor.py:830} INFO - Processing file /home/airflow/.local/lib/python3.8/site-packages/airflow/example_dags/subdags/subdag.py for tasks to queue
[2025-12-24T20:41:54.237+0000] {logging_mixin.py:188} INFO - [2025-12-24T20:41:54.236+0000] {dagbag.py:538} INFO - Filling up the DagBag from /home/airflow/.local/lib/python3.8/site-packages/airflow/example_dags/subdags/subdag.py
[2025-12-24T20:41:54.240+0000] {processor.py:842} WARNING - No viable dags retrieved from /home/airflow/.local/lib/python3.8/site-packages/airflow/example_dags/subdags/subdag.py
[2025-12-24T20:41:54.255+0000] {processor.py:183} INFO - Processing /home/airflow/.local/lib/python3.8/site-packages/airflow/example_dags/subdags/subdag.py took 0.024 seconds
[2025-12-24T20:42:24.528+0000] {processor.py:161} INFO - Started process (PID=34781) to work on /home/airflow/.local/lib/python3.8/site-packages/airflow/example_dags/subdags/subdag.py
[2025-12-24T20:42:24.530+0000] {processor.py:830} INFO - Processing file /home/airflow/.local/lib/python3.8/site-packages/airflow/example_dags/subdags/subdag.py for tasks to queue
[2025-12-24T20:42:24.531+0000] {logging_mixin.py:188} INFO - [2025-12-24T20:42:24.531+0000] {dagbag.py:538} INFO - Filling up the DagBag from /home/airflow/.local/lib/python3.8/site-packages/airflow/example_dags/subdags/subdag.py
[2025-12-24T20:42:24.534+0000] {processor.py:842} WARNING - No viable dags retrieved from /home/airflow/.local/lib/python3.8/site-packages/airflow/example_dags/subdags/subdag.py
[2025-12-24T20:42:24.549+0000] {processor.py:183} INFO - Processing /home/airflow/.local/lib/python3.8/site-packages/airflow/example_dags/subdags/subdag.py took 0.025 seconds
[2025-12-24T20:42:55.108+0000] {processor.py:161} INFO - Started process (PID=34838) to work on /home/airflow/.local/lib/python3.8/site-packages/airflow/example_dags/subdags/subdag.py
[2025-12-24T20:42:55.110+0000] {processor.py:830} INFO - Processing file /home/airflow/.local/lib/python3.8/site-packages/airflow/example_dags/subdags/subdag.py for tasks to queue
[2025-12-24T20:42:55.111+0000] {logging_mixin.py:188} INFO - [2025-12-24T20:42:55.111+0000] {dagbag.py:538} INFO - Filling up the DagBag from /home/airflow/.local/lib/python3.8/site-packages/airflow/example_dags/subdags/subdag.py
[2025-12-24T20:42:55.114+0000] {processor.py:842} WARNING - No viable dags retrieved from /home/airflow/.local/lib/python3.8/site-packages/airflow/example_dags/subdags/subdag.py
[2025-12-24T20:42:55.131+0000] {processor.py:183} INFO - Processing /home/airflow/.local/lib/python3.8/site-packages/airflow/example_dags/subdags/subdag.py took 0.028 seconds
[2025-12-24T20:43:25.639+0000] {processor.py:161} INFO - Started process (PID=34895) to work on /home/airflow/.local/lib/python3.8/site-packages/airflow/example_dags/subdags/subdag.py
[2025-12-24T20:43:25.641+0000] {processor.py:830} INFO - Processing file /home/airflow/.local/lib/python3.8/site-packages/airflow/example_dags/subdags/subdag.py for tasks to queue
[2025-12-24T20:43:25.642+0000] {logging_mixin.py:188} INFO - [2025-12-24T20:43:25.642+0000] {dagbag.py:538} INFO - Filling up the DagBag from /home/airflow/.local/lib/python3.8/site-packages/airflow/example_dags/subdags/subdag.py
[2025-12-24T20:43:25.645+0000] {processor.py:842} WARNING - No viable dags retrieved from /home/airflow/.local/lib/python3.8/site-packages/airflow/example_dags/subdags/subdag.py
[2025-12-24T20:43:25.666+0000] {processor.py:183} INFO - Processing /home/airflow/.local/lib/python3.8/site-packages/airflow/example_dags/subdags/subdag.py took 0.033 seconds
[2025-12-24T20:43:55.941+0000] {processor.py:161} INFO - Started process (PID=34952) to work on /home/airflow/.local/lib/python3.8/site-packages/airflow/example_dags/subdags/subdag.py
[2025-12-24T20:43:55.942+0000] {processor.py:830} INFO - Processing file /home/airflow/.local/lib/python3.8/site-packages/airflow/example_dags/subdags/subdag.py for tasks to queue
[2025-12-24T20:43:55.943+0000] {logging_mixin.py:188} INFO - [2025-12-24T20:43:55.943+0000] {dagbag.py:538} INFO - Filling up the DagBag from /home/airflow/.local/lib/python3.8/site-packages/airflow/example_dags/subdags/subdag.py
[2025-12-24T20:43:55.946+0000] {processor.py:842} WARNING - No viable dags retrieved from /home/airflow/.local/lib/python3.8/site-packages/airflow/example_dags/subdags/subdag.py
[2025-12-24T20:43:55.961+0000] {processor.py:183} INFO - Processing /home/airflow/.local/lib/python3.8/site-packages/airflow/example_dags/subdags/subdag.py took 0.023 seconds
[2025-12-24T20:44:26.421+0000] {processor.py:161} INFO - Started process (PID=35010) to work on /home/airflow/.local/lib/python3.8/site-packages/airflow/example_dags/subdags/subdag.py
[2025-12-24T20:44:26.423+0000] {processor.py:830} INFO - Processing file /home/airflow/.local/lib/python3.8/site-packages/airflow/example_dags/subdags/subdag.py for tasks to queue
[2025-12-24T20:44:26.424+0000] {logging_mixin.py:188} INFO - [2025-12-24T20:44:26.423+0000] {dagbag.py:538} INFO - Filling up the DagBag from /home/airflow/.local/lib/python3.8/site-packages/airflow/example_dags/subdags/subdag.py
[2025-12-24T20:44:26.427+0000] {processor.py:842} WARNING - No viable dags retrieved from /home/airflow/.local/lib/python3.8/site-packages/airflow/example_dags/subdags/subdag.py
[2025-12-24T20:44:26.441+0000] {processor.py:183} INFO - Processing /home/airflow/.local/lib/python3.8/site-packages/airflow/example_dags/subdags/subdag.py took 0.024 seconds
[2025-12-24T20:44:56.937+0000] {processor.py:161} INFO - Started process (PID=35067) to work on /home/airflow/.local/lib/python3.8/site-packages/airflow/example_dags/subdags/subdag.py
[2025-12-24T20:44:56.938+0000] {processor.py:830} INFO - Processing file /home/airflow/.local/lib/python3.8/site-packages/airflow/example_dags/subdags/subdag.py for tasks to queue
[2025-12-24T20:44:56.939+0000] {logging_mixin.py:188} INFO - [2025-12-24T20:44:56.939+0000] {dagbag.py:538} INFO - Filling up the DagBag from /home/airflow/.local/lib/python3.8/site-packages/airflow/example_dags/subdags/subdag.py
[2025-12-24T20:44:56.942+0000] {processor.py:842} WARNING - No viable dags retrieved from /home/airflow/.local/lib/python3.8/site-packages/airflow/example_dags/subdags/subdag.py
[2025-12-24T20:44:56.960+0000] {processor.py:183} INFO - Processing /home/airflow/.local/lib/python3.8/site-packages/airflow/example_dags/subdags/subdag.py took 0.028 seconds
[2025-12-24T20:45:27.612+0000] {processor.py:161} INFO - Started process (PID=35124) to work on /home/airflow/.local/lib/python3.8/site-packages/airflow/example_dags/subdags/subdag.py
[2025-12-24T20:45:27.614+0000] {processor.py:830} INFO - Processing file /home/airflow/.local/lib/python3.8/site-packages/airflow/example_dags/subdags/subdag.py for tasks to queue
[2025-12-24T20:45:27.615+0000] {logging_mixin.py:188} INFO - [2025-12-24T20:45:27.615+0000] {dagbag.py:538} INFO - Filling up the DagBag from /home/airflow/.local/lib/python3.8/site-packages/airflow/example_dags/subdags/subdag.py
[2025-12-24T20:45:27.618+0000] {processor.py:842} WARNING - No viable dags retrieved from /home/airflow/.local/lib/python3.8/site-packages/airflow/example_dags/subdags/subdag.py
[2025-12-24T20:45:27.634+0000] {processor.py:183} INFO - Processing /home/airflow/.local/lib/python3.8/site-packages/airflow/example_dags/subdags/subdag.py took 0.025 seconds
[2025-12-24T20:45:58.504+0000] {processor.py:161} INFO - Started process (PID=35181) to work on /home/airflow/.local/lib/python3.8/site-packages/airflow/example_dags/subdags/subdag.py
[2025-12-24T20:45:58.505+0000] {processor.py:830} INFO - Processing file /home/airflow/.local/lib/python3.8/site-packages/airflow/example_dags/subdags/subdag.py for tasks to queue
[2025-12-24T20:45:58.506+0000] {logging_mixin.py:188} INFO - [2025-12-24T20:45:58.506+0000] {dagbag.py:538} INFO - Filling up the DagBag from /home/airflow/.local/lib/python3.8/site-packages/airflow/example_dags/subdags/subdag.py
[2025-12-24T20:45:58.510+0000] {processor.py:842} WARNING - No viable dags retrieved from /home/airflow/.local/lib/python3.8/site-packages/airflow/example_dags/subdags/subdag.py
[2025-12-24T20:45:58.525+0000] {processor.py:183} INFO - Processing /home/airflow/.local/lib/python3.8/site-packages/airflow/example_dags/subdags/subdag.py took 0.025 seconds
[2025-12-24T20:46:29.164+0000] {processor.py:161} INFO - Started process (PID=35238) to work on /home/airflow/.local/lib/python3.8/site-packages/airflow/example_dags/subdags/subdag.py
[2025-12-24T20:46:29.165+0000] {processor.py:830} INFO - Processing file /home/airflow/.local/lib/python3.8/site-packages/airflow/example_dags/subdags/subdag.py for tasks to queue
[2025-12-24T20:46:29.166+0000] {logging_mixin.py:188} INFO - [2025-12-24T20:46:29.166+0000] {dagbag.py:538} INFO - Filling up the DagBag from /home/airflow/.local/lib/python3.8/site-packages/airflow/example_dags/subdags/subdag.py
[2025-12-24T20:46:29.169+0000] {processor.py:842} WARNING - No viable dags retrieved from /home/airflow/.local/lib/python3.8/site-packages/airflow/example_dags/subdags/subdag.py
[2025-12-24T20:46:29.185+0000] {processor.py:183} INFO - Processing /home/airflow/.local/lib/python3.8/site-packages/airflow/example_dags/subdags/subdag.py took 0.025 seconds
[2025-12-24T20:46:59.611+0000] {processor.py:161} INFO - Started process (PID=35295) to work on /home/airflow/.local/lib/python3.8/site-packages/airflow/example_dags/subdags/subdag.py
[2025-12-24T20:46:59.612+0000] {processor.py:830} INFO - Processing file /home/airflow/.local/lib/python3.8/site-packages/airflow/example_dags/subdags/subdag.py for tasks to queue
[2025-12-24T20:46:59.613+0000] {logging_mixin.py:188} INFO - [2025-12-24T20:46:59.613+0000] {dagbag.py:538} INFO - Filling up the DagBag from /home/airflow/.local/lib/python3.8/site-packages/airflow/example_dags/subdags/subdag.py
[2025-12-24T20:46:59.616+0000] {processor.py:842} WARNING - No viable dags retrieved from /home/airflow/.local/lib/python3.8/site-packages/airflow/example_dags/subdags/subdag.py
[2025-12-24T20:46:59.633+0000] {processor.py:183} INFO - Processing /home/airflow/.local/lib/python3.8/site-packages/airflow/example_dags/subdags/subdag.py took 0.026 seconds
[2025-12-24T20:47:30.635+0000] {processor.py:161} INFO - Started process (PID=35358) to work on /home/airflow/.local/lib/python3.8/site-packages/airflow/example_dags/subdags/subdag.py
[2025-12-24T20:47:30.636+0000] {processor.py:830} INFO - Processing file /home/airflow/.local/lib/python3.8/site-packages/airflow/example_dags/subdags/subdag.py for tasks to queue
[2025-12-24T20:47:30.638+0000] {logging_mixin.py:188} INFO - [2025-12-24T20:47:30.637+0000] {dagbag.py:538} INFO - Filling up the DagBag from /home/airflow/.local/lib/python3.8/site-packages/airflow/example_dags/subdags/subdag.py
[2025-12-24T20:47:30.640+0000] {processor.py:842} WARNING - No viable dags retrieved from /home/airflow/.local/lib/python3.8/site-packages/airflow/example_dags/subdags/subdag.py
[2025-12-24T20:47:30.657+0000] {processor.py:183} INFO - Processing /home/airflow/.local/lib/python3.8/site-packages/airflow/example_dags/subdags/subdag.py took 0.026 seconds
[2025-12-24T20:48:00.916+0000] {processor.py:161} INFO - Started process (PID=35414) to work on /home/airflow/.local/lib/python3.8/site-packages/airflow/example_dags/subdags/subdag.py
[2025-12-24T20:48:00.917+0000] {processor.py:830} INFO - Processing file /home/airflow/.local/lib/python3.8/site-packages/airflow/example_dags/subdags/subdag.py for tasks to queue
[2025-12-24T20:48:00.920+0000] {logging_mixin.py:188} INFO - [2025-12-24T20:48:00.919+0000] {dagbag.py:538} INFO - Filling up the DagBag from /home/airflow/.local/lib/python3.8/site-packages/airflow/example_dags/subdags/subdag.py
[2025-12-24T20:48:00.923+0000] {processor.py:842} WARNING - No viable dags retrieved from /home/airflow/.local/lib/python3.8/site-packages/airflow/example_dags/subdags/subdag.py
[2025-12-24T20:48:00.942+0000] {processor.py:183} INFO - Processing /home/airflow/.local/lib/python3.8/site-packages/airflow/example_dags/subdags/subdag.py took 0.031 seconds
[2025-12-24T20:48:31.277+0000] {processor.py:161} INFO - Started process (PID=35471) to work on /home/airflow/.local/lib/python3.8/site-packages/airflow/example_dags/subdags/subdag.py
[2025-12-24T20:48:31.278+0000] {processor.py:830} INFO - Processing file /home/airflow/.local/lib/python3.8/site-packages/airflow/example_dags/subdags/subdag.py for tasks to queue
[2025-12-24T20:48:31.280+0000] {logging_mixin.py:188} INFO - [2025-12-24T20:48:31.279+0000] {dagbag.py:538} INFO - Filling up the DagBag from /home/airflow/.local/lib/python3.8/site-packages/airflow/example_dags/subdags/subdag.py
[2025-12-24T20:48:31.283+0000] {processor.py:842} WARNING - No viable dags retrieved from /home/airflow/.local/lib/python3.8/site-packages/airflow/example_dags/subdags/subdag.py
[2025-12-24T20:48:31.303+0000] {processor.py:183} INFO - Processing /home/airflow/.local/lib/python3.8/site-packages/airflow/example_dags/subdags/subdag.py took 0.032 seconds
[2025-12-24T20:49:02.128+0000] {processor.py:161} INFO - Started process (PID=35529) to work on /home/airflow/.local/lib/python3.8/site-packages/airflow/example_dags/subdags/subdag.py
[2025-12-24T20:49:02.129+0000] {processor.py:830} INFO - Processing file /home/airflow/.local/lib/python3.8/site-packages/airflow/example_dags/subdags/subdag.py for tasks to queue
[2025-12-24T20:49:02.131+0000] {logging_mixin.py:188} INFO - [2025-12-24T20:49:02.130+0000] {dagbag.py:538} INFO - Filling up the DagBag from /home/airflow/.local/lib/python3.8/site-packages/airflow/example_dags/subdags/subdag.py
[2025-12-24T20:49:02.133+0000] {processor.py:842} WARNING - No viable dags retrieved from /home/airflow/.local/lib/python3.8/site-packages/airflow/example_dags/subdags/subdag.py
[2025-12-24T20:49:02.154+0000] {processor.py:183} INFO - Processing /home/airflow/.local/lib/python3.8/site-packages/airflow/example_dags/subdags/subdag.py took 0.030 seconds
[2025-12-24T20:49:32.996+0000] {processor.py:161} INFO - Started process (PID=35584) to work on /home/airflow/.local/lib/python3.8/site-packages/airflow/example_dags/subdags/subdag.py
[2025-12-24T20:49:32.997+0000] {processor.py:830} INFO - Processing file /home/airflow/.local/lib/python3.8/site-packages/airflow/example_dags/subdags/subdag.py for tasks to queue
[2025-12-24T20:49:32.999+0000] {logging_mixin.py:188} INFO - [2025-12-24T20:49:32.998+0000] {dagbag.py:538} INFO - Filling up the DagBag from /home/airflow/.local/lib/python3.8/site-packages/airflow/example_dags/subdags/subdag.py
[2025-12-24T20:49:33.001+0000] {processor.py:842} WARNING - No viable dags retrieved from /home/airflow/.local/lib/python3.8/site-packages/airflow/example_dags/subdags/subdag.py
[2025-12-24T20:49:33.017+0000] {processor.py:183} INFO - Processing /home/airflow/.local/lib/python3.8/site-packages/airflow/example_dags/subdags/subdag.py took 0.026 seconds
[2025-12-24T20:50:03.183+0000] {processor.py:161} INFO - Started process (PID=35641) to work on /home/airflow/.local/lib/python3.8/site-packages/airflow/example_dags/subdags/subdag.py
[2025-12-24T20:50:03.184+0000] {processor.py:830} INFO - Processing file /home/airflow/.local/lib/python3.8/site-packages/airflow/example_dags/subdags/subdag.py for tasks to queue
[2025-12-24T20:50:03.185+0000] {logging_mixin.py:188} INFO - [2025-12-24T20:50:03.185+0000] {dagbag.py:538} INFO - Filling up the DagBag from /home/airflow/.local/lib/python3.8/site-packages/airflow/example_dags/subdags/subdag.py
[2025-12-24T20:50:03.189+0000] {processor.py:842} WARNING - No viable dags retrieved from /home/airflow/.local/lib/python3.8/site-packages/airflow/example_dags/subdags/subdag.py
[2025-12-24T20:50:03.205+0000] {processor.py:183} INFO - Processing /home/airflow/.local/lib/python3.8/site-packages/airflow/example_dags/subdags/subdag.py took 0.027 seconds
[2025-12-24T20:50:33.570+0000] {processor.py:161} INFO - Started process (PID=35697) to work on /home/airflow/.local/lib/python3.8/site-packages/airflow/example_dags/subdags/subdag.py
[2025-12-24T20:50:33.571+0000] {processor.py:830} INFO - Processing file /home/airflow/.local/lib/python3.8/site-packages/airflow/example_dags/subdags/subdag.py for tasks to queue
[2025-12-24T20:50:33.572+0000] {logging_mixin.py:188} INFO - [2025-12-24T20:50:33.572+0000] {dagbag.py:538} INFO - Filling up the DagBag from /home/airflow/.local/lib/python3.8/site-packages/airflow/example_dags/subdags/subdag.py
[2025-12-24T20:50:33.575+0000] {processor.py:842} WARNING - No viable dags retrieved from /home/airflow/.local/lib/python3.8/site-packages/airflow/example_dags/subdags/subdag.py
[2025-12-24T20:50:33.592+0000] {processor.py:183} INFO - Processing /home/airflow/.local/lib/python3.8/site-packages/airflow/example_dags/subdags/subdag.py took 0.026 seconds
[2025-12-24T20:51:04.237+0000] {processor.py:161} INFO - Started process (PID=35753) to work on /home/airflow/.local/lib/python3.8/site-packages/airflow/example_dags/subdags/subdag.py
[2025-12-24T20:51:04.238+0000] {processor.py:830} INFO - Processing file /home/airflow/.local/lib/python3.8/site-packages/airflow/example_dags/subdags/subdag.py for tasks to queue
[2025-12-24T20:51:04.239+0000] {logging_mixin.py:188} INFO - [2025-12-24T20:51:04.239+0000] {dagbag.py:538} INFO - Filling up the DagBag from /home/airflow/.local/lib/python3.8/site-packages/airflow/example_dags/subdags/subdag.py
[2025-12-24T20:51:04.242+0000] {processor.py:842} WARNING - No viable dags retrieved from /home/airflow/.local/lib/python3.8/site-packages/airflow/example_dags/subdags/subdag.py
[2025-12-24T20:51:04.259+0000] {processor.py:183} INFO - Processing /home/airflow/.local/lib/python3.8/site-packages/airflow/example_dags/subdags/subdag.py took 0.026 seconds
[2025-12-24T20:51:34.954+0000] {processor.py:161} INFO - Started process (PID=35810) to work on /home/airflow/.local/lib/python3.8/site-packages/airflow/example_dags/subdags/subdag.py
[2025-12-24T20:51:34.955+0000] {processor.py:830} INFO - Processing file /home/airflow/.local/lib/python3.8/site-packages/airflow/example_dags/subdags/subdag.py for tasks to queue
[2025-12-24T20:51:34.956+0000] {logging_mixin.py:188} INFO - [2025-12-24T20:51:34.956+0000] {dagbag.py:538} INFO - Filling up the DagBag from /home/airflow/.local/lib/python3.8/site-packages/airflow/example_dags/subdags/subdag.py
[2025-12-24T20:51:34.959+0000] {processor.py:842} WARNING - No viable dags retrieved from /home/airflow/.local/lib/python3.8/site-packages/airflow/example_dags/subdags/subdag.py
[2025-12-24T20:51:34.974+0000] {processor.py:183} INFO - Processing /home/airflow/.local/lib/python3.8/site-packages/airflow/example_dags/subdags/subdag.py took 0.024 seconds
[2025-12-24T20:52:05.455+0000] {processor.py:161} INFO - Started process (PID=35867) to work on /home/airflow/.local/lib/python3.8/site-packages/airflow/example_dags/subdags/subdag.py
[2025-12-24T20:52:05.456+0000] {processor.py:830} INFO - Processing file /home/airflow/.local/lib/python3.8/site-packages/airflow/example_dags/subdags/subdag.py for tasks to queue
[2025-12-24T20:52:05.457+0000] {logging_mixin.py:188} INFO - [2025-12-24T20:52:05.457+0000] {dagbag.py:538} INFO - Filling up the DagBag from /home/airflow/.local/lib/python3.8/site-packages/airflow/example_dags/subdags/subdag.py
[2025-12-24T20:52:05.460+0000] {processor.py:842} WARNING - No viable dags retrieved from /home/airflow/.local/lib/python3.8/site-packages/airflow/example_dags/subdags/subdag.py
[2025-12-24T20:52:05.474+0000] {processor.py:183} INFO - Processing /home/airflow/.local/lib/python3.8/site-packages/airflow/example_dags/subdags/subdag.py took 0.023 seconds
[2025-12-24T20:52:36.112+0000] {processor.py:161} INFO - Started process (PID=35924) to work on /home/airflow/.local/lib/python3.8/site-packages/airflow/example_dags/subdags/subdag.py
[2025-12-24T20:52:36.114+0000] {processor.py:830} INFO - Processing file /home/airflow/.local/lib/python3.8/site-packages/airflow/example_dags/subdags/subdag.py for tasks to queue
[2025-12-24T20:52:36.115+0000] {logging_mixin.py:188} INFO - [2025-12-24T20:52:36.114+0000] {dagbag.py:538} INFO - Filling up the DagBag from /home/airflow/.local/lib/python3.8/site-packages/airflow/example_dags/subdags/subdag.py
[2025-12-24T20:52:36.118+0000] {processor.py:842} WARNING - No viable dags retrieved from /home/airflow/.local/lib/python3.8/site-packages/airflow/example_dags/subdags/subdag.py
[2025-12-24T20:52:36.135+0000] {processor.py:183} INFO - Processing /home/airflow/.local/lib/python3.8/site-packages/airflow/example_dags/subdags/subdag.py took 0.027 seconds
[2025-12-24T20:53:06.335+0000] {processor.py:161} INFO - Started process (PID=35980) to work on /home/airflow/.local/lib/python3.8/site-packages/airflow/example_dags/subdags/subdag.py
[2025-12-24T20:53:06.336+0000] {processor.py:830} INFO - Processing file /home/airflow/.local/lib/python3.8/site-packages/airflow/example_dags/subdags/subdag.py for tasks to queue
[2025-12-24T20:53:06.337+0000] {logging_mixin.py:188} INFO - [2025-12-24T20:53:06.337+0000] {dagbag.py:538} INFO - Filling up the DagBag from /home/airflow/.local/lib/python3.8/site-packages/airflow/example_dags/subdags/subdag.py
[2025-12-24T20:53:06.340+0000] {processor.py:842} WARNING - No viable dags retrieved from /home/airflow/.local/lib/python3.8/site-packages/airflow/example_dags/subdags/subdag.py
[2025-12-24T20:53:06.357+0000] {processor.py:183} INFO - Processing /home/airflow/.local/lib/python3.8/site-packages/airflow/example_dags/subdags/subdag.py took 0.026 seconds
[2025-12-24T20:53:36.799+0000] {processor.py:161} INFO - Started process (PID=36038) to work on /home/airflow/.local/lib/python3.8/site-packages/airflow/example_dags/subdags/subdag.py
[2025-12-24T20:53:36.800+0000] {processor.py:830} INFO - Processing file /home/airflow/.local/lib/python3.8/site-packages/airflow/example_dags/subdags/subdag.py for tasks to queue
[2025-12-24T20:53:36.801+0000] {logging_mixin.py:188} INFO - [2025-12-24T20:53:36.801+0000] {dagbag.py:538} INFO - Filling up the DagBag from /home/airflow/.local/lib/python3.8/site-packages/airflow/example_dags/subdags/subdag.py
[2025-12-24T20:53:36.803+0000] {processor.py:842} WARNING - No viable dags retrieved from /home/airflow/.local/lib/python3.8/site-packages/airflow/example_dags/subdags/subdag.py
[2025-12-24T20:53:36.819+0000] {processor.py:183} INFO - Processing /home/airflow/.local/lib/python3.8/site-packages/airflow/example_dags/subdags/subdag.py took 0.024 seconds
[2025-12-24T20:54:07.092+0000] {processor.py:161} INFO - Started process (PID=36095) to work on /home/airflow/.local/lib/python3.8/site-packages/airflow/example_dags/subdags/subdag.py
[2025-12-24T20:54:07.093+0000] {processor.py:830} INFO - Processing file /home/airflow/.local/lib/python3.8/site-packages/airflow/example_dags/subdags/subdag.py for tasks to queue
[2025-12-24T20:54:07.094+0000] {logging_mixin.py:188} INFO - [2025-12-24T20:54:07.094+0000] {dagbag.py:538} INFO - Filling up the DagBag from /home/airflow/.local/lib/python3.8/site-packages/airflow/example_dags/subdags/subdag.py
[2025-12-24T20:54:07.097+0000] {processor.py:842} WARNING - No viable dags retrieved from /home/airflow/.local/lib/python3.8/site-packages/airflow/example_dags/subdags/subdag.py
[2025-12-24T20:54:07.113+0000] {processor.py:183} INFO - Processing /home/airflow/.local/lib/python3.8/site-packages/airflow/example_dags/subdags/subdag.py took 0.025 seconds
[2025-12-24T20:54:38.267+0000] {processor.py:161} INFO - Started process (PID=36152) to work on /home/airflow/.local/lib/python3.8/site-packages/airflow/example_dags/subdags/subdag.py
[2025-12-24T20:54:38.268+0000] {processor.py:830} INFO - Processing file /home/airflow/.local/lib/python3.8/site-packages/airflow/example_dags/subdags/subdag.py for tasks to queue
[2025-12-24T20:54:38.270+0000] {logging_mixin.py:188} INFO - [2025-12-24T20:54:38.270+0000] {dagbag.py:538} INFO - Filling up the DagBag from /home/airflow/.local/lib/python3.8/site-packages/airflow/example_dags/subdags/subdag.py
[2025-12-24T20:54:38.275+0000] {processor.py:842} WARNING - No viable dags retrieved from /home/airflow/.local/lib/python3.8/site-packages/airflow/example_dags/subdags/subdag.py
[2025-12-24T20:54:38.295+0000] {processor.py:183} INFO - Processing /home/airflow/.local/lib/python3.8/site-packages/airflow/example_dags/subdags/subdag.py took 0.034 seconds
[2025-12-24T20:55:09.198+0000] {processor.py:161} INFO - Started process (PID=36209) to work on /home/airflow/.local/lib/python3.8/site-packages/airflow/example_dags/subdags/subdag.py
[2025-12-24T20:55:09.199+0000] {processor.py:830} INFO - Processing file /home/airflow/.local/lib/python3.8/site-packages/airflow/example_dags/subdags/subdag.py for tasks to queue
[2025-12-24T20:55:09.200+0000] {logging_mixin.py:188} INFO - [2025-12-24T20:55:09.200+0000] {dagbag.py:538} INFO - Filling up the DagBag from /home/airflow/.local/lib/python3.8/site-packages/airflow/example_dags/subdags/subdag.py
[2025-12-24T20:55:09.203+0000] {processor.py:842} WARNING - No viable dags retrieved from /home/airflow/.local/lib/python3.8/site-packages/airflow/example_dags/subdags/subdag.py
[2025-12-24T20:55:09.225+0000] {processor.py:183} INFO - Processing /home/airflow/.local/lib/python3.8/site-packages/airflow/example_dags/subdags/subdag.py took 0.031 seconds
[2025-12-24T20:55:39.437+0000] {processor.py:161} INFO - Started process (PID=36266) to work on /home/airflow/.local/lib/python3.8/site-packages/airflow/example_dags/subdags/subdag.py
[2025-12-24T20:55:39.438+0000] {processor.py:830} INFO - Processing file /home/airflow/.local/lib/python3.8/site-packages/airflow/example_dags/subdags/subdag.py for tasks to queue
[2025-12-24T20:55:39.440+0000] {logging_mixin.py:188} INFO - [2025-12-24T20:55:39.439+0000] {dagbag.py:538} INFO - Filling up the DagBag from /home/airflow/.local/lib/python3.8/site-packages/airflow/example_dags/subdags/subdag.py
[2025-12-24T20:55:39.444+0000] {processor.py:842} WARNING - No viable dags retrieved from /home/airflow/.local/lib/python3.8/site-packages/airflow/example_dags/subdags/subdag.py
[2025-12-24T20:55:39.462+0000] {processor.py:183} INFO - Processing /home/airflow/.local/lib/python3.8/site-packages/airflow/example_dags/subdags/subdag.py took 0.030 seconds
[2025-12-24T20:56:09.828+0000] {processor.py:161} INFO - Started process (PID=36322) to work on /home/airflow/.local/lib/python3.8/site-packages/airflow/example_dags/subdags/subdag.py
[2025-12-24T20:56:09.829+0000] {processor.py:830} INFO - Processing file /home/airflow/.local/lib/python3.8/site-packages/airflow/example_dags/subdags/subdag.py for tasks to queue
[2025-12-24T20:56:09.830+0000] {logging_mixin.py:188} INFO - [2025-12-24T20:56:09.830+0000] {dagbag.py:538} INFO - Filling up the DagBag from /home/airflow/.local/lib/python3.8/site-packages/airflow/example_dags/subdags/subdag.py
[2025-12-24T20:56:09.833+0000] {processor.py:842} WARNING - No viable dags retrieved from /home/airflow/.local/lib/python3.8/site-packages/airflow/example_dags/subdags/subdag.py
[2025-12-24T20:56:09.851+0000] {processor.py:183} INFO - Processing /home/airflow/.local/lib/python3.8/site-packages/airflow/example_dags/subdags/subdag.py took 0.027 seconds
[2025-12-24T20:56:40.189+0000] {processor.py:161} INFO - Started process (PID=36379) to work on /home/airflow/.local/lib/python3.8/site-packages/airflow/example_dags/subdags/subdag.py
[2025-12-24T20:56:40.190+0000] {processor.py:830} INFO - Processing file /home/airflow/.local/lib/python3.8/site-packages/airflow/example_dags/subdags/subdag.py for tasks to queue
[2025-12-24T20:56:40.191+0000] {logging_mixin.py:188} INFO - [2025-12-24T20:56:40.191+0000] {dagbag.py:538} INFO - Filling up the DagBag from /home/airflow/.local/lib/python3.8/site-packages/airflow/example_dags/subdags/subdag.py
[2025-12-24T20:56:40.194+0000] {processor.py:842} WARNING - No viable dags retrieved from /home/airflow/.local/lib/python3.8/site-packages/airflow/example_dags/subdags/subdag.py
[2025-12-24T20:56:40.211+0000] {processor.py:183} INFO - Processing /home/airflow/.local/lib/python3.8/site-packages/airflow/example_dags/subdags/subdag.py took 0.026 seconds
[2025-12-24T20:57:11.105+0000] {processor.py:161} INFO - Started process (PID=36438) to work on /home/airflow/.local/lib/python3.8/site-packages/airflow/example_dags/subdags/subdag.py
[2025-12-24T20:57:11.106+0000] {processor.py:830} INFO - Processing file /home/airflow/.local/lib/python3.8/site-packages/airflow/example_dags/subdags/subdag.py for tasks to queue
[2025-12-24T20:57:11.108+0000] {logging_mixin.py:188} INFO - [2025-12-24T20:57:11.107+0000] {dagbag.py:538} INFO - Filling up the DagBag from /home/airflow/.local/lib/python3.8/site-packages/airflow/example_dags/subdags/subdag.py
[2025-12-24T20:57:11.111+0000] {processor.py:842} WARNING - No viable dags retrieved from /home/airflow/.local/lib/python3.8/site-packages/airflow/example_dags/subdags/subdag.py
[2025-12-24T20:57:11.132+0000] {processor.py:183} INFO - Processing /home/airflow/.local/lib/python3.8/site-packages/airflow/example_dags/subdags/subdag.py took 0.032 seconds
[2025-12-24T20:57:41.978+0000] {processor.py:161} INFO - Started process (PID=36495) to work on /home/airflow/.local/lib/python3.8/site-packages/airflow/example_dags/subdags/subdag.py
[2025-12-24T20:57:41.980+0000] {processor.py:830} INFO - Processing file /home/airflow/.local/lib/python3.8/site-packages/airflow/example_dags/subdags/subdag.py for tasks to queue
[2025-12-24T20:57:41.982+0000] {logging_mixin.py:188} INFO - [2025-12-24T20:57:41.981+0000] {dagbag.py:538} INFO - Filling up the DagBag from /home/airflow/.local/lib/python3.8/site-packages/airflow/example_dags/subdags/subdag.py
[2025-12-24T20:57:41.985+0000] {processor.py:842} WARNING - No viable dags retrieved from /home/airflow/.local/lib/python3.8/site-packages/airflow/example_dags/subdags/subdag.py
[2025-12-24T20:57:42.004+0000] {processor.py:183} INFO - Processing /home/airflow/.local/lib/python3.8/site-packages/airflow/example_dags/subdags/subdag.py took 0.031 seconds
[2025-12-24T20:58:12.284+0000] {processor.py:161} INFO - Started process (PID=36552) to work on /home/airflow/.local/lib/python3.8/site-packages/airflow/example_dags/subdags/subdag.py
[2025-12-24T20:58:12.286+0000] {processor.py:830} INFO - Processing file /home/airflow/.local/lib/python3.8/site-packages/airflow/example_dags/subdags/subdag.py for tasks to queue
[2025-12-24T20:58:12.287+0000] {logging_mixin.py:188} INFO - [2025-12-24T20:58:12.286+0000] {dagbag.py:538} INFO - Filling up the DagBag from /home/airflow/.local/lib/python3.8/site-packages/airflow/example_dags/subdags/subdag.py
[2025-12-24T20:58:12.290+0000] {processor.py:842} WARNING - No viable dags retrieved from /home/airflow/.local/lib/python3.8/site-packages/airflow/example_dags/subdags/subdag.py
[2025-12-24T20:58:12.307+0000] {processor.py:183} INFO - Processing /home/airflow/.local/lib/python3.8/site-packages/airflow/example_dags/subdags/subdag.py took 0.027 seconds
[2025-12-24T20:58:43.150+0000] {processor.py:161} INFO - Started process (PID=36609) to work on /home/airflow/.local/lib/python3.8/site-packages/airflow/example_dags/subdags/subdag.py
[2025-12-24T20:58:43.152+0000] {processor.py:830} INFO - Processing file /home/airflow/.local/lib/python3.8/site-packages/airflow/example_dags/subdags/subdag.py for tasks to queue
[2025-12-24T20:58:43.154+0000] {logging_mixin.py:188} INFO - [2025-12-24T20:58:43.153+0000] {dagbag.py:538} INFO - Filling up the DagBag from /home/airflow/.local/lib/python3.8/site-packages/airflow/example_dags/subdags/subdag.py
[2025-12-24T20:58:43.157+0000] {processor.py:842} WARNING - No viable dags retrieved from /home/airflow/.local/lib/python3.8/site-packages/airflow/example_dags/subdags/subdag.py
[2025-12-24T20:58:43.174+0000] {processor.py:183} INFO - Processing /home/airflow/.local/lib/python3.8/site-packages/airflow/example_dags/subdags/subdag.py took 0.030 seconds
[2025-12-24T20:59:13.398+0000] {processor.py:161} INFO - Started process (PID=36666) to work on /home/airflow/.local/lib/python3.8/site-packages/airflow/example_dags/subdags/subdag.py
[2025-12-24T20:59:13.400+0000] {processor.py:830} INFO - Processing file /home/airflow/.local/lib/python3.8/site-packages/airflow/example_dags/subdags/subdag.py for tasks to queue
[2025-12-24T20:59:13.401+0000] {logging_mixin.py:188} INFO - [2025-12-24T20:59:13.401+0000] {dagbag.py:538} INFO - Filling up the DagBag from /home/airflow/.local/lib/python3.8/site-packages/airflow/example_dags/subdags/subdag.py
[2025-12-24T20:59:13.403+0000] {processor.py:842} WARNING - No viable dags retrieved from /home/airflow/.local/lib/python3.8/site-packages/airflow/example_dags/subdags/subdag.py
[2025-12-24T20:59:13.420+0000] {processor.py:183} INFO - Processing /home/airflow/.local/lib/python3.8/site-packages/airflow/example_dags/subdags/subdag.py took 0.025 seconds
[2025-12-24T20:59:44.454+0000] {processor.py:161} INFO - Started process (PID=36723) to work on /home/airflow/.local/lib/python3.8/site-packages/airflow/example_dags/subdags/subdag.py
[2025-12-24T20:59:44.455+0000] {processor.py:830} INFO - Processing file /home/airflow/.local/lib/python3.8/site-packages/airflow/example_dags/subdags/subdag.py for tasks to queue
[2025-12-24T20:59:44.456+0000] {logging_mixin.py:188} INFO - [2025-12-24T20:59:44.456+0000] {dagbag.py:538} INFO - Filling up the DagBag from /home/airflow/.local/lib/python3.8/site-packages/airflow/example_dags/subdags/subdag.py
[2025-12-24T20:59:44.459+0000] {processor.py:842} WARNING - No viable dags retrieved from /home/airflow/.local/lib/python3.8/site-packages/airflow/example_dags/subdags/subdag.py
[2025-12-24T20:59:44.475+0000] {processor.py:183} INFO - Processing /home/airflow/.local/lib/python3.8/site-packages/airflow/example_dags/subdags/subdag.py took 0.025 seconds
[2025-12-24T21:00:15.014+0000] {processor.py:161} INFO - Started process (PID=36780) to work on /home/airflow/.local/lib/python3.8/site-packages/airflow/example_dags/subdags/subdag.py
[2025-12-24T21:00:15.015+0000] {processor.py:830} INFO - Processing file /home/airflow/.local/lib/python3.8/site-packages/airflow/example_dags/subdags/subdag.py for tasks to queue
[2025-12-24T21:00:15.017+0000] {logging_mixin.py:188} INFO - [2025-12-24T21:00:15.016+0000] {dagbag.py:538} INFO - Filling up the DagBag from /home/airflow/.local/lib/python3.8/site-packages/airflow/example_dags/subdags/subdag.py
[2025-12-24T21:00:15.019+0000] {processor.py:842} WARNING - No viable dags retrieved from /home/airflow/.local/lib/python3.8/site-packages/airflow/example_dags/subdags/subdag.py
[2025-12-24T21:00:15.037+0000] {processor.py:183} INFO - Processing /home/airflow/.local/lib/python3.8/site-packages/airflow/example_dags/subdags/subdag.py took 0.028 seconds
[2025-12-24T21:00:45.855+0000] {processor.py:161} INFO - Started process (PID=36837) to work on /home/airflow/.local/lib/python3.8/site-packages/airflow/example_dags/subdags/subdag.py
[2025-12-24T21:00:45.856+0000] {processor.py:830} INFO - Processing file /home/airflow/.local/lib/python3.8/site-packages/airflow/example_dags/subdags/subdag.py for tasks to queue
[2025-12-24T21:00:45.857+0000] {logging_mixin.py:188} INFO - [2025-12-24T21:00:45.857+0000] {dagbag.py:538} INFO - Filling up the DagBag from /home/airflow/.local/lib/python3.8/site-packages/airflow/example_dags/subdags/subdag.py
[2025-12-24T21:00:45.860+0000] {processor.py:842} WARNING - No viable dags retrieved from /home/airflow/.local/lib/python3.8/site-packages/airflow/example_dags/subdags/subdag.py
[2025-12-24T21:00:45.875+0000] {processor.py:183} INFO - Processing /home/airflow/.local/lib/python3.8/site-packages/airflow/example_dags/subdags/subdag.py took 0.024 seconds
[2025-12-24T21:01:16.247+0000] {processor.py:161} INFO - Started process (PID=36893) to work on /home/airflow/.local/lib/python3.8/site-packages/airflow/example_dags/subdags/subdag.py
[2025-12-24T21:01:16.248+0000] {processor.py:830} INFO - Processing file /home/airflow/.local/lib/python3.8/site-packages/airflow/example_dags/subdags/subdag.py for tasks to queue
[2025-12-24T21:01:16.249+0000] {logging_mixin.py:188} INFO - [2025-12-24T21:01:16.249+0000] {dagbag.py:538} INFO - Filling up the DagBag from /home/airflow/.local/lib/python3.8/site-packages/airflow/example_dags/subdags/subdag.py
[2025-12-24T21:01:16.251+0000] {processor.py:842} WARNING - No viable dags retrieved from /home/airflow/.local/lib/python3.8/site-packages/airflow/example_dags/subdags/subdag.py
[2025-12-24T21:01:16.268+0000] {processor.py:183} INFO - Processing /home/airflow/.local/lib/python3.8/site-packages/airflow/example_dags/subdags/subdag.py took 0.025 seconds
[2025-12-24T21:01:46.980+0000] {processor.py:161} INFO - Started process (PID=36950) to work on /home/airflow/.local/lib/python3.8/site-packages/airflow/example_dags/subdags/subdag.py
[2025-12-24T21:01:46.982+0000] {processor.py:830} INFO - Processing file /home/airflow/.local/lib/python3.8/site-packages/airflow/example_dags/subdags/subdag.py for tasks to queue
[2025-12-24T21:01:46.983+0000] {logging_mixin.py:188} INFO - [2025-12-24T21:01:46.982+0000] {dagbag.py:538} INFO - Filling up the DagBag from /home/airflow/.local/lib/python3.8/site-packages/airflow/example_dags/subdags/subdag.py
[2025-12-24T21:01:46.986+0000] {processor.py:842} WARNING - No viable dags retrieved from /home/airflow/.local/lib/python3.8/site-packages/airflow/example_dags/subdags/subdag.py
[2025-12-24T21:01:47.007+0000] {processor.py:183} INFO - Processing /home/airflow/.local/lib/python3.8/site-packages/airflow/example_dags/subdags/subdag.py took 0.033 seconds
[2025-12-24T21:02:17.514+0000] {processor.py:161} INFO - Started process (PID=37007) to work on /home/airflow/.local/lib/python3.8/site-packages/airflow/example_dags/subdags/subdag.py
[2025-12-24T21:02:17.518+0000] {processor.py:830} INFO - Processing file /home/airflow/.local/lib/python3.8/site-packages/airflow/example_dags/subdags/subdag.py for tasks to queue
[2025-12-24T21:02:17.519+0000] {logging_mixin.py:188} INFO - [2025-12-24T21:02:17.519+0000] {dagbag.py:538} INFO - Filling up the DagBag from /home/airflow/.local/lib/python3.8/site-packages/airflow/example_dags/subdags/subdag.py
[2025-12-24T21:02:17.523+0000] {processor.py:842} WARNING - No viable dags retrieved from /home/airflow/.local/lib/python3.8/site-packages/airflow/example_dags/subdags/subdag.py
[2025-12-24T21:02:17.539+0000] {processor.py:183} INFO - Processing /home/airflow/.local/lib/python3.8/site-packages/airflow/example_dags/subdags/subdag.py took 0.030 seconds
[2025-12-24T21:02:47.681+0000] {processor.py:161} INFO - Started process (PID=37064) to work on /home/airflow/.local/lib/python3.8/site-packages/airflow/example_dags/subdags/subdag.py
[2025-12-24T21:02:47.682+0000] {processor.py:830} INFO - Processing file /home/airflow/.local/lib/python3.8/site-packages/airflow/example_dags/subdags/subdag.py for tasks to queue
[2025-12-24T21:02:47.684+0000] {logging_mixin.py:188} INFO - [2025-12-24T21:02:47.683+0000] {dagbag.py:538} INFO - Filling up the DagBag from /home/airflow/.local/lib/python3.8/site-packages/airflow/example_dags/subdags/subdag.py
[2025-12-24T21:02:47.688+0000] {processor.py:842} WARNING - No viable dags retrieved from /home/airflow/.local/lib/python3.8/site-packages/airflow/example_dags/subdags/subdag.py
[2025-12-24T21:02:47.705+0000] {processor.py:183} INFO - Processing /home/airflow/.local/lib/python3.8/site-packages/airflow/example_dags/subdags/subdag.py took 0.029 seconds
[2025-12-24T21:03:17.981+0000] {processor.py:161} INFO - Started process (PID=37121) to work on /home/airflow/.local/lib/python3.8/site-packages/airflow/example_dags/subdags/subdag.py
[2025-12-24T21:03:17.982+0000] {processor.py:830} INFO - Processing file /home/airflow/.local/lib/python3.8/site-packages/airflow/example_dags/subdags/subdag.py for tasks to queue
[2025-12-24T21:03:17.984+0000] {logging_mixin.py:188} INFO - [2025-12-24T21:03:17.983+0000] {dagbag.py:538} INFO - Filling up the DagBag from /home/airflow/.local/lib/python3.8/site-packages/airflow/example_dags/subdags/subdag.py
[2025-12-24T21:03:17.986+0000] {processor.py:842} WARNING - No viable dags retrieved from /home/airflow/.local/lib/python3.8/site-packages/airflow/example_dags/subdags/subdag.py
[2025-12-24T21:03:18.003+0000] {processor.py:183} INFO - Processing /home/airflow/.local/lib/python3.8/site-packages/airflow/example_dags/subdags/subdag.py took 0.026 seconds
[2025-12-24T21:03:48.371+0000] {processor.py:161} INFO - Started process (PID=37178) to work on /home/airflow/.local/lib/python3.8/site-packages/airflow/example_dags/subdags/subdag.py
[2025-12-24T21:03:48.373+0000] {processor.py:830} INFO - Processing file /home/airflow/.local/lib/python3.8/site-packages/airflow/example_dags/subdags/subdag.py for tasks to queue
[2025-12-24T21:03:48.375+0000] {logging_mixin.py:188} INFO - [2025-12-24T21:03:48.374+0000] {dagbag.py:538} INFO - Filling up the DagBag from /home/airflow/.local/lib/python3.8/site-packages/airflow/example_dags/subdags/subdag.py
[2025-12-24T21:03:48.381+0000] {processor.py:842} WARNING - No viable dags retrieved from /home/airflow/.local/lib/python3.8/site-packages/airflow/example_dags/subdags/subdag.py
[2025-12-24T21:03:48.400+0000] {processor.py:183} INFO - Processing /home/airflow/.local/lib/python3.8/site-packages/airflow/example_dags/subdags/subdag.py took 0.033 seconds
[2025-12-24T21:04:19.117+0000] {processor.py:161} INFO - Started process (PID=37235) to work on /home/airflow/.local/lib/python3.8/site-packages/airflow/example_dags/subdags/subdag.py
[2025-12-24T21:04:19.118+0000] {processor.py:830} INFO - Processing file /home/airflow/.local/lib/python3.8/site-packages/airflow/example_dags/subdags/subdag.py for tasks to queue
[2025-12-24T21:04:19.120+0000] {logging_mixin.py:188} INFO - [2025-12-24T21:04:19.119+0000] {dagbag.py:538} INFO - Filling up the DagBag from /home/airflow/.local/lib/python3.8/site-packages/airflow/example_dags/subdags/subdag.py
[2025-12-24T21:04:19.123+0000] {processor.py:842} WARNING - No viable dags retrieved from /home/airflow/.local/lib/python3.8/site-packages/airflow/example_dags/subdags/subdag.py
[2025-12-24T21:04:19.140+0000] {processor.py:183} INFO - Processing /home/airflow/.local/lib/python3.8/site-packages/airflow/example_dags/subdags/subdag.py took 0.028 seconds
[2025-12-24T21:04:49.420+0000] {processor.py:161} INFO - Started process (PID=37291) to work on /home/airflow/.local/lib/python3.8/site-packages/airflow/example_dags/subdags/subdag.py
[2025-12-24T21:04:49.421+0000] {processor.py:830} INFO - Processing file /home/airflow/.local/lib/python3.8/site-packages/airflow/example_dags/subdags/subdag.py for tasks to queue
[2025-12-24T21:04:49.422+0000] {logging_mixin.py:188} INFO - [2025-12-24T21:04:49.422+0000] {dagbag.py:538} INFO - Filling up the DagBag from /home/airflow/.local/lib/python3.8/site-packages/airflow/example_dags/subdags/subdag.py
[2025-12-24T21:04:49.425+0000] {processor.py:842} WARNING - No viable dags retrieved from /home/airflow/.local/lib/python3.8/site-packages/airflow/example_dags/subdags/subdag.py
[2025-12-24T21:04:49.441+0000] {processor.py:183} INFO - Processing /home/airflow/.local/lib/python3.8/site-packages/airflow/example_dags/subdags/subdag.py took 0.025 seconds
[2025-12-24T21:05:19.764+0000] {processor.py:161} INFO - Started process (PID=37348) to work on /home/airflow/.local/lib/python3.8/site-packages/airflow/example_dags/subdags/subdag.py
[2025-12-24T21:05:19.766+0000] {processor.py:830} INFO - Processing file /home/airflow/.local/lib/python3.8/site-packages/airflow/example_dags/subdags/subdag.py for tasks to queue
[2025-12-24T21:05:19.767+0000] {logging_mixin.py:188} INFO - [2025-12-24T21:05:19.767+0000] {dagbag.py:538} INFO - Filling up the DagBag from /home/airflow/.local/lib/python3.8/site-packages/airflow/example_dags/subdags/subdag.py
[2025-12-24T21:05:19.770+0000] {processor.py:842} WARNING - No viable dags retrieved from /home/airflow/.local/lib/python3.8/site-packages/airflow/example_dags/subdags/subdag.py
[2025-12-24T21:05:19.787+0000] {processor.py:183} INFO - Processing /home/airflow/.local/lib/python3.8/site-packages/airflow/example_dags/subdags/subdag.py took 0.028 seconds
[2025-12-24T21:05:50.227+0000] {processor.py:161} INFO - Started process (PID=37406) to work on /home/airflow/.local/lib/python3.8/site-packages/airflow/example_dags/subdags/subdag.py
[2025-12-24T21:05:50.228+0000] {processor.py:830} INFO - Processing file /home/airflow/.local/lib/python3.8/site-packages/airflow/example_dags/subdags/subdag.py for tasks to queue
[2025-12-24T21:05:50.229+0000] {logging_mixin.py:188} INFO - [2025-12-24T21:05:50.229+0000] {dagbag.py:538} INFO - Filling up the DagBag from /home/airflow/.local/lib/python3.8/site-packages/airflow/example_dags/subdags/subdag.py
[2025-12-24T21:05:50.232+0000] {processor.py:842} WARNING - No viable dags retrieved from /home/airflow/.local/lib/python3.8/site-packages/airflow/example_dags/subdags/subdag.py
[2025-12-24T21:05:50.247+0000] {processor.py:183} INFO - Processing /home/airflow/.local/lib/python3.8/site-packages/airflow/example_dags/subdags/subdag.py took 0.024 seconds
[2025-12-24T21:06:20.377+0000] {processor.py:161} INFO - Started process (PID=37463) to work on /home/airflow/.local/lib/python3.8/site-packages/airflow/example_dags/subdags/subdag.py
[2025-12-24T21:06:20.378+0000] {processor.py:830} INFO - Processing file /home/airflow/.local/lib/python3.8/site-packages/airflow/example_dags/subdags/subdag.py for tasks to queue
[2025-12-24T21:06:20.380+0000] {logging_mixin.py:188} INFO - [2025-12-24T21:06:20.379+0000] {dagbag.py:538} INFO - Filling up the DagBag from /home/airflow/.local/lib/python3.8/site-packages/airflow/example_dags/subdags/subdag.py
[2025-12-24T21:06:20.383+0000] {processor.py:842} WARNING - No viable dags retrieved from /home/airflow/.local/lib/python3.8/site-packages/airflow/example_dags/subdags/subdag.py
[2025-12-24T21:06:20.399+0000] {processor.py:183} INFO - Processing /home/airflow/.local/lib/python3.8/site-packages/airflow/example_dags/subdags/subdag.py took 0.026 seconds
[2025-12-24T21:06:50.829+0000] {processor.py:161} INFO - Started process (PID=37520) to work on /home/airflow/.local/lib/python3.8/site-packages/airflow/example_dags/subdags/subdag.py
[2025-12-24T21:06:50.831+0000] {processor.py:830} INFO - Processing file /home/airflow/.local/lib/python3.8/site-packages/airflow/example_dags/subdags/subdag.py for tasks to queue
[2025-12-24T21:06:50.832+0000] {logging_mixin.py:188} INFO - [2025-12-24T21:06:50.831+0000] {dagbag.py:538} INFO - Filling up the DagBag from /home/airflow/.local/lib/python3.8/site-packages/airflow/example_dags/subdags/subdag.py
[2025-12-24T21:06:50.834+0000] {processor.py:842} WARNING - No viable dags retrieved from /home/airflow/.local/lib/python3.8/site-packages/airflow/example_dags/subdags/subdag.py
[2025-12-24T21:06:50.851+0000] {processor.py:183} INFO - Processing /home/airflow/.local/lib/python3.8/site-packages/airflow/example_dags/subdags/subdag.py took 0.026 seconds
[2025-12-24T21:07:21.357+0000] {processor.py:161} INFO - Started process (PID=37577) to work on /home/airflow/.local/lib/python3.8/site-packages/airflow/example_dags/subdags/subdag.py
[2025-12-24T21:07:21.358+0000] {processor.py:830} INFO - Processing file /home/airflow/.local/lib/python3.8/site-packages/airflow/example_dags/subdags/subdag.py for tasks to queue
[2025-12-24T21:07:21.360+0000] {logging_mixin.py:188} INFO - [2025-12-24T21:07:21.360+0000] {dagbag.py:538} INFO - Filling up the DagBag from /home/airflow/.local/lib/python3.8/site-packages/airflow/example_dags/subdags/subdag.py
[2025-12-24T21:07:21.364+0000] {processor.py:842} WARNING - No viable dags retrieved from /home/airflow/.local/lib/python3.8/site-packages/airflow/example_dags/subdags/subdag.py
[2025-12-24T21:07:21.384+0000] {processor.py:183} INFO - Processing /home/airflow/.local/lib/python3.8/site-packages/airflow/example_dags/subdags/subdag.py took 0.032 seconds
[2025-12-24T21:07:51.858+0000] {processor.py:161} INFO - Started process (PID=37634) to work on /home/airflow/.local/lib/python3.8/site-packages/airflow/example_dags/subdags/subdag.py
[2025-12-24T21:07:51.860+0000] {processor.py:830} INFO - Processing file /home/airflow/.local/lib/python3.8/site-packages/airflow/example_dags/subdags/subdag.py for tasks to queue
[2025-12-24T21:07:51.861+0000] {logging_mixin.py:188} INFO - [2025-12-24T21:07:51.860+0000] {dagbag.py:538} INFO - Filling up the DagBag from /home/airflow/.local/lib/python3.8/site-packages/airflow/example_dags/subdags/subdag.py
[2025-12-24T21:07:51.863+0000] {processor.py:842} WARNING - No viable dags retrieved from /home/airflow/.local/lib/python3.8/site-packages/airflow/example_dags/subdags/subdag.py
[2025-12-24T21:07:51.878+0000] {processor.py:183} INFO - Processing /home/airflow/.local/lib/python3.8/site-packages/airflow/example_dags/subdags/subdag.py took 0.023 seconds
[2025-12-24T21:08:22.031+0000] {processor.py:161} INFO - Started process (PID=37690) to work on /home/airflow/.local/lib/python3.8/site-packages/airflow/example_dags/subdags/subdag.py
[2025-12-24T21:08:22.032+0000] {processor.py:830} INFO - Processing file /home/airflow/.local/lib/python3.8/site-packages/airflow/example_dags/subdags/subdag.py for tasks to queue
[2025-12-24T21:08:22.033+0000] {logging_mixin.py:188} INFO - [2025-12-24T21:08:22.033+0000] {dagbag.py:538} INFO - Filling up the DagBag from /home/airflow/.local/lib/python3.8/site-packages/airflow/example_dags/subdags/subdag.py
[2025-12-24T21:08:22.036+0000] {processor.py:842} WARNING - No viable dags retrieved from /home/airflow/.local/lib/python3.8/site-packages/airflow/example_dags/subdags/subdag.py
[2025-12-24T21:08:22.050+0000] {processor.py:183} INFO - Processing /home/airflow/.local/lib/python3.8/site-packages/airflow/example_dags/subdags/subdag.py took 0.023 seconds
[2025-12-24T21:08:52.386+0000] {processor.py:161} INFO - Started process (PID=37747) to work on /home/airflow/.local/lib/python3.8/site-packages/airflow/example_dags/subdags/subdag.py
[2025-12-24T21:08:52.388+0000] {processor.py:830} INFO - Processing file /home/airflow/.local/lib/python3.8/site-packages/airflow/example_dags/subdags/subdag.py for tasks to queue
[2025-12-24T21:08:52.389+0000] {logging_mixin.py:188} INFO - [2025-12-24T21:08:52.389+0000] {dagbag.py:538} INFO - Filling up the DagBag from /home/airflow/.local/lib/python3.8/site-packages/airflow/example_dags/subdags/subdag.py
[2025-12-24T21:08:52.392+0000] {processor.py:842} WARNING - No viable dags retrieved from /home/airflow/.local/lib/python3.8/site-packages/airflow/example_dags/subdags/subdag.py
[2025-12-24T21:08:52.408+0000] {processor.py:183} INFO - Processing /home/airflow/.local/lib/python3.8/site-packages/airflow/example_dags/subdags/subdag.py took 0.025 seconds
[2025-12-24T21:09:23.103+0000] {processor.py:161} INFO - Started process (PID=37805) to work on /home/airflow/.local/lib/python3.8/site-packages/airflow/example_dags/subdags/subdag.py
[2025-12-24T21:09:23.105+0000] {processor.py:830} INFO - Processing file /home/airflow/.local/lib/python3.8/site-packages/airflow/example_dags/subdags/subdag.py for tasks to queue
[2025-12-24T21:09:23.106+0000] {logging_mixin.py:188} INFO - [2025-12-24T21:09:23.106+0000] {dagbag.py:538} INFO - Filling up the DagBag from /home/airflow/.local/lib/python3.8/site-packages/airflow/example_dags/subdags/subdag.py
[2025-12-24T21:09:23.109+0000] {processor.py:842} WARNING - No viable dags retrieved from /home/airflow/.local/lib/python3.8/site-packages/airflow/example_dags/subdags/subdag.py
[2025-12-24T21:09:23.127+0000] {processor.py:183} INFO - Processing /home/airflow/.local/lib/python3.8/site-packages/airflow/example_dags/subdags/subdag.py took 0.029 seconds
[2025-12-24T21:09:53.369+0000] {processor.py:161} INFO - Started process (PID=37862) to work on /home/airflow/.local/lib/python3.8/site-packages/airflow/example_dags/subdags/subdag.py
[2025-12-24T21:09:53.371+0000] {processor.py:830} INFO - Processing file /home/airflow/.local/lib/python3.8/site-packages/airflow/example_dags/subdags/subdag.py for tasks to queue
[2025-12-24T21:09:53.372+0000] {logging_mixin.py:188} INFO - [2025-12-24T21:09:53.372+0000] {dagbag.py:538} INFO - Filling up the DagBag from /home/airflow/.local/lib/python3.8/site-packages/airflow/example_dags/subdags/subdag.py
[2025-12-24T21:09:53.375+0000] {processor.py:842} WARNING - No viable dags retrieved from /home/airflow/.local/lib/python3.8/site-packages/airflow/example_dags/subdags/subdag.py
[2025-12-24T21:09:53.391+0000] {processor.py:183} INFO - Processing /home/airflow/.local/lib/python3.8/site-packages/airflow/example_dags/subdags/subdag.py took 0.025 seconds
[2025-12-24T21:10:23.597+0000] {processor.py:161} INFO - Started process (PID=37919) to work on /home/airflow/.local/lib/python3.8/site-packages/airflow/example_dags/subdags/subdag.py
[2025-12-24T21:10:23.598+0000] {processor.py:830} INFO - Processing file /home/airflow/.local/lib/python3.8/site-packages/airflow/example_dags/subdags/subdag.py for tasks to queue
[2025-12-24T21:10:23.599+0000] {logging_mixin.py:188} INFO - [2025-12-24T21:10:23.599+0000] {dagbag.py:538} INFO - Filling up the DagBag from /home/airflow/.local/lib/python3.8/site-packages/airflow/example_dags/subdags/subdag.py
[2025-12-24T21:10:23.602+0000] {processor.py:842} WARNING - No viable dags retrieved from /home/airflow/.local/lib/python3.8/site-packages/airflow/example_dags/subdags/subdag.py
[2025-12-24T21:10:23.616+0000] {processor.py:183} INFO - Processing /home/airflow/.local/lib/python3.8/site-packages/airflow/example_dags/subdags/subdag.py took 0.023 seconds
[2025-12-24T21:10:53.667+0000] {processor.py:161} INFO - Started process (PID=37974) to work on /home/airflow/.local/lib/python3.8/site-packages/airflow/example_dags/subdags/subdag.py
[2025-12-24T21:10:53.668+0000] {processor.py:830} INFO - Processing file /home/airflow/.local/lib/python3.8/site-packages/airflow/example_dags/subdags/subdag.py for tasks to queue
[2025-12-24T21:10:53.669+0000] {logging_mixin.py:188} INFO - [2025-12-24T21:10:53.669+0000] {dagbag.py:538} INFO - Filling up the DagBag from /home/airflow/.local/lib/python3.8/site-packages/airflow/example_dags/subdags/subdag.py
[2025-12-24T21:10:53.672+0000] {processor.py:842} WARNING - No viable dags retrieved from /home/airflow/.local/lib/python3.8/site-packages/airflow/example_dags/subdags/subdag.py
[2025-12-24T21:10:53.687+0000] {processor.py:183} INFO - Processing /home/airflow/.local/lib/python3.8/site-packages/airflow/example_dags/subdags/subdag.py took 0.024 seconds
[2025-12-24T21:11:24.571+0000] {processor.py:161} INFO - Started process (PID=38031) to work on /home/airflow/.local/lib/python3.8/site-packages/airflow/example_dags/subdags/subdag.py
[2025-12-24T21:11:24.572+0000] {processor.py:830} INFO - Processing file /home/airflow/.local/lib/python3.8/site-packages/airflow/example_dags/subdags/subdag.py for tasks to queue
[2025-12-24T21:11:24.573+0000] {logging_mixin.py:188} INFO - [2025-12-24T21:11:24.573+0000] {dagbag.py:538} INFO - Filling up the DagBag from /home/airflow/.local/lib/python3.8/site-packages/airflow/example_dags/subdags/subdag.py
[2025-12-24T21:11:24.575+0000] {processor.py:842} WARNING - No viable dags retrieved from /home/airflow/.local/lib/python3.8/site-packages/airflow/example_dags/subdags/subdag.py
[2025-12-24T21:11:24.589+0000] {processor.py:183} INFO - Processing /home/airflow/.local/lib/python3.8/site-packages/airflow/example_dags/subdags/subdag.py took 0.022 seconds
[2025-12-24T21:11:55.213+0000] {processor.py:161} INFO - Started process (PID=38088) to work on /home/airflow/.local/lib/python3.8/site-packages/airflow/example_dags/subdags/subdag.py
[2025-12-24T21:11:55.214+0000] {processor.py:830} INFO - Processing file /home/airflow/.local/lib/python3.8/site-packages/airflow/example_dags/subdags/subdag.py for tasks to queue
[2025-12-24T21:11:55.215+0000] {logging_mixin.py:188} INFO - [2025-12-24T21:11:55.215+0000] {dagbag.py:538} INFO - Filling up the DagBag from /home/airflow/.local/lib/python3.8/site-packages/airflow/example_dags/subdags/subdag.py
[2025-12-24T21:11:55.217+0000] {processor.py:842} WARNING - No viable dags retrieved from /home/airflow/.local/lib/python3.8/site-packages/airflow/example_dags/subdags/subdag.py
[2025-12-24T21:11:55.233+0000] {processor.py:183} INFO - Processing /home/airflow/.local/lib/python3.8/site-packages/airflow/example_dags/subdags/subdag.py took 0.024 seconds
[2025-12-24T21:12:25.709+0000] {processor.py:161} INFO - Started process (PID=38145) to work on /home/airflow/.local/lib/python3.8/site-packages/airflow/example_dags/subdags/subdag.py
[2025-12-24T21:12:25.711+0000] {processor.py:830} INFO - Processing file /home/airflow/.local/lib/python3.8/site-packages/airflow/example_dags/subdags/subdag.py for tasks to queue
[2025-12-24T21:12:25.713+0000] {logging_mixin.py:188} INFO - [2025-12-24T21:12:25.712+0000] {dagbag.py:538} INFO - Filling up the DagBag from /home/airflow/.local/lib/python3.8/site-packages/airflow/example_dags/subdags/subdag.py
[2025-12-24T21:12:25.727+0000] {processor.py:842} WARNING - No viable dags retrieved from /home/airflow/.local/lib/python3.8/site-packages/airflow/example_dags/subdags/subdag.py
[2025-12-24T21:12:25.756+0000] {processor.py:183} INFO - Processing /home/airflow/.local/lib/python3.8/site-packages/airflow/example_dags/subdags/subdag.py took 0.063 seconds
[2025-12-24T21:12:56.033+0000] {processor.py:161} INFO - Started process (PID=38202) to work on /home/airflow/.local/lib/python3.8/site-packages/airflow/example_dags/subdags/subdag.py
[2025-12-24T21:12:56.034+0000] {processor.py:830} INFO - Processing file /home/airflow/.local/lib/python3.8/site-packages/airflow/example_dags/subdags/subdag.py for tasks to queue
[2025-12-24T21:12:56.035+0000] {logging_mixin.py:188} INFO - [2025-12-24T21:12:56.035+0000] {dagbag.py:538} INFO - Filling up the DagBag from /home/airflow/.local/lib/python3.8/site-packages/airflow/example_dags/subdags/subdag.py
[2025-12-24T21:12:56.039+0000] {processor.py:842} WARNING - No viable dags retrieved from /home/airflow/.local/lib/python3.8/site-packages/airflow/example_dags/subdags/subdag.py
[2025-12-24T21:12:56.058+0000] {processor.py:183} INFO - Processing /home/airflow/.local/lib/python3.8/site-packages/airflow/example_dags/subdags/subdag.py took 0.030 seconds
[2025-12-24T21:13:27.090+0000] {processor.py:161} INFO - Started process (PID=38259) to work on /home/airflow/.local/lib/python3.8/site-packages/airflow/example_dags/subdags/subdag.py
[2025-12-24T21:13:27.096+0000] {processor.py:830} INFO - Processing file /home/airflow/.local/lib/python3.8/site-packages/airflow/example_dags/subdags/subdag.py for tasks to queue
[2025-12-24T21:13:27.100+0000] {logging_mixin.py:188} INFO - [2025-12-24T21:13:27.099+0000] {dagbag.py:538} INFO - Filling up the DagBag from /home/airflow/.local/lib/python3.8/site-packages/airflow/example_dags/subdags/subdag.py
[2025-12-24T21:13:27.108+0000] {processor.py:842} WARNING - No viable dags retrieved from /home/airflow/.local/lib/python3.8/site-packages/airflow/example_dags/subdags/subdag.py
[2025-12-24T21:13:27.145+0000] {processor.py:183} INFO - Processing /home/airflow/.local/lib/python3.8/site-packages/airflow/example_dags/subdags/subdag.py took 0.063 seconds
[2025-12-24T21:13:57.618+0000] {processor.py:161} INFO - Started process (PID=38316) to work on /home/airflow/.local/lib/python3.8/site-packages/airflow/example_dags/subdags/subdag.py
[2025-12-24T21:13:57.620+0000] {processor.py:830} INFO - Processing file /home/airflow/.local/lib/python3.8/site-packages/airflow/example_dags/subdags/subdag.py for tasks to queue
[2025-12-24T21:13:57.623+0000] {logging_mixin.py:188} INFO - [2025-12-24T21:13:57.622+0000] {dagbag.py:538} INFO - Filling up the DagBag from /home/airflow/.local/lib/python3.8/site-packages/airflow/example_dags/subdags/subdag.py
[2025-12-24T21:13:57.628+0000] {processor.py:842} WARNING - No viable dags retrieved from /home/airflow/.local/lib/python3.8/site-packages/airflow/example_dags/subdags/subdag.py
[2025-12-24T21:13:57.652+0000] {processor.py:183} INFO - Processing /home/airflow/.local/lib/python3.8/site-packages/airflow/example_dags/subdags/subdag.py took 0.040 seconds
[2025-12-24T21:14:28.358+0000] {processor.py:161} INFO - Started process (PID=38374) to work on /home/airflow/.local/lib/python3.8/site-packages/airflow/example_dags/subdags/subdag.py
[2025-12-24T21:14:28.359+0000] {processor.py:830} INFO - Processing file /home/airflow/.local/lib/python3.8/site-packages/airflow/example_dags/subdags/subdag.py for tasks to queue
[2025-12-24T21:14:28.360+0000] {logging_mixin.py:188} INFO - [2025-12-24T21:14:28.360+0000] {dagbag.py:538} INFO - Filling up the DagBag from /home/airflow/.local/lib/python3.8/site-packages/airflow/example_dags/subdags/subdag.py
[2025-12-24T21:14:28.363+0000] {processor.py:842} WARNING - No viable dags retrieved from /home/airflow/.local/lib/python3.8/site-packages/airflow/example_dags/subdags/subdag.py
[2025-12-24T21:14:28.376+0000] {processor.py:183} INFO - Processing /home/airflow/.local/lib/python3.8/site-packages/airflow/example_dags/subdags/subdag.py took 0.021 seconds
[2025-12-24T21:14:58.851+0000] {processor.py:161} INFO - Started process (PID=38432) to work on /home/airflow/.local/lib/python3.8/site-packages/airflow/example_dags/subdags/subdag.py
[2025-12-24T21:14:58.853+0000] {processor.py:830} INFO - Processing file /home/airflow/.local/lib/python3.8/site-packages/airflow/example_dags/subdags/subdag.py for tasks to queue
[2025-12-24T21:14:58.856+0000] {logging_mixin.py:188} INFO - [2025-12-24T21:14:58.855+0000] {dagbag.py:538} INFO - Filling up the DagBag from /home/airflow/.local/lib/python3.8/site-packages/airflow/example_dags/subdags/subdag.py
[2025-12-24T21:14:58.860+0000] {processor.py:842} WARNING - No viable dags retrieved from /home/airflow/.local/lib/python3.8/site-packages/airflow/example_dags/subdags/subdag.py
[2025-12-24T21:14:58.907+0000] {processor.py:183} INFO - Processing /home/airflow/.local/lib/python3.8/site-packages/airflow/example_dags/subdags/subdag.py took 0.065 seconds
[2025-12-24T21:15:29.669+0000] {processor.py:161} INFO - Started process (PID=38490) to work on /home/airflow/.local/lib/python3.8/site-packages/airflow/example_dags/subdags/subdag.py
[2025-12-24T21:15:29.670+0000] {processor.py:830} INFO - Processing file /home/airflow/.local/lib/python3.8/site-packages/airflow/example_dags/subdags/subdag.py for tasks to queue
[2025-12-24T21:15:29.671+0000] {logging_mixin.py:188} INFO - [2025-12-24T21:15:29.671+0000] {dagbag.py:538} INFO - Filling up the DagBag from /home/airflow/.local/lib/python3.8/site-packages/airflow/example_dags/subdags/subdag.py
[2025-12-24T21:15:29.673+0000] {processor.py:842} WARNING - No viable dags retrieved from /home/airflow/.local/lib/python3.8/site-packages/airflow/example_dags/subdags/subdag.py
[2025-12-24T21:15:29.687+0000] {processor.py:183} INFO - Processing /home/airflow/.local/lib/python3.8/site-packages/airflow/example_dags/subdags/subdag.py took 0.022 seconds
[2025-12-24T21:16:00.135+0000] {processor.py:161} INFO - Started process (PID=38548) to work on /home/airflow/.local/lib/python3.8/site-packages/airflow/example_dags/subdags/subdag.py
[2025-12-24T21:16:00.136+0000] {processor.py:830} INFO - Processing file /home/airflow/.local/lib/python3.8/site-packages/airflow/example_dags/subdags/subdag.py for tasks to queue
[2025-12-24T21:16:00.137+0000] {logging_mixin.py:188} INFO - [2025-12-24T21:16:00.137+0000] {dagbag.py:538} INFO - Filling up the DagBag from /home/airflow/.local/lib/python3.8/site-packages/airflow/example_dags/subdags/subdag.py
[2025-12-24T21:16:00.140+0000] {processor.py:842} WARNING - No viable dags retrieved from /home/airflow/.local/lib/python3.8/site-packages/airflow/example_dags/subdags/subdag.py
[2025-12-24T21:16:00.155+0000] {processor.py:183} INFO - Processing /home/airflow/.local/lib/python3.8/site-packages/airflow/example_dags/subdags/subdag.py took 0.024 seconds
[2025-12-24T21:16:30.829+0000] {processor.py:161} INFO - Started process (PID=38606) to work on /home/airflow/.local/lib/python3.8/site-packages/airflow/example_dags/subdags/subdag.py
[2025-12-24T21:16:30.831+0000] {processor.py:830} INFO - Processing file /home/airflow/.local/lib/python3.8/site-packages/airflow/example_dags/subdags/subdag.py for tasks to queue
[2025-12-24T21:16:30.832+0000] {logging_mixin.py:188} INFO - [2025-12-24T21:16:30.832+0000] {dagbag.py:538} INFO - Filling up the DagBag from /home/airflow/.local/lib/python3.8/site-packages/airflow/example_dags/subdags/subdag.py
[2025-12-24T21:16:30.836+0000] {processor.py:842} WARNING - No viable dags retrieved from /home/airflow/.local/lib/python3.8/site-packages/airflow/example_dags/subdags/subdag.py
[2025-12-24T21:16:30.854+0000] {processor.py:183} INFO - Processing /home/airflow/.local/lib/python3.8/site-packages/airflow/example_dags/subdags/subdag.py took 0.029 seconds
[2025-12-24T21:17:01.190+0000] {processor.py:161} INFO - Started process (PID=38664) to work on /home/airflow/.local/lib/python3.8/site-packages/airflow/example_dags/subdags/subdag.py
[2025-12-24T21:17:01.192+0000] {processor.py:830} INFO - Processing file /home/airflow/.local/lib/python3.8/site-packages/airflow/example_dags/subdags/subdag.py for tasks to queue
[2025-12-24T21:17:01.200+0000] {logging_mixin.py:188} INFO - [2025-12-24T21:17:01.199+0000] {dagbag.py:538} INFO - Filling up the DagBag from /home/airflow/.local/lib/python3.8/site-packages/airflow/example_dags/subdags/subdag.py
[2025-12-24T21:17:01.205+0000] {processor.py:842} WARNING - No viable dags retrieved from /home/airflow/.local/lib/python3.8/site-packages/airflow/example_dags/subdags/subdag.py
[2025-12-24T21:17:01.225+0000] {processor.py:183} INFO - Processing /home/airflow/.local/lib/python3.8/site-packages/airflow/example_dags/subdags/subdag.py took 0.041 seconds
[2025-12-24T21:17:31.361+0000] {processor.py:161} INFO - Started process (PID=38724) to work on /home/airflow/.local/lib/python3.8/site-packages/airflow/example_dags/subdags/subdag.py
[2025-12-24T21:17:31.363+0000] {processor.py:830} INFO - Processing file /home/airflow/.local/lib/python3.8/site-packages/airflow/example_dags/subdags/subdag.py for tasks to queue
[2025-12-24T21:17:31.364+0000] {logging_mixin.py:188} INFO - [2025-12-24T21:17:31.364+0000] {dagbag.py:538} INFO - Filling up the DagBag from /home/airflow/.local/lib/python3.8/site-packages/airflow/example_dags/subdags/subdag.py
[2025-12-24T21:17:31.368+0000] {processor.py:842} WARNING - No viable dags retrieved from /home/airflow/.local/lib/python3.8/site-packages/airflow/example_dags/subdags/subdag.py
[2025-12-24T21:17:31.384+0000] {processor.py:183} INFO - Processing /home/airflow/.local/lib/python3.8/site-packages/airflow/example_dags/subdags/subdag.py took 0.027 seconds
[2025-12-24T21:18:02.012+0000] {processor.py:161} INFO - Started process (PID=38784) to work on /home/airflow/.local/lib/python3.8/site-packages/airflow/example_dags/subdags/subdag.py
[2025-12-24T21:18:02.013+0000] {processor.py:830} INFO - Processing file /home/airflow/.local/lib/python3.8/site-packages/airflow/example_dags/subdags/subdag.py for tasks to queue
[2025-12-24T21:18:02.015+0000] {logging_mixin.py:188} INFO - [2025-12-24T21:18:02.014+0000] {dagbag.py:538} INFO - Filling up the DagBag from /home/airflow/.local/lib/python3.8/site-packages/airflow/example_dags/subdags/subdag.py
[2025-12-24T21:18:02.017+0000] {processor.py:842} WARNING - No viable dags retrieved from /home/airflow/.local/lib/python3.8/site-packages/airflow/example_dags/subdags/subdag.py
[2025-12-24T21:18:02.031+0000] {processor.py:183} INFO - Processing /home/airflow/.local/lib/python3.8/site-packages/airflow/example_dags/subdags/subdag.py took 0.023 seconds
[2025-12-24T21:18:33.123+0000] {processor.py:161} INFO - Started process (PID=38842) to work on /home/airflow/.local/lib/python3.8/site-packages/airflow/example_dags/subdags/subdag.py
[2025-12-24T21:18:33.124+0000] {processor.py:830} INFO - Processing file /home/airflow/.local/lib/python3.8/site-packages/airflow/example_dags/subdags/subdag.py for tasks to queue
[2025-12-24T21:18:33.126+0000] {logging_mixin.py:188} INFO - [2025-12-24T21:18:33.125+0000] {dagbag.py:538} INFO - Filling up the DagBag from /home/airflow/.local/lib/python3.8/site-packages/airflow/example_dags/subdags/subdag.py
[2025-12-24T21:18:33.130+0000] {processor.py:842} WARNING - No viable dags retrieved from /home/airflow/.local/lib/python3.8/site-packages/airflow/example_dags/subdags/subdag.py
[2025-12-24T21:18:33.150+0000] {processor.py:183} INFO - Processing /home/airflow/.local/lib/python3.8/site-packages/airflow/example_dags/subdags/subdag.py took 0.034 seconds
[2025-12-24T21:19:03.385+0000] {processor.py:161} INFO - Started process (PID=38901) to work on /home/airflow/.local/lib/python3.8/site-packages/airflow/example_dags/subdags/subdag.py
[2025-12-24T21:19:03.387+0000] {processor.py:830} INFO - Processing file /home/airflow/.local/lib/python3.8/site-packages/airflow/example_dags/subdags/subdag.py for tasks to queue
[2025-12-24T21:19:03.389+0000] {logging_mixin.py:188} INFO - [2025-12-24T21:19:03.388+0000] {dagbag.py:538} INFO - Filling up the DagBag from /home/airflow/.local/lib/python3.8/site-packages/airflow/example_dags/subdags/subdag.py
[2025-12-24T21:19:03.393+0000] {processor.py:842} WARNING - No viable dags retrieved from /home/airflow/.local/lib/python3.8/site-packages/airflow/example_dags/subdags/subdag.py
[2025-12-24T21:19:03.407+0000] {processor.py:183} INFO - Processing /home/airflow/.local/lib/python3.8/site-packages/airflow/example_dags/subdags/subdag.py took 0.027 seconds
[2025-12-24T21:19:33.970+0000] {processor.py:161} INFO - Started process (PID=38960) to work on /home/airflow/.local/lib/python3.8/site-packages/airflow/example_dags/subdags/subdag.py
[2025-12-24T21:19:33.971+0000] {processor.py:830} INFO - Processing file /home/airflow/.local/lib/python3.8/site-packages/airflow/example_dags/subdags/subdag.py for tasks to queue
[2025-12-24T21:19:33.973+0000] {logging_mixin.py:188} INFO - [2025-12-24T21:19:33.972+0000] {dagbag.py:538} INFO - Filling up the DagBag from /home/airflow/.local/lib/python3.8/site-packages/airflow/example_dags/subdags/subdag.py
[2025-12-24T21:19:33.976+0000] {processor.py:842} WARNING - No viable dags retrieved from /home/airflow/.local/lib/python3.8/site-packages/airflow/example_dags/subdags/subdag.py
[2025-12-24T21:19:33.993+0000] {processor.py:183} INFO - Processing /home/airflow/.local/lib/python3.8/site-packages/airflow/example_dags/subdags/subdag.py took 0.027 seconds
[2025-12-24T21:20:04.873+0000] {processor.py:161} INFO - Started process (PID=39027) to work on /home/airflow/.local/lib/python3.8/site-packages/airflow/example_dags/subdags/subdag.py
[2025-12-24T21:20:04.876+0000] {processor.py:830} INFO - Processing file /home/airflow/.local/lib/python3.8/site-packages/airflow/example_dags/subdags/subdag.py for tasks to queue
[2025-12-24T21:20:04.878+0000] {logging_mixin.py:188} INFO - [2025-12-24T21:20:04.877+0000] {dagbag.py:538} INFO - Filling up the DagBag from /home/airflow/.local/lib/python3.8/site-packages/airflow/example_dags/subdags/subdag.py
[2025-12-24T21:20:04.890+0000] {processor.py:842} WARNING - No viable dags retrieved from /home/airflow/.local/lib/python3.8/site-packages/airflow/example_dags/subdags/subdag.py
[2025-12-24T21:20:04.919+0000] {processor.py:183} INFO - Processing /home/airflow/.local/lib/python3.8/site-packages/airflow/example_dags/subdags/subdag.py took 0.051 seconds
[2025-12-24T21:20:35.056+0000] {processor.py:161} INFO - Started process (PID=39094) to work on /home/airflow/.local/lib/python3.8/site-packages/airflow/example_dags/subdags/subdag.py
[2025-12-24T21:20:35.057+0000] {processor.py:830} INFO - Processing file /home/airflow/.local/lib/python3.8/site-packages/airflow/example_dags/subdags/subdag.py for tasks to queue
[2025-12-24T21:20:35.058+0000] {logging_mixin.py:188} INFO - [2025-12-24T21:20:35.058+0000] {dagbag.py:538} INFO - Filling up the DagBag from /home/airflow/.local/lib/python3.8/site-packages/airflow/example_dags/subdags/subdag.py
[2025-12-24T21:20:35.063+0000] {processor.py:842} WARNING - No viable dags retrieved from /home/airflow/.local/lib/python3.8/site-packages/airflow/example_dags/subdags/subdag.py
[2025-12-24T21:20:35.077+0000] {processor.py:183} INFO - Processing /home/airflow/.local/lib/python3.8/site-packages/airflow/example_dags/subdags/subdag.py took 0.025 seconds
[2025-12-24T21:21:05.543+0000] {processor.py:161} INFO - Started process (PID=39156) to work on /home/airflow/.local/lib/python3.8/site-packages/airflow/example_dags/subdags/subdag.py
[2025-12-24T21:21:05.545+0000] {processor.py:830} INFO - Processing file /home/airflow/.local/lib/python3.8/site-packages/airflow/example_dags/subdags/subdag.py for tasks to queue
[2025-12-24T21:21:05.546+0000] {logging_mixin.py:188} INFO - [2025-12-24T21:21:05.546+0000] {dagbag.py:538} INFO - Filling up the DagBag from /home/airflow/.local/lib/python3.8/site-packages/airflow/example_dags/subdags/subdag.py
[2025-12-24T21:21:05.549+0000] {processor.py:842} WARNING - No viable dags retrieved from /home/airflow/.local/lib/python3.8/site-packages/airflow/example_dags/subdags/subdag.py
[2025-12-24T21:21:05.563+0000] {processor.py:183} INFO - Processing /home/airflow/.local/lib/python3.8/site-packages/airflow/example_dags/subdags/subdag.py took 0.030 seconds
[2025-12-24T21:21:36.072+0000] {processor.py:161} INFO - Started process (PID=39219) to work on /home/airflow/.local/lib/python3.8/site-packages/airflow/example_dags/subdags/subdag.py
[2025-12-24T21:21:36.087+0000] {processor.py:830} INFO - Processing file /home/airflow/.local/lib/python3.8/site-packages/airflow/example_dags/subdags/subdag.py for tasks to queue
[2025-12-24T21:21:36.090+0000] {logging_mixin.py:188} INFO - [2025-12-24T21:21:36.089+0000] {dagbag.py:538} INFO - Filling up the DagBag from /home/airflow/.local/lib/python3.8/site-packages/airflow/example_dags/subdags/subdag.py
[2025-12-24T21:21:36.094+0000] {processor.py:842} WARNING - No viable dags retrieved from /home/airflow/.local/lib/python3.8/site-packages/airflow/example_dags/subdags/subdag.py
[2025-12-24T21:21:36.118+0000] {processor.py:183} INFO - Processing /home/airflow/.local/lib/python3.8/site-packages/airflow/example_dags/subdags/subdag.py took 0.053 seconds
[2025-12-24T21:22:06.216+0000] {processor.py:161} INFO - Started process (PID=39282) to work on /home/airflow/.local/lib/python3.8/site-packages/airflow/example_dags/subdags/subdag.py
[2025-12-24T21:22:06.217+0000] {processor.py:830} INFO - Processing file /home/airflow/.local/lib/python3.8/site-packages/airflow/example_dags/subdags/subdag.py for tasks to queue
[2025-12-24T21:22:06.218+0000] {logging_mixin.py:188} INFO - [2025-12-24T21:22:06.218+0000] {dagbag.py:538} INFO - Filling up the DagBag from /home/airflow/.local/lib/python3.8/site-packages/airflow/example_dags/subdags/subdag.py
[2025-12-24T21:22:06.221+0000] {processor.py:842} WARNING - No viable dags retrieved from /home/airflow/.local/lib/python3.8/site-packages/airflow/example_dags/subdags/subdag.py
[2025-12-24T21:22:06.235+0000] {processor.py:183} INFO - Processing /home/airflow/.local/lib/python3.8/site-packages/airflow/example_dags/subdags/subdag.py took 0.023 seconds
[2025-12-24T21:22:37.034+0000] {processor.py:161} INFO - Started process (PID=39341) to work on /home/airflow/.local/lib/python3.8/site-packages/airflow/example_dags/subdags/subdag.py
[2025-12-24T21:22:37.035+0000] {processor.py:830} INFO - Processing file /home/airflow/.local/lib/python3.8/site-packages/airflow/example_dags/subdags/subdag.py for tasks to queue
[2025-12-24T21:22:37.036+0000] {logging_mixin.py:188} INFO - [2025-12-24T21:22:37.036+0000] {dagbag.py:538} INFO - Filling up the DagBag from /home/airflow/.local/lib/python3.8/site-packages/airflow/example_dags/subdags/subdag.py
[2025-12-24T21:22:37.039+0000] {processor.py:842} WARNING - No viable dags retrieved from /home/airflow/.local/lib/python3.8/site-packages/airflow/example_dags/subdags/subdag.py
[2025-12-24T21:22:37.054+0000] {processor.py:183} INFO - Processing /home/airflow/.local/lib/python3.8/site-packages/airflow/example_dags/subdags/subdag.py took 0.024 seconds
[2025-12-24T21:23:07.404+0000] {processor.py:161} INFO - Started process (PID=39402) to work on /home/airflow/.local/lib/python3.8/site-packages/airflow/example_dags/subdags/subdag.py
[2025-12-24T21:23:07.405+0000] {processor.py:830} INFO - Processing file /home/airflow/.local/lib/python3.8/site-packages/airflow/example_dags/subdags/subdag.py for tasks to queue
[2025-12-24T21:23:07.406+0000] {logging_mixin.py:188} INFO - [2025-12-24T21:23:07.406+0000] {dagbag.py:538} INFO - Filling up the DagBag from /home/airflow/.local/lib/python3.8/site-packages/airflow/example_dags/subdags/subdag.py
[2025-12-24T21:23:07.409+0000] {processor.py:842} WARNING - No viable dags retrieved from /home/airflow/.local/lib/python3.8/site-packages/airflow/example_dags/subdags/subdag.py
[2025-12-24T21:23:07.426+0000] {processor.py:183} INFO - Processing /home/airflow/.local/lib/python3.8/site-packages/airflow/example_dags/subdags/subdag.py took 0.028 seconds
[2025-12-24T21:23:37.766+0000] {processor.py:161} INFO - Started process (PID=39463) to work on /home/airflow/.local/lib/python3.8/site-packages/airflow/example_dags/subdags/subdag.py
[2025-12-24T21:23:37.769+0000] {processor.py:830} INFO - Processing file /home/airflow/.local/lib/python3.8/site-packages/airflow/example_dags/subdags/subdag.py for tasks to queue
[2025-12-24T21:23:37.772+0000] {logging_mixin.py:188} INFO - [2025-12-24T21:23:37.771+0000] {dagbag.py:538} INFO - Filling up the DagBag from /home/airflow/.local/lib/python3.8/site-packages/airflow/example_dags/subdags/subdag.py
[2025-12-24T21:23:37.777+0000] {processor.py:842} WARNING - No viable dags retrieved from /home/airflow/.local/lib/python3.8/site-packages/airflow/example_dags/subdags/subdag.py
[2025-12-24T21:23:37.805+0000] {processor.py:183} INFO - Processing /home/airflow/.local/lib/python3.8/site-packages/airflow/example_dags/subdags/subdag.py took 0.046 seconds
[2025-12-24T21:24:08.322+0000] {processor.py:161} INFO - Started process (PID=39527) to work on /home/airflow/.local/lib/python3.8/site-packages/airflow/example_dags/subdags/subdag.py
[2025-12-24T21:24:08.324+0000] {processor.py:830} INFO - Processing file /home/airflow/.local/lib/python3.8/site-packages/airflow/example_dags/subdags/subdag.py for tasks to queue
[2025-12-24T21:24:08.325+0000] {logging_mixin.py:188} INFO - [2025-12-24T21:24:08.325+0000] {dagbag.py:538} INFO - Filling up the DagBag from /home/airflow/.local/lib/python3.8/site-packages/airflow/example_dags/subdags/subdag.py
[2025-12-24T21:24:08.328+0000] {processor.py:842} WARNING - No viable dags retrieved from /home/airflow/.local/lib/python3.8/site-packages/airflow/example_dags/subdags/subdag.py
[2025-12-24T21:24:08.343+0000] {processor.py:183} INFO - Processing /home/airflow/.local/lib/python3.8/site-packages/airflow/example_dags/subdags/subdag.py took 0.025 seconds
[2025-12-24T21:24:38.503+0000] {processor.py:161} INFO - Started process (PID=39591) to work on /home/airflow/.local/lib/python3.8/site-packages/airflow/example_dags/subdags/subdag.py
[2025-12-24T21:24:38.504+0000] {processor.py:830} INFO - Processing file /home/airflow/.local/lib/python3.8/site-packages/airflow/example_dags/subdags/subdag.py for tasks to queue
[2025-12-24T21:24:38.505+0000] {logging_mixin.py:188} INFO - [2025-12-24T21:24:38.505+0000] {dagbag.py:538} INFO - Filling up the DagBag from /home/airflow/.local/lib/python3.8/site-packages/airflow/example_dags/subdags/subdag.py
[2025-12-24T21:24:38.508+0000] {processor.py:842} WARNING - No viable dags retrieved from /home/airflow/.local/lib/python3.8/site-packages/airflow/example_dags/subdags/subdag.py
[2025-12-24T21:24:38.524+0000] {processor.py:183} INFO - Processing /home/airflow/.local/lib/python3.8/site-packages/airflow/example_dags/subdags/subdag.py took 0.026 seconds
[2025-12-24T21:25:09.396+0000] {processor.py:161} INFO - Started process (PID=39650) to work on /home/airflow/.local/lib/python3.8/site-packages/airflow/example_dags/subdags/subdag.py
[2025-12-24T21:25:09.398+0000] {processor.py:830} INFO - Processing file /home/airflow/.local/lib/python3.8/site-packages/airflow/example_dags/subdags/subdag.py for tasks to queue
[2025-12-24T21:25:09.399+0000] {logging_mixin.py:188} INFO - [2025-12-24T21:25:09.399+0000] {dagbag.py:538} INFO - Filling up the DagBag from /home/airflow/.local/lib/python3.8/site-packages/airflow/example_dags/subdags/subdag.py
[2025-12-24T21:25:09.408+0000] {processor.py:842} WARNING - No viable dags retrieved from /home/airflow/.local/lib/python3.8/site-packages/airflow/example_dags/subdags/subdag.py
[2025-12-24T21:25:09.425+0000] {processor.py:183} INFO - Processing /home/airflow/.local/lib/python3.8/site-packages/airflow/example_dags/subdags/subdag.py took 0.033 seconds
[2025-12-24T21:25:39.713+0000] {processor.py:161} INFO - Started process (PID=39715) to work on /home/airflow/.local/lib/python3.8/site-packages/airflow/example_dags/subdags/subdag.py
[2025-12-24T21:25:39.714+0000] {processor.py:830} INFO - Processing file /home/airflow/.local/lib/python3.8/site-packages/airflow/example_dags/subdags/subdag.py for tasks to queue
[2025-12-24T21:25:39.716+0000] {logging_mixin.py:188} INFO - [2025-12-24T21:25:39.715+0000] {dagbag.py:538} INFO - Filling up the DagBag from /home/airflow/.local/lib/python3.8/site-packages/airflow/example_dags/subdags/subdag.py
[2025-12-24T21:25:39.720+0000] {processor.py:842} WARNING - No viable dags retrieved from /home/airflow/.local/lib/python3.8/site-packages/airflow/example_dags/subdags/subdag.py
[2025-12-24T21:25:39.736+0000] {processor.py:183} INFO - Processing /home/airflow/.local/lib/python3.8/site-packages/airflow/example_dags/subdags/subdag.py took 0.028 seconds
[2025-12-24T21:26:09.990+0000] {processor.py:161} INFO - Started process (PID=39775) to work on /home/airflow/.local/lib/python3.8/site-packages/airflow/example_dags/subdags/subdag.py
[2025-12-24T21:26:09.991+0000] {processor.py:830} INFO - Processing file /home/airflow/.local/lib/python3.8/site-packages/airflow/example_dags/subdags/subdag.py for tasks to queue
[2025-12-24T21:26:09.993+0000] {logging_mixin.py:188} INFO - [2025-12-24T21:26:09.992+0000] {dagbag.py:538} INFO - Filling up the DagBag from /home/airflow/.local/lib/python3.8/site-packages/airflow/example_dags/subdags/subdag.py
[2025-12-24T21:26:09.996+0000] {processor.py:842} WARNING - No viable dags retrieved from /home/airflow/.local/lib/python3.8/site-packages/airflow/example_dags/subdags/subdag.py
[2025-12-24T21:26:10.011+0000] {processor.py:183} INFO - Processing /home/airflow/.local/lib/python3.8/site-packages/airflow/example_dags/subdags/subdag.py took 0.024 seconds
[2025-12-24T21:26:40.982+0000] {processor.py:161} INFO - Started process (PID=39833) to work on /home/airflow/.local/lib/python3.8/site-packages/airflow/example_dags/subdags/subdag.py
[2025-12-24T21:26:40.984+0000] {processor.py:830} INFO - Processing file /home/airflow/.local/lib/python3.8/site-packages/airflow/example_dags/subdags/subdag.py for tasks to queue
[2025-12-24T21:26:40.985+0000] {logging_mixin.py:188} INFO - [2025-12-24T21:26:40.984+0000] {dagbag.py:538} INFO - Filling up the DagBag from /home/airflow/.local/lib/python3.8/site-packages/airflow/example_dags/subdags/subdag.py
[2025-12-24T21:26:40.987+0000] {processor.py:842} WARNING - No viable dags retrieved from /home/airflow/.local/lib/python3.8/site-packages/airflow/example_dags/subdags/subdag.py
[2025-12-24T21:26:41.002+0000] {processor.py:183} INFO - Processing /home/airflow/.local/lib/python3.8/site-packages/airflow/example_dags/subdags/subdag.py took 0.023 seconds
[2025-12-24T21:27:11.619+0000] {processor.py:161} INFO - Started process (PID=39892) to work on /home/airflow/.local/lib/python3.8/site-packages/airflow/example_dags/subdags/subdag.py
[2025-12-24T21:27:11.621+0000] {processor.py:830} INFO - Processing file /home/airflow/.local/lib/python3.8/site-packages/airflow/example_dags/subdags/subdag.py for tasks to queue
[2025-12-24T21:27:11.622+0000] {logging_mixin.py:188} INFO - [2025-12-24T21:27:11.622+0000] {dagbag.py:538} INFO - Filling up the DagBag from /home/airflow/.local/lib/python3.8/site-packages/airflow/example_dags/subdags/subdag.py
[2025-12-24T21:27:11.626+0000] {processor.py:842} WARNING - No viable dags retrieved from /home/airflow/.local/lib/python3.8/site-packages/airflow/example_dags/subdags/subdag.py
[2025-12-24T21:27:11.647+0000] {processor.py:183} INFO - Processing /home/airflow/.local/lib/python3.8/site-packages/airflow/example_dags/subdags/subdag.py took 0.034 seconds
[2025-12-24T21:27:42.493+0000] {processor.py:161} INFO - Started process (PID=39950) to work on /home/airflow/.local/lib/python3.8/site-packages/airflow/example_dags/subdags/subdag.py
[2025-12-24T21:27:42.495+0000] {processor.py:830} INFO - Processing file /home/airflow/.local/lib/python3.8/site-packages/airflow/example_dags/subdags/subdag.py for tasks to queue
[2025-12-24T21:27:42.496+0000] {logging_mixin.py:188} INFO - [2025-12-24T21:27:42.496+0000] {dagbag.py:538} INFO - Filling up the DagBag from /home/airflow/.local/lib/python3.8/site-packages/airflow/example_dags/subdags/subdag.py
[2025-12-24T21:27:42.499+0000] {processor.py:842} WARNING - No viable dags retrieved from /home/airflow/.local/lib/python3.8/site-packages/airflow/example_dags/subdags/subdag.py
[2025-12-24T21:27:42.514+0000] {processor.py:183} INFO - Processing /home/airflow/.local/lib/python3.8/site-packages/airflow/example_dags/subdags/subdag.py took 0.026 seconds
[2025-12-24T21:28:13.131+0000] {processor.py:161} INFO - Started process (PID=40008) to work on /home/airflow/.local/lib/python3.8/site-packages/airflow/example_dags/subdags/subdag.py
[2025-12-24T21:28:13.132+0000] {processor.py:830} INFO - Processing file /home/airflow/.local/lib/python3.8/site-packages/airflow/example_dags/subdags/subdag.py for tasks to queue
[2025-12-24T21:28:13.133+0000] {logging_mixin.py:188} INFO - [2025-12-24T21:28:13.133+0000] {dagbag.py:538} INFO - Filling up the DagBag from /home/airflow/.local/lib/python3.8/site-packages/airflow/example_dags/subdags/subdag.py
[2025-12-24T21:28:13.137+0000] {processor.py:842} WARNING - No viable dags retrieved from /home/airflow/.local/lib/python3.8/site-packages/airflow/example_dags/subdags/subdag.py
[2025-12-24T21:28:13.152+0000] {processor.py:183} INFO - Processing /home/airflow/.local/lib/python3.8/site-packages/airflow/example_dags/subdags/subdag.py took 0.025 seconds
[2025-12-24T21:28:43.493+0000] {processor.py:161} INFO - Started process (PID=40075) to work on /home/airflow/.local/lib/python3.8/site-packages/airflow/example_dags/subdags/subdag.py
[2025-12-24T21:28:43.495+0000] {processor.py:830} INFO - Processing file /home/airflow/.local/lib/python3.8/site-packages/airflow/example_dags/subdags/subdag.py for tasks to queue
[2025-12-24T21:28:43.496+0000] {logging_mixin.py:188} INFO - [2025-12-24T21:28:43.496+0000] {dagbag.py:538} INFO - Filling up the DagBag from /home/airflow/.local/lib/python3.8/site-packages/airflow/example_dags/subdags/subdag.py
[2025-12-24T21:28:43.499+0000] {processor.py:842} WARNING - No viable dags retrieved from /home/airflow/.local/lib/python3.8/site-packages/airflow/example_dags/subdags/subdag.py
[2025-12-24T21:28:43.516+0000] {processor.py:183} INFO - Processing /home/airflow/.local/lib/python3.8/site-packages/airflow/example_dags/subdags/subdag.py took 0.027 seconds
[2025-12-24T21:29:13.605+0000] {processor.py:161} INFO - Started process (PID=40136) to work on /home/airflow/.local/lib/python3.8/site-packages/airflow/example_dags/subdags/subdag.py
[2025-12-24T21:29:13.608+0000] {processor.py:830} INFO - Processing file /home/airflow/.local/lib/python3.8/site-packages/airflow/example_dags/subdags/subdag.py for tasks to queue
[2025-12-24T21:29:13.609+0000] {logging_mixin.py:188} INFO - [2025-12-24T21:29:13.609+0000] {dagbag.py:538} INFO - Filling up the DagBag from /home/airflow/.local/lib/python3.8/site-packages/airflow/example_dags/subdags/subdag.py
[2025-12-24T21:29:13.612+0000] {processor.py:842} WARNING - No viable dags retrieved from /home/airflow/.local/lib/python3.8/site-packages/airflow/example_dags/subdags/subdag.py
[2025-12-24T21:29:13.631+0000] {processor.py:183} INFO - Processing /home/airflow/.local/lib/python3.8/site-packages/airflow/example_dags/subdags/subdag.py took 0.031 seconds
[2025-12-24T21:29:44.096+0000] {processor.py:161} INFO - Started process (PID=40198) to work on /home/airflow/.local/lib/python3.8/site-packages/airflow/example_dags/subdags/subdag.py
[2025-12-24T21:29:44.097+0000] {processor.py:830} INFO - Processing file /home/airflow/.local/lib/python3.8/site-packages/airflow/example_dags/subdags/subdag.py for tasks to queue
[2025-12-24T21:29:44.098+0000] {logging_mixin.py:188} INFO - [2025-12-24T21:29:44.098+0000] {dagbag.py:538} INFO - Filling up the DagBag from /home/airflow/.local/lib/python3.8/site-packages/airflow/example_dags/subdags/subdag.py
[2025-12-24T21:29:44.100+0000] {processor.py:842} WARNING - No viable dags retrieved from /home/airflow/.local/lib/python3.8/site-packages/airflow/example_dags/subdags/subdag.py
[2025-12-24T21:29:44.113+0000] {processor.py:183} INFO - Processing /home/airflow/.local/lib/python3.8/site-packages/airflow/example_dags/subdags/subdag.py took 0.021 seconds
[2025-12-24T21:30:14.506+0000] {processor.py:161} INFO - Started process (PID=40258) to work on /home/airflow/.local/lib/python3.8/site-packages/airflow/example_dags/subdags/subdag.py
[2025-12-24T21:30:14.507+0000] {processor.py:830} INFO - Processing file /home/airflow/.local/lib/python3.8/site-packages/airflow/example_dags/subdags/subdag.py for tasks to queue
[2025-12-24T21:30:14.509+0000] {logging_mixin.py:188} INFO - [2025-12-24T21:30:14.508+0000] {dagbag.py:538} INFO - Filling up the DagBag from /home/airflow/.local/lib/python3.8/site-packages/airflow/example_dags/subdags/subdag.py
[2025-12-24T21:30:14.511+0000] {processor.py:842} WARNING - No viable dags retrieved from /home/airflow/.local/lib/python3.8/site-packages/airflow/example_dags/subdags/subdag.py
[2025-12-24T21:30:14.527+0000] {processor.py:183} INFO - Processing /home/airflow/.local/lib/python3.8/site-packages/airflow/example_dags/subdags/subdag.py took 0.024 seconds
[2025-12-24T21:30:45.506+0000] {processor.py:161} INFO - Started process (PID=40315) to work on /home/airflow/.local/lib/python3.8/site-packages/airflow/example_dags/subdags/subdag.py
[2025-12-24T21:30:45.507+0000] {processor.py:830} INFO - Processing file /home/airflow/.local/lib/python3.8/site-packages/airflow/example_dags/subdags/subdag.py for tasks to queue
[2025-12-24T21:30:45.508+0000] {logging_mixin.py:188} INFO - [2025-12-24T21:30:45.508+0000] {dagbag.py:538} INFO - Filling up the DagBag from /home/airflow/.local/lib/python3.8/site-packages/airflow/example_dags/subdags/subdag.py
[2025-12-24T21:30:45.511+0000] {processor.py:842} WARNING - No viable dags retrieved from /home/airflow/.local/lib/python3.8/site-packages/airflow/example_dags/subdags/subdag.py
[2025-12-24T21:30:45.529+0000] {processor.py:183} INFO - Processing /home/airflow/.local/lib/python3.8/site-packages/airflow/example_dags/subdags/subdag.py took 0.028 seconds
[2025-12-24T21:31:16.688+0000] {processor.py:161} INFO - Started process (PID=40374) to work on /home/airflow/.local/lib/python3.8/site-packages/airflow/example_dags/subdags/subdag.py
[2025-12-24T21:31:16.689+0000] {processor.py:830} INFO - Processing file /home/airflow/.local/lib/python3.8/site-packages/airflow/example_dags/subdags/subdag.py for tasks to queue
[2025-12-24T21:31:16.690+0000] {logging_mixin.py:188} INFO - [2025-12-24T21:31:16.690+0000] {dagbag.py:538} INFO - Filling up the DagBag from /home/airflow/.local/lib/python3.8/site-packages/airflow/example_dags/subdags/subdag.py
[2025-12-24T21:31:16.693+0000] {processor.py:842} WARNING - No viable dags retrieved from /home/airflow/.local/lib/python3.8/site-packages/airflow/example_dags/subdags/subdag.py
[2025-12-24T21:31:16.707+0000] {processor.py:183} INFO - Processing /home/airflow/.local/lib/python3.8/site-packages/airflow/example_dags/subdags/subdag.py took 0.022 seconds
[2025-12-24T21:31:47.431+0000] {processor.py:161} INFO - Started process (PID=40432) to work on /home/airflow/.local/lib/python3.8/site-packages/airflow/example_dags/subdags/subdag.py
[2025-12-24T21:31:47.432+0000] {processor.py:830} INFO - Processing file /home/airflow/.local/lib/python3.8/site-packages/airflow/example_dags/subdags/subdag.py for tasks to queue
[2025-12-24T21:31:47.435+0000] {logging_mixin.py:188} INFO - [2025-12-24T21:31:47.434+0000] {dagbag.py:538} INFO - Filling up the DagBag from /home/airflow/.local/lib/python3.8/site-packages/airflow/example_dags/subdags/subdag.py
[2025-12-24T21:31:47.440+0000] {processor.py:842} WARNING - No viable dags retrieved from /home/airflow/.local/lib/python3.8/site-packages/airflow/example_dags/subdags/subdag.py
[2025-12-24T21:31:47.456+0000] {processor.py:183} INFO - Processing /home/airflow/.local/lib/python3.8/site-packages/airflow/example_dags/subdags/subdag.py took 0.030 seconds
[2025-12-24T21:32:18.322+0000] {processor.py:161} INFO - Started process (PID=40490) to work on /home/airflow/.local/lib/python3.8/site-packages/airflow/example_dags/subdags/subdag.py
[2025-12-24T21:32:18.324+0000] {processor.py:830} INFO - Processing file /home/airflow/.local/lib/python3.8/site-packages/airflow/example_dags/subdags/subdag.py for tasks to queue
[2025-12-24T21:32:18.325+0000] {logging_mixin.py:188} INFO - [2025-12-24T21:32:18.325+0000] {dagbag.py:538} INFO - Filling up the DagBag from /home/airflow/.local/lib/python3.8/site-packages/airflow/example_dags/subdags/subdag.py
[2025-12-24T21:32:18.328+0000] {processor.py:842} WARNING - No viable dags retrieved from /home/airflow/.local/lib/python3.8/site-packages/airflow/example_dags/subdags/subdag.py
[2025-12-24T21:32:18.359+0000] {processor.py:183} INFO - Processing /home/airflow/.local/lib/python3.8/site-packages/airflow/example_dags/subdags/subdag.py took 0.041 seconds
[2025-12-24T21:32:48.644+0000] {processor.py:161} INFO - Started process (PID=40548) to work on /home/airflow/.local/lib/python3.8/site-packages/airflow/example_dags/subdags/subdag.py
[2025-12-24T21:32:48.646+0000] {processor.py:830} INFO - Processing file /home/airflow/.local/lib/python3.8/site-packages/airflow/example_dags/subdags/subdag.py for tasks to queue
[2025-12-24T21:32:48.647+0000] {logging_mixin.py:188} INFO - [2025-12-24T21:32:48.646+0000] {dagbag.py:538} INFO - Filling up the DagBag from /home/airflow/.local/lib/python3.8/site-packages/airflow/example_dags/subdags/subdag.py
[2025-12-24T21:32:48.650+0000] {processor.py:842} WARNING - No viable dags retrieved from /home/airflow/.local/lib/python3.8/site-packages/airflow/example_dags/subdags/subdag.py
[2025-12-24T21:32:48.667+0000] {processor.py:183} INFO - Processing /home/airflow/.local/lib/python3.8/site-packages/airflow/example_dags/subdags/subdag.py took 0.027 seconds
[2025-12-24T21:33:18.877+0000] {processor.py:161} INFO - Started process (PID=40605) to work on /home/airflow/.local/lib/python3.8/site-packages/airflow/example_dags/subdags/subdag.py
[2025-12-24T21:33:18.878+0000] {processor.py:830} INFO - Processing file /home/airflow/.local/lib/python3.8/site-packages/airflow/example_dags/subdags/subdag.py for tasks to queue
[2025-12-24T21:33:18.880+0000] {logging_mixin.py:188} INFO - [2025-12-24T21:33:18.879+0000] {dagbag.py:538} INFO - Filling up the DagBag from /home/airflow/.local/lib/python3.8/site-packages/airflow/example_dags/subdags/subdag.py
[2025-12-24T21:33:18.882+0000] {processor.py:842} WARNING - No viable dags retrieved from /home/airflow/.local/lib/python3.8/site-packages/airflow/example_dags/subdags/subdag.py
[2025-12-24T21:33:18.898+0000] {processor.py:183} INFO - Processing /home/airflow/.local/lib/python3.8/site-packages/airflow/example_dags/subdags/subdag.py took 0.025 seconds
[2025-12-24T21:33:53.724+0000] {processor.py:161} INFO - Started process (PID=40674) to work on /home/airflow/.local/lib/python3.8/site-packages/airflow/example_dags/subdags/subdag.py
[2025-12-24T21:33:53.726+0000] {processor.py:830} INFO - Processing file /home/airflow/.local/lib/python3.8/site-packages/airflow/example_dags/subdags/subdag.py for tasks to queue
[2025-12-24T21:33:53.727+0000] {logging_mixin.py:188} INFO - [2025-12-24T21:33:53.727+0000] {dagbag.py:538} INFO - Filling up the DagBag from /home/airflow/.local/lib/python3.8/site-packages/airflow/example_dags/subdags/subdag.py
[2025-12-24T21:33:53.731+0000] {processor.py:842} WARNING - No viable dags retrieved from /home/airflow/.local/lib/python3.8/site-packages/airflow/example_dags/subdags/subdag.py
[2025-12-24T21:33:53.754+0000] {processor.py:183} INFO - Processing /home/airflow/.local/lib/python3.8/site-packages/airflow/example_dags/subdags/subdag.py took 0.036 seconds
[2025-12-24T21:34:23.978+0000] {processor.py:161} INFO - Started process (PID=40732) to work on /home/airflow/.local/lib/python3.8/site-packages/airflow/example_dags/subdags/subdag.py
[2025-12-24T21:34:23.979+0000] {processor.py:830} INFO - Processing file /home/airflow/.local/lib/python3.8/site-packages/airflow/example_dags/subdags/subdag.py for tasks to queue
[2025-12-24T21:34:23.980+0000] {logging_mixin.py:188} INFO - [2025-12-24T21:34:23.980+0000] {dagbag.py:538} INFO - Filling up the DagBag from /home/airflow/.local/lib/python3.8/site-packages/airflow/example_dags/subdags/subdag.py
[2025-12-24T21:34:23.983+0000] {processor.py:842} WARNING - No viable dags retrieved from /home/airflow/.local/lib/python3.8/site-packages/airflow/example_dags/subdags/subdag.py
[2025-12-24T21:34:24.001+0000] {processor.py:183} INFO - Processing /home/airflow/.local/lib/python3.8/site-packages/airflow/example_dags/subdags/subdag.py took 0.028 seconds
[2025-12-24T21:34:55.497+0000] {processor.py:161} INFO - Started process (PID=40798) to work on /home/airflow/.local/lib/python3.8/site-packages/airflow/example_dags/subdags/subdag.py
[2025-12-24T21:34:55.499+0000] {processor.py:830} INFO - Processing file /home/airflow/.local/lib/python3.8/site-packages/airflow/example_dags/subdags/subdag.py for tasks to queue
[2025-12-24T21:34:55.500+0000] {logging_mixin.py:188} INFO - [2025-12-24T21:34:55.500+0000] {dagbag.py:538} INFO - Filling up the DagBag from /home/airflow/.local/lib/python3.8/site-packages/airflow/example_dags/subdags/subdag.py
[2025-12-24T21:34:55.503+0000] {processor.py:842} WARNING - No viable dags retrieved from /home/airflow/.local/lib/python3.8/site-packages/airflow/example_dags/subdags/subdag.py
[2025-12-24T21:34:55.521+0000] {processor.py:183} INFO - Processing /home/airflow/.local/lib/python3.8/site-packages/airflow/example_dags/subdags/subdag.py took 0.028 seconds
[2025-12-24T21:35:25.978+0000] {processor.py:161} INFO - Started process (PID=40860) to work on /home/airflow/.local/lib/python3.8/site-packages/airflow/example_dags/subdags/subdag.py
[2025-12-24T21:35:25.979+0000] {processor.py:830} INFO - Processing file /home/airflow/.local/lib/python3.8/site-packages/airflow/example_dags/subdags/subdag.py for tasks to queue
[2025-12-24T21:35:25.980+0000] {logging_mixin.py:188} INFO - [2025-12-24T21:35:25.980+0000] {dagbag.py:538} INFO - Filling up the DagBag from /home/airflow/.local/lib/python3.8/site-packages/airflow/example_dags/subdags/subdag.py
[2025-12-24T21:35:25.983+0000] {processor.py:842} WARNING - No viable dags retrieved from /home/airflow/.local/lib/python3.8/site-packages/airflow/example_dags/subdags/subdag.py
[2025-12-24T21:35:25.997+0000] {processor.py:183} INFO - Processing /home/airflow/.local/lib/python3.8/site-packages/airflow/example_dags/subdags/subdag.py took 0.023 seconds
[2025-12-24T21:35:56.973+0000] {processor.py:161} INFO - Started process (PID=40921) to work on /home/airflow/.local/lib/python3.8/site-packages/airflow/example_dags/subdags/subdag.py
[2025-12-24T21:35:56.974+0000] {processor.py:830} INFO - Processing file /home/airflow/.local/lib/python3.8/site-packages/airflow/example_dags/subdags/subdag.py for tasks to queue
[2025-12-24T21:35:56.975+0000] {logging_mixin.py:188} INFO - [2025-12-24T21:35:56.975+0000] {dagbag.py:538} INFO - Filling up the DagBag from /home/airflow/.local/lib/python3.8/site-packages/airflow/example_dags/subdags/subdag.py
[2025-12-24T21:35:56.978+0000] {processor.py:842} WARNING - No viable dags retrieved from /home/airflow/.local/lib/python3.8/site-packages/airflow/example_dags/subdags/subdag.py
[2025-12-24T21:35:56.996+0000] {processor.py:183} INFO - Processing /home/airflow/.local/lib/python3.8/site-packages/airflow/example_dags/subdags/subdag.py took 0.027 seconds
[2025-12-24T21:36:28.002+0000] {processor.py:161} INFO - Started process (PID=40978) to work on /home/airflow/.local/lib/python3.8/site-packages/airflow/example_dags/subdags/subdag.py
[2025-12-24T21:36:28.003+0000] {processor.py:830} INFO - Processing file /home/airflow/.local/lib/python3.8/site-packages/airflow/example_dags/subdags/subdag.py for tasks to queue
[2025-12-24T21:36:28.008+0000] {logging_mixin.py:188} INFO - [2025-12-24T21:36:28.005+0000] {dagbag.py:538} INFO - Filling up the DagBag from /home/airflow/.local/lib/python3.8/site-packages/airflow/example_dags/subdags/subdag.py
[2025-12-24T21:36:28.013+0000] {processor.py:842} WARNING - No viable dags retrieved from /home/airflow/.local/lib/python3.8/site-packages/airflow/example_dags/subdags/subdag.py
[2025-12-24T21:36:28.036+0000] {processor.py:183} INFO - Processing /home/airflow/.local/lib/python3.8/site-packages/airflow/example_dags/subdags/subdag.py took 0.041 seconds
[2025-12-24T21:36:59.248+0000] {processor.py:161} INFO - Started process (PID=41038) to work on /home/airflow/.local/lib/python3.8/site-packages/airflow/example_dags/subdags/subdag.py
[2025-12-24T21:36:59.249+0000] {processor.py:830} INFO - Processing file /home/airflow/.local/lib/python3.8/site-packages/airflow/example_dags/subdags/subdag.py for tasks to queue
[2025-12-24T21:36:59.251+0000] {logging_mixin.py:188} INFO - [2025-12-24T21:36:59.250+0000] {dagbag.py:538} INFO - Filling up the DagBag from /home/airflow/.local/lib/python3.8/site-packages/airflow/example_dags/subdags/subdag.py
[2025-12-24T21:36:59.253+0000] {processor.py:842} WARNING - No viable dags retrieved from /home/airflow/.local/lib/python3.8/site-packages/airflow/example_dags/subdags/subdag.py
[2025-12-24T21:36:59.268+0000] {processor.py:183} INFO - Processing /home/airflow/.local/lib/python3.8/site-packages/airflow/example_dags/subdags/subdag.py took 0.023 seconds
[2025-12-24T21:37:30.094+0000] {processor.py:161} INFO - Started process (PID=41102) to work on /home/airflow/.local/lib/python3.8/site-packages/airflow/example_dags/subdags/subdag.py
[2025-12-24T21:37:30.095+0000] {processor.py:830} INFO - Processing file /home/airflow/.local/lib/python3.8/site-packages/airflow/example_dags/subdags/subdag.py for tasks to queue
[2025-12-24T21:37:30.097+0000] {logging_mixin.py:188} INFO - [2025-12-24T21:37:30.096+0000] {dagbag.py:538} INFO - Filling up the DagBag from /home/airflow/.local/lib/python3.8/site-packages/airflow/example_dags/subdags/subdag.py
[2025-12-24T21:37:30.101+0000] {processor.py:842} WARNING - No viable dags retrieved from /home/airflow/.local/lib/python3.8/site-packages/airflow/example_dags/subdags/subdag.py
[2025-12-24T21:37:30.135+0000] {processor.py:183} INFO - Processing /home/airflow/.local/lib/python3.8/site-packages/airflow/example_dags/subdags/subdag.py took 0.047 seconds
[2025-12-24T21:38:01.489+0000] {processor.py:161} INFO - Started process (PID=41162) to work on /home/airflow/.local/lib/python3.8/site-packages/airflow/example_dags/subdags/subdag.py
[2025-12-24T21:38:01.491+0000] {processor.py:830} INFO - Processing file /home/airflow/.local/lib/python3.8/site-packages/airflow/example_dags/subdags/subdag.py for tasks to queue
[2025-12-24T21:38:01.493+0000] {logging_mixin.py:188} INFO - [2025-12-24T21:38:01.492+0000] {dagbag.py:538} INFO - Filling up the DagBag from /home/airflow/.local/lib/python3.8/site-packages/airflow/example_dags/subdags/subdag.py
[2025-12-24T21:38:01.497+0000] {processor.py:842} WARNING - No viable dags retrieved from /home/airflow/.local/lib/python3.8/site-packages/airflow/example_dags/subdags/subdag.py
[2025-12-24T21:38:01.518+0000] {processor.py:183} INFO - Processing /home/airflow/.local/lib/python3.8/site-packages/airflow/example_dags/subdags/subdag.py took 0.034 seconds
[2025-12-24T21:38:32.506+0000] {processor.py:161} INFO - Started process (PID=41227) to work on /home/airflow/.local/lib/python3.8/site-packages/airflow/example_dags/subdags/subdag.py
[2025-12-24T21:38:32.508+0000] {processor.py:830} INFO - Processing file /home/airflow/.local/lib/python3.8/site-packages/airflow/example_dags/subdags/subdag.py for tasks to queue
[2025-12-24T21:38:32.509+0000] {logging_mixin.py:188} INFO - [2025-12-24T21:38:32.508+0000] {dagbag.py:538} INFO - Filling up the DagBag from /home/airflow/.local/lib/python3.8/site-packages/airflow/example_dags/subdags/subdag.py
[2025-12-24T21:38:32.512+0000] {processor.py:842} WARNING - No viable dags retrieved from /home/airflow/.local/lib/python3.8/site-packages/airflow/example_dags/subdags/subdag.py
[2025-12-24T21:38:32.529+0000] {processor.py:183} INFO - Processing /home/airflow/.local/lib/python3.8/site-packages/airflow/example_dags/subdags/subdag.py took 0.026 seconds
[2025-12-24T21:39:03.738+0000] {processor.py:161} INFO - Started process (PID=41285) to work on /home/airflow/.local/lib/python3.8/site-packages/airflow/example_dags/subdags/subdag.py
[2025-12-24T21:39:03.741+0000] {processor.py:830} INFO - Processing file /home/airflow/.local/lib/python3.8/site-packages/airflow/example_dags/subdags/subdag.py for tasks to queue
[2025-12-24T21:39:03.743+0000] {logging_mixin.py:188} INFO - [2025-12-24T21:39:03.742+0000] {dagbag.py:538} INFO - Filling up the DagBag from /home/airflow/.local/lib/python3.8/site-packages/airflow/example_dags/subdags/subdag.py
[2025-12-24T21:39:03.747+0000] {processor.py:842} WARNING - No viable dags retrieved from /home/airflow/.local/lib/python3.8/site-packages/airflow/example_dags/subdags/subdag.py
[2025-12-24T21:39:03.768+0000] {processor.py:183} INFO - Processing /home/airflow/.local/lib/python3.8/site-packages/airflow/example_dags/subdags/subdag.py took 0.037 seconds
[2025-12-24T21:39:33.942+0000] {processor.py:161} INFO - Started process (PID=41346) to work on /home/airflow/.local/lib/python3.8/site-packages/airflow/example_dags/subdags/subdag.py
[2025-12-24T21:39:33.943+0000] {processor.py:830} INFO - Processing file /home/airflow/.local/lib/python3.8/site-packages/airflow/example_dags/subdags/subdag.py for tasks to queue
[2025-12-24T21:39:33.944+0000] {logging_mixin.py:188} INFO - [2025-12-24T21:39:33.944+0000] {dagbag.py:538} INFO - Filling up the DagBag from /home/airflow/.local/lib/python3.8/site-packages/airflow/example_dags/subdags/subdag.py
[2025-12-24T21:39:33.947+0000] {processor.py:842} WARNING - No viable dags retrieved from /home/airflow/.local/lib/python3.8/site-packages/airflow/example_dags/subdags/subdag.py
[2025-12-24T21:39:33.963+0000] {processor.py:183} INFO - Processing /home/airflow/.local/lib/python3.8/site-packages/airflow/example_dags/subdags/subdag.py took 0.025 seconds
[2025-12-24T21:40:04.866+0000] {processor.py:161} INFO - Started process (PID=41404) to work on /home/airflow/.local/lib/python3.8/site-packages/airflow/example_dags/subdags/subdag.py
[2025-12-24T21:40:04.868+0000] {processor.py:830} INFO - Processing file /home/airflow/.local/lib/python3.8/site-packages/airflow/example_dags/subdags/subdag.py for tasks to queue
[2025-12-24T21:40:04.869+0000] {logging_mixin.py:188} INFO - [2025-12-24T21:40:04.868+0000] {dagbag.py:538} INFO - Filling up the DagBag from /home/airflow/.local/lib/python3.8/site-packages/airflow/example_dags/subdags/subdag.py
[2025-12-24T21:40:04.872+0000] {processor.py:842} WARNING - No viable dags retrieved from /home/airflow/.local/lib/python3.8/site-packages/airflow/example_dags/subdags/subdag.py
[2025-12-24T21:40:04.889+0000] {processor.py:183} INFO - Processing /home/airflow/.local/lib/python3.8/site-packages/airflow/example_dags/subdags/subdag.py took 0.028 seconds
[2025-12-24T21:40:35.287+0000] {processor.py:161} INFO - Started process (PID=41472) to work on /home/airflow/.local/lib/python3.8/site-packages/airflow/example_dags/subdags/subdag.py
[2025-12-24T21:40:35.289+0000] {processor.py:830} INFO - Processing file /home/airflow/.local/lib/python3.8/site-packages/airflow/example_dags/subdags/subdag.py for tasks to queue
[2025-12-24T21:40:35.292+0000] {logging_mixin.py:188} INFO - [2025-12-24T21:40:35.291+0000] {dagbag.py:538} INFO - Filling up the DagBag from /home/airflow/.local/lib/python3.8/site-packages/airflow/example_dags/subdags/subdag.py
[2025-12-24T21:40:35.298+0000] {processor.py:842} WARNING - No viable dags retrieved from /home/airflow/.local/lib/python3.8/site-packages/airflow/example_dags/subdags/subdag.py
[2025-12-24T21:40:35.324+0000] {processor.py:183} INFO - Processing /home/airflow/.local/lib/python3.8/site-packages/airflow/example_dags/subdags/subdag.py took 0.042 seconds
[2025-12-24T21:41:05.440+0000] {processor.py:161} INFO - Started process (PID=41540) to work on /home/airflow/.local/lib/python3.8/site-packages/airflow/example_dags/subdags/subdag.py
[2025-12-24T21:41:05.441+0000] {processor.py:830} INFO - Processing file /home/airflow/.local/lib/python3.8/site-packages/airflow/example_dags/subdags/subdag.py for tasks to queue
[2025-12-24T21:41:05.442+0000] {logging_mixin.py:188} INFO - [2025-12-24T21:41:05.442+0000] {dagbag.py:538} INFO - Filling up the DagBag from /home/airflow/.local/lib/python3.8/site-packages/airflow/example_dags/subdags/subdag.py
[2025-12-24T21:41:05.446+0000] {processor.py:842} WARNING - No viable dags retrieved from /home/airflow/.local/lib/python3.8/site-packages/airflow/example_dags/subdags/subdag.py
[2025-12-24T21:41:05.462+0000] {processor.py:183} INFO - Processing /home/airflow/.local/lib/python3.8/site-packages/airflow/example_dags/subdags/subdag.py took 0.027 seconds
[2025-12-24T21:41:35.985+0000] {processor.py:161} INFO - Started process (PID=41604) to work on /home/airflow/.local/lib/python3.8/site-packages/airflow/example_dags/subdags/subdag.py
[2025-12-24T21:41:35.986+0000] {processor.py:830} INFO - Processing file /home/airflow/.local/lib/python3.8/site-packages/airflow/example_dags/subdags/subdag.py for tasks to queue
[2025-12-24T21:41:35.987+0000] {logging_mixin.py:188} INFO - [2025-12-24T21:41:35.986+0000] {dagbag.py:538} INFO - Filling up the DagBag from /home/airflow/.local/lib/python3.8/site-packages/airflow/example_dags/subdags/subdag.py
[2025-12-24T21:41:35.990+0000] {processor.py:842} WARNING - No viable dags retrieved from /home/airflow/.local/lib/python3.8/site-packages/airflow/example_dags/subdags/subdag.py
[2025-12-24T21:41:36.004+0000] {processor.py:183} INFO - Processing /home/airflow/.local/lib/python3.8/site-packages/airflow/example_dags/subdags/subdag.py took 0.023 seconds
[2025-12-24T21:42:06.471+0000] {processor.py:161} INFO - Started process (PID=41664) to work on /home/airflow/.local/lib/python3.8/site-packages/airflow/example_dags/subdags/subdag.py
[2025-12-24T21:42:06.472+0000] {processor.py:830} INFO - Processing file /home/airflow/.local/lib/python3.8/site-packages/airflow/example_dags/subdags/subdag.py for tasks to queue
[2025-12-24T21:42:06.473+0000] {logging_mixin.py:188} INFO - [2025-12-24T21:42:06.473+0000] {dagbag.py:538} INFO - Filling up the DagBag from /home/airflow/.local/lib/python3.8/site-packages/airflow/example_dags/subdags/subdag.py
[2025-12-24T21:42:06.476+0000] {processor.py:842} WARNING - No viable dags retrieved from /home/airflow/.local/lib/python3.8/site-packages/airflow/example_dags/subdags/subdag.py
[2025-12-24T21:42:06.492+0000] {processor.py:183} INFO - Processing /home/airflow/.local/lib/python3.8/site-packages/airflow/example_dags/subdags/subdag.py took 0.025 seconds
[2025-12-24T21:42:36.982+0000] {processor.py:161} INFO - Started process (PID=41724) to work on /home/airflow/.local/lib/python3.8/site-packages/airflow/example_dags/subdags/subdag.py
[2025-12-24T21:42:36.983+0000] {processor.py:830} INFO - Processing file /home/airflow/.local/lib/python3.8/site-packages/airflow/example_dags/subdags/subdag.py for tasks to queue
[2025-12-24T21:42:36.984+0000] {logging_mixin.py:188} INFO - [2025-12-24T21:42:36.984+0000] {dagbag.py:538} INFO - Filling up the DagBag from /home/airflow/.local/lib/python3.8/site-packages/airflow/example_dags/subdags/subdag.py
[2025-12-24T21:42:36.987+0000] {processor.py:842} WARNING - No viable dags retrieved from /home/airflow/.local/lib/python3.8/site-packages/airflow/example_dags/subdags/subdag.py
[2025-12-24T21:42:37.002+0000] {processor.py:183} INFO - Processing /home/airflow/.local/lib/python3.8/site-packages/airflow/example_dags/subdags/subdag.py took 0.024 seconds
[2025-12-24T21:43:07.973+0000] {processor.py:161} INFO - Started process (PID=41791) to work on /home/airflow/.local/lib/python3.8/site-packages/airflow/example_dags/subdags/subdag.py
[2025-12-24T21:43:07.974+0000] {processor.py:830} INFO - Processing file /home/airflow/.local/lib/python3.8/site-packages/airflow/example_dags/subdags/subdag.py for tasks to queue
[2025-12-24T21:43:07.975+0000] {logging_mixin.py:188} INFO - [2025-12-24T21:43:07.975+0000] {dagbag.py:538} INFO - Filling up the DagBag from /home/airflow/.local/lib/python3.8/site-packages/airflow/example_dags/subdags/subdag.py
[2025-12-24T21:43:07.978+0000] {processor.py:842} WARNING - No viable dags retrieved from /home/airflow/.local/lib/python3.8/site-packages/airflow/example_dags/subdags/subdag.py
[2025-12-24T21:43:07.993+0000] {processor.py:183} INFO - Processing /home/airflow/.local/lib/python3.8/site-packages/airflow/example_dags/subdags/subdag.py took 0.024 seconds
[2025-12-24T21:43:38.464+0000] {processor.py:161} INFO - Started process (PID=41850) to work on /home/airflow/.local/lib/python3.8/site-packages/airflow/example_dags/subdags/subdag.py
[2025-12-24T21:43:38.466+0000] {processor.py:830} INFO - Processing file /home/airflow/.local/lib/python3.8/site-packages/airflow/example_dags/subdags/subdag.py for tasks to queue
[2025-12-24T21:43:38.466+0000] {logging_mixin.py:188} INFO - [2025-12-24T21:43:38.466+0000] {dagbag.py:538} INFO - Filling up the DagBag from /home/airflow/.local/lib/python3.8/site-packages/airflow/example_dags/subdags/subdag.py
[2025-12-24T21:43:38.471+0000] {processor.py:842} WARNING - No viable dags retrieved from /home/airflow/.local/lib/python3.8/site-packages/airflow/example_dags/subdags/subdag.py
[2025-12-24T21:43:38.487+0000] {processor.py:183} INFO - Processing /home/airflow/.local/lib/python3.8/site-packages/airflow/example_dags/subdags/subdag.py took 0.027 seconds
[2025-12-24T21:44:09.259+0000] {processor.py:161} INFO - Started process (PID=41909) to work on /home/airflow/.local/lib/python3.8/site-packages/airflow/example_dags/subdags/subdag.py
[2025-12-24T21:44:09.260+0000] {processor.py:830} INFO - Processing file /home/airflow/.local/lib/python3.8/site-packages/airflow/example_dags/subdags/subdag.py for tasks to queue
[2025-12-24T21:44:09.261+0000] {logging_mixin.py:188} INFO - [2025-12-24T21:44:09.260+0000] {dagbag.py:538} INFO - Filling up the DagBag from /home/airflow/.local/lib/python3.8/site-packages/airflow/example_dags/subdags/subdag.py
[2025-12-24T21:44:09.263+0000] {processor.py:842} WARNING - No viable dags retrieved from /home/airflow/.local/lib/python3.8/site-packages/airflow/example_dags/subdags/subdag.py
[2025-12-24T21:44:09.278+0000] {processor.py:183} INFO - Processing /home/airflow/.local/lib/python3.8/site-packages/airflow/example_dags/subdags/subdag.py took 0.023 seconds
[2025-12-24T21:44:39.664+0000] {processor.py:161} INFO - Started process (PID=41968) to work on /home/airflow/.local/lib/python3.8/site-packages/airflow/example_dags/subdags/subdag.py
[2025-12-24T21:44:39.665+0000] {processor.py:830} INFO - Processing file /home/airflow/.local/lib/python3.8/site-packages/airflow/example_dags/subdags/subdag.py for tasks to queue
[2025-12-24T21:44:39.666+0000] {logging_mixin.py:188} INFO - [2025-12-24T21:44:39.666+0000] {dagbag.py:538} INFO - Filling up the DagBag from /home/airflow/.local/lib/python3.8/site-packages/airflow/example_dags/subdags/subdag.py
[2025-12-24T21:44:39.669+0000] {processor.py:842} WARNING - No viable dags retrieved from /home/airflow/.local/lib/python3.8/site-packages/airflow/example_dags/subdags/subdag.py
[2025-12-24T21:44:39.684+0000] {processor.py:183} INFO - Processing /home/airflow/.local/lib/python3.8/site-packages/airflow/example_dags/subdags/subdag.py took 0.024 seconds
[2025-12-24T21:45:10.189+0000] {processor.py:161} INFO - Started process (PID=42029) to work on /home/airflow/.local/lib/python3.8/site-packages/airflow/example_dags/subdags/subdag.py
[2025-12-24T21:45:10.190+0000] {processor.py:830} INFO - Processing file /home/airflow/.local/lib/python3.8/site-packages/airflow/example_dags/subdags/subdag.py for tasks to queue
[2025-12-24T21:45:10.192+0000] {logging_mixin.py:188} INFO - [2025-12-24T21:45:10.192+0000] {dagbag.py:538} INFO - Filling up the DagBag from /home/airflow/.local/lib/python3.8/site-packages/airflow/example_dags/subdags/subdag.py
[2025-12-24T21:45:10.195+0000] {processor.py:842} WARNING - No viable dags retrieved from /home/airflow/.local/lib/python3.8/site-packages/airflow/example_dags/subdags/subdag.py
[2025-12-24T21:45:10.213+0000] {processor.py:183} INFO - Processing /home/airflow/.local/lib/python3.8/site-packages/airflow/example_dags/subdags/subdag.py took 0.028 seconds
[2025-12-24T21:45:40.880+0000] {processor.py:161} INFO - Started process (PID=42088) to work on /home/airflow/.local/lib/python3.8/site-packages/airflow/example_dags/subdags/subdag.py
[2025-12-24T21:45:40.881+0000] {processor.py:830} INFO - Processing file /home/airflow/.local/lib/python3.8/site-packages/airflow/example_dags/subdags/subdag.py for tasks to queue
[2025-12-24T21:45:40.882+0000] {logging_mixin.py:188} INFO - [2025-12-24T21:45:40.882+0000] {dagbag.py:538} INFO - Filling up the DagBag from /home/airflow/.local/lib/python3.8/site-packages/airflow/example_dags/subdags/subdag.py
[2025-12-24T21:45:40.885+0000] {processor.py:842} WARNING - No viable dags retrieved from /home/airflow/.local/lib/python3.8/site-packages/airflow/example_dags/subdags/subdag.py
[2025-12-24T21:45:40.900+0000] {processor.py:183} INFO - Processing /home/airflow/.local/lib/python3.8/site-packages/airflow/example_dags/subdags/subdag.py took 0.024 seconds
[2025-12-24T21:46:11.181+0000] {processor.py:161} INFO - Started process (PID=42147) to work on /home/airflow/.local/lib/python3.8/site-packages/airflow/example_dags/subdags/subdag.py
[2025-12-24T21:46:11.182+0000] {processor.py:830} INFO - Processing file /home/airflow/.local/lib/python3.8/site-packages/airflow/example_dags/subdags/subdag.py for tasks to queue
[2025-12-24T21:46:11.184+0000] {logging_mixin.py:188} INFO - [2025-12-24T21:46:11.183+0000] {dagbag.py:538} INFO - Filling up the DagBag from /home/airflow/.local/lib/python3.8/site-packages/airflow/example_dags/subdags/subdag.py
[2025-12-24T21:46:11.187+0000] {processor.py:842} WARNING - No viable dags retrieved from /home/airflow/.local/lib/python3.8/site-packages/airflow/example_dags/subdags/subdag.py
[2025-12-24T21:46:11.204+0000] {processor.py:183} INFO - Processing /home/airflow/.local/lib/python3.8/site-packages/airflow/example_dags/subdags/subdag.py took 0.027 seconds
[2025-12-24T21:46:41.879+0000] {processor.py:161} INFO - Started process (PID=42206) to work on /home/airflow/.local/lib/python3.8/site-packages/airflow/example_dags/subdags/subdag.py
[2025-12-24T21:46:41.881+0000] {processor.py:830} INFO - Processing file /home/airflow/.local/lib/python3.8/site-packages/airflow/example_dags/subdags/subdag.py for tasks to queue
[2025-12-24T21:46:41.882+0000] {logging_mixin.py:188} INFO - [2025-12-24T21:46:41.882+0000] {dagbag.py:538} INFO - Filling up the DagBag from /home/airflow/.local/lib/python3.8/site-packages/airflow/example_dags/subdags/subdag.py
[2025-12-24T21:46:41.884+0000] {processor.py:842} WARNING - No viable dags retrieved from /home/airflow/.local/lib/python3.8/site-packages/airflow/example_dags/subdags/subdag.py
[2025-12-24T21:46:41.900+0000] {processor.py:183} INFO - Processing /home/airflow/.local/lib/python3.8/site-packages/airflow/example_dags/subdags/subdag.py took 0.024 seconds
[2025-12-24T21:47:12.304+0000] {processor.py:161} INFO - Started process (PID=42265) to work on /home/airflow/.local/lib/python3.8/site-packages/airflow/example_dags/subdags/subdag.py
[2025-12-24T21:47:12.305+0000] {processor.py:830} INFO - Processing file /home/airflow/.local/lib/python3.8/site-packages/airflow/example_dags/subdags/subdag.py for tasks to queue
[2025-12-24T21:47:12.306+0000] {logging_mixin.py:188} INFO - [2025-12-24T21:47:12.306+0000] {dagbag.py:538} INFO - Filling up the DagBag from /home/airflow/.local/lib/python3.8/site-packages/airflow/example_dags/subdags/subdag.py
[2025-12-24T21:47:12.309+0000] {processor.py:842} WARNING - No viable dags retrieved from /home/airflow/.local/lib/python3.8/site-packages/airflow/example_dags/subdags/subdag.py
[2025-12-24T21:47:12.325+0000] {processor.py:183} INFO - Processing /home/airflow/.local/lib/python3.8/site-packages/airflow/example_dags/subdags/subdag.py took 0.024 seconds
[2025-12-24T21:47:42.590+0000] {processor.py:161} INFO - Started process (PID=42329) to work on /home/airflow/.local/lib/python3.8/site-packages/airflow/example_dags/subdags/subdag.py
[2025-12-24T21:47:42.591+0000] {processor.py:830} INFO - Processing file /home/airflow/.local/lib/python3.8/site-packages/airflow/example_dags/subdags/subdag.py for tasks to queue
[2025-12-24T21:47:42.592+0000] {logging_mixin.py:188} INFO - [2025-12-24T21:47:42.592+0000] {dagbag.py:538} INFO - Filling up the DagBag from /home/airflow/.local/lib/python3.8/site-packages/airflow/example_dags/subdags/subdag.py
[2025-12-24T21:47:42.595+0000] {processor.py:842} WARNING - No viable dags retrieved from /home/airflow/.local/lib/python3.8/site-packages/airflow/example_dags/subdags/subdag.py
[2025-12-24T21:47:42.610+0000] {processor.py:183} INFO - Processing /home/airflow/.local/lib/python3.8/site-packages/airflow/example_dags/subdags/subdag.py took 0.023 seconds
[2025-12-24T21:48:13.370+0000] {processor.py:161} INFO - Started process (PID=42395) to work on /home/airflow/.local/lib/python3.8/site-packages/airflow/example_dags/subdags/subdag.py
[2025-12-24T21:48:13.371+0000] {processor.py:830} INFO - Processing file /home/airflow/.local/lib/python3.8/site-packages/airflow/example_dags/subdags/subdag.py for tasks to queue
[2025-12-24T21:48:13.372+0000] {logging_mixin.py:188} INFO - [2025-12-24T21:48:13.372+0000] {dagbag.py:538} INFO - Filling up the DagBag from /home/airflow/.local/lib/python3.8/site-packages/airflow/example_dags/subdags/subdag.py
[2025-12-24T21:48:13.376+0000] {processor.py:842} WARNING - No viable dags retrieved from /home/airflow/.local/lib/python3.8/site-packages/airflow/example_dags/subdags/subdag.py
[2025-12-24T21:48:13.392+0000] {processor.py:183} INFO - Processing /home/airflow/.local/lib/python3.8/site-packages/airflow/example_dags/subdags/subdag.py took 0.027 seconds
[2025-12-24T21:48:44.140+0000] {processor.py:161} INFO - Started process (PID=42454) to work on /home/airflow/.local/lib/python3.8/site-packages/airflow/example_dags/subdags/subdag.py
[2025-12-24T21:48:44.141+0000] {processor.py:830} INFO - Processing file /home/airflow/.local/lib/python3.8/site-packages/airflow/example_dags/subdags/subdag.py for tasks to queue
[2025-12-24T21:48:44.143+0000] {logging_mixin.py:188} INFO - [2025-12-24T21:48:44.142+0000] {dagbag.py:538} INFO - Filling up the DagBag from /home/airflow/.local/lib/python3.8/site-packages/airflow/example_dags/subdags/subdag.py
[2025-12-24T21:48:44.145+0000] {processor.py:842} WARNING - No viable dags retrieved from /home/airflow/.local/lib/python3.8/site-packages/airflow/example_dags/subdags/subdag.py
[2025-12-24T21:48:44.157+0000] {processor.py:183} INFO - Processing /home/airflow/.local/lib/python3.8/site-packages/airflow/example_dags/subdags/subdag.py took 0.020 seconds
[2025-12-24T21:49:15.026+0000] {processor.py:161} INFO - Started process (PID=42513) to work on /home/airflow/.local/lib/python3.8/site-packages/airflow/example_dags/subdags/subdag.py
[2025-12-24T21:49:15.027+0000] {processor.py:830} INFO - Processing file /home/airflow/.local/lib/python3.8/site-packages/airflow/example_dags/subdags/subdag.py for tasks to queue
[2025-12-24T21:49:15.028+0000] {logging_mixin.py:188} INFO - [2025-12-24T21:49:15.028+0000] {dagbag.py:538} INFO - Filling up the DagBag from /home/airflow/.local/lib/python3.8/site-packages/airflow/example_dags/subdags/subdag.py
[2025-12-24T21:49:15.031+0000] {processor.py:842} WARNING - No viable dags retrieved from /home/airflow/.local/lib/python3.8/site-packages/airflow/example_dags/subdags/subdag.py
[2025-12-24T21:49:15.045+0000] {processor.py:183} INFO - Processing /home/airflow/.local/lib/python3.8/site-packages/airflow/example_dags/subdags/subdag.py took 0.023 seconds
[2025-12-24T21:49:45.800+0000] {processor.py:161} INFO - Started process (PID=42580) to work on /home/airflow/.local/lib/python3.8/site-packages/airflow/example_dags/subdags/subdag.py
[2025-12-24T21:49:45.801+0000] {processor.py:830} INFO - Processing file /home/airflow/.local/lib/python3.8/site-packages/airflow/example_dags/subdags/subdag.py for tasks to queue
[2025-12-24T21:49:45.802+0000] {logging_mixin.py:188} INFO - [2025-12-24T21:49:45.802+0000] {dagbag.py:538} INFO - Filling up the DagBag from /home/airflow/.local/lib/python3.8/site-packages/airflow/example_dags/subdags/subdag.py
[2025-12-24T21:49:45.804+0000] {processor.py:842} WARNING - No viable dags retrieved from /home/airflow/.local/lib/python3.8/site-packages/airflow/example_dags/subdags/subdag.py
[2025-12-24T21:49:45.819+0000] {processor.py:183} INFO - Processing /home/airflow/.local/lib/python3.8/site-packages/airflow/example_dags/subdags/subdag.py took 0.023 seconds
[2025-12-24T21:50:16.151+0000] {processor.py:161} INFO - Started process (PID=42641) to work on /home/airflow/.local/lib/python3.8/site-packages/airflow/example_dags/subdags/subdag.py
[2025-12-24T21:50:16.152+0000] {processor.py:830} INFO - Processing file /home/airflow/.local/lib/python3.8/site-packages/airflow/example_dags/subdags/subdag.py for tasks to queue
[2025-12-24T21:50:16.153+0000] {logging_mixin.py:188} INFO - [2025-12-24T21:50:16.153+0000] {dagbag.py:538} INFO - Filling up the DagBag from /home/airflow/.local/lib/python3.8/site-packages/airflow/example_dags/subdags/subdag.py
[2025-12-24T21:50:16.156+0000] {processor.py:842} WARNING - No viable dags retrieved from /home/airflow/.local/lib/python3.8/site-packages/airflow/example_dags/subdags/subdag.py
[2025-12-24T21:50:16.169+0000] {processor.py:183} INFO - Processing /home/airflow/.local/lib/python3.8/site-packages/airflow/example_dags/subdags/subdag.py took 0.021 seconds
[2025-12-24T21:50:46.407+0000] {processor.py:161} INFO - Started process (PID=42700) to work on /home/airflow/.local/lib/python3.8/site-packages/airflow/example_dags/subdags/subdag.py
[2025-12-24T21:50:46.409+0000] {processor.py:830} INFO - Processing file /home/airflow/.local/lib/python3.8/site-packages/airflow/example_dags/subdags/subdag.py for tasks to queue
[2025-12-24T21:50:46.410+0000] {logging_mixin.py:188} INFO - [2025-12-24T21:50:46.410+0000] {dagbag.py:538} INFO - Filling up the DagBag from /home/airflow/.local/lib/python3.8/site-packages/airflow/example_dags/subdags/subdag.py
[2025-12-24T21:50:46.413+0000] {processor.py:842} WARNING - No viable dags retrieved from /home/airflow/.local/lib/python3.8/site-packages/airflow/example_dags/subdags/subdag.py
[2025-12-24T21:50:46.432+0000] {processor.py:183} INFO - Processing /home/airflow/.local/lib/python3.8/site-packages/airflow/example_dags/subdags/subdag.py took 0.030 seconds
[2025-12-24T21:51:16.987+0000] {processor.py:161} INFO - Started process (PID=42759) to work on /home/airflow/.local/lib/python3.8/site-packages/airflow/example_dags/subdags/subdag.py
[2025-12-24T21:51:16.988+0000] {processor.py:830} INFO - Processing file /home/airflow/.local/lib/python3.8/site-packages/airflow/example_dags/subdags/subdag.py for tasks to queue
[2025-12-24T21:51:16.991+0000] {logging_mixin.py:188} INFO - [2025-12-24T21:51:16.990+0000] {dagbag.py:538} INFO - Filling up the DagBag from /home/airflow/.local/lib/python3.8/site-packages/airflow/example_dags/subdags/subdag.py
[2025-12-24T21:51:16.994+0000] {processor.py:842} WARNING - No viable dags retrieved from /home/airflow/.local/lib/python3.8/site-packages/airflow/example_dags/subdags/subdag.py
[2025-12-24T21:51:17.008+0000] {processor.py:183} INFO - Processing /home/airflow/.local/lib/python3.8/site-packages/airflow/example_dags/subdags/subdag.py took 0.025 seconds
[2025-12-24T21:51:47.202+0000] {processor.py:161} INFO - Started process (PID=42818) to work on /home/airflow/.local/lib/python3.8/site-packages/airflow/example_dags/subdags/subdag.py
[2025-12-24T21:51:47.203+0000] {processor.py:830} INFO - Processing file /home/airflow/.local/lib/python3.8/site-packages/airflow/example_dags/subdags/subdag.py for tasks to queue
[2025-12-24T21:51:47.204+0000] {logging_mixin.py:188} INFO - [2025-12-24T21:51:47.203+0000] {dagbag.py:538} INFO - Filling up the DagBag from /home/airflow/.local/lib/python3.8/site-packages/airflow/example_dags/subdags/subdag.py
[2025-12-24T21:51:47.206+0000] {processor.py:842} WARNING - No viable dags retrieved from /home/airflow/.local/lib/python3.8/site-packages/airflow/example_dags/subdags/subdag.py
[2025-12-24T21:51:47.219+0000] {processor.py:183} INFO - Processing /home/airflow/.local/lib/python3.8/site-packages/airflow/example_dags/subdags/subdag.py took 0.020 seconds
[2025-12-24T21:52:18.118+0000] {processor.py:161} INFO - Started process (PID=42877) to work on /home/airflow/.local/lib/python3.8/site-packages/airflow/example_dags/subdags/subdag.py
[2025-12-24T21:52:18.120+0000] {processor.py:830} INFO - Processing file /home/airflow/.local/lib/python3.8/site-packages/airflow/example_dags/subdags/subdag.py for tasks to queue
[2025-12-24T21:52:18.121+0000] {logging_mixin.py:188} INFO - [2025-12-24T21:52:18.121+0000] {dagbag.py:538} INFO - Filling up the DagBag from /home/airflow/.local/lib/python3.8/site-packages/airflow/example_dags/subdags/subdag.py
[2025-12-24T21:52:18.124+0000] {processor.py:842} WARNING - No viable dags retrieved from /home/airflow/.local/lib/python3.8/site-packages/airflow/example_dags/subdags/subdag.py
[2025-12-24T21:52:18.141+0000] {processor.py:183} INFO - Processing /home/airflow/.local/lib/python3.8/site-packages/airflow/example_dags/subdags/subdag.py took 0.026 seconds
[2025-12-24T21:52:48.515+0000] {processor.py:161} INFO - Started process (PID=42936) to work on /home/airflow/.local/lib/python3.8/site-packages/airflow/example_dags/subdags/subdag.py
[2025-12-24T21:52:48.517+0000] {processor.py:830} INFO - Processing file /home/airflow/.local/lib/python3.8/site-packages/airflow/example_dags/subdags/subdag.py for tasks to queue
[2025-12-24T21:52:48.518+0000] {logging_mixin.py:188} INFO - [2025-12-24T21:52:48.518+0000] {dagbag.py:538} INFO - Filling up the DagBag from /home/airflow/.local/lib/python3.8/site-packages/airflow/example_dags/subdags/subdag.py
[2025-12-24T21:52:48.521+0000] {processor.py:842} WARNING - No viable dags retrieved from /home/airflow/.local/lib/python3.8/site-packages/airflow/example_dags/subdags/subdag.py
[2025-12-24T21:52:48.540+0000] {processor.py:183} INFO - Processing /home/airflow/.local/lib/python3.8/site-packages/airflow/example_dags/subdags/subdag.py took 0.030 seconds
[2025-12-24T21:53:19.090+0000] {processor.py:161} INFO - Started process (PID=42995) to work on /home/airflow/.local/lib/python3.8/site-packages/airflow/example_dags/subdags/subdag.py
[2025-12-24T21:53:19.091+0000] {processor.py:830} INFO - Processing file /home/airflow/.local/lib/python3.8/site-packages/airflow/example_dags/subdags/subdag.py for tasks to queue
[2025-12-24T21:53:19.092+0000] {logging_mixin.py:188} INFO - [2025-12-24T21:53:19.092+0000] {dagbag.py:538} INFO - Filling up the DagBag from /home/airflow/.local/lib/python3.8/site-packages/airflow/example_dags/subdags/subdag.py
[2025-12-24T21:53:19.095+0000] {processor.py:842} WARNING - No viable dags retrieved from /home/airflow/.local/lib/python3.8/site-packages/airflow/example_dags/subdags/subdag.py
[2025-12-24T21:53:19.111+0000] {processor.py:183} INFO - Processing /home/airflow/.local/lib/python3.8/site-packages/airflow/example_dags/subdags/subdag.py took 0.026 seconds
[2025-12-24T21:53:49.341+0000] {processor.py:161} INFO - Started process (PID=43054) to work on /home/airflow/.local/lib/python3.8/site-packages/airflow/example_dags/subdags/subdag.py
[2025-12-24T21:53:49.343+0000] {processor.py:830} INFO - Processing file /home/airflow/.local/lib/python3.8/site-packages/airflow/example_dags/subdags/subdag.py for tasks to queue
[2025-12-24T21:53:49.344+0000] {logging_mixin.py:188} INFO - [2025-12-24T21:53:49.344+0000] {dagbag.py:538} INFO - Filling up the DagBag from /home/airflow/.local/lib/python3.8/site-packages/airflow/example_dags/subdags/subdag.py
[2025-12-24T21:53:49.347+0000] {processor.py:842} WARNING - No viable dags retrieved from /home/airflow/.local/lib/python3.8/site-packages/airflow/example_dags/subdags/subdag.py
[2025-12-24T21:53:49.363+0000] {processor.py:183} INFO - Processing /home/airflow/.local/lib/python3.8/site-packages/airflow/example_dags/subdags/subdag.py took 0.026 seconds
[2025-12-24T21:54:20.776+0000] {processor.py:161} INFO - Started process (PID=43113) to work on /home/airflow/.local/lib/python3.8/site-packages/airflow/example_dags/subdags/subdag.py
[2025-12-24T21:54:20.777+0000] {processor.py:830} INFO - Processing file /home/airflow/.local/lib/python3.8/site-packages/airflow/example_dags/subdags/subdag.py for tasks to queue
[2025-12-24T21:54:20.778+0000] {logging_mixin.py:188} INFO - [2025-12-24T21:54:20.778+0000] {dagbag.py:538} INFO - Filling up the DagBag from /home/airflow/.local/lib/python3.8/site-packages/airflow/example_dags/subdags/subdag.py
[2025-12-24T21:54:20.781+0000] {processor.py:842} WARNING - No viable dags retrieved from /home/airflow/.local/lib/python3.8/site-packages/airflow/example_dags/subdags/subdag.py
[2025-12-24T21:54:20.798+0000] {processor.py:183} INFO - Processing /home/airflow/.local/lib/python3.8/site-packages/airflow/example_dags/subdags/subdag.py took 0.026 seconds
[2025-12-24T21:54:51.607+0000] {processor.py:161} INFO - Started process (PID=43174) to work on /home/airflow/.local/lib/python3.8/site-packages/airflow/example_dags/subdags/subdag.py
[2025-12-24T21:54:51.608+0000] {processor.py:830} INFO - Processing file /home/airflow/.local/lib/python3.8/site-packages/airflow/example_dags/subdags/subdag.py for tasks to queue
[2025-12-24T21:54:51.610+0000] {logging_mixin.py:188} INFO - [2025-12-24T21:54:51.610+0000] {dagbag.py:538} INFO - Filling up the DagBag from /home/airflow/.local/lib/python3.8/site-packages/airflow/example_dags/subdags/subdag.py
[2025-12-24T21:54:51.614+0000] {processor.py:842} WARNING - No viable dags retrieved from /home/airflow/.local/lib/python3.8/site-packages/airflow/example_dags/subdags/subdag.py
[2025-12-24T21:54:51.631+0000] {processor.py:183} INFO - Processing /home/airflow/.local/lib/python3.8/site-packages/airflow/example_dags/subdags/subdag.py took 0.029 seconds
[2025-12-24T21:55:22.020+0000] {processor.py:161} INFO - Started process (PID=43232) to work on /home/airflow/.local/lib/python3.8/site-packages/airflow/example_dags/subdags/subdag.py
[2025-12-24T21:55:22.021+0000] {processor.py:830} INFO - Processing file /home/airflow/.local/lib/python3.8/site-packages/airflow/example_dags/subdags/subdag.py for tasks to queue
[2025-12-24T21:55:22.022+0000] {logging_mixin.py:188} INFO - [2025-12-24T21:55:22.022+0000] {dagbag.py:538} INFO - Filling up the DagBag from /home/airflow/.local/lib/python3.8/site-packages/airflow/example_dags/subdags/subdag.py
[2025-12-24T21:55:22.024+0000] {processor.py:842} WARNING - No viable dags retrieved from /home/airflow/.local/lib/python3.8/site-packages/airflow/example_dags/subdags/subdag.py
[2025-12-24T21:55:22.040+0000] {processor.py:183} INFO - Processing /home/airflow/.local/lib/python3.8/site-packages/airflow/example_dags/subdags/subdag.py took 0.024 seconds
[2025-12-24T21:55:52.693+0000] {processor.py:161} INFO - Started process (PID=43292) to work on /home/airflow/.local/lib/python3.8/site-packages/airflow/example_dags/subdags/subdag.py
[2025-12-24T21:55:52.694+0000] {processor.py:830} INFO - Processing file /home/airflow/.local/lib/python3.8/site-packages/airflow/example_dags/subdags/subdag.py for tasks to queue
[2025-12-24T21:55:52.695+0000] {logging_mixin.py:188} INFO - [2025-12-24T21:55:52.695+0000] {dagbag.py:538} INFO - Filling up the DagBag from /home/airflow/.local/lib/python3.8/site-packages/airflow/example_dags/subdags/subdag.py
[2025-12-24T21:55:52.699+0000] {processor.py:842} WARNING - No viable dags retrieved from /home/airflow/.local/lib/python3.8/site-packages/airflow/example_dags/subdags/subdag.py
[2025-12-24T21:55:52.716+0000] {processor.py:183} INFO - Processing /home/airflow/.local/lib/python3.8/site-packages/airflow/example_dags/subdags/subdag.py took 0.028 seconds
[2025-12-24T21:56:22.960+0000] {processor.py:161} INFO - Started process (PID=43351) to work on /home/airflow/.local/lib/python3.8/site-packages/airflow/example_dags/subdags/subdag.py
[2025-12-24T21:56:22.962+0000] {processor.py:830} INFO - Processing file /home/airflow/.local/lib/python3.8/site-packages/airflow/example_dags/subdags/subdag.py for tasks to queue
[2025-12-24T21:56:22.963+0000] {logging_mixin.py:188} INFO - [2025-12-24T21:56:22.963+0000] {dagbag.py:538} INFO - Filling up the DagBag from /home/airflow/.local/lib/python3.8/site-packages/airflow/example_dags/subdags/subdag.py
[2025-12-24T21:56:22.966+0000] {processor.py:842} WARNING - No viable dags retrieved from /home/airflow/.local/lib/python3.8/site-packages/airflow/example_dags/subdags/subdag.py
[2025-12-24T21:56:22.983+0000] {processor.py:183} INFO - Processing /home/airflow/.local/lib/python3.8/site-packages/airflow/example_dags/subdags/subdag.py took 0.028 seconds
[2025-12-24T21:56:53.134+0000] {processor.py:161} INFO - Started process (PID=43410) to work on /home/airflow/.local/lib/python3.8/site-packages/airflow/example_dags/subdags/subdag.py
[2025-12-24T21:56:53.135+0000] {processor.py:830} INFO - Processing file /home/airflow/.local/lib/python3.8/site-packages/airflow/example_dags/subdags/subdag.py for tasks to queue
[2025-12-24T21:56:53.137+0000] {logging_mixin.py:188} INFO - [2025-12-24T21:56:53.137+0000] {dagbag.py:538} INFO - Filling up the DagBag from /home/airflow/.local/lib/python3.8/site-packages/airflow/example_dags/subdags/subdag.py
[2025-12-24T21:56:53.141+0000] {processor.py:842} WARNING - No viable dags retrieved from /home/airflow/.local/lib/python3.8/site-packages/airflow/example_dags/subdags/subdag.py
[2025-12-24T21:56:53.157+0000] {processor.py:183} INFO - Processing /home/airflow/.local/lib/python3.8/site-packages/airflow/example_dags/subdags/subdag.py took 0.028 seconds
[2025-12-24T21:57:23.559+0000] {processor.py:161} INFO - Started process (PID=43471) to work on /home/airflow/.local/lib/python3.8/site-packages/airflow/example_dags/subdags/subdag.py
[2025-12-24T21:57:23.560+0000] {processor.py:830} INFO - Processing file /home/airflow/.local/lib/python3.8/site-packages/airflow/example_dags/subdags/subdag.py for tasks to queue
[2025-12-24T21:57:23.561+0000] {logging_mixin.py:188} INFO - [2025-12-24T21:57:23.561+0000] {dagbag.py:538} INFO - Filling up the DagBag from /home/airflow/.local/lib/python3.8/site-packages/airflow/example_dags/subdags/subdag.py
[2025-12-24T21:57:23.564+0000] {processor.py:842} WARNING - No viable dags retrieved from /home/airflow/.local/lib/python3.8/site-packages/airflow/example_dags/subdags/subdag.py
[2025-12-24T21:57:23.581+0000] {processor.py:183} INFO - Processing /home/airflow/.local/lib/python3.8/site-packages/airflow/example_dags/subdags/subdag.py took 0.026 seconds
[2025-12-24T21:57:53.947+0000] {processor.py:161} INFO - Started process (PID=43530) to work on /home/airflow/.local/lib/python3.8/site-packages/airflow/example_dags/subdags/subdag.py
[2025-12-24T21:57:53.948+0000] {processor.py:830} INFO - Processing file /home/airflow/.local/lib/python3.8/site-packages/airflow/example_dags/subdags/subdag.py for tasks to queue
[2025-12-24T21:57:53.949+0000] {logging_mixin.py:188} INFO - [2025-12-24T21:57:53.949+0000] {dagbag.py:538} INFO - Filling up the DagBag from /home/airflow/.local/lib/python3.8/site-packages/airflow/example_dags/subdags/subdag.py
[2025-12-24T21:57:53.952+0000] {processor.py:842} WARNING - No viable dags retrieved from /home/airflow/.local/lib/python3.8/site-packages/airflow/example_dags/subdags/subdag.py
[2025-12-24T21:57:53.968+0000] {processor.py:183} INFO - Processing /home/airflow/.local/lib/python3.8/site-packages/airflow/example_dags/subdags/subdag.py took 0.025 seconds
[2025-12-24T21:58:24.743+0000] {processor.py:161} INFO - Started process (PID=43590) to work on /home/airflow/.local/lib/python3.8/site-packages/airflow/example_dags/subdags/subdag.py
[2025-12-24T21:58:24.745+0000] {processor.py:830} INFO - Processing file /home/airflow/.local/lib/python3.8/site-packages/airflow/example_dags/subdags/subdag.py for tasks to queue
[2025-12-24T21:58:24.746+0000] {logging_mixin.py:188} INFO - [2025-12-24T21:58:24.746+0000] {dagbag.py:538} INFO - Filling up the DagBag from /home/airflow/.local/lib/python3.8/site-packages/airflow/example_dags/subdags/subdag.py
[2025-12-24T21:58:24.749+0000] {processor.py:842} WARNING - No viable dags retrieved from /home/airflow/.local/lib/python3.8/site-packages/airflow/example_dags/subdags/subdag.py
[2025-12-24T21:58:24.764+0000] {processor.py:183} INFO - Processing /home/airflow/.local/lib/python3.8/site-packages/airflow/example_dags/subdags/subdag.py took 0.025 seconds
[2025-12-24T21:58:55.582+0000] {processor.py:161} INFO - Started process (PID=43661) to work on /home/airflow/.local/lib/python3.8/site-packages/airflow/example_dags/subdags/subdag.py
[2025-12-24T21:58:55.583+0000] {processor.py:830} INFO - Processing file /home/airflow/.local/lib/python3.8/site-packages/airflow/example_dags/subdags/subdag.py for tasks to queue
[2025-12-24T21:58:55.584+0000] {logging_mixin.py:188} INFO - [2025-12-24T21:58:55.584+0000] {dagbag.py:538} INFO - Filling up the DagBag from /home/airflow/.local/lib/python3.8/site-packages/airflow/example_dags/subdags/subdag.py
[2025-12-24T21:58:55.587+0000] {processor.py:842} WARNING - No viable dags retrieved from /home/airflow/.local/lib/python3.8/site-packages/airflow/example_dags/subdags/subdag.py
[2025-12-24T21:58:55.607+0000] {processor.py:183} INFO - Processing /home/airflow/.local/lib/python3.8/site-packages/airflow/example_dags/subdags/subdag.py took 0.029 seconds
[2025-12-24T21:59:26.411+0000] {processor.py:161} INFO - Started process (PID=43732) to work on /home/airflow/.local/lib/python3.8/site-packages/airflow/example_dags/subdags/subdag.py
[2025-12-24T21:59:26.412+0000] {processor.py:830} INFO - Processing file /home/airflow/.local/lib/python3.8/site-packages/airflow/example_dags/subdags/subdag.py for tasks to queue
[2025-12-24T21:59:26.413+0000] {logging_mixin.py:188} INFO - [2025-12-24T21:59:26.412+0000] {dagbag.py:538} INFO - Filling up the DagBag from /home/airflow/.local/lib/python3.8/site-packages/airflow/example_dags/subdags/subdag.py
[2025-12-24T21:59:26.415+0000] {processor.py:842} WARNING - No viable dags retrieved from /home/airflow/.local/lib/python3.8/site-packages/airflow/example_dags/subdags/subdag.py
[2025-12-24T21:59:26.430+0000] {processor.py:183} INFO - Processing /home/airflow/.local/lib/python3.8/site-packages/airflow/example_dags/subdags/subdag.py took 0.024 seconds
[2025-12-24T21:59:57.098+0000] {processor.py:161} INFO - Started process (PID=43795) to work on /home/airflow/.local/lib/python3.8/site-packages/airflow/example_dags/subdags/subdag.py
[2025-12-24T21:59:57.099+0000] {processor.py:830} INFO - Processing file /home/airflow/.local/lib/python3.8/site-packages/airflow/example_dags/subdags/subdag.py for tasks to queue
[2025-12-24T21:59:57.100+0000] {logging_mixin.py:188} INFO - [2025-12-24T21:59:57.100+0000] {dagbag.py:538} INFO - Filling up the DagBag from /home/airflow/.local/lib/python3.8/site-packages/airflow/example_dags/subdags/subdag.py
[2025-12-24T21:59:57.102+0000] {processor.py:842} WARNING - No viable dags retrieved from /home/airflow/.local/lib/python3.8/site-packages/airflow/example_dags/subdags/subdag.py
[2025-12-24T21:59:57.117+0000] {processor.py:183} INFO - Processing /home/airflow/.local/lib/python3.8/site-packages/airflow/example_dags/subdags/subdag.py took 0.023 seconds
[2025-12-24T22:00:27.774+0000] {processor.py:161} INFO - Started process (PID=43858) to work on /home/airflow/.local/lib/python3.8/site-packages/airflow/example_dags/subdags/subdag.py
[2025-12-24T22:00:27.775+0000] {processor.py:830} INFO - Processing file /home/airflow/.local/lib/python3.8/site-packages/airflow/example_dags/subdags/subdag.py for tasks to queue
[2025-12-24T22:00:27.776+0000] {logging_mixin.py:188} INFO - [2025-12-24T22:00:27.776+0000] {dagbag.py:538} INFO - Filling up the DagBag from /home/airflow/.local/lib/python3.8/site-packages/airflow/example_dags/subdags/subdag.py
[2025-12-24T22:00:27.779+0000] {processor.py:842} WARNING - No viable dags retrieved from /home/airflow/.local/lib/python3.8/site-packages/airflow/example_dags/subdags/subdag.py
[2025-12-24T22:00:27.793+0000] {processor.py:183} INFO - Processing /home/airflow/.local/lib/python3.8/site-packages/airflow/example_dags/subdags/subdag.py took 0.023 seconds
[2025-12-24T22:00:58.197+0000] {processor.py:161} INFO - Started process (PID=43923) to work on /home/airflow/.local/lib/python3.8/site-packages/airflow/example_dags/subdags/subdag.py
[2025-12-24T22:00:58.198+0000] {processor.py:830} INFO - Processing file /home/airflow/.local/lib/python3.8/site-packages/airflow/example_dags/subdags/subdag.py for tasks to queue
[2025-12-24T22:00:58.200+0000] {logging_mixin.py:188} INFO - [2025-12-24T22:00:58.199+0000] {dagbag.py:538} INFO - Filling up the DagBag from /home/airflow/.local/lib/python3.8/site-packages/airflow/example_dags/subdags/subdag.py
[2025-12-24T22:00:58.203+0000] {processor.py:842} WARNING - No viable dags retrieved from /home/airflow/.local/lib/python3.8/site-packages/airflow/example_dags/subdags/subdag.py
[2025-12-24T22:00:58.221+0000] {processor.py:183} INFO - Processing /home/airflow/.local/lib/python3.8/site-packages/airflow/example_dags/subdags/subdag.py took 0.029 seconds
[2025-12-24T22:01:28.282+0000] {processor.py:161} INFO - Started process (PID=43988) to work on /home/airflow/.local/lib/python3.8/site-packages/airflow/example_dags/subdags/subdag.py
[2025-12-24T22:01:28.284+0000] {processor.py:830} INFO - Processing file /home/airflow/.local/lib/python3.8/site-packages/airflow/example_dags/subdags/subdag.py for tasks to queue
[2025-12-24T22:01:28.286+0000] {logging_mixin.py:188} INFO - [2025-12-24T22:01:28.286+0000] {dagbag.py:538} INFO - Filling up the DagBag from /home/airflow/.local/lib/python3.8/site-packages/airflow/example_dags/subdags/subdag.py
[2025-12-24T22:01:28.290+0000] {processor.py:842} WARNING - No viable dags retrieved from /home/airflow/.local/lib/python3.8/site-packages/airflow/example_dags/subdags/subdag.py
[2025-12-24T22:01:28.310+0000] {processor.py:183} INFO - Processing /home/airflow/.local/lib/python3.8/site-packages/airflow/example_dags/subdags/subdag.py took 0.032 seconds
[2025-12-24T22:01:59.429+0000] {processor.py:161} INFO - Started process (PID=44049) to work on /home/airflow/.local/lib/python3.8/site-packages/airflow/example_dags/subdags/subdag.py
[2025-12-24T22:01:59.431+0000] {processor.py:830} INFO - Processing file /home/airflow/.local/lib/python3.8/site-packages/airflow/example_dags/subdags/subdag.py for tasks to queue
[2025-12-24T22:01:59.432+0000] {logging_mixin.py:188} INFO - [2025-12-24T22:01:59.431+0000] {dagbag.py:538} INFO - Filling up the DagBag from /home/airflow/.local/lib/python3.8/site-packages/airflow/example_dags/subdags/subdag.py
[2025-12-24T22:01:59.435+0000] {processor.py:842} WARNING - No viable dags retrieved from /home/airflow/.local/lib/python3.8/site-packages/airflow/example_dags/subdags/subdag.py
[2025-12-24T22:01:59.451+0000] {processor.py:183} INFO - Processing /home/airflow/.local/lib/python3.8/site-packages/airflow/example_dags/subdags/subdag.py took 0.027 seconds
[2025-12-24T22:02:30.144+0000] {processor.py:161} INFO - Started process (PID=44107) to work on /home/airflow/.local/lib/python3.8/site-packages/airflow/example_dags/subdags/subdag.py
[2025-12-24T22:02:30.147+0000] {processor.py:830} INFO - Processing file /home/airflow/.local/lib/python3.8/site-packages/airflow/example_dags/subdags/subdag.py for tasks to queue
[2025-12-24T22:02:30.149+0000] {logging_mixin.py:188} INFO - [2025-12-24T22:02:30.148+0000] {dagbag.py:538} INFO - Filling up the DagBag from /home/airflow/.local/lib/python3.8/site-packages/airflow/example_dags/subdags/subdag.py
[2025-12-24T22:02:30.156+0000] {processor.py:842} WARNING - No viable dags retrieved from /home/airflow/.local/lib/python3.8/site-packages/airflow/example_dags/subdags/subdag.py
[2025-12-24T22:02:30.185+0000] {processor.py:183} INFO - Processing /home/airflow/.local/lib/python3.8/site-packages/airflow/example_dags/subdags/subdag.py took 0.046 seconds
[2025-12-24T22:03:00.684+0000] {processor.py:161} INFO - Started process (PID=44166) to work on /home/airflow/.local/lib/python3.8/site-packages/airflow/example_dags/subdags/subdag.py
[2025-12-24T22:03:00.685+0000] {processor.py:830} INFO - Processing file /home/airflow/.local/lib/python3.8/site-packages/airflow/example_dags/subdags/subdag.py for tasks to queue
[2025-12-24T22:03:00.686+0000] {logging_mixin.py:188} INFO - [2025-12-24T22:03:00.686+0000] {dagbag.py:538} INFO - Filling up the DagBag from /home/airflow/.local/lib/python3.8/site-packages/airflow/example_dags/subdags/subdag.py
[2025-12-24T22:03:00.689+0000] {processor.py:842} WARNING - No viable dags retrieved from /home/airflow/.local/lib/python3.8/site-packages/airflow/example_dags/subdags/subdag.py
[2025-12-24T22:03:00.704+0000] {processor.py:183} INFO - Processing /home/airflow/.local/lib/python3.8/site-packages/airflow/example_dags/subdags/subdag.py took 0.024 seconds
[2025-12-24T22:03:31.176+0000] {processor.py:161} INFO - Started process (PID=44228) to work on /home/airflow/.local/lib/python3.8/site-packages/airflow/example_dags/subdags/subdag.py
[2025-12-24T22:03:31.177+0000] {processor.py:830} INFO - Processing file /home/airflow/.local/lib/python3.8/site-packages/airflow/example_dags/subdags/subdag.py for tasks to queue
[2025-12-24T22:03:31.178+0000] {logging_mixin.py:188} INFO - [2025-12-24T22:03:31.178+0000] {dagbag.py:538} INFO - Filling up the DagBag from /home/airflow/.local/lib/python3.8/site-packages/airflow/example_dags/subdags/subdag.py
[2025-12-24T22:03:31.181+0000] {processor.py:842} WARNING - No viable dags retrieved from /home/airflow/.local/lib/python3.8/site-packages/airflow/example_dags/subdags/subdag.py
[2025-12-24T22:03:31.196+0000] {processor.py:183} INFO - Processing /home/airflow/.local/lib/python3.8/site-packages/airflow/example_dags/subdags/subdag.py took 0.024 seconds
[2025-12-24T22:04:01.801+0000] {processor.py:161} INFO - Started process (PID=44286) to work on /home/airflow/.local/lib/python3.8/site-packages/airflow/example_dags/subdags/subdag.py
[2025-12-24T22:04:01.803+0000] {processor.py:830} INFO - Processing file /home/airflow/.local/lib/python3.8/site-packages/airflow/example_dags/subdags/subdag.py for tasks to queue
[2025-12-24T22:04:01.805+0000] {logging_mixin.py:188} INFO - [2025-12-24T22:04:01.804+0000] {dagbag.py:538} INFO - Filling up the DagBag from /home/airflow/.local/lib/python3.8/site-packages/airflow/example_dags/subdags/subdag.py
[2025-12-24T22:04:01.809+0000] {processor.py:842} WARNING - No viable dags retrieved from /home/airflow/.local/lib/python3.8/site-packages/airflow/example_dags/subdags/subdag.py
[2025-12-24T22:04:01.829+0000] {processor.py:183} INFO - Processing /home/airflow/.local/lib/python3.8/site-packages/airflow/example_dags/subdags/subdag.py took 0.035 seconds
[2025-12-24T22:04:32.342+0000] {processor.py:161} INFO - Started process (PID=44344) to work on /home/airflow/.local/lib/python3.8/site-packages/airflow/example_dags/subdags/subdag.py
[2025-12-24T22:04:32.344+0000] {processor.py:830} INFO - Processing file /home/airflow/.local/lib/python3.8/site-packages/airflow/example_dags/subdags/subdag.py for tasks to queue
[2025-12-24T22:04:32.345+0000] {logging_mixin.py:188} INFO - [2025-12-24T22:04:32.345+0000] {dagbag.py:538} INFO - Filling up the DagBag from /home/airflow/.local/lib/python3.8/site-packages/airflow/example_dags/subdags/subdag.py
[2025-12-24T22:04:32.349+0000] {processor.py:842} WARNING - No viable dags retrieved from /home/airflow/.local/lib/python3.8/site-packages/airflow/example_dags/subdags/subdag.py
[2025-12-24T22:04:32.368+0000] {processor.py:183} INFO - Processing /home/airflow/.local/lib/python3.8/site-packages/airflow/example_dags/subdags/subdag.py took 0.030 seconds
[2025-12-24T22:05:02.560+0000] {processor.py:161} INFO - Started process (PID=44402) to work on /home/airflow/.local/lib/python3.8/site-packages/airflow/example_dags/subdags/subdag.py
[2025-12-24T22:05:02.562+0000] {processor.py:830} INFO - Processing file /home/airflow/.local/lib/python3.8/site-packages/airflow/example_dags/subdags/subdag.py for tasks to queue
[2025-12-24T22:05:02.563+0000] {logging_mixin.py:188} INFO - [2025-12-24T22:05:02.563+0000] {dagbag.py:538} INFO - Filling up the DagBag from /home/airflow/.local/lib/python3.8/site-packages/airflow/example_dags/subdags/subdag.py
[2025-12-24T22:05:02.567+0000] {processor.py:842} WARNING - No viable dags retrieved from /home/airflow/.local/lib/python3.8/site-packages/airflow/example_dags/subdags/subdag.py
[2025-12-24T22:05:02.588+0000] {processor.py:183} INFO - Processing /home/airflow/.local/lib/python3.8/site-packages/airflow/example_dags/subdags/subdag.py took 0.033 seconds
[2025-12-24T22:05:32.653+0000] {processor.py:161} INFO - Started process (PID=44459) to work on /home/airflow/.local/lib/python3.8/site-packages/airflow/example_dags/subdags/subdag.py
[2025-12-24T22:05:32.654+0000] {processor.py:830} INFO - Processing file /home/airflow/.local/lib/python3.8/site-packages/airflow/example_dags/subdags/subdag.py for tasks to queue
[2025-12-24T22:05:32.656+0000] {logging_mixin.py:188} INFO - [2025-12-24T22:05:32.655+0000] {dagbag.py:538} INFO - Filling up the DagBag from /home/airflow/.local/lib/python3.8/site-packages/airflow/example_dags/subdags/subdag.py
[2025-12-24T22:05:32.659+0000] {processor.py:842} WARNING - No viable dags retrieved from /home/airflow/.local/lib/python3.8/site-packages/airflow/example_dags/subdags/subdag.py
[2025-12-24T22:05:32.680+0000] {processor.py:183} INFO - Processing /home/airflow/.local/lib/python3.8/site-packages/airflow/example_dags/subdags/subdag.py took 0.032 seconds
[2025-12-24T22:06:03.384+0000] {processor.py:161} INFO - Started process (PID=44518) to work on /home/airflow/.local/lib/python3.8/site-packages/airflow/example_dags/subdags/subdag.py
[2025-12-24T22:06:03.385+0000] {processor.py:830} INFO - Processing file /home/airflow/.local/lib/python3.8/site-packages/airflow/example_dags/subdags/subdag.py for tasks to queue
[2025-12-24T22:06:03.387+0000] {logging_mixin.py:188} INFO - [2025-12-24T22:06:03.387+0000] {dagbag.py:538} INFO - Filling up the DagBag from /home/airflow/.local/lib/python3.8/site-packages/airflow/example_dags/subdags/subdag.py
[2025-12-24T22:06:03.393+0000] {processor.py:842} WARNING - No viable dags retrieved from /home/airflow/.local/lib/python3.8/site-packages/airflow/example_dags/subdags/subdag.py
[2025-12-24T22:06:03.417+0000] {processor.py:183} INFO - Processing /home/airflow/.local/lib/python3.8/site-packages/airflow/example_dags/subdags/subdag.py took 0.040 seconds
[2025-12-24T22:06:33.585+0000] {processor.py:161} INFO - Started process (PID=44577) to work on /home/airflow/.local/lib/python3.8/site-packages/airflow/example_dags/subdags/subdag.py
[2025-12-24T22:06:33.587+0000] {processor.py:830} INFO - Processing file /home/airflow/.local/lib/python3.8/site-packages/airflow/example_dags/subdags/subdag.py for tasks to queue
[2025-12-24T22:06:33.589+0000] {logging_mixin.py:188} INFO - [2025-12-24T22:06:33.589+0000] {dagbag.py:538} INFO - Filling up the DagBag from /home/airflow/.local/lib/python3.8/site-packages/airflow/example_dags/subdags/subdag.py
[2025-12-24T22:06:33.593+0000] {processor.py:842} WARNING - No viable dags retrieved from /home/airflow/.local/lib/python3.8/site-packages/airflow/example_dags/subdags/subdag.py
[2025-12-24T22:06:33.619+0000] {processor.py:183} INFO - Processing /home/airflow/.local/lib/python3.8/site-packages/airflow/example_dags/subdags/subdag.py took 0.040 seconds
[2025-12-24T22:07:03.999+0000] {processor.py:161} INFO - Started process (PID=44635) to work on /home/airflow/.local/lib/python3.8/site-packages/airflow/example_dags/subdags/subdag.py
[2025-12-24T22:07:04.001+0000] {processor.py:830} INFO - Processing file /home/airflow/.local/lib/python3.8/site-packages/airflow/example_dags/subdags/subdag.py for tasks to queue
[2025-12-24T22:07:04.002+0000] {logging_mixin.py:188} INFO - [2025-12-24T22:07:04.002+0000] {dagbag.py:538} INFO - Filling up the DagBag from /home/airflow/.local/lib/python3.8/site-packages/airflow/example_dags/subdags/subdag.py
[2025-12-24T22:07:04.005+0000] {processor.py:842} WARNING - No viable dags retrieved from /home/airflow/.local/lib/python3.8/site-packages/airflow/example_dags/subdags/subdag.py
[2025-12-24T22:07:04.022+0000] {processor.py:183} INFO - Processing /home/airflow/.local/lib/python3.8/site-packages/airflow/example_dags/subdags/subdag.py took 0.028 seconds
[2025-12-24T22:07:35.506+0000] {processor.py:161} INFO - Started process (PID=44698) to work on /home/airflow/.local/lib/python3.8/site-packages/airflow/example_dags/subdags/subdag.py
[2025-12-24T22:07:35.507+0000] {processor.py:830} INFO - Processing file /home/airflow/.local/lib/python3.8/site-packages/airflow/example_dags/subdags/subdag.py for tasks to queue
[2025-12-24T22:07:35.508+0000] {logging_mixin.py:188} INFO - [2025-12-24T22:07:35.508+0000] {dagbag.py:538} INFO - Filling up the DagBag from /home/airflow/.local/lib/python3.8/site-packages/airflow/example_dags/subdags/subdag.py
[2025-12-24T22:07:35.510+0000] {processor.py:842} WARNING - No viable dags retrieved from /home/airflow/.local/lib/python3.8/site-packages/airflow/example_dags/subdags/subdag.py
[2025-12-24T22:07:35.524+0000] {processor.py:183} INFO - Processing /home/airflow/.local/lib/python3.8/site-packages/airflow/example_dags/subdags/subdag.py took 0.022 seconds
[2025-12-24T22:08:05.820+0000] {processor.py:161} INFO - Started process (PID=44758) to work on /home/airflow/.local/lib/python3.8/site-packages/airflow/example_dags/subdags/subdag.py
[2025-12-24T22:08:05.821+0000] {processor.py:830} INFO - Processing file /home/airflow/.local/lib/python3.8/site-packages/airflow/example_dags/subdags/subdag.py for tasks to queue
[2025-12-24T22:08:05.822+0000] {logging_mixin.py:188} INFO - [2025-12-24T22:08:05.821+0000] {dagbag.py:538} INFO - Filling up the DagBag from /home/airflow/.local/lib/python3.8/site-packages/airflow/example_dags/subdags/subdag.py
[2025-12-24T22:08:05.824+0000] {processor.py:842} WARNING - No viable dags retrieved from /home/airflow/.local/lib/python3.8/site-packages/airflow/example_dags/subdags/subdag.py
[2025-12-24T22:08:05.841+0000] {processor.py:183} INFO - Processing /home/airflow/.local/lib/python3.8/site-packages/airflow/example_dags/subdags/subdag.py took 0.025 seconds
[2025-12-24T22:08:36.546+0000] {processor.py:161} INFO - Started process (PID=44816) to work on /home/airflow/.local/lib/python3.8/site-packages/airflow/example_dags/subdags/subdag.py
[2025-12-24T22:08:36.548+0000] {processor.py:830} INFO - Processing file /home/airflow/.local/lib/python3.8/site-packages/airflow/example_dags/subdags/subdag.py for tasks to queue
[2025-12-24T22:08:36.550+0000] {logging_mixin.py:188} INFO - [2025-12-24T22:08:36.550+0000] {dagbag.py:538} INFO - Filling up the DagBag from /home/airflow/.local/lib/python3.8/site-packages/airflow/example_dags/subdags/subdag.py
[2025-12-24T22:08:36.555+0000] {processor.py:842} WARNING - No viable dags retrieved from /home/airflow/.local/lib/python3.8/site-packages/airflow/example_dags/subdags/subdag.py
[2025-12-24T22:08:36.578+0000] {processor.py:183} INFO - Processing /home/airflow/.local/lib/python3.8/site-packages/airflow/example_dags/subdags/subdag.py took 0.038 seconds
[2025-12-24T22:09:07.205+0000] {processor.py:161} INFO - Started process (PID=44873) to work on /home/airflow/.local/lib/python3.8/site-packages/airflow/example_dags/subdags/subdag.py
[2025-12-24T22:09:07.206+0000] {processor.py:830} INFO - Processing file /home/airflow/.local/lib/python3.8/site-packages/airflow/example_dags/subdags/subdag.py for tasks to queue
[2025-12-24T22:09:07.208+0000] {logging_mixin.py:188} INFO - [2025-12-24T22:09:07.208+0000] {dagbag.py:538} INFO - Filling up the DagBag from /home/airflow/.local/lib/python3.8/site-packages/airflow/example_dags/subdags/subdag.py
[2025-12-24T22:09:07.211+0000] {processor.py:842} WARNING - No viable dags retrieved from /home/airflow/.local/lib/python3.8/site-packages/airflow/example_dags/subdags/subdag.py
[2025-12-24T22:09:07.232+0000] {processor.py:183} INFO - Processing /home/airflow/.local/lib/python3.8/site-packages/airflow/example_dags/subdags/subdag.py took 0.031 seconds
[2025-12-24T22:09:37.322+0000] {processor.py:161} INFO - Started process (PID=44931) to work on /home/airflow/.local/lib/python3.8/site-packages/airflow/example_dags/subdags/subdag.py
[2025-12-24T22:09:37.323+0000] {processor.py:830} INFO - Processing file /home/airflow/.local/lib/python3.8/site-packages/airflow/example_dags/subdags/subdag.py for tasks to queue
[2025-12-24T22:09:37.324+0000] {logging_mixin.py:188} INFO - [2025-12-24T22:09:37.323+0000] {dagbag.py:538} INFO - Filling up the DagBag from /home/airflow/.local/lib/python3.8/site-packages/airflow/example_dags/subdags/subdag.py
[2025-12-24T22:09:37.326+0000] {processor.py:842} WARNING - No viable dags retrieved from /home/airflow/.local/lib/python3.8/site-packages/airflow/example_dags/subdags/subdag.py
[2025-12-24T22:09:37.341+0000] {processor.py:183} INFO - Processing /home/airflow/.local/lib/python3.8/site-packages/airflow/example_dags/subdags/subdag.py took 0.023 seconds
[2025-12-24T22:10:07.653+0000] {processor.py:161} INFO - Started process (PID=44989) to work on /home/airflow/.local/lib/python3.8/site-packages/airflow/example_dags/subdags/subdag.py
[2025-12-24T22:10:07.655+0000] {processor.py:830} INFO - Processing file /home/airflow/.local/lib/python3.8/site-packages/airflow/example_dags/subdags/subdag.py for tasks to queue
[2025-12-24T22:10:07.656+0000] {logging_mixin.py:188} INFO - [2025-12-24T22:10:07.655+0000] {dagbag.py:538} INFO - Filling up the DagBag from /home/airflow/.local/lib/python3.8/site-packages/airflow/example_dags/subdags/subdag.py
[2025-12-24T22:10:07.659+0000] {processor.py:842} WARNING - No viable dags retrieved from /home/airflow/.local/lib/python3.8/site-packages/airflow/example_dags/subdags/subdag.py
[2025-12-24T22:10:07.678+0000] {processor.py:183} INFO - Processing /home/airflow/.local/lib/python3.8/site-packages/airflow/example_dags/subdags/subdag.py took 0.030 seconds
[2025-12-24T22:10:38.742+0000] {processor.py:161} INFO - Started process (PID=45048) to work on /home/airflow/.local/lib/python3.8/site-packages/airflow/example_dags/subdags/subdag.py
[2025-12-24T22:10:38.744+0000] {processor.py:830} INFO - Processing file /home/airflow/.local/lib/python3.8/site-packages/airflow/example_dags/subdags/subdag.py for tasks to queue
[2025-12-24T22:10:38.746+0000] {logging_mixin.py:188} INFO - [2025-12-24T22:10:38.745+0000] {dagbag.py:538} INFO - Filling up the DagBag from /home/airflow/.local/lib/python3.8/site-packages/airflow/example_dags/subdags/subdag.py
[2025-12-24T22:10:38.749+0000] {processor.py:842} WARNING - No viable dags retrieved from /home/airflow/.local/lib/python3.8/site-packages/airflow/example_dags/subdags/subdag.py
[2025-12-24T22:10:38.767+0000] {processor.py:183} INFO - Processing /home/airflow/.local/lib/python3.8/site-packages/airflow/example_dags/subdags/subdag.py took 0.030 seconds
[2025-12-24T22:11:09.094+0000] {processor.py:161} INFO - Started process (PID=45106) to work on /home/airflow/.local/lib/python3.8/site-packages/airflow/example_dags/subdags/subdag.py
[2025-12-24T22:11:09.095+0000] {processor.py:830} INFO - Processing file /home/airflow/.local/lib/python3.8/site-packages/airflow/example_dags/subdags/subdag.py for tasks to queue
[2025-12-24T22:11:09.097+0000] {logging_mixin.py:188} INFO - [2025-12-24T22:11:09.096+0000] {dagbag.py:538} INFO - Filling up the DagBag from /home/airflow/.local/lib/python3.8/site-packages/airflow/example_dags/subdags/subdag.py
[2025-12-24T22:11:09.099+0000] {processor.py:842} WARNING - No viable dags retrieved from /home/airflow/.local/lib/python3.8/site-packages/airflow/example_dags/subdags/subdag.py
[2025-12-24T22:11:09.116+0000] {processor.py:183} INFO - Processing /home/airflow/.local/lib/python3.8/site-packages/airflow/example_dags/subdags/subdag.py took 0.026 seconds
[2025-12-24T22:11:39.862+0000] {processor.py:161} INFO - Started process (PID=45164) to work on /home/airflow/.local/lib/python3.8/site-packages/airflow/example_dags/subdags/subdag.py
[2025-12-24T22:11:39.863+0000] {processor.py:830} INFO - Processing file /home/airflow/.local/lib/python3.8/site-packages/airflow/example_dags/subdags/subdag.py for tasks to queue
[2025-12-24T22:11:39.864+0000] {logging_mixin.py:188} INFO - [2025-12-24T22:11:39.864+0000] {dagbag.py:538} INFO - Filling up the DagBag from /home/airflow/.local/lib/python3.8/site-packages/airflow/example_dags/subdags/subdag.py
[2025-12-24T22:11:39.867+0000] {processor.py:842} WARNING - No viable dags retrieved from /home/airflow/.local/lib/python3.8/site-packages/airflow/example_dags/subdags/subdag.py
[2025-12-24T22:11:39.885+0000] {processor.py:183} INFO - Processing /home/airflow/.local/lib/python3.8/site-packages/airflow/example_dags/subdags/subdag.py took 0.028 seconds
[2025-12-24T22:12:10.386+0000] {processor.py:161} INFO - Started process (PID=45222) to work on /home/airflow/.local/lib/python3.8/site-packages/airflow/example_dags/subdags/subdag.py
[2025-12-24T22:12:10.387+0000] {processor.py:830} INFO - Processing file /home/airflow/.local/lib/python3.8/site-packages/airflow/example_dags/subdags/subdag.py for tasks to queue
[2025-12-24T22:12:10.388+0000] {logging_mixin.py:188} INFO - [2025-12-24T22:12:10.388+0000] {dagbag.py:538} INFO - Filling up the DagBag from /home/airflow/.local/lib/python3.8/site-packages/airflow/example_dags/subdags/subdag.py
[2025-12-24T22:12:10.392+0000] {processor.py:842} WARNING - No viable dags retrieved from /home/airflow/.local/lib/python3.8/site-packages/airflow/example_dags/subdags/subdag.py
[2025-12-24T22:12:10.415+0000] {processor.py:183} INFO - Processing /home/airflow/.local/lib/python3.8/site-packages/airflow/example_dags/subdags/subdag.py took 0.034 seconds
[2025-12-24T22:12:41.039+0000] {processor.py:161} INFO - Started process (PID=45280) to work on /home/airflow/.local/lib/python3.8/site-packages/airflow/example_dags/subdags/subdag.py
[2025-12-24T22:12:41.040+0000] {processor.py:830} INFO - Processing file /home/airflow/.local/lib/python3.8/site-packages/airflow/example_dags/subdags/subdag.py for tasks to queue
[2025-12-24T22:12:41.041+0000] {logging_mixin.py:188} INFO - [2025-12-24T22:12:41.041+0000] {dagbag.py:538} INFO - Filling up the DagBag from /home/airflow/.local/lib/python3.8/site-packages/airflow/example_dags/subdags/subdag.py
[2025-12-24T22:12:41.045+0000] {processor.py:842} WARNING - No viable dags retrieved from /home/airflow/.local/lib/python3.8/site-packages/airflow/example_dags/subdags/subdag.py
[2025-12-24T22:12:41.061+0000] {processor.py:183} INFO - Processing /home/airflow/.local/lib/python3.8/site-packages/airflow/example_dags/subdags/subdag.py took 0.026 seconds
[2025-12-24T22:13:11.636+0000] {processor.py:161} INFO - Started process (PID=45344) to work on /home/airflow/.local/lib/python3.8/site-packages/airflow/example_dags/subdags/subdag.py
[2025-12-24T22:13:11.637+0000] {processor.py:830} INFO - Processing file /home/airflow/.local/lib/python3.8/site-packages/airflow/example_dags/subdags/subdag.py for tasks to queue
[2025-12-24T22:13:11.638+0000] {logging_mixin.py:188} INFO - [2025-12-24T22:13:11.638+0000] {dagbag.py:538} INFO - Filling up the DagBag from /home/airflow/.local/lib/python3.8/site-packages/airflow/example_dags/subdags/subdag.py
[2025-12-24T22:13:11.641+0000] {processor.py:842} WARNING - No viable dags retrieved from /home/airflow/.local/lib/python3.8/site-packages/airflow/example_dags/subdags/subdag.py
[2025-12-24T22:13:11.656+0000] {processor.py:183} INFO - Processing /home/airflow/.local/lib/python3.8/site-packages/airflow/example_dags/subdags/subdag.py took 0.025 seconds
[2025-12-24T22:13:42.067+0000] {processor.py:161} INFO - Started process (PID=45402) to work on /home/airflow/.local/lib/python3.8/site-packages/airflow/example_dags/subdags/subdag.py
[2025-12-24T22:13:42.068+0000] {processor.py:830} INFO - Processing file /home/airflow/.local/lib/python3.8/site-packages/airflow/example_dags/subdags/subdag.py for tasks to queue
[2025-12-24T22:13:42.069+0000] {logging_mixin.py:188} INFO - [2025-12-24T22:13:42.068+0000] {dagbag.py:538} INFO - Filling up the DagBag from /home/airflow/.local/lib/python3.8/site-packages/airflow/example_dags/subdags/subdag.py
[2025-12-24T22:13:42.071+0000] {processor.py:842} WARNING - No viable dags retrieved from /home/airflow/.local/lib/python3.8/site-packages/airflow/example_dags/subdags/subdag.py
[2025-12-24T22:13:42.085+0000] {processor.py:183} INFO - Processing /home/airflow/.local/lib/python3.8/site-packages/airflow/example_dags/subdags/subdag.py took 0.022 seconds
[2025-12-24T22:14:13.127+0000] {processor.py:161} INFO - Started process (PID=45460) to work on /home/airflow/.local/lib/python3.8/site-packages/airflow/example_dags/subdags/subdag.py
[2025-12-24T22:14:13.128+0000] {processor.py:830} INFO - Processing file /home/airflow/.local/lib/python3.8/site-packages/airflow/example_dags/subdags/subdag.py for tasks to queue
[2025-12-24T22:14:13.129+0000] {logging_mixin.py:188} INFO - [2025-12-24T22:14:13.129+0000] {dagbag.py:538} INFO - Filling up the DagBag from /home/airflow/.local/lib/python3.8/site-packages/airflow/example_dags/subdags/subdag.py
[2025-12-24T22:14:13.134+0000] {processor.py:842} WARNING - No viable dags retrieved from /home/airflow/.local/lib/python3.8/site-packages/airflow/example_dags/subdags/subdag.py
[2025-12-24T22:14:13.150+0000] {processor.py:183} INFO - Processing /home/airflow/.local/lib/python3.8/site-packages/airflow/example_dags/subdags/subdag.py took 0.028 seconds
[2025-12-24T22:14:43.490+0000] {processor.py:161} INFO - Started process (PID=45518) to work on /home/airflow/.local/lib/python3.8/site-packages/airflow/example_dags/subdags/subdag.py
[2025-12-24T22:14:43.491+0000] {processor.py:830} INFO - Processing file /home/airflow/.local/lib/python3.8/site-packages/airflow/example_dags/subdags/subdag.py for tasks to queue
[2025-12-24T22:14:43.493+0000] {logging_mixin.py:188} INFO - [2025-12-24T22:14:43.492+0000] {dagbag.py:538} INFO - Filling up the DagBag from /home/airflow/.local/lib/python3.8/site-packages/airflow/example_dags/subdags/subdag.py
[2025-12-24T22:14:43.496+0000] {processor.py:842} WARNING - No viable dags retrieved from /home/airflow/.local/lib/python3.8/site-packages/airflow/example_dags/subdags/subdag.py
[2025-12-24T22:14:43.511+0000] {processor.py:183} INFO - Processing /home/airflow/.local/lib/python3.8/site-packages/airflow/example_dags/subdags/subdag.py took 0.025 seconds
[2025-12-24T22:15:13.803+0000] {processor.py:161} INFO - Started process (PID=45575) to work on /home/airflow/.local/lib/python3.8/site-packages/airflow/example_dags/subdags/subdag.py
[2025-12-24T22:15:13.805+0000] {processor.py:830} INFO - Processing file /home/airflow/.local/lib/python3.8/site-packages/airflow/example_dags/subdags/subdag.py for tasks to queue
[2025-12-24T22:15:13.807+0000] {logging_mixin.py:188} INFO - [2025-12-24T22:15:13.806+0000] {dagbag.py:538} INFO - Filling up the DagBag from /home/airflow/.local/lib/python3.8/site-packages/airflow/example_dags/subdags/subdag.py
[2025-12-24T22:15:13.811+0000] {processor.py:842} WARNING - No viable dags retrieved from /home/airflow/.local/lib/python3.8/site-packages/airflow/example_dags/subdags/subdag.py
[2025-12-24T22:15:13.833+0000] {processor.py:183} INFO - Processing /home/airflow/.local/lib/python3.8/site-packages/airflow/example_dags/subdags/subdag.py took 0.035 seconds
[2025-12-24T22:15:44.264+0000] {processor.py:161} INFO - Started process (PID=45634) to work on /home/airflow/.local/lib/python3.8/site-packages/airflow/example_dags/subdags/subdag.py
[2025-12-24T22:15:44.266+0000] {processor.py:830} INFO - Processing file /home/airflow/.local/lib/python3.8/site-packages/airflow/example_dags/subdags/subdag.py for tasks to queue
[2025-12-24T22:15:44.267+0000] {logging_mixin.py:188} INFO - [2025-12-24T22:15:44.266+0000] {dagbag.py:538} INFO - Filling up the DagBag from /home/airflow/.local/lib/python3.8/site-packages/airflow/example_dags/subdags/subdag.py
[2025-12-24T22:15:44.269+0000] {processor.py:842} WARNING - No viable dags retrieved from /home/airflow/.local/lib/python3.8/site-packages/airflow/example_dags/subdags/subdag.py
[2025-12-24T22:15:44.284+0000] {processor.py:183} INFO - Processing /home/airflow/.local/lib/python3.8/site-packages/airflow/example_dags/subdags/subdag.py took 0.024 seconds
[2025-12-24T22:16:15.147+0000] {processor.py:161} INFO - Started process (PID=45692) to work on /home/airflow/.local/lib/python3.8/site-packages/airflow/example_dags/subdags/subdag.py
[2025-12-24T22:16:15.149+0000] {processor.py:830} INFO - Processing file /home/airflow/.local/lib/python3.8/site-packages/airflow/example_dags/subdags/subdag.py for tasks to queue
[2025-12-24T22:16:15.150+0000] {logging_mixin.py:188} INFO - [2025-12-24T22:16:15.150+0000] {dagbag.py:538} INFO - Filling up the DagBag from /home/airflow/.local/lib/python3.8/site-packages/airflow/example_dags/subdags/subdag.py
[2025-12-24T22:16:15.153+0000] {processor.py:842} WARNING - No viable dags retrieved from /home/airflow/.local/lib/python3.8/site-packages/airflow/example_dags/subdags/subdag.py
[2025-12-24T22:16:15.171+0000] {processor.py:183} INFO - Processing /home/airflow/.local/lib/python3.8/site-packages/airflow/example_dags/subdags/subdag.py took 0.028 seconds
[2025-12-24T22:16:45.566+0000] {processor.py:161} INFO - Started process (PID=45750) to work on /home/airflow/.local/lib/python3.8/site-packages/airflow/example_dags/subdags/subdag.py
[2025-12-24T22:16:45.568+0000] {processor.py:830} INFO - Processing file /home/airflow/.local/lib/python3.8/site-packages/airflow/example_dags/subdags/subdag.py for tasks to queue
[2025-12-24T22:16:45.569+0000] {logging_mixin.py:188} INFO - [2025-12-24T22:16:45.569+0000] {dagbag.py:538} INFO - Filling up the DagBag from /home/airflow/.local/lib/python3.8/site-packages/airflow/example_dags/subdags/subdag.py
[2025-12-24T22:16:45.572+0000] {processor.py:842} WARNING - No viable dags retrieved from /home/airflow/.local/lib/python3.8/site-packages/airflow/example_dags/subdags/subdag.py
[2025-12-24T22:16:45.587+0000] {processor.py:183} INFO - Processing /home/airflow/.local/lib/python3.8/site-packages/airflow/example_dags/subdags/subdag.py took 0.025 seconds
[2025-12-24T22:17:16.679+0000] {processor.py:161} INFO - Started process (PID=45808) to work on /home/airflow/.local/lib/python3.8/site-packages/airflow/example_dags/subdags/subdag.py
[2025-12-24T22:17:16.680+0000] {processor.py:830} INFO - Processing file /home/airflow/.local/lib/python3.8/site-packages/airflow/example_dags/subdags/subdag.py for tasks to queue
[2025-12-24T22:17:16.681+0000] {logging_mixin.py:188} INFO - [2025-12-24T22:17:16.681+0000] {dagbag.py:538} INFO - Filling up the DagBag from /home/airflow/.local/lib/python3.8/site-packages/airflow/example_dags/subdags/subdag.py
[2025-12-24T22:17:16.684+0000] {processor.py:842} WARNING - No viable dags retrieved from /home/airflow/.local/lib/python3.8/site-packages/airflow/example_dags/subdags/subdag.py
[2025-12-24T22:17:16.700+0000] {processor.py:183} INFO - Processing /home/airflow/.local/lib/python3.8/site-packages/airflow/example_dags/subdags/subdag.py took 0.025 seconds
[2025-12-24T22:17:46.874+0000] {processor.py:161} INFO - Started process (PID=45867) to work on /home/airflow/.local/lib/python3.8/site-packages/airflow/example_dags/subdags/subdag.py
[2025-12-24T22:17:46.875+0000] {processor.py:830} INFO - Processing file /home/airflow/.local/lib/python3.8/site-packages/airflow/example_dags/subdags/subdag.py for tasks to queue
[2025-12-24T22:17:46.876+0000] {logging_mixin.py:188} INFO - [2025-12-24T22:17:46.876+0000] {dagbag.py:538} INFO - Filling up the DagBag from /home/airflow/.local/lib/python3.8/site-packages/airflow/example_dags/subdags/subdag.py
[2025-12-24T22:17:46.879+0000] {processor.py:842} WARNING - No viable dags retrieved from /home/airflow/.local/lib/python3.8/site-packages/airflow/example_dags/subdags/subdag.py
[2025-12-24T22:17:46.896+0000] {processor.py:183} INFO - Processing /home/airflow/.local/lib/python3.8/site-packages/airflow/example_dags/subdags/subdag.py took 0.027 seconds
[2025-12-24T22:18:17.117+0000] {processor.py:161} INFO - Started process (PID=45925) to work on /home/airflow/.local/lib/python3.8/site-packages/airflow/example_dags/subdags/subdag.py
[2025-12-24T22:18:17.121+0000] {processor.py:830} INFO - Processing file /home/airflow/.local/lib/python3.8/site-packages/airflow/example_dags/subdags/subdag.py for tasks to queue
[2025-12-24T22:18:17.122+0000] {logging_mixin.py:188} INFO - [2025-12-24T22:18:17.122+0000] {dagbag.py:538} INFO - Filling up the DagBag from /home/airflow/.local/lib/python3.8/site-packages/airflow/example_dags/subdags/subdag.py
[2025-12-24T22:18:17.126+0000] {processor.py:842} WARNING - No viable dags retrieved from /home/airflow/.local/lib/python3.8/site-packages/airflow/example_dags/subdags/subdag.py
[2025-12-24T22:18:17.159+0000] {processor.py:183} INFO - Processing /home/airflow/.local/lib/python3.8/site-packages/airflow/example_dags/subdags/subdag.py took 0.049 seconds
[2025-12-24T22:18:48.108+0000] {processor.py:161} INFO - Started process (PID=45983) to work on /home/airflow/.local/lib/python3.8/site-packages/airflow/example_dags/subdags/subdag.py
[2025-12-24T22:18:48.109+0000] {processor.py:830} INFO - Processing file /home/airflow/.local/lib/python3.8/site-packages/airflow/example_dags/subdags/subdag.py for tasks to queue
[2025-12-24T22:18:48.110+0000] {logging_mixin.py:188} INFO - [2025-12-24T22:18:48.110+0000] {dagbag.py:538} INFO - Filling up the DagBag from /home/airflow/.local/lib/python3.8/site-packages/airflow/example_dags/subdags/subdag.py
[2025-12-24T22:18:48.113+0000] {processor.py:842} WARNING - No viable dags retrieved from /home/airflow/.local/lib/python3.8/site-packages/airflow/example_dags/subdags/subdag.py
[2025-12-24T22:18:48.131+0000] {processor.py:183} INFO - Processing /home/airflow/.local/lib/python3.8/site-packages/airflow/example_dags/subdags/subdag.py took 0.026 seconds
[2025-12-24T22:19:18.712+0000] {processor.py:161} INFO - Started process (PID=46041) to work on /home/airflow/.local/lib/python3.8/site-packages/airflow/example_dags/subdags/subdag.py
[2025-12-24T22:19:18.714+0000] {processor.py:830} INFO - Processing file /home/airflow/.local/lib/python3.8/site-packages/airflow/example_dags/subdags/subdag.py for tasks to queue
[2025-12-24T22:19:18.717+0000] {logging_mixin.py:188} INFO - [2025-12-24T22:19:18.716+0000] {dagbag.py:538} INFO - Filling up the DagBag from /home/airflow/.local/lib/python3.8/site-packages/airflow/example_dags/subdags/subdag.py
[2025-12-24T22:19:18.723+0000] {processor.py:842} WARNING - No viable dags retrieved from /home/airflow/.local/lib/python3.8/site-packages/airflow/example_dags/subdags/subdag.py
[2025-12-24T22:19:18.746+0000] {processor.py:183} INFO - Processing /home/airflow/.local/lib/python3.8/site-packages/airflow/example_dags/subdags/subdag.py took 0.041 seconds
[2025-12-24T22:19:49.033+0000] {processor.py:161} INFO - Started process (PID=46099) to work on /home/airflow/.local/lib/python3.8/site-packages/airflow/example_dags/subdags/subdag.py
[2025-12-24T22:19:49.034+0000] {processor.py:830} INFO - Processing file /home/airflow/.local/lib/python3.8/site-packages/airflow/example_dags/subdags/subdag.py for tasks to queue
[2025-12-24T22:19:49.035+0000] {logging_mixin.py:188} INFO - [2025-12-24T22:19:49.035+0000] {dagbag.py:538} INFO - Filling up the DagBag from /home/airflow/.local/lib/python3.8/site-packages/airflow/example_dags/subdags/subdag.py
[2025-12-24T22:19:49.038+0000] {processor.py:842} WARNING - No viable dags retrieved from /home/airflow/.local/lib/python3.8/site-packages/airflow/example_dags/subdags/subdag.py
[2025-12-24T22:19:49.052+0000] {processor.py:183} INFO - Processing /home/airflow/.local/lib/python3.8/site-packages/airflow/example_dags/subdags/subdag.py took 0.024 seconds
[2025-12-24T22:20:19.252+0000] {processor.py:161} INFO - Started process (PID=46157) to work on /home/airflow/.local/lib/python3.8/site-packages/airflow/example_dags/subdags/subdag.py
[2025-12-24T22:20:19.254+0000] {processor.py:830} INFO - Processing file /home/airflow/.local/lib/python3.8/site-packages/airflow/example_dags/subdags/subdag.py for tasks to queue
[2025-12-24T22:20:19.255+0000] {logging_mixin.py:188} INFO - [2025-12-24T22:20:19.255+0000] {dagbag.py:538} INFO - Filling up the DagBag from /home/airflow/.local/lib/python3.8/site-packages/airflow/example_dags/subdags/subdag.py
[2025-12-24T22:20:19.258+0000] {processor.py:842} WARNING - No viable dags retrieved from /home/airflow/.local/lib/python3.8/site-packages/airflow/example_dags/subdags/subdag.py
[2025-12-24T22:20:19.274+0000] {processor.py:183} INFO - Processing /home/airflow/.local/lib/python3.8/site-packages/airflow/example_dags/subdags/subdag.py took 0.027 seconds
[2025-12-24T22:20:49.927+0000] {processor.py:161} INFO - Started process (PID=46215) to work on /home/airflow/.local/lib/python3.8/site-packages/airflow/example_dags/subdags/subdag.py
[2025-12-24T22:20:49.928+0000] {processor.py:830} INFO - Processing file /home/airflow/.local/lib/python3.8/site-packages/airflow/example_dags/subdags/subdag.py for tasks to queue
[2025-12-24T22:20:49.929+0000] {logging_mixin.py:188} INFO - [2025-12-24T22:20:49.929+0000] {dagbag.py:538} INFO - Filling up the DagBag from /home/airflow/.local/lib/python3.8/site-packages/airflow/example_dags/subdags/subdag.py
[2025-12-24T22:20:49.931+0000] {processor.py:842} WARNING - No viable dags retrieved from /home/airflow/.local/lib/python3.8/site-packages/airflow/example_dags/subdags/subdag.py
[2025-12-24T22:20:49.946+0000] {processor.py:183} INFO - Processing /home/airflow/.local/lib/python3.8/site-packages/airflow/example_dags/subdags/subdag.py took 0.023 seconds
[2025-12-24T22:21:20.673+0000] {processor.py:161} INFO - Started process (PID=46276) to work on /home/airflow/.local/lib/python3.8/site-packages/airflow/example_dags/subdags/subdag.py
[2025-12-24T22:21:20.674+0000] {processor.py:830} INFO - Processing file /home/airflow/.local/lib/python3.8/site-packages/airflow/example_dags/subdags/subdag.py for tasks to queue
[2025-12-24T22:21:20.676+0000] {logging_mixin.py:188} INFO - [2025-12-24T22:21:20.675+0000] {dagbag.py:538} INFO - Filling up the DagBag from /home/airflow/.local/lib/python3.8/site-packages/airflow/example_dags/subdags/subdag.py
[2025-12-24T22:21:20.678+0000] {processor.py:842} WARNING - No viable dags retrieved from /home/airflow/.local/lib/python3.8/site-packages/airflow/example_dags/subdags/subdag.py
[2025-12-24T22:21:20.695+0000] {processor.py:183} INFO - Processing /home/airflow/.local/lib/python3.8/site-packages/airflow/example_dags/subdags/subdag.py took 0.026 seconds
[2025-12-24T22:21:51.513+0000] {processor.py:161} INFO - Started process (PID=46335) to work on /home/airflow/.local/lib/python3.8/site-packages/airflow/example_dags/subdags/subdag.py
[2025-12-24T22:21:51.514+0000] {processor.py:830} INFO - Processing file /home/airflow/.local/lib/python3.8/site-packages/airflow/example_dags/subdags/subdag.py for tasks to queue
[2025-12-24T22:21:51.515+0000] {logging_mixin.py:188} INFO - [2025-12-24T22:21:51.515+0000] {dagbag.py:538} INFO - Filling up the DagBag from /home/airflow/.local/lib/python3.8/site-packages/airflow/example_dags/subdags/subdag.py
[2025-12-24T22:21:51.518+0000] {processor.py:842} WARNING - No viable dags retrieved from /home/airflow/.local/lib/python3.8/site-packages/airflow/example_dags/subdags/subdag.py
[2025-12-24T22:21:51.533+0000] {processor.py:183} INFO - Processing /home/airflow/.local/lib/python3.8/site-packages/airflow/example_dags/subdags/subdag.py took 0.024 seconds
[2025-12-24T22:22:21.836+0000] {processor.py:161} INFO - Started process (PID=46393) to work on /home/airflow/.local/lib/python3.8/site-packages/airflow/example_dags/subdags/subdag.py
[2025-12-24T22:22:21.838+0000] {processor.py:830} INFO - Processing file /home/airflow/.local/lib/python3.8/site-packages/airflow/example_dags/subdags/subdag.py for tasks to queue
[2025-12-24T22:22:21.839+0000] {logging_mixin.py:188} INFO - [2025-12-24T22:22:21.839+0000] {dagbag.py:538} INFO - Filling up the DagBag from /home/airflow/.local/lib/python3.8/site-packages/airflow/example_dags/subdags/subdag.py
[2025-12-24T22:22:21.842+0000] {processor.py:842} WARNING - No viable dags retrieved from /home/airflow/.local/lib/python3.8/site-packages/airflow/example_dags/subdags/subdag.py
[2025-12-24T22:22:21.860+0000] {processor.py:183} INFO - Processing /home/airflow/.local/lib/python3.8/site-packages/airflow/example_dags/subdags/subdag.py took 0.028 seconds
[2025-12-24T22:22:53.033+0000] {processor.py:161} INFO - Started process (PID=46453) to work on /home/airflow/.local/lib/python3.8/site-packages/airflow/example_dags/subdags/subdag.py
[2025-12-24T22:22:53.035+0000] {processor.py:830} INFO - Processing file /home/airflow/.local/lib/python3.8/site-packages/airflow/example_dags/subdags/subdag.py for tasks to queue
[2025-12-24T22:22:53.036+0000] {logging_mixin.py:188} INFO - [2025-12-24T22:22:53.035+0000] {dagbag.py:538} INFO - Filling up the DagBag from /home/airflow/.local/lib/python3.8/site-packages/airflow/example_dags/subdags/subdag.py
[2025-12-24T22:22:53.038+0000] {processor.py:842} WARNING - No viable dags retrieved from /home/airflow/.local/lib/python3.8/site-packages/airflow/example_dags/subdags/subdag.py
[2025-12-24T22:22:53.053+0000] {processor.py:183} INFO - Processing /home/airflow/.local/lib/python3.8/site-packages/airflow/example_dags/subdags/subdag.py took 0.024 seconds
[2025-12-24T22:23:23.675+0000] {processor.py:161} INFO - Started process (PID=46511) to work on /home/airflow/.local/lib/python3.8/site-packages/airflow/example_dags/subdags/subdag.py
[2025-12-24T22:23:23.676+0000] {processor.py:830} INFO - Processing file /home/airflow/.local/lib/python3.8/site-packages/airflow/example_dags/subdags/subdag.py for tasks to queue
[2025-12-24T22:23:23.678+0000] {logging_mixin.py:188} INFO - [2025-12-24T22:23:23.677+0000] {dagbag.py:538} INFO - Filling up the DagBag from /home/airflow/.local/lib/python3.8/site-packages/airflow/example_dags/subdags/subdag.py
[2025-12-24T22:23:23.681+0000] {processor.py:842} WARNING - No viable dags retrieved from /home/airflow/.local/lib/python3.8/site-packages/airflow/example_dags/subdags/subdag.py
[2025-12-24T22:23:23.702+0000] {processor.py:183} INFO - Processing /home/airflow/.local/lib/python3.8/site-packages/airflow/example_dags/subdags/subdag.py took 0.031 seconds
[2025-12-24T22:23:54.014+0000] {processor.py:161} INFO - Started process (PID=46570) to work on /home/airflow/.local/lib/python3.8/site-packages/airflow/example_dags/subdags/subdag.py
[2025-12-24T22:23:54.016+0000] {processor.py:830} INFO - Processing file /home/airflow/.local/lib/python3.8/site-packages/airflow/example_dags/subdags/subdag.py for tasks to queue
[2025-12-24T22:23:54.017+0000] {logging_mixin.py:188} INFO - [2025-12-24T22:23:54.016+0000] {dagbag.py:538} INFO - Filling up the DagBag from /home/airflow/.local/lib/python3.8/site-packages/airflow/example_dags/subdags/subdag.py
[2025-12-24T22:23:54.019+0000] {processor.py:842} WARNING - No viable dags retrieved from /home/airflow/.local/lib/python3.8/site-packages/airflow/example_dags/subdags/subdag.py
[2025-12-24T22:23:54.036+0000] {processor.py:183} INFO - Processing /home/airflow/.local/lib/python3.8/site-packages/airflow/example_dags/subdags/subdag.py took 0.025 seconds
[2025-12-24T22:24:25.210+0000] {processor.py:161} INFO - Started process (PID=46629) to work on /home/airflow/.local/lib/python3.8/site-packages/airflow/example_dags/subdags/subdag.py
[2025-12-24T22:24:25.211+0000] {processor.py:830} INFO - Processing file /home/airflow/.local/lib/python3.8/site-packages/airflow/example_dags/subdags/subdag.py for tasks to queue
[2025-12-24T22:24:25.212+0000] {logging_mixin.py:188} INFO - [2025-12-24T22:24:25.212+0000] {dagbag.py:538} INFO - Filling up the DagBag from /home/airflow/.local/lib/python3.8/site-packages/airflow/example_dags/subdags/subdag.py
[2025-12-24T22:24:25.214+0000] {processor.py:842} WARNING - No viable dags retrieved from /home/airflow/.local/lib/python3.8/site-packages/airflow/example_dags/subdags/subdag.py
[2025-12-24T22:24:25.229+0000] {processor.py:183} INFO - Processing /home/airflow/.local/lib/python3.8/site-packages/airflow/example_dags/subdags/subdag.py took 0.023 seconds
[2025-12-24T22:24:56.304+0000] {processor.py:161} INFO - Started process (PID=46690) to work on /home/airflow/.local/lib/python3.8/site-packages/airflow/example_dags/subdags/subdag.py
[2025-12-24T22:24:56.305+0000] {processor.py:830} INFO - Processing file /home/airflow/.local/lib/python3.8/site-packages/airflow/example_dags/subdags/subdag.py for tasks to queue
[2025-12-24T22:24:56.306+0000] {logging_mixin.py:188} INFO - [2025-12-24T22:24:56.306+0000] {dagbag.py:538} INFO - Filling up the DagBag from /home/airflow/.local/lib/python3.8/site-packages/airflow/example_dags/subdags/subdag.py
[2025-12-24T22:24:56.309+0000] {processor.py:842} WARNING - No viable dags retrieved from /home/airflow/.local/lib/python3.8/site-packages/airflow/example_dags/subdags/subdag.py
[2025-12-24T22:24:56.324+0000] {processor.py:183} INFO - Processing /home/airflow/.local/lib/python3.8/site-packages/airflow/example_dags/subdags/subdag.py took 0.024 seconds
[2025-12-24T22:25:27.129+0000] {processor.py:161} INFO - Started process (PID=46748) to work on /home/airflow/.local/lib/python3.8/site-packages/airflow/example_dags/subdags/subdag.py
[2025-12-24T22:25:27.130+0000] {processor.py:830} INFO - Processing file /home/airflow/.local/lib/python3.8/site-packages/airflow/example_dags/subdags/subdag.py for tasks to queue
[2025-12-24T22:25:27.131+0000] {logging_mixin.py:188} INFO - [2025-12-24T22:25:27.131+0000] {dagbag.py:538} INFO - Filling up the DagBag from /home/airflow/.local/lib/python3.8/site-packages/airflow/example_dags/subdags/subdag.py
[2025-12-24T22:25:27.134+0000] {processor.py:842} WARNING - No viable dags retrieved from /home/airflow/.local/lib/python3.8/site-packages/airflow/example_dags/subdags/subdag.py
[2025-12-24T22:25:27.150+0000] {processor.py:183} INFO - Processing /home/airflow/.local/lib/python3.8/site-packages/airflow/example_dags/subdags/subdag.py took 0.025 seconds
[2025-12-24T22:25:57.804+0000] {processor.py:161} INFO - Started process (PID=46807) to work on /home/airflow/.local/lib/python3.8/site-packages/airflow/example_dags/subdags/subdag.py
[2025-12-24T22:25:57.805+0000] {processor.py:830} INFO - Processing file /home/airflow/.local/lib/python3.8/site-packages/airflow/example_dags/subdags/subdag.py for tasks to queue
[2025-12-24T22:25:57.806+0000] {logging_mixin.py:188} INFO - [2025-12-24T22:25:57.806+0000] {dagbag.py:538} INFO - Filling up the DagBag from /home/airflow/.local/lib/python3.8/site-packages/airflow/example_dags/subdags/subdag.py
[2025-12-24T22:25:57.808+0000] {processor.py:842} WARNING - No viable dags retrieved from /home/airflow/.local/lib/python3.8/site-packages/airflow/example_dags/subdags/subdag.py
[2025-12-24T22:25:57.824+0000] {processor.py:183} INFO - Processing /home/airflow/.local/lib/python3.8/site-packages/airflow/example_dags/subdags/subdag.py took 0.024 seconds
[2025-12-24T22:26:28.526+0000] {processor.py:161} INFO - Started process (PID=46866) to work on /home/airflow/.local/lib/python3.8/site-packages/airflow/example_dags/subdags/subdag.py
[2025-12-24T22:26:28.527+0000] {processor.py:830} INFO - Processing file /home/airflow/.local/lib/python3.8/site-packages/airflow/example_dags/subdags/subdag.py for tasks to queue
[2025-12-24T22:26:28.528+0000] {logging_mixin.py:188} INFO - [2025-12-24T22:26:28.528+0000] {dagbag.py:538} INFO - Filling up the DagBag from /home/airflow/.local/lib/python3.8/site-packages/airflow/example_dags/subdags/subdag.py
[2025-12-24T22:26:28.530+0000] {processor.py:842} WARNING - No viable dags retrieved from /home/airflow/.local/lib/python3.8/site-packages/airflow/example_dags/subdags/subdag.py
[2025-12-24T22:26:28.544+0000] {processor.py:183} INFO - Processing /home/airflow/.local/lib/python3.8/site-packages/airflow/example_dags/subdags/subdag.py took 0.022 seconds
[2025-12-24T22:26:58.823+0000] {processor.py:161} INFO - Started process (PID=46925) to work on /home/airflow/.local/lib/python3.8/site-packages/airflow/example_dags/subdags/subdag.py
[2025-12-24T22:26:58.825+0000] {processor.py:830} INFO - Processing file /home/airflow/.local/lib/python3.8/site-packages/airflow/example_dags/subdags/subdag.py for tasks to queue
[2025-12-24T22:26:58.826+0000] {logging_mixin.py:188} INFO - [2025-12-24T22:26:58.826+0000] {dagbag.py:538} INFO - Filling up the DagBag from /home/airflow/.local/lib/python3.8/site-packages/airflow/example_dags/subdags/subdag.py
[2025-12-24T22:26:58.829+0000] {processor.py:842} WARNING - No viable dags retrieved from /home/airflow/.local/lib/python3.8/site-packages/airflow/example_dags/subdags/subdag.py
[2025-12-24T22:26:58.847+0000] {processor.py:183} INFO - Processing /home/airflow/.local/lib/python3.8/site-packages/airflow/example_dags/subdags/subdag.py took 0.029 seconds
[2025-12-24T22:27:28.948+0000] {processor.py:161} INFO - Started process (PID=46982) to work on /home/airflow/.local/lib/python3.8/site-packages/airflow/example_dags/subdags/subdag.py
[2025-12-24T22:27:28.949+0000] {processor.py:830} INFO - Processing file /home/airflow/.local/lib/python3.8/site-packages/airflow/example_dags/subdags/subdag.py for tasks to queue
[2025-12-24T22:27:28.950+0000] {logging_mixin.py:188} INFO - [2025-12-24T22:27:28.950+0000] {dagbag.py:538} INFO - Filling up the DagBag from /home/airflow/.local/lib/python3.8/site-packages/airflow/example_dags/subdags/subdag.py
[2025-12-24T22:27:28.954+0000] {processor.py:842} WARNING - No viable dags retrieved from /home/airflow/.local/lib/python3.8/site-packages/airflow/example_dags/subdags/subdag.py
[2025-12-24T22:27:28.968+0000] {processor.py:183} INFO - Processing /home/airflow/.local/lib/python3.8/site-packages/airflow/example_dags/subdags/subdag.py took 0.024 seconds
[2025-12-24T22:27:59.693+0000] {processor.py:161} INFO - Started process (PID=47041) to work on /home/airflow/.local/lib/python3.8/site-packages/airflow/example_dags/subdags/subdag.py
[2025-12-24T22:27:59.694+0000] {processor.py:830} INFO - Processing file /home/airflow/.local/lib/python3.8/site-packages/airflow/example_dags/subdags/subdag.py for tasks to queue
[2025-12-24T22:27:59.695+0000] {logging_mixin.py:188} INFO - [2025-12-24T22:27:59.695+0000] {dagbag.py:538} INFO - Filling up the DagBag from /home/airflow/.local/lib/python3.8/site-packages/airflow/example_dags/subdags/subdag.py
[2025-12-24T22:27:59.698+0000] {processor.py:842} WARNING - No viable dags retrieved from /home/airflow/.local/lib/python3.8/site-packages/airflow/example_dags/subdags/subdag.py
[2025-12-24T22:27:59.712+0000] {processor.py:183} INFO - Processing /home/airflow/.local/lib/python3.8/site-packages/airflow/example_dags/subdags/subdag.py took 0.023 seconds
[2025-12-24T22:28:30.245+0000] {processor.py:161} INFO - Started process (PID=47100) to work on /home/airflow/.local/lib/python3.8/site-packages/airflow/example_dags/subdags/subdag.py
[2025-12-24T22:28:30.247+0000] {processor.py:830} INFO - Processing file /home/airflow/.local/lib/python3.8/site-packages/airflow/example_dags/subdags/subdag.py for tasks to queue
[2025-12-24T22:28:30.249+0000] {logging_mixin.py:188} INFO - [2025-12-24T22:28:30.248+0000] {dagbag.py:538} INFO - Filling up the DagBag from /home/airflow/.local/lib/python3.8/site-packages/airflow/example_dags/subdags/subdag.py
[2025-12-24T22:28:30.254+0000] {processor.py:842} WARNING - No viable dags retrieved from /home/airflow/.local/lib/python3.8/site-packages/airflow/example_dags/subdags/subdag.py
[2025-12-24T22:28:30.270+0000] {processor.py:183} INFO - Processing /home/airflow/.local/lib/python3.8/site-packages/airflow/example_dags/subdags/subdag.py took 0.030 seconds
[2025-12-24T22:29:01.100+0000] {processor.py:161} INFO - Started process (PID=47159) to work on /home/airflow/.local/lib/python3.8/site-packages/airflow/example_dags/subdags/subdag.py
[2025-12-24T22:29:01.102+0000] {processor.py:830} INFO - Processing file /home/airflow/.local/lib/python3.8/site-packages/airflow/example_dags/subdags/subdag.py for tasks to queue
[2025-12-24T22:29:01.103+0000] {logging_mixin.py:188} INFO - [2025-12-24T22:29:01.103+0000] {dagbag.py:538} INFO - Filling up the DagBag from /home/airflow/.local/lib/python3.8/site-packages/airflow/example_dags/subdags/subdag.py
[2025-12-24T22:29:01.106+0000] {processor.py:842} WARNING - No viable dags retrieved from /home/airflow/.local/lib/python3.8/site-packages/airflow/example_dags/subdags/subdag.py
[2025-12-24T22:29:01.124+0000] {processor.py:183} INFO - Processing /home/airflow/.local/lib/python3.8/site-packages/airflow/example_dags/subdags/subdag.py took 0.027 seconds
[2025-12-24T22:29:31.900+0000] {processor.py:161} INFO - Started process (PID=47217) to work on /home/airflow/.local/lib/python3.8/site-packages/airflow/example_dags/subdags/subdag.py
[2025-12-24T22:29:31.901+0000] {processor.py:830} INFO - Processing file /home/airflow/.local/lib/python3.8/site-packages/airflow/example_dags/subdags/subdag.py for tasks to queue
[2025-12-24T22:29:31.903+0000] {logging_mixin.py:188} INFO - [2025-12-24T22:29:31.902+0000] {dagbag.py:538} INFO - Filling up the DagBag from /home/airflow/.local/lib/python3.8/site-packages/airflow/example_dags/subdags/subdag.py
[2025-12-24T22:29:31.906+0000] {processor.py:842} WARNING - No viable dags retrieved from /home/airflow/.local/lib/python3.8/site-packages/airflow/example_dags/subdags/subdag.py
[2025-12-24T22:29:31.923+0000] {processor.py:183} INFO - Processing /home/airflow/.local/lib/python3.8/site-packages/airflow/example_dags/subdags/subdag.py took 0.027 seconds
[2025-12-24T22:30:02.363+0000] {processor.py:161} INFO - Started process (PID=47276) to work on /home/airflow/.local/lib/python3.8/site-packages/airflow/example_dags/subdags/subdag.py
[2025-12-24T22:30:02.365+0000] {processor.py:830} INFO - Processing file /home/airflow/.local/lib/python3.8/site-packages/airflow/example_dags/subdags/subdag.py for tasks to queue
[2025-12-24T22:30:02.366+0000] {logging_mixin.py:188} INFO - [2025-12-24T22:30:02.366+0000] {dagbag.py:538} INFO - Filling up the DagBag from /home/airflow/.local/lib/python3.8/site-packages/airflow/example_dags/subdags/subdag.py
[2025-12-24T22:30:02.370+0000] {processor.py:842} WARNING - No viable dags retrieved from /home/airflow/.local/lib/python3.8/site-packages/airflow/example_dags/subdags/subdag.py
[2025-12-24T22:30:02.391+0000] {processor.py:183} INFO - Processing /home/airflow/.local/lib/python3.8/site-packages/airflow/example_dags/subdags/subdag.py took 0.032 seconds
[2025-12-24T22:30:32.820+0000] {processor.py:161} INFO - Started process (PID=47335) to work on /home/airflow/.local/lib/python3.8/site-packages/airflow/example_dags/subdags/subdag.py
[2025-12-24T22:30:32.822+0000] {processor.py:830} INFO - Processing file /home/airflow/.local/lib/python3.8/site-packages/airflow/example_dags/subdags/subdag.py for tasks to queue
[2025-12-24T22:30:32.823+0000] {logging_mixin.py:188} INFO - [2025-12-24T22:30:32.823+0000] {dagbag.py:538} INFO - Filling up the DagBag from /home/airflow/.local/lib/python3.8/site-packages/airflow/example_dags/subdags/subdag.py
[2025-12-24T22:30:32.826+0000] {processor.py:842} WARNING - No viable dags retrieved from /home/airflow/.local/lib/python3.8/site-packages/airflow/example_dags/subdags/subdag.py
[2025-12-24T22:30:32.844+0000] {processor.py:183} INFO - Processing /home/airflow/.local/lib/python3.8/site-packages/airflow/example_dags/subdags/subdag.py took 0.028 seconds
[2025-12-24T22:31:02.984+0000] {processor.py:161} INFO - Started process (PID=47393) to work on /home/airflow/.local/lib/python3.8/site-packages/airflow/example_dags/subdags/subdag.py
[2025-12-24T22:31:02.985+0000] {processor.py:830} INFO - Processing file /home/airflow/.local/lib/python3.8/site-packages/airflow/example_dags/subdags/subdag.py for tasks to queue
[2025-12-24T22:31:02.986+0000] {logging_mixin.py:188} INFO - [2025-12-24T22:31:02.986+0000] {dagbag.py:538} INFO - Filling up the DagBag from /home/airflow/.local/lib/python3.8/site-packages/airflow/example_dags/subdags/subdag.py
[2025-12-24T22:31:02.989+0000] {processor.py:842} WARNING - No viable dags retrieved from /home/airflow/.local/lib/python3.8/site-packages/airflow/example_dags/subdags/subdag.py
[2025-12-24T22:31:03.004+0000] {processor.py:183} INFO - Processing /home/airflow/.local/lib/python3.8/site-packages/airflow/example_dags/subdags/subdag.py took 0.024 seconds
[2025-12-24T22:31:33.109+0000] {processor.py:161} INFO - Started process (PID=47451) to work on /home/airflow/.local/lib/python3.8/site-packages/airflow/example_dags/subdags/subdag.py
[2025-12-24T22:31:33.111+0000] {processor.py:830} INFO - Processing file /home/airflow/.local/lib/python3.8/site-packages/airflow/example_dags/subdags/subdag.py for tasks to queue
[2025-12-24T22:31:33.112+0000] {logging_mixin.py:188} INFO - [2025-12-24T22:31:33.112+0000] {dagbag.py:538} INFO - Filling up the DagBag from /home/airflow/.local/lib/python3.8/site-packages/airflow/example_dags/subdags/subdag.py
[2025-12-24T22:31:33.116+0000] {processor.py:842} WARNING - No viable dags retrieved from /home/airflow/.local/lib/python3.8/site-packages/airflow/example_dags/subdags/subdag.py
[2025-12-24T22:31:33.135+0000] {processor.py:183} INFO - Processing /home/airflow/.local/lib/python3.8/site-packages/airflow/example_dags/subdags/subdag.py took 0.031 seconds
[2025-12-24T22:32:03.679+0000] {processor.py:161} INFO - Started process (PID=47511) to work on /home/airflow/.local/lib/python3.8/site-packages/airflow/example_dags/subdags/subdag.py
[2025-12-24T22:32:03.680+0000] {processor.py:830} INFO - Processing file /home/airflow/.local/lib/python3.8/site-packages/airflow/example_dags/subdags/subdag.py for tasks to queue
[2025-12-24T22:32:03.681+0000] {logging_mixin.py:188} INFO - [2025-12-24T22:32:03.681+0000] {dagbag.py:538} INFO - Filling up the DagBag from /home/airflow/.local/lib/python3.8/site-packages/airflow/example_dags/subdags/subdag.py
[2025-12-24T22:32:03.684+0000] {processor.py:842} WARNING - No viable dags retrieved from /home/airflow/.local/lib/python3.8/site-packages/airflow/example_dags/subdags/subdag.py
[2025-12-24T22:32:03.698+0000] {processor.py:183} INFO - Processing /home/airflow/.local/lib/python3.8/site-packages/airflow/example_dags/subdags/subdag.py took 0.022 seconds
[2025-12-24T22:32:33.953+0000] {processor.py:161} INFO - Started process (PID=47570) to work on /home/airflow/.local/lib/python3.8/site-packages/airflow/example_dags/subdags/subdag.py
[2025-12-24T22:32:33.954+0000] {processor.py:830} INFO - Processing file /home/airflow/.local/lib/python3.8/site-packages/airflow/example_dags/subdags/subdag.py for tasks to queue
[2025-12-24T22:32:33.956+0000] {logging_mixin.py:188} INFO - [2025-12-24T22:32:33.955+0000] {dagbag.py:538} INFO - Filling up the DagBag from /home/airflow/.local/lib/python3.8/site-packages/airflow/example_dags/subdags/subdag.py
[2025-12-24T22:32:33.958+0000] {processor.py:842} WARNING - No viable dags retrieved from /home/airflow/.local/lib/python3.8/site-packages/airflow/example_dags/subdags/subdag.py
[2025-12-24T22:32:33.972+0000] {processor.py:183} INFO - Processing /home/airflow/.local/lib/python3.8/site-packages/airflow/example_dags/subdags/subdag.py took 0.022 seconds
[2025-12-24T22:33:04.283+0000] {processor.py:161} INFO - Started process (PID=47629) to work on /home/airflow/.local/lib/python3.8/site-packages/airflow/example_dags/subdags/subdag.py
[2025-12-24T22:33:04.284+0000] {processor.py:830} INFO - Processing file /home/airflow/.local/lib/python3.8/site-packages/airflow/example_dags/subdags/subdag.py for tasks to queue
[2025-12-24T22:33:04.285+0000] {logging_mixin.py:188} INFO - [2025-12-24T22:33:04.284+0000] {dagbag.py:538} INFO - Filling up the DagBag from /home/airflow/.local/lib/python3.8/site-packages/airflow/example_dags/subdags/subdag.py
[2025-12-24T22:33:04.288+0000] {processor.py:842} WARNING - No viable dags retrieved from /home/airflow/.local/lib/python3.8/site-packages/airflow/example_dags/subdags/subdag.py
[2025-12-24T22:33:04.300+0000] {processor.py:183} INFO - Processing /home/airflow/.local/lib/python3.8/site-packages/airflow/example_dags/subdags/subdag.py took 0.021 seconds
[2025-12-24T22:33:34.972+0000] {processor.py:161} INFO - Started process (PID=47688) to work on /home/airflow/.local/lib/python3.8/site-packages/airflow/example_dags/subdags/subdag.py
[2025-12-24T22:33:34.973+0000] {processor.py:830} INFO - Processing file /home/airflow/.local/lib/python3.8/site-packages/airflow/example_dags/subdags/subdag.py for tasks to queue
[2025-12-24T22:33:34.975+0000] {logging_mixin.py:188} INFO - [2025-12-24T22:33:34.974+0000] {dagbag.py:538} INFO - Filling up the DagBag from /home/airflow/.local/lib/python3.8/site-packages/airflow/example_dags/subdags/subdag.py
[2025-12-24T22:33:34.978+0000] {processor.py:842} WARNING - No viable dags retrieved from /home/airflow/.local/lib/python3.8/site-packages/airflow/example_dags/subdags/subdag.py
[2025-12-24T22:33:34.997+0000] {processor.py:183} INFO - Processing /home/airflow/.local/lib/python3.8/site-packages/airflow/example_dags/subdags/subdag.py took 0.031 seconds
[2025-12-24T22:34:05.397+0000] {processor.py:161} INFO - Started process (PID=47761) to work on /home/airflow/.local/lib/python3.8/site-packages/airflow/example_dags/subdags/subdag.py
[2025-12-24T22:34:05.398+0000] {processor.py:830} INFO - Processing file /home/airflow/.local/lib/python3.8/site-packages/airflow/example_dags/subdags/subdag.py for tasks to queue
[2025-12-24T22:34:05.399+0000] {logging_mixin.py:188} INFO - [2025-12-24T22:34:05.399+0000] {dagbag.py:538} INFO - Filling up the DagBag from /home/airflow/.local/lib/python3.8/site-packages/airflow/example_dags/subdags/subdag.py
[2025-12-24T22:34:05.402+0000] {processor.py:842} WARNING - No viable dags retrieved from /home/airflow/.local/lib/python3.8/site-packages/airflow/example_dags/subdags/subdag.py
[2025-12-24T22:34:05.414+0000] {processor.py:183} INFO - Processing /home/airflow/.local/lib/python3.8/site-packages/airflow/example_dags/subdags/subdag.py took 0.021 seconds
[2025-12-24T22:34:37.016+0000] {processor.py:161} INFO - Started process (PID=47822) to work on /home/airflow/.local/lib/python3.8/site-packages/airflow/example_dags/subdags/subdag.py
[2025-12-24T22:34:37.018+0000] {processor.py:830} INFO - Processing file /home/airflow/.local/lib/python3.8/site-packages/airflow/example_dags/subdags/subdag.py for tasks to queue
[2025-12-24T22:34:37.020+0000] {logging_mixin.py:188} INFO - [2025-12-24T22:34:37.019+0000] {dagbag.py:538} INFO - Filling up the DagBag from /home/airflow/.local/lib/python3.8/site-packages/airflow/example_dags/subdags/subdag.py
[2025-12-24T22:34:37.035+0000] {processor.py:842} WARNING - No viable dags retrieved from /home/airflow/.local/lib/python3.8/site-packages/airflow/example_dags/subdags/subdag.py
[2025-12-24T22:34:37.079+0000] {processor.py:183} INFO - Processing /home/airflow/.local/lib/python3.8/site-packages/airflow/example_dags/subdags/subdag.py took 0.074 seconds
[2025-12-24T22:35:07.604+0000] {processor.py:161} INFO - Started process (PID=47879) to work on /home/airflow/.local/lib/python3.8/site-packages/airflow/example_dags/subdags/subdag.py
[2025-12-24T22:35:07.606+0000] {processor.py:830} INFO - Processing file /home/airflow/.local/lib/python3.8/site-packages/airflow/example_dags/subdags/subdag.py for tasks to queue
[2025-12-24T22:35:07.607+0000] {logging_mixin.py:188} INFO - [2025-12-24T22:35:07.607+0000] {dagbag.py:538} INFO - Filling up the DagBag from /home/airflow/.local/lib/python3.8/site-packages/airflow/example_dags/subdags/subdag.py
[2025-12-24T22:35:07.610+0000] {processor.py:842} WARNING - No viable dags retrieved from /home/airflow/.local/lib/python3.8/site-packages/airflow/example_dags/subdags/subdag.py
[2025-12-24T22:35:07.627+0000] {processor.py:183} INFO - Processing /home/airflow/.local/lib/python3.8/site-packages/airflow/example_dags/subdags/subdag.py took 0.027 seconds
[2025-12-24T22:35:37.910+0000] {processor.py:161} INFO - Started process (PID=47938) to work on /home/airflow/.local/lib/python3.8/site-packages/airflow/example_dags/subdags/subdag.py
[2025-12-24T22:35:37.911+0000] {processor.py:830} INFO - Processing file /home/airflow/.local/lib/python3.8/site-packages/airflow/example_dags/subdags/subdag.py for tasks to queue
[2025-12-24T22:35:37.913+0000] {logging_mixin.py:188} INFO - [2025-12-24T22:35:37.912+0000] {dagbag.py:538} INFO - Filling up the DagBag from /home/airflow/.local/lib/python3.8/site-packages/airflow/example_dags/subdags/subdag.py
[2025-12-24T22:35:37.920+0000] {processor.py:842} WARNING - No viable dags retrieved from /home/airflow/.local/lib/python3.8/site-packages/airflow/example_dags/subdags/subdag.py
[2025-12-24T22:35:37.938+0000] {processor.py:183} INFO - Processing /home/airflow/.local/lib/python3.8/site-packages/airflow/example_dags/subdags/subdag.py took 0.033 seconds
[2025-12-24T22:36:08.221+0000] {processor.py:161} INFO - Started process (PID=47997) to work on /home/airflow/.local/lib/python3.8/site-packages/airflow/example_dags/subdags/subdag.py
[2025-12-24T22:36:08.223+0000] {processor.py:830} INFO - Processing file /home/airflow/.local/lib/python3.8/site-packages/airflow/example_dags/subdags/subdag.py for tasks to queue
[2025-12-24T22:36:08.224+0000] {logging_mixin.py:188} INFO - [2025-12-24T22:36:08.224+0000] {dagbag.py:538} INFO - Filling up the DagBag from /home/airflow/.local/lib/python3.8/site-packages/airflow/example_dags/subdags/subdag.py
[2025-12-24T22:36:08.227+0000] {processor.py:842} WARNING - No viable dags retrieved from /home/airflow/.local/lib/python3.8/site-packages/airflow/example_dags/subdags/subdag.py
[2025-12-24T22:36:08.242+0000] {processor.py:183} INFO - Processing /home/airflow/.local/lib/python3.8/site-packages/airflow/example_dags/subdags/subdag.py took 0.025 seconds
[2025-12-24T22:36:38.692+0000] {processor.py:161} INFO - Started process (PID=48056) to work on /home/airflow/.local/lib/python3.8/site-packages/airflow/example_dags/subdags/subdag.py
[2025-12-24T22:36:38.693+0000] {processor.py:830} INFO - Processing file /home/airflow/.local/lib/python3.8/site-packages/airflow/example_dags/subdags/subdag.py for tasks to queue
[2025-12-24T22:36:38.694+0000] {logging_mixin.py:188} INFO - [2025-12-24T22:36:38.694+0000] {dagbag.py:538} INFO - Filling up the DagBag from /home/airflow/.local/lib/python3.8/site-packages/airflow/example_dags/subdags/subdag.py
[2025-12-24T22:36:38.697+0000] {processor.py:842} WARNING - No viable dags retrieved from /home/airflow/.local/lib/python3.8/site-packages/airflow/example_dags/subdags/subdag.py
[2025-12-24T22:36:38.712+0000] {processor.py:183} INFO - Processing /home/airflow/.local/lib/python3.8/site-packages/airflow/example_dags/subdags/subdag.py took 0.024 seconds
[2025-12-24T22:37:09.301+0000] {processor.py:161} INFO - Started process (PID=48115) to work on /home/airflow/.local/lib/python3.8/site-packages/airflow/example_dags/subdags/subdag.py
[2025-12-24T22:37:09.303+0000] {processor.py:830} INFO - Processing file /home/airflow/.local/lib/python3.8/site-packages/airflow/example_dags/subdags/subdag.py for tasks to queue
[2025-12-24T22:37:09.304+0000] {logging_mixin.py:188} INFO - [2025-12-24T22:37:09.304+0000] {dagbag.py:538} INFO - Filling up the DagBag from /home/airflow/.local/lib/python3.8/site-packages/airflow/example_dags/subdags/subdag.py
[2025-12-24T22:37:09.307+0000] {processor.py:842} WARNING - No viable dags retrieved from /home/airflow/.local/lib/python3.8/site-packages/airflow/example_dags/subdags/subdag.py
[2025-12-24T22:37:09.323+0000] {processor.py:183} INFO - Processing /home/airflow/.local/lib/python3.8/site-packages/airflow/example_dags/subdags/subdag.py took 0.025 seconds
[2025-12-24T22:37:39.932+0000] {processor.py:161} INFO - Started process (PID=48174) to work on /home/airflow/.local/lib/python3.8/site-packages/airflow/example_dags/subdags/subdag.py
[2025-12-24T22:37:39.933+0000] {processor.py:830} INFO - Processing file /home/airflow/.local/lib/python3.8/site-packages/airflow/example_dags/subdags/subdag.py for tasks to queue
[2025-12-24T22:37:39.934+0000] {logging_mixin.py:188} INFO - [2025-12-24T22:37:39.934+0000] {dagbag.py:538} INFO - Filling up the DagBag from /home/airflow/.local/lib/python3.8/site-packages/airflow/example_dags/subdags/subdag.py
[2025-12-24T22:37:39.937+0000] {processor.py:842} WARNING - No viable dags retrieved from /home/airflow/.local/lib/python3.8/site-packages/airflow/example_dags/subdags/subdag.py
[2025-12-24T22:37:39.951+0000] {processor.py:183} INFO - Processing /home/airflow/.local/lib/python3.8/site-packages/airflow/example_dags/subdags/subdag.py took 0.022 seconds
[2025-12-24T22:38:10.492+0000] {processor.py:161} INFO - Started process (PID=48233) to work on /home/airflow/.local/lib/python3.8/site-packages/airflow/example_dags/subdags/subdag.py
[2025-12-24T22:38:10.494+0000] {processor.py:830} INFO - Processing file /home/airflow/.local/lib/python3.8/site-packages/airflow/example_dags/subdags/subdag.py for tasks to queue
[2025-12-24T22:38:10.495+0000] {logging_mixin.py:188} INFO - [2025-12-24T22:38:10.495+0000] {dagbag.py:538} INFO - Filling up the DagBag from /home/airflow/.local/lib/python3.8/site-packages/airflow/example_dags/subdags/subdag.py
[2025-12-24T22:38:10.499+0000] {processor.py:842} WARNING - No viable dags retrieved from /home/airflow/.local/lib/python3.8/site-packages/airflow/example_dags/subdags/subdag.py
[2025-12-24T22:38:10.516+0000] {processor.py:183} INFO - Processing /home/airflow/.local/lib/python3.8/site-packages/airflow/example_dags/subdags/subdag.py took 0.029 seconds
[2025-12-24T22:38:40.942+0000] {processor.py:161} INFO - Started process (PID=48292) to work on /home/airflow/.local/lib/python3.8/site-packages/airflow/example_dags/subdags/subdag.py
[2025-12-24T22:38:40.951+0000] {processor.py:830} INFO - Processing file /home/airflow/.local/lib/python3.8/site-packages/airflow/example_dags/subdags/subdag.py for tasks to queue
[2025-12-24T22:38:40.953+0000] {logging_mixin.py:188} INFO - [2025-12-24T22:38:40.952+0000] {dagbag.py:538} INFO - Filling up the DagBag from /home/airflow/.local/lib/python3.8/site-packages/airflow/example_dags/subdags/subdag.py
[2025-12-24T22:38:40.967+0000] {processor.py:842} WARNING - No viable dags retrieved from /home/airflow/.local/lib/python3.8/site-packages/airflow/example_dags/subdags/subdag.py
[2025-12-24T22:38:40.995+0000] {processor.py:183} INFO - Processing /home/airflow/.local/lib/python3.8/site-packages/airflow/example_dags/subdags/subdag.py took 0.058 seconds
[2025-12-24T22:39:11.399+0000] {processor.py:161} INFO - Started process (PID=48351) to work on /home/airflow/.local/lib/python3.8/site-packages/airflow/example_dags/subdags/subdag.py
[2025-12-24T22:39:11.401+0000] {processor.py:830} INFO - Processing file /home/airflow/.local/lib/python3.8/site-packages/airflow/example_dags/subdags/subdag.py for tasks to queue
[2025-12-24T22:39:11.403+0000] {logging_mixin.py:188} INFO - [2025-12-24T22:39:11.402+0000] {dagbag.py:538} INFO - Filling up the DagBag from /home/airflow/.local/lib/python3.8/site-packages/airflow/example_dags/subdags/subdag.py
[2025-12-24T22:39:11.408+0000] {processor.py:842} WARNING - No viable dags retrieved from /home/airflow/.local/lib/python3.8/site-packages/airflow/example_dags/subdags/subdag.py
[2025-12-24T22:39:11.428+0000] {processor.py:183} INFO - Processing /home/airflow/.local/lib/python3.8/site-packages/airflow/example_dags/subdags/subdag.py took 0.033 seconds
[2025-12-24T22:39:42.119+0000] {processor.py:161} INFO - Started process (PID=48410) to work on /home/airflow/.local/lib/python3.8/site-packages/airflow/example_dags/subdags/subdag.py
[2025-12-24T22:39:42.121+0000] {processor.py:830} INFO - Processing file /home/airflow/.local/lib/python3.8/site-packages/airflow/example_dags/subdags/subdag.py for tasks to queue
[2025-12-24T22:39:42.123+0000] {logging_mixin.py:188} INFO - [2025-12-24T22:39:42.122+0000] {dagbag.py:538} INFO - Filling up the DagBag from /home/airflow/.local/lib/python3.8/site-packages/airflow/example_dags/subdags/subdag.py
[2025-12-24T22:39:42.126+0000] {processor.py:842} WARNING - No viable dags retrieved from /home/airflow/.local/lib/python3.8/site-packages/airflow/example_dags/subdags/subdag.py
[2025-12-24T22:39:42.140+0000] {processor.py:183} INFO - Processing /home/airflow/.local/lib/python3.8/site-packages/airflow/example_dags/subdags/subdag.py took 0.024 seconds
[2025-12-24T22:40:12.680+0000] {processor.py:161} INFO - Started process (PID=48469) to work on /home/airflow/.local/lib/python3.8/site-packages/airflow/example_dags/subdags/subdag.py
[2025-12-24T22:40:12.681+0000] {processor.py:830} INFO - Processing file /home/airflow/.local/lib/python3.8/site-packages/airflow/example_dags/subdags/subdag.py for tasks to queue
[2025-12-24T22:40:12.682+0000] {logging_mixin.py:188} INFO - [2025-12-24T22:40:12.682+0000] {dagbag.py:538} INFO - Filling up the DagBag from /home/airflow/.local/lib/python3.8/site-packages/airflow/example_dags/subdags/subdag.py
[2025-12-24T22:40:12.684+0000] {processor.py:842} WARNING - No viable dags retrieved from /home/airflow/.local/lib/python3.8/site-packages/airflow/example_dags/subdags/subdag.py
[2025-12-24T22:40:12.698+0000] {processor.py:183} INFO - Processing /home/airflow/.local/lib/python3.8/site-packages/airflow/example_dags/subdags/subdag.py took 0.022 seconds
[2025-12-24T22:40:43.376+0000] {processor.py:161} INFO - Started process (PID=48528) to work on /home/airflow/.local/lib/python3.8/site-packages/airflow/example_dags/subdags/subdag.py
[2025-12-24T22:40:43.377+0000] {processor.py:830} INFO - Processing file /home/airflow/.local/lib/python3.8/site-packages/airflow/example_dags/subdags/subdag.py for tasks to queue
[2025-12-24T22:40:43.378+0000] {logging_mixin.py:188} INFO - [2025-12-24T22:40:43.378+0000] {dagbag.py:538} INFO - Filling up the DagBag from /home/airflow/.local/lib/python3.8/site-packages/airflow/example_dags/subdags/subdag.py
[2025-12-24T22:40:43.381+0000] {processor.py:842} WARNING - No viable dags retrieved from /home/airflow/.local/lib/python3.8/site-packages/airflow/example_dags/subdags/subdag.py
[2025-12-24T22:40:43.396+0000] {processor.py:183} INFO - Processing /home/airflow/.local/lib/python3.8/site-packages/airflow/example_dags/subdags/subdag.py took 0.025 seconds
[2025-12-24T22:41:14.221+0000] {processor.py:161} INFO - Started process (PID=48587) to work on /home/airflow/.local/lib/python3.8/site-packages/airflow/example_dags/subdags/subdag.py
[2025-12-24T22:41:14.223+0000] {processor.py:830} INFO - Processing file /home/airflow/.local/lib/python3.8/site-packages/airflow/example_dags/subdags/subdag.py for tasks to queue
[2025-12-24T22:41:14.224+0000] {logging_mixin.py:188} INFO - [2025-12-24T22:41:14.224+0000] {dagbag.py:538} INFO - Filling up the DagBag from /home/airflow/.local/lib/python3.8/site-packages/airflow/example_dags/subdags/subdag.py
[2025-12-24T22:41:14.227+0000] {processor.py:842} WARNING - No viable dags retrieved from /home/airflow/.local/lib/python3.8/site-packages/airflow/example_dags/subdags/subdag.py
[2025-12-24T22:41:14.244+0000] {processor.py:183} INFO - Processing /home/airflow/.local/lib/python3.8/site-packages/airflow/example_dags/subdags/subdag.py took 0.027 seconds
[2025-12-24T22:41:44.914+0000] {processor.py:161} INFO - Started process (PID=48646) to work on /home/airflow/.local/lib/python3.8/site-packages/airflow/example_dags/subdags/subdag.py
[2025-12-24T22:41:44.915+0000] {processor.py:830} INFO - Processing file /home/airflow/.local/lib/python3.8/site-packages/airflow/example_dags/subdags/subdag.py for tasks to queue
[2025-12-24T22:41:44.916+0000] {logging_mixin.py:188} INFO - [2025-12-24T22:41:44.916+0000] {dagbag.py:538} INFO - Filling up the DagBag from /home/airflow/.local/lib/python3.8/site-packages/airflow/example_dags/subdags/subdag.py
[2025-12-24T22:41:44.919+0000] {processor.py:842} WARNING - No viable dags retrieved from /home/airflow/.local/lib/python3.8/site-packages/airflow/example_dags/subdags/subdag.py
[2025-12-24T22:41:44.934+0000] {processor.py:183} INFO - Processing /home/airflow/.local/lib/python3.8/site-packages/airflow/example_dags/subdags/subdag.py took 0.023 seconds
[2025-12-24T22:42:15.053+0000] {processor.py:161} INFO - Started process (PID=48705) to work on /home/airflow/.local/lib/python3.8/site-packages/airflow/example_dags/subdags/subdag.py
[2025-12-24T22:42:15.054+0000] {processor.py:830} INFO - Processing file /home/airflow/.local/lib/python3.8/site-packages/airflow/example_dags/subdags/subdag.py for tasks to queue
[2025-12-24T22:42:15.056+0000] {logging_mixin.py:188} INFO - [2025-12-24T22:42:15.055+0000] {dagbag.py:538} INFO - Filling up the DagBag from /home/airflow/.local/lib/python3.8/site-packages/airflow/example_dags/subdags/subdag.py
[2025-12-24T22:42:15.059+0000] {processor.py:842} WARNING - No viable dags retrieved from /home/airflow/.local/lib/python3.8/site-packages/airflow/example_dags/subdags/subdag.py
[2025-12-24T22:42:15.080+0000] {processor.py:183} INFO - Processing /home/airflow/.local/lib/python3.8/site-packages/airflow/example_dags/subdags/subdag.py took 0.031 seconds
[2025-12-24T22:42:45.275+0000] {processor.py:161} INFO - Started process (PID=48764) to work on /home/airflow/.local/lib/python3.8/site-packages/airflow/example_dags/subdags/subdag.py
[2025-12-24T22:42:45.277+0000] {processor.py:830} INFO - Processing file /home/airflow/.local/lib/python3.8/site-packages/airflow/example_dags/subdags/subdag.py for tasks to queue
[2025-12-24T22:42:45.278+0000] {logging_mixin.py:188} INFO - [2025-12-24T22:42:45.278+0000] {dagbag.py:538} INFO - Filling up the DagBag from /home/airflow/.local/lib/python3.8/site-packages/airflow/example_dags/subdags/subdag.py
[2025-12-24T22:42:45.281+0000] {processor.py:842} WARNING - No viable dags retrieved from /home/airflow/.local/lib/python3.8/site-packages/airflow/example_dags/subdags/subdag.py
[2025-12-24T22:42:45.299+0000] {processor.py:183} INFO - Processing /home/airflow/.local/lib/python3.8/site-packages/airflow/example_dags/subdags/subdag.py took 0.028 seconds
[2025-12-24T22:43:15.348+0000] {processor.py:161} INFO - Started process (PID=48822) to work on /home/airflow/.local/lib/python3.8/site-packages/airflow/example_dags/subdags/subdag.py
[2025-12-24T22:43:15.349+0000] {processor.py:830} INFO - Processing file /home/airflow/.local/lib/python3.8/site-packages/airflow/example_dags/subdags/subdag.py for tasks to queue
[2025-12-24T22:43:15.350+0000] {logging_mixin.py:188} INFO - [2025-12-24T22:43:15.350+0000] {dagbag.py:538} INFO - Filling up the DagBag from /home/airflow/.local/lib/python3.8/site-packages/airflow/example_dags/subdags/subdag.py
[2025-12-24T22:43:15.353+0000] {processor.py:842} WARNING - No viable dags retrieved from /home/airflow/.local/lib/python3.8/site-packages/airflow/example_dags/subdags/subdag.py
[2025-12-24T22:43:15.369+0000] {processor.py:183} INFO - Processing /home/airflow/.local/lib/python3.8/site-packages/airflow/example_dags/subdags/subdag.py took 0.024 seconds
[2025-12-24T22:43:46.268+0000] {processor.py:161} INFO - Started process (PID=48888) to work on /home/airflow/.local/lib/python3.8/site-packages/airflow/example_dags/subdags/subdag.py
[2025-12-24T22:43:46.270+0000] {processor.py:830} INFO - Processing file /home/airflow/.local/lib/python3.8/site-packages/airflow/example_dags/subdags/subdag.py for tasks to queue
[2025-12-24T22:43:46.272+0000] {logging_mixin.py:188} INFO - [2025-12-24T22:43:46.271+0000] {dagbag.py:538} INFO - Filling up the DagBag from /home/airflow/.local/lib/python3.8/site-packages/airflow/example_dags/subdags/subdag.py
[2025-12-24T22:43:46.277+0000] {processor.py:842} WARNING - No viable dags retrieved from /home/airflow/.local/lib/python3.8/site-packages/airflow/example_dags/subdags/subdag.py
[2025-12-24T22:43:46.303+0000] {processor.py:183} INFO - Processing /home/airflow/.local/lib/python3.8/site-packages/airflow/example_dags/subdags/subdag.py took 0.041 seconds
[2025-12-24T22:44:17.188+0000] {processor.py:161} INFO - Started process (PID=48947) to work on /home/airflow/.local/lib/python3.8/site-packages/airflow/example_dags/subdags/subdag.py
[2025-12-24T22:44:17.190+0000] {processor.py:830} INFO - Processing file /home/airflow/.local/lib/python3.8/site-packages/airflow/example_dags/subdags/subdag.py for tasks to queue
[2025-12-24T22:44:17.192+0000] {logging_mixin.py:188} INFO - [2025-12-24T22:44:17.191+0000] {dagbag.py:538} INFO - Filling up the DagBag from /home/airflow/.local/lib/python3.8/site-packages/airflow/example_dags/subdags/subdag.py
[2025-12-24T22:44:17.196+0000] {processor.py:842} WARNING - No viable dags retrieved from /home/airflow/.local/lib/python3.8/site-packages/airflow/example_dags/subdags/subdag.py
[2025-12-24T22:44:17.212+0000] {processor.py:183} INFO - Processing /home/airflow/.local/lib/python3.8/site-packages/airflow/example_dags/subdags/subdag.py took 0.028 seconds
[2025-12-24T22:44:47.914+0000] {processor.py:161} INFO - Started process (PID=49006) to work on /home/airflow/.local/lib/python3.8/site-packages/airflow/example_dags/subdags/subdag.py
[2025-12-24T22:44:47.916+0000] {processor.py:830} INFO - Processing file /home/airflow/.local/lib/python3.8/site-packages/airflow/example_dags/subdags/subdag.py for tasks to queue
[2025-12-24T22:44:47.917+0000] {logging_mixin.py:188} INFO - [2025-12-24T22:44:47.916+0000] {dagbag.py:538} INFO - Filling up the DagBag from /home/airflow/.local/lib/python3.8/site-packages/airflow/example_dags/subdags/subdag.py
[2025-12-24T22:44:47.919+0000] {processor.py:842} WARNING - No viable dags retrieved from /home/airflow/.local/lib/python3.8/site-packages/airflow/example_dags/subdags/subdag.py
[2025-12-24T22:44:47.937+0000] {processor.py:183} INFO - Processing /home/airflow/.local/lib/python3.8/site-packages/airflow/example_dags/subdags/subdag.py took 0.026 seconds
[2025-12-24T22:45:18.739+0000] {processor.py:161} INFO - Started process (PID=49065) to work on /home/airflow/.local/lib/python3.8/site-packages/airflow/example_dags/subdags/subdag.py
[2025-12-24T22:45:18.740+0000] {processor.py:830} INFO - Processing file /home/airflow/.local/lib/python3.8/site-packages/airflow/example_dags/subdags/subdag.py for tasks to queue
[2025-12-24T22:45:18.743+0000] {logging_mixin.py:188} INFO - [2025-12-24T22:45:18.742+0000] {dagbag.py:538} INFO - Filling up the DagBag from /home/airflow/.local/lib/python3.8/site-packages/airflow/example_dags/subdags/subdag.py
[2025-12-24T22:45:18.747+0000] {processor.py:842} WARNING - No viable dags retrieved from /home/airflow/.local/lib/python3.8/site-packages/airflow/example_dags/subdags/subdag.py
[2025-12-24T22:45:18.781+0000] {processor.py:183} INFO - Processing /home/airflow/.local/lib/python3.8/site-packages/airflow/example_dags/subdags/subdag.py took 0.051 seconds
[2025-12-24T22:45:48.924+0000] {processor.py:161} INFO - Started process (PID=49130) to work on /home/airflow/.local/lib/python3.8/site-packages/airflow/example_dags/subdags/subdag.py
[2025-12-24T22:45:48.925+0000] {processor.py:830} INFO - Processing file /home/airflow/.local/lib/python3.8/site-packages/airflow/example_dags/subdags/subdag.py for tasks to queue
[2025-12-24T22:45:48.927+0000] {logging_mixin.py:188} INFO - [2025-12-24T22:45:48.927+0000] {dagbag.py:538} INFO - Filling up the DagBag from /home/airflow/.local/lib/python3.8/site-packages/airflow/example_dags/subdags/subdag.py
[2025-12-24T22:45:48.930+0000] {processor.py:842} WARNING - No viable dags retrieved from /home/airflow/.local/lib/python3.8/site-packages/airflow/example_dags/subdags/subdag.py
[2025-12-24T22:45:48.948+0000] {processor.py:183} INFO - Processing /home/airflow/.local/lib/python3.8/site-packages/airflow/example_dags/subdags/subdag.py took 0.029 seconds
[2025-12-24T22:46:19.003+0000] {processor.py:161} INFO - Started process (PID=49194) to work on /home/airflow/.local/lib/python3.8/site-packages/airflow/example_dags/subdags/subdag.py
[2025-12-24T22:46:19.004+0000] {processor.py:830} INFO - Processing file /home/airflow/.local/lib/python3.8/site-packages/airflow/example_dags/subdags/subdag.py for tasks to queue
[2025-12-24T22:46:19.005+0000] {logging_mixin.py:188} INFO - [2025-12-24T22:46:19.005+0000] {dagbag.py:538} INFO - Filling up the DagBag from /home/airflow/.local/lib/python3.8/site-packages/airflow/example_dags/subdags/subdag.py
[2025-12-24T22:46:19.008+0000] {processor.py:842} WARNING - No viable dags retrieved from /home/airflow/.local/lib/python3.8/site-packages/airflow/example_dags/subdags/subdag.py
[2025-12-24T22:46:19.025+0000] {processor.py:183} INFO - Processing /home/airflow/.local/lib/python3.8/site-packages/airflow/example_dags/subdags/subdag.py took 0.026 seconds
[2025-12-24T22:46:52.083+0000] {processor.py:161} INFO - Started process (PID=49264) to work on /home/airflow/.local/lib/python3.8/site-packages/airflow/example_dags/subdags/subdag.py
[2025-12-24T22:46:52.084+0000] {processor.py:830} INFO - Processing file /home/airflow/.local/lib/python3.8/site-packages/airflow/example_dags/subdags/subdag.py for tasks to queue
[2025-12-24T22:46:52.086+0000] {logging_mixin.py:188} INFO - [2025-12-24T22:46:52.086+0000] {dagbag.py:538} INFO - Filling up the DagBag from /home/airflow/.local/lib/python3.8/site-packages/airflow/example_dags/subdags/subdag.py
[2025-12-24T22:46:52.092+0000] {processor.py:842} WARNING - No viable dags retrieved from /home/airflow/.local/lib/python3.8/site-packages/airflow/example_dags/subdags/subdag.py
[2025-12-24T22:46:52.117+0000] {processor.py:183} INFO - Processing /home/airflow/.local/lib/python3.8/site-packages/airflow/example_dags/subdags/subdag.py took 0.041 seconds
[2025-12-24T22:47:23.299+0000] {processor.py:161} INFO - Started process (PID=49336) to work on /home/airflow/.local/lib/python3.8/site-packages/airflow/example_dags/subdags/subdag.py
[2025-12-24T22:47:23.307+0000] {processor.py:830} INFO - Processing file /home/airflow/.local/lib/python3.8/site-packages/airflow/example_dags/subdags/subdag.py for tasks to queue
[2025-12-24T22:47:23.318+0000] {logging_mixin.py:188} INFO - [2025-12-24T22:47:23.314+0000] {dagbag.py:538} INFO - Filling up the DagBag from /home/airflow/.local/lib/python3.8/site-packages/airflow/example_dags/subdags/subdag.py
[2025-12-24T22:47:23.341+0000] {processor.py:842} WARNING - No viable dags retrieved from /home/airflow/.local/lib/python3.8/site-packages/airflow/example_dags/subdags/subdag.py
[2025-12-24T22:47:23.422+0000] {processor.py:183} INFO - Processing /home/airflow/.local/lib/python3.8/site-packages/airflow/example_dags/subdags/subdag.py took 0.139 seconds
[2025-12-24T22:47:53.585+0000] {processor.py:161} INFO - Started process (PID=49407) to work on /home/airflow/.local/lib/python3.8/site-packages/airflow/example_dags/subdags/subdag.py
[2025-12-24T22:47:53.587+0000] {processor.py:830} INFO - Processing file /home/airflow/.local/lib/python3.8/site-packages/airflow/example_dags/subdags/subdag.py for tasks to queue
[2025-12-24T22:47:53.588+0000] {logging_mixin.py:188} INFO - [2025-12-24T22:47:53.587+0000] {dagbag.py:538} INFO - Filling up the DagBag from /home/airflow/.local/lib/python3.8/site-packages/airflow/example_dags/subdags/subdag.py
[2025-12-24T22:47:53.592+0000] {processor.py:842} WARNING - No viable dags retrieved from /home/airflow/.local/lib/python3.8/site-packages/airflow/example_dags/subdags/subdag.py
[2025-12-24T22:47:53.608+0000] {processor.py:183} INFO - Processing /home/airflow/.local/lib/python3.8/site-packages/airflow/example_dags/subdags/subdag.py took 0.026 seconds
[2025-12-24T22:48:23.921+0000] {processor.py:161} INFO - Started process (PID=49470) to work on /home/airflow/.local/lib/python3.8/site-packages/airflow/example_dags/subdags/subdag.py
[2025-12-24T22:48:23.923+0000] {processor.py:830} INFO - Processing file /home/airflow/.local/lib/python3.8/site-packages/airflow/example_dags/subdags/subdag.py for tasks to queue
[2025-12-24T22:48:23.924+0000] {logging_mixin.py:188} INFO - [2025-12-24T22:48:23.924+0000] {dagbag.py:538} INFO - Filling up the DagBag from /home/airflow/.local/lib/python3.8/site-packages/airflow/example_dags/subdags/subdag.py
[2025-12-24T22:48:23.929+0000] {processor.py:842} WARNING - No viable dags retrieved from /home/airflow/.local/lib/python3.8/site-packages/airflow/example_dags/subdags/subdag.py
[2025-12-24T22:48:23.948+0000] {processor.py:183} INFO - Processing /home/airflow/.local/lib/python3.8/site-packages/airflow/example_dags/subdags/subdag.py took 0.032 seconds
[2025-12-24T22:48:54.365+0000] {processor.py:161} INFO - Started process (PID=49541) to work on /home/airflow/.local/lib/python3.8/site-packages/airflow/example_dags/subdags/subdag.py
[2025-12-24T22:48:54.367+0000] {processor.py:830} INFO - Processing file /home/airflow/.local/lib/python3.8/site-packages/airflow/example_dags/subdags/subdag.py for tasks to queue
[2025-12-24T22:48:54.368+0000] {logging_mixin.py:188} INFO - [2025-12-24T22:48:54.368+0000] {dagbag.py:538} INFO - Filling up the DagBag from /home/airflow/.local/lib/python3.8/site-packages/airflow/example_dags/subdags/subdag.py
[2025-12-24T22:48:54.375+0000] {processor.py:842} WARNING - No viable dags retrieved from /home/airflow/.local/lib/python3.8/site-packages/airflow/example_dags/subdags/subdag.py
[2025-12-24T22:48:54.405+0000] {processor.py:183} INFO - Processing /home/airflow/.local/lib/python3.8/site-packages/airflow/example_dags/subdags/subdag.py took 0.046 seconds
[2025-12-24T22:49:24.492+0000] {processor.py:161} INFO - Started process (PID=49603) to work on /home/airflow/.local/lib/python3.8/site-packages/airflow/example_dags/subdags/subdag.py
[2025-12-24T22:49:24.493+0000] {processor.py:830} INFO - Processing file /home/airflow/.local/lib/python3.8/site-packages/airflow/example_dags/subdags/subdag.py for tasks to queue
[2025-12-24T22:49:24.495+0000] {logging_mixin.py:188} INFO - [2025-12-24T22:49:24.494+0000] {dagbag.py:538} INFO - Filling up the DagBag from /home/airflow/.local/lib/python3.8/site-packages/airflow/example_dags/subdags/subdag.py
[2025-12-24T22:49:24.499+0000] {processor.py:842} WARNING - No viable dags retrieved from /home/airflow/.local/lib/python3.8/site-packages/airflow/example_dags/subdags/subdag.py
[2025-12-24T22:49:24.518+0000] {processor.py:183} INFO - Processing /home/airflow/.local/lib/python3.8/site-packages/airflow/example_dags/subdags/subdag.py took 0.031 seconds
[2025-12-24T22:49:54.915+0000] {processor.py:161} INFO - Started process (PID=49668) to work on /home/airflow/.local/lib/python3.8/site-packages/airflow/example_dags/subdags/subdag.py
[2025-12-24T22:49:54.917+0000] {processor.py:830} INFO - Processing file /home/airflow/.local/lib/python3.8/site-packages/airflow/example_dags/subdags/subdag.py for tasks to queue
[2025-12-24T22:49:54.918+0000] {logging_mixin.py:188} INFO - [2025-12-24T22:49:54.918+0000] {dagbag.py:538} INFO - Filling up the DagBag from /home/airflow/.local/lib/python3.8/site-packages/airflow/example_dags/subdags/subdag.py
[2025-12-24T22:49:54.921+0000] {processor.py:842} WARNING - No viable dags retrieved from /home/airflow/.local/lib/python3.8/site-packages/airflow/example_dags/subdags/subdag.py
[2025-12-24T22:49:54.938+0000] {processor.py:183} INFO - Processing /home/airflow/.local/lib/python3.8/site-packages/airflow/example_dags/subdags/subdag.py took 0.027 seconds
[2025-12-24T22:50:25.501+0000] {processor.py:161} INFO - Started process (PID=49733) to work on /home/airflow/.local/lib/python3.8/site-packages/airflow/example_dags/subdags/subdag.py
[2025-12-24T22:50:25.502+0000] {processor.py:830} INFO - Processing file /home/airflow/.local/lib/python3.8/site-packages/airflow/example_dags/subdags/subdag.py for tasks to queue
[2025-12-24T22:50:25.504+0000] {logging_mixin.py:188} INFO - [2025-12-24T22:50:25.504+0000] {dagbag.py:538} INFO - Filling up the DagBag from /home/airflow/.local/lib/python3.8/site-packages/airflow/example_dags/subdags/subdag.py
[2025-12-24T22:50:25.508+0000] {processor.py:842} WARNING - No viable dags retrieved from /home/airflow/.local/lib/python3.8/site-packages/airflow/example_dags/subdags/subdag.py
[2025-12-24T22:50:25.527+0000] {processor.py:183} INFO - Processing /home/airflow/.local/lib/python3.8/site-packages/airflow/example_dags/subdags/subdag.py took 0.031 seconds
[2025-12-24T22:50:56.467+0000] {processor.py:161} INFO - Started process (PID=49796) to work on /home/airflow/.local/lib/python3.8/site-packages/airflow/example_dags/subdags/subdag.py
[2025-12-24T22:50:56.468+0000] {processor.py:830} INFO - Processing file /home/airflow/.local/lib/python3.8/site-packages/airflow/example_dags/subdags/subdag.py for tasks to queue
[2025-12-24T22:50:56.469+0000] {logging_mixin.py:188} INFO - [2025-12-24T22:50:56.469+0000] {dagbag.py:538} INFO - Filling up the DagBag from /home/airflow/.local/lib/python3.8/site-packages/airflow/example_dags/subdags/subdag.py
[2025-12-24T22:50:56.472+0000] {processor.py:842} WARNING - No viable dags retrieved from /home/airflow/.local/lib/python3.8/site-packages/airflow/example_dags/subdags/subdag.py
[2025-12-24T22:50:56.492+0000] {processor.py:183} INFO - Processing /home/airflow/.local/lib/python3.8/site-packages/airflow/example_dags/subdags/subdag.py took 0.028 seconds
[2025-12-24T22:51:26.739+0000] {processor.py:161} INFO - Started process (PID=49855) to work on /home/airflow/.local/lib/python3.8/site-packages/airflow/example_dags/subdags/subdag.py
[2025-12-24T22:51:26.740+0000] {processor.py:830} INFO - Processing file /home/airflow/.local/lib/python3.8/site-packages/airflow/example_dags/subdags/subdag.py for tasks to queue
[2025-12-24T22:51:26.741+0000] {logging_mixin.py:188} INFO - [2025-12-24T22:51:26.741+0000] {dagbag.py:538} INFO - Filling up the DagBag from /home/airflow/.local/lib/python3.8/site-packages/airflow/example_dags/subdags/subdag.py
[2025-12-24T22:51:26.745+0000] {processor.py:842} WARNING - No viable dags retrieved from /home/airflow/.local/lib/python3.8/site-packages/airflow/example_dags/subdags/subdag.py
[2025-12-24T22:51:26.764+0000] {processor.py:183} INFO - Processing /home/airflow/.local/lib/python3.8/site-packages/airflow/example_dags/subdags/subdag.py took 0.029 seconds
[2025-12-24T22:51:57.180+0000] {processor.py:161} INFO - Started process (PID=49914) to work on /home/airflow/.local/lib/python3.8/site-packages/airflow/example_dags/subdags/subdag.py
[2025-12-24T22:51:57.181+0000] {processor.py:830} INFO - Processing file /home/airflow/.local/lib/python3.8/site-packages/airflow/example_dags/subdags/subdag.py for tasks to queue
[2025-12-24T22:51:57.183+0000] {logging_mixin.py:188} INFO - [2025-12-24T22:51:57.183+0000] {dagbag.py:538} INFO - Filling up the DagBag from /home/airflow/.local/lib/python3.8/site-packages/airflow/example_dags/subdags/subdag.py
[2025-12-24T22:51:57.188+0000] {processor.py:842} WARNING - No viable dags retrieved from /home/airflow/.local/lib/python3.8/site-packages/airflow/example_dags/subdags/subdag.py
[2025-12-24T22:51:57.211+0000] {processor.py:183} INFO - Processing /home/airflow/.local/lib/python3.8/site-packages/airflow/example_dags/subdags/subdag.py took 0.037 seconds
[2025-12-24T22:52:27.626+0000] {processor.py:161} INFO - Started process (PID=49973) to work on /home/airflow/.local/lib/python3.8/site-packages/airflow/example_dags/subdags/subdag.py
[2025-12-24T22:52:27.628+0000] {processor.py:830} INFO - Processing file /home/airflow/.local/lib/python3.8/site-packages/airflow/example_dags/subdags/subdag.py for tasks to queue
[2025-12-24T22:52:27.629+0000] {logging_mixin.py:188} INFO - [2025-12-24T22:52:27.629+0000] {dagbag.py:538} INFO - Filling up the DagBag from /home/airflow/.local/lib/python3.8/site-packages/airflow/example_dags/subdags/subdag.py
[2025-12-24T22:52:27.632+0000] {processor.py:842} WARNING - No viable dags retrieved from /home/airflow/.local/lib/python3.8/site-packages/airflow/example_dags/subdags/subdag.py
[2025-12-24T22:52:27.648+0000] {processor.py:183} INFO - Processing /home/airflow/.local/lib/python3.8/site-packages/airflow/example_dags/subdags/subdag.py took 0.026 seconds
[2025-12-24T22:52:57.854+0000] {processor.py:161} INFO - Started process (PID=50031) to work on /home/airflow/.local/lib/python3.8/site-packages/airflow/example_dags/subdags/subdag.py
[2025-12-24T22:52:57.855+0000] {processor.py:830} INFO - Processing file /home/airflow/.local/lib/python3.8/site-packages/airflow/example_dags/subdags/subdag.py for tasks to queue
[2025-12-24T22:52:57.856+0000] {logging_mixin.py:188} INFO - [2025-12-24T22:52:57.856+0000] {dagbag.py:538} INFO - Filling up the DagBag from /home/airflow/.local/lib/python3.8/site-packages/airflow/example_dags/subdags/subdag.py
[2025-12-24T22:52:57.859+0000] {processor.py:842} WARNING - No viable dags retrieved from /home/airflow/.local/lib/python3.8/site-packages/airflow/example_dags/subdags/subdag.py
[2025-12-24T22:52:57.876+0000] {processor.py:183} INFO - Processing /home/airflow/.local/lib/python3.8/site-packages/airflow/example_dags/subdags/subdag.py took 0.025 seconds
[2025-12-24T22:53:28.311+0000] {processor.py:161} INFO - Started process (PID=50090) to work on /home/airflow/.local/lib/python3.8/site-packages/airflow/example_dags/subdags/subdag.py
[2025-12-24T22:53:28.312+0000] {processor.py:830} INFO - Processing file /home/airflow/.local/lib/python3.8/site-packages/airflow/example_dags/subdags/subdag.py for tasks to queue
[2025-12-24T22:53:28.313+0000] {logging_mixin.py:188} INFO - [2025-12-24T22:53:28.312+0000] {dagbag.py:538} INFO - Filling up the DagBag from /home/airflow/.local/lib/python3.8/site-packages/airflow/example_dags/subdags/subdag.py
[2025-12-24T22:53:28.315+0000] {processor.py:842} WARNING - No viable dags retrieved from /home/airflow/.local/lib/python3.8/site-packages/airflow/example_dags/subdags/subdag.py
[2025-12-24T22:53:28.332+0000] {processor.py:183} INFO - Processing /home/airflow/.local/lib/python3.8/site-packages/airflow/example_dags/subdags/subdag.py took 0.025 seconds
[2025-12-24T22:53:58.671+0000] {processor.py:161} INFO - Started process (PID=50149) to work on /home/airflow/.local/lib/python3.8/site-packages/airflow/example_dags/subdags/subdag.py
[2025-12-24T22:53:58.673+0000] {processor.py:830} INFO - Processing file /home/airflow/.local/lib/python3.8/site-packages/airflow/example_dags/subdags/subdag.py for tasks to queue
[2025-12-24T22:53:58.674+0000] {logging_mixin.py:188} INFO - [2025-12-24T22:53:58.674+0000] {dagbag.py:538} INFO - Filling up the DagBag from /home/airflow/.local/lib/python3.8/site-packages/airflow/example_dags/subdags/subdag.py
[2025-12-24T22:53:58.680+0000] {processor.py:842} WARNING - No viable dags retrieved from /home/airflow/.local/lib/python3.8/site-packages/airflow/example_dags/subdags/subdag.py
[2025-12-24T22:53:58.706+0000] {processor.py:183} INFO - Processing /home/airflow/.local/lib/python3.8/site-packages/airflow/example_dags/subdags/subdag.py took 0.043 seconds
[2025-12-24T22:54:29.425+0000] {processor.py:161} INFO - Started process (PID=50207) to work on /home/airflow/.local/lib/python3.8/site-packages/airflow/example_dags/subdags/subdag.py
[2025-12-24T22:54:29.426+0000] {processor.py:830} INFO - Processing file /home/airflow/.local/lib/python3.8/site-packages/airflow/example_dags/subdags/subdag.py for tasks to queue
[2025-12-24T22:54:29.428+0000] {logging_mixin.py:188} INFO - [2025-12-24T22:54:29.427+0000] {dagbag.py:538} INFO - Filling up the DagBag from /home/airflow/.local/lib/python3.8/site-packages/airflow/example_dags/subdags/subdag.py
[2025-12-24T22:54:29.431+0000] {processor.py:842} WARNING - No viable dags retrieved from /home/airflow/.local/lib/python3.8/site-packages/airflow/example_dags/subdags/subdag.py
[2025-12-24T22:54:29.450+0000] {processor.py:183} INFO - Processing /home/airflow/.local/lib/python3.8/site-packages/airflow/example_dags/subdags/subdag.py took 0.029 seconds
[2025-12-24T22:54:59.859+0000] {processor.py:161} INFO - Started process (PID=50266) to work on /home/airflow/.local/lib/python3.8/site-packages/airflow/example_dags/subdags/subdag.py
[2025-12-24T22:54:59.860+0000] {processor.py:830} INFO - Processing file /home/airflow/.local/lib/python3.8/site-packages/airflow/example_dags/subdags/subdag.py for tasks to queue
[2025-12-24T22:54:59.861+0000] {logging_mixin.py:188} INFO - [2025-12-24T22:54:59.861+0000] {dagbag.py:538} INFO - Filling up the DagBag from /home/airflow/.local/lib/python3.8/site-packages/airflow/example_dags/subdags/subdag.py
[2025-12-24T22:54:59.864+0000] {processor.py:842} WARNING - No viable dags retrieved from /home/airflow/.local/lib/python3.8/site-packages/airflow/example_dags/subdags/subdag.py
[2025-12-24T22:54:59.880+0000] {processor.py:183} INFO - Processing /home/airflow/.local/lib/python3.8/site-packages/airflow/example_dags/subdags/subdag.py took 0.026 seconds
[2025-12-24T22:55:30.274+0000] {processor.py:161} INFO - Started process (PID=50325) to work on /home/airflow/.local/lib/python3.8/site-packages/airflow/example_dags/subdags/subdag.py
[2025-12-24T22:55:30.275+0000] {processor.py:830} INFO - Processing file /home/airflow/.local/lib/python3.8/site-packages/airflow/example_dags/subdags/subdag.py for tasks to queue
[2025-12-24T22:55:30.277+0000] {logging_mixin.py:188} INFO - [2025-12-24T22:55:30.276+0000] {dagbag.py:538} INFO - Filling up the DagBag from /home/airflow/.local/lib/python3.8/site-packages/airflow/example_dags/subdags/subdag.py
[2025-12-24T22:55:30.279+0000] {processor.py:842} WARNING - No viable dags retrieved from /home/airflow/.local/lib/python3.8/site-packages/airflow/example_dags/subdags/subdag.py
[2025-12-24T22:55:30.297+0000] {processor.py:183} INFO - Processing /home/airflow/.local/lib/python3.8/site-packages/airflow/example_dags/subdags/subdag.py took 0.028 seconds
[2025-12-24T22:56:00.397+0000] {processor.py:161} INFO - Started process (PID=50383) to work on /home/airflow/.local/lib/python3.8/site-packages/airflow/example_dags/subdags/subdag.py
[2025-12-24T22:56:00.398+0000] {processor.py:830} INFO - Processing file /home/airflow/.local/lib/python3.8/site-packages/airflow/example_dags/subdags/subdag.py for tasks to queue
[2025-12-24T22:56:00.399+0000] {logging_mixin.py:188} INFO - [2025-12-24T22:56:00.399+0000] {dagbag.py:538} INFO - Filling up the DagBag from /home/airflow/.local/lib/python3.8/site-packages/airflow/example_dags/subdags/subdag.py
[2025-12-24T22:56:00.402+0000] {processor.py:842} WARNING - No viable dags retrieved from /home/airflow/.local/lib/python3.8/site-packages/airflow/example_dags/subdags/subdag.py
[2025-12-24T22:56:00.417+0000] {processor.py:183} INFO - Processing /home/airflow/.local/lib/python3.8/site-packages/airflow/example_dags/subdags/subdag.py took 0.024 seconds
[2025-12-24T22:56:30.873+0000] {processor.py:161} INFO - Started process (PID=50444) to work on /home/airflow/.local/lib/python3.8/site-packages/airflow/example_dags/subdags/subdag.py
[2025-12-24T22:56:30.874+0000] {processor.py:830} INFO - Processing file /home/airflow/.local/lib/python3.8/site-packages/airflow/example_dags/subdags/subdag.py for tasks to queue
[2025-12-24T22:56:30.876+0000] {logging_mixin.py:188} INFO - [2025-12-24T22:56:30.875+0000] {dagbag.py:538} INFO - Filling up the DagBag from /home/airflow/.local/lib/python3.8/site-packages/airflow/example_dags/subdags/subdag.py
[2025-12-24T22:56:30.880+0000] {processor.py:842} WARNING - No viable dags retrieved from /home/airflow/.local/lib/python3.8/site-packages/airflow/example_dags/subdags/subdag.py
[2025-12-24T22:56:30.898+0000] {processor.py:183} INFO - Processing /home/airflow/.local/lib/python3.8/site-packages/airflow/example_dags/subdags/subdag.py took 0.033 seconds
[2025-12-24T22:57:01.317+0000] {processor.py:161} INFO - Started process (PID=50502) to work on /home/airflow/.local/lib/python3.8/site-packages/airflow/example_dags/subdags/subdag.py
[2025-12-24T22:57:01.318+0000] {processor.py:830} INFO - Processing file /home/airflow/.local/lib/python3.8/site-packages/airflow/example_dags/subdags/subdag.py for tasks to queue
[2025-12-24T22:57:01.319+0000] {logging_mixin.py:188} INFO - [2025-12-24T22:57:01.318+0000] {dagbag.py:538} INFO - Filling up the DagBag from /home/airflow/.local/lib/python3.8/site-packages/airflow/example_dags/subdags/subdag.py
[2025-12-24T22:57:01.321+0000] {processor.py:842} WARNING - No viable dags retrieved from /home/airflow/.local/lib/python3.8/site-packages/airflow/example_dags/subdags/subdag.py
[2025-12-24T22:57:01.350+0000] {processor.py:183} INFO - Processing /home/airflow/.local/lib/python3.8/site-packages/airflow/example_dags/subdags/subdag.py took 0.037 seconds
[2025-12-24T22:57:32.386+0000] {processor.py:161} INFO - Started process (PID=50559) to work on /home/airflow/.local/lib/python3.8/site-packages/airflow/example_dags/subdags/subdag.py
[2025-12-24T22:57:32.389+0000] {processor.py:830} INFO - Processing file /home/airflow/.local/lib/python3.8/site-packages/airflow/example_dags/subdags/subdag.py for tasks to queue
[2025-12-24T22:57:32.391+0000] {logging_mixin.py:188} INFO - [2025-12-24T22:57:32.390+0000] {dagbag.py:538} INFO - Filling up the DagBag from /home/airflow/.local/lib/python3.8/site-packages/airflow/example_dags/subdags/subdag.py
[2025-12-24T22:57:32.396+0000] {processor.py:842} WARNING - No viable dags retrieved from /home/airflow/.local/lib/python3.8/site-packages/airflow/example_dags/subdags/subdag.py
[2025-12-24T22:57:32.430+0000] {processor.py:183} INFO - Processing /home/airflow/.local/lib/python3.8/site-packages/airflow/example_dags/subdags/subdag.py took 0.057 seconds
[2025-12-24T22:58:02.637+0000] {processor.py:161} INFO - Started process (PID=50618) to work on /home/airflow/.local/lib/python3.8/site-packages/airflow/example_dags/subdags/subdag.py
[2025-12-24T22:58:02.638+0000] {processor.py:830} INFO - Processing file /home/airflow/.local/lib/python3.8/site-packages/airflow/example_dags/subdags/subdag.py for tasks to queue
[2025-12-24T22:58:02.639+0000] {logging_mixin.py:188} INFO - [2025-12-24T22:58:02.639+0000] {dagbag.py:538} INFO - Filling up the DagBag from /home/airflow/.local/lib/python3.8/site-packages/airflow/example_dags/subdags/subdag.py
[2025-12-24T22:58:02.642+0000] {processor.py:842} WARNING - No viable dags retrieved from /home/airflow/.local/lib/python3.8/site-packages/airflow/example_dags/subdags/subdag.py
[2025-12-24T22:58:02.657+0000] {processor.py:183} INFO - Processing /home/airflow/.local/lib/python3.8/site-packages/airflow/example_dags/subdags/subdag.py took 0.024 seconds
[2025-12-24T22:58:32.825+0000] {processor.py:161} INFO - Started process (PID=50677) to work on /home/airflow/.local/lib/python3.8/site-packages/airflow/example_dags/subdags/subdag.py
[2025-12-24T22:58:32.827+0000] {processor.py:830} INFO - Processing file /home/airflow/.local/lib/python3.8/site-packages/airflow/example_dags/subdags/subdag.py for tasks to queue
[2025-12-24T22:58:32.828+0000] {logging_mixin.py:188} INFO - [2025-12-24T22:58:32.828+0000] {dagbag.py:538} INFO - Filling up the DagBag from /home/airflow/.local/lib/python3.8/site-packages/airflow/example_dags/subdags/subdag.py
[2025-12-24T22:58:32.831+0000] {processor.py:842} WARNING - No viable dags retrieved from /home/airflow/.local/lib/python3.8/site-packages/airflow/example_dags/subdags/subdag.py
[2025-12-24T22:58:32.850+0000] {processor.py:183} INFO - Processing /home/airflow/.local/lib/python3.8/site-packages/airflow/example_dags/subdags/subdag.py took 0.029 seconds
