[2025-12-24T15:33:53.930+0000] {processor.py:161} INFO - Started process (PID=107) to work on /home/airflow/.local/lib/python3.8/site-packages/airflow/example_dags/plugins/listener_plugin.py
[2025-12-24T15:33:53.932+0000] {processor.py:830} INFO - Processing file /home/airflow/.local/lib/python3.8/site-packages/airflow/example_dags/plugins/listener_plugin.py for tasks to queue
[2025-12-24T15:33:53.935+0000] {logging_mixin.py:188} INFO - [2025-12-24T15:33:53.935+0000] {dagbag.py:538} INFO - Filling up the DagBag from /home/airflow/.local/lib/python3.8/site-packages/airflow/example_dags/plugins/listener_plugin.py
[2025-12-24T15:33:53.940+0000] {processor.py:842} WARNING - No viable dags retrieved from /home/airflow/.local/lib/python3.8/site-packages/airflow/example_dags/plugins/listener_plugin.py
[2025-12-24T15:33:53.958+0000] {processor.py:183} INFO - Processing /home/airflow/.local/lib/python3.8/site-packages/airflow/example_dags/plugins/listener_plugin.py took 0.033 seconds
[2025-12-24T15:34:24.676+0000] {processor.py:161} INFO - Started process (PID=161) to work on /home/airflow/.local/lib/python3.8/site-packages/airflow/example_dags/plugins/listener_plugin.py
[2025-12-24T15:34:24.677+0000] {processor.py:830} INFO - Processing file /home/airflow/.local/lib/python3.8/site-packages/airflow/example_dags/plugins/listener_plugin.py for tasks to queue
[2025-12-24T15:34:24.679+0000] {logging_mixin.py:188} INFO - [2025-12-24T15:34:24.679+0000] {dagbag.py:538} INFO - Filling up the DagBag from /home/airflow/.local/lib/python3.8/site-packages/airflow/example_dags/plugins/listener_plugin.py
[2025-12-24T15:34:24.682+0000] {processor.py:842} WARNING - No viable dags retrieved from /home/airflow/.local/lib/python3.8/site-packages/airflow/example_dags/plugins/listener_plugin.py
[2025-12-24T15:34:24.696+0000] {processor.py:183} INFO - Processing /home/airflow/.local/lib/python3.8/site-packages/airflow/example_dags/plugins/listener_plugin.py took 0.024 seconds
[2025-12-24T15:34:54.825+0000] {processor.py:161} INFO - Started process (PID=218) to work on /home/airflow/.local/lib/python3.8/site-packages/airflow/example_dags/plugins/listener_plugin.py
[2025-12-24T15:34:54.826+0000] {processor.py:830} INFO - Processing file /home/airflow/.local/lib/python3.8/site-packages/airflow/example_dags/plugins/listener_plugin.py for tasks to queue
[2025-12-24T15:34:54.830+0000] {logging_mixin.py:188} INFO - [2025-12-24T15:34:54.829+0000] {dagbag.py:538} INFO - Filling up the DagBag from /home/airflow/.local/lib/python3.8/site-packages/airflow/example_dags/plugins/listener_plugin.py
[2025-12-24T15:34:54.835+0000] {processor.py:842} WARNING - No viable dags retrieved from /home/airflow/.local/lib/python3.8/site-packages/airflow/example_dags/plugins/listener_plugin.py
[2025-12-24T15:34:54.858+0000] {processor.py:183} INFO - Processing /home/airflow/.local/lib/python3.8/site-packages/airflow/example_dags/plugins/listener_plugin.py took 0.038 seconds
[2025-12-24T15:35:25.643+0000] {processor.py:161} INFO - Started process (PID=273) to work on /home/airflow/.local/lib/python3.8/site-packages/airflow/example_dags/plugins/listener_plugin.py
[2025-12-24T15:35:25.645+0000] {processor.py:830} INFO - Processing file /home/airflow/.local/lib/python3.8/site-packages/airflow/example_dags/plugins/listener_plugin.py for tasks to queue
[2025-12-24T15:35:25.647+0000] {logging_mixin.py:188} INFO - [2025-12-24T15:35:25.647+0000] {dagbag.py:538} INFO - Filling up the DagBag from /home/airflow/.local/lib/python3.8/site-packages/airflow/example_dags/plugins/listener_plugin.py
[2025-12-24T15:35:25.651+0000] {processor.py:842} WARNING - No viable dags retrieved from /home/airflow/.local/lib/python3.8/site-packages/airflow/example_dags/plugins/listener_plugin.py
[2025-12-24T15:35:25.667+0000] {processor.py:183} INFO - Processing /home/airflow/.local/lib/python3.8/site-packages/airflow/example_dags/plugins/listener_plugin.py took 0.028 seconds
[2025-12-24T15:35:56.205+0000] {processor.py:161} INFO - Started process (PID=330) to work on /home/airflow/.local/lib/python3.8/site-packages/airflow/example_dags/plugins/listener_plugin.py
[2025-12-24T15:35:56.206+0000] {processor.py:830} INFO - Processing file /home/airflow/.local/lib/python3.8/site-packages/airflow/example_dags/plugins/listener_plugin.py for tasks to queue
[2025-12-24T15:35:56.209+0000] {logging_mixin.py:188} INFO - [2025-12-24T15:35:56.208+0000] {dagbag.py:538} INFO - Filling up the DagBag from /home/airflow/.local/lib/python3.8/site-packages/airflow/example_dags/plugins/listener_plugin.py
[2025-12-24T15:35:56.212+0000] {processor.py:842} WARNING - No viable dags retrieved from /home/airflow/.local/lib/python3.8/site-packages/airflow/example_dags/plugins/listener_plugin.py
[2025-12-24T15:35:56.232+0000] {processor.py:183} INFO - Processing /home/airflow/.local/lib/python3.8/site-packages/airflow/example_dags/plugins/listener_plugin.py took 0.031 seconds
[2025-12-24T15:36:27.188+0000] {processor.py:161} INFO - Started process (PID=386) to work on /home/airflow/.local/lib/python3.8/site-packages/airflow/example_dags/plugins/listener_plugin.py
[2025-12-24T15:36:27.189+0000] {processor.py:830} INFO - Processing file /home/airflow/.local/lib/python3.8/site-packages/airflow/example_dags/plugins/listener_plugin.py for tasks to queue
[2025-12-24T15:36:27.192+0000] {logging_mixin.py:188} INFO - [2025-12-24T15:36:27.191+0000] {dagbag.py:538} INFO - Filling up the DagBag from /home/airflow/.local/lib/python3.8/site-packages/airflow/example_dags/plugins/listener_plugin.py
[2025-12-24T15:36:27.195+0000] {processor.py:842} WARNING - No viable dags retrieved from /home/airflow/.local/lib/python3.8/site-packages/airflow/example_dags/plugins/listener_plugin.py
[2025-12-24T15:36:27.215+0000] {processor.py:183} INFO - Processing /home/airflow/.local/lib/python3.8/site-packages/airflow/example_dags/plugins/listener_plugin.py took 0.031 seconds
[2025-12-24T15:36:58.121+0000] {processor.py:161} INFO - Started process (PID=442) to work on /home/airflow/.local/lib/python3.8/site-packages/airflow/example_dags/plugins/listener_plugin.py
[2025-12-24T15:36:58.122+0000] {processor.py:830} INFO - Processing file /home/airflow/.local/lib/python3.8/site-packages/airflow/example_dags/plugins/listener_plugin.py for tasks to queue
[2025-12-24T15:36:58.124+0000] {logging_mixin.py:188} INFO - [2025-12-24T15:36:58.124+0000] {dagbag.py:538} INFO - Filling up the DagBag from /home/airflow/.local/lib/python3.8/site-packages/airflow/example_dags/plugins/listener_plugin.py
[2025-12-24T15:36:58.127+0000] {processor.py:842} WARNING - No viable dags retrieved from /home/airflow/.local/lib/python3.8/site-packages/airflow/example_dags/plugins/listener_plugin.py
[2025-12-24T15:36:58.142+0000] {processor.py:183} INFO - Processing /home/airflow/.local/lib/python3.8/site-packages/airflow/example_dags/plugins/listener_plugin.py took 0.024 seconds
[2025-12-24T15:37:28.716+0000] {processor.py:161} INFO - Started process (PID=498) to work on /home/airflow/.local/lib/python3.8/site-packages/airflow/example_dags/plugins/listener_plugin.py
[2025-12-24T15:37:28.718+0000] {processor.py:830} INFO - Processing file /home/airflow/.local/lib/python3.8/site-packages/airflow/example_dags/plugins/listener_plugin.py for tasks to queue
[2025-12-24T15:37:28.720+0000] {logging_mixin.py:188} INFO - [2025-12-24T15:37:28.719+0000] {dagbag.py:538} INFO - Filling up the DagBag from /home/airflow/.local/lib/python3.8/site-packages/airflow/example_dags/plugins/listener_plugin.py
[2025-12-24T15:37:28.722+0000] {processor.py:842} WARNING - No viable dags retrieved from /home/airflow/.local/lib/python3.8/site-packages/airflow/example_dags/plugins/listener_plugin.py
[2025-12-24T15:37:28.736+0000] {processor.py:183} INFO - Processing /home/airflow/.local/lib/python3.8/site-packages/airflow/example_dags/plugins/listener_plugin.py took 0.024 seconds
[2025-12-24T15:37:58.875+0000] {processor.py:161} INFO - Started process (PID=554) to work on /home/airflow/.local/lib/python3.8/site-packages/airflow/example_dags/plugins/listener_plugin.py
[2025-12-24T15:37:58.877+0000] {processor.py:830} INFO - Processing file /home/airflow/.local/lib/python3.8/site-packages/airflow/example_dags/plugins/listener_plugin.py for tasks to queue
[2025-12-24T15:37:58.879+0000] {logging_mixin.py:188} INFO - [2025-12-24T15:37:58.878+0000] {dagbag.py:538} INFO - Filling up the DagBag from /home/airflow/.local/lib/python3.8/site-packages/airflow/example_dags/plugins/listener_plugin.py
[2025-12-24T15:37:58.883+0000] {processor.py:842} WARNING - No viable dags retrieved from /home/airflow/.local/lib/python3.8/site-packages/airflow/example_dags/plugins/listener_plugin.py
[2025-12-24T15:37:58.899+0000] {processor.py:183} INFO - Processing /home/airflow/.local/lib/python3.8/site-packages/airflow/example_dags/plugins/listener_plugin.py took 0.028 seconds
[2025-12-24T15:38:29.165+0000] {processor.py:161} INFO - Started process (PID=609) to work on /home/airflow/.local/lib/python3.8/site-packages/airflow/example_dags/plugins/listener_plugin.py
[2025-12-24T15:38:29.166+0000] {processor.py:830} INFO - Processing file /home/airflow/.local/lib/python3.8/site-packages/airflow/example_dags/plugins/listener_plugin.py for tasks to queue
[2025-12-24T15:38:29.168+0000] {logging_mixin.py:188} INFO - [2025-12-24T15:38:29.168+0000] {dagbag.py:538} INFO - Filling up the DagBag from /home/airflow/.local/lib/python3.8/site-packages/airflow/example_dags/plugins/listener_plugin.py
[2025-12-24T15:38:29.172+0000] {processor.py:842} WARNING - No viable dags retrieved from /home/airflow/.local/lib/python3.8/site-packages/airflow/example_dags/plugins/listener_plugin.py
[2025-12-24T15:38:29.186+0000] {processor.py:183} INFO - Processing /home/airflow/.local/lib/python3.8/site-packages/airflow/example_dags/plugins/listener_plugin.py took 0.025 seconds
[2025-12-24T15:38:59.381+0000] {processor.py:161} INFO - Started process (PID=666) to work on /home/airflow/.local/lib/python3.8/site-packages/airflow/example_dags/plugins/listener_plugin.py
[2025-12-24T15:38:59.382+0000] {processor.py:830} INFO - Processing file /home/airflow/.local/lib/python3.8/site-packages/airflow/example_dags/plugins/listener_plugin.py for tasks to queue
[2025-12-24T15:38:59.384+0000] {logging_mixin.py:188} INFO - [2025-12-24T15:38:59.384+0000] {dagbag.py:538} INFO - Filling up the DagBag from /home/airflow/.local/lib/python3.8/site-packages/airflow/example_dags/plugins/listener_plugin.py
[2025-12-24T15:38:59.387+0000] {processor.py:842} WARNING - No viable dags retrieved from /home/airflow/.local/lib/python3.8/site-packages/airflow/example_dags/plugins/listener_plugin.py
[2025-12-24T15:38:59.401+0000] {processor.py:183} INFO - Processing /home/airflow/.local/lib/python3.8/site-packages/airflow/example_dags/plugins/listener_plugin.py took 0.023 seconds
[2025-12-24T15:39:29.802+0000] {processor.py:161} INFO - Started process (PID=722) to work on /home/airflow/.local/lib/python3.8/site-packages/airflow/example_dags/plugins/listener_plugin.py
[2025-12-24T15:39:29.803+0000] {processor.py:830} INFO - Processing file /home/airflow/.local/lib/python3.8/site-packages/airflow/example_dags/plugins/listener_plugin.py for tasks to queue
[2025-12-24T15:39:29.805+0000] {logging_mixin.py:188} INFO - [2025-12-24T15:39:29.804+0000] {dagbag.py:538} INFO - Filling up the DagBag from /home/airflow/.local/lib/python3.8/site-packages/airflow/example_dags/plugins/listener_plugin.py
[2025-12-24T15:39:29.808+0000] {processor.py:842} WARNING - No viable dags retrieved from /home/airflow/.local/lib/python3.8/site-packages/airflow/example_dags/plugins/listener_plugin.py
[2025-12-24T15:39:29.822+0000] {processor.py:183} INFO - Processing /home/airflow/.local/lib/python3.8/site-packages/airflow/example_dags/plugins/listener_plugin.py took 0.024 seconds
[2025-12-24T15:40:00.196+0000] {processor.py:161} INFO - Started process (PID=778) to work on /home/airflow/.local/lib/python3.8/site-packages/airflow/example_dags/plugins/listener_plugin.py
[2025-12-24T15:40:00.198+0000] {processor.py:830} INFO - Processing file /home/airflow/.local/lib/python3.8/site-packages/airflow/example_dags/plugins/listener_plugin.py for tasks to queue
[2025-12-24T15:40:00.201+0000] {logging_mixin.py:188} INFO - [2025-12-24T15:40:00.200+0000] {dagbag.py:538} INFO - Filling up the DagBag from /home/airflow/.local/lib/python3.8/site-packages/airflow/example_dags/plugins/listener_plugin.py
[2025-12-24T15:40:00.204+0000] {processor.py:842} WARNING - No viable dags retrieved from /home/airflow/.local/lib/python3.8/site-packages/airflow/example_dags/plugins/listener_plugin.py
[2025-12-24T15:40:00.218+0000] {processor.py:183} INFO - Processing /home/airflow/.local/lib/python3.8/site-packages/airflow/example_dags/plugins/listener_plugin.py took 0.026 seconds
[2025-12-24T15:40:30.450+0000] {processor.py:161} INFO - Started process (PID=834) to work on /home/airflow/.local/lib/python3.8/site-packages/airflow/example_dags/plugins/listener_plugin.py
[2025-12-24T15:40:30.452+0000] {processor.py:830} INFO - Processing file /home/airflow/.local/lib/python3.8/site-packages/airflow/example_dags/plugins/listener_plugin.py for tasks to queue
[2025-12-24T15:40:30.454+0000] {logging_mixin.py:188} INFO - [2025-12-24T15:40:30.454+0000] {dagbag.py:538} INFO - Filling up the DagBag from /home/airflow/.local/lib/python3.8/site-packages/airflow/example_dags/plugins/listener_plugin.py
[2025-12-24T15:40:30.457+0000] {processor.py:842} WARNING - No viable dags retrieved from /home/airflow/.local/lib/python3.8/site-packages/airflow/example_dags/plugins/listener_plugin.py
[2025-12-24T15:40:30.472+0000] {processor.py:183} INFO - Processing /home/airflow/.local/lib/python3.8/site-packages/airflow/example_dags/plugins/listener_plugin.py took 0.026 seconds
[2025-12-24T15:41:00.744+0000] {processor.py:161} INFO - Started process (PID=891) to work on /home/airflow/.local/lib/python3.8/site-packages/airflow/example_dags/plugins/listener_plugin.py
[2025-12-24T15:41:00.745+0000] {processor.py:830} INFO - Processing file /home/airflow/.local/lib/python3.8/site-packages/airflow/example_dags/plugins/listener_plugin.py for tasks to queue
[2025-12-24T15:41:00.748+0000] {logging_mixin.py:188} INFO - [2025-12-24T15:41:00.748+0000] {dagbag.py:538} INFO - Filling up the DagBag from /home/airflow/.local/lib/python3.8/site-packages/airflow/example_dags/plugins/listener_plugin.py
[2025-12-24T15:41:00.752+0000] {processor.py:842} WARNING - No viable dags retrieved from /home/airflow/.local/lib/python3.8/site-packages/airflow/example_dags/plugins/listener_plugin.py
[2025-12-24T15:41:00.767+0000] {processor.py:183} INFO - Processing /home/airflow/.local/lib/python3.8/site-packages/airflow/example_dags/plugins/listener_plugin.py took 0.026 seconds
[2025-12-24T15:41:31.010+0000] {processor.py:161} INFO - Started process (PID=947) to work on /home/airflow/.local/lib/python3.8/site-packages/airflow/example_dags/plugins/listener_plugin.py
[2025-12-24T15:41:31.012+0000] {processor.py:830} INFO - Processing file /home/airflow/.local/lib/python3.8/site-packages/airflow/example_dags/plugins/listener_plugin.py for tasks to queue
[2025-12-24T15:41:31.014+0000] {logging_mixin.py:188} INFO - [2025-12-24T15:41:31.014+0000] {dagbag.py:538} INFO - Filling up the DagBag from /home/airflow/.local/lib/python3.8/site-packages/airflow/example_dags/plugins/listener_plugin.py
[2025-12-24T15:41:31.018+0000] {processor.py:842} WARNING - No viable dags retrieved from /home/airflow/.local/lib/python3.8/site-packages/airflow/example_dags/plugins/listener_plugin.py
[2025-12-24T15:41:31.035+0000] {processor.py:183} INFO - Processing /home/airflow/.local/lib/python3.8/site-packages/airflow/example_dags/plugins/listener_plugin.py took 0.029 seconds
[2025-12-24T15:42:01.207+0000] {processor.py:161} INFO - Started process (PID=1003) to work on /home/airflow/.local/lib/python3.8/site-packages/airflow/example_dags/plugins/listener_plugin.py
[2025-12-24T15:42:01.208+0000] {processor.py:830} INFO - Processing file /home/airflow/.local/lib/python3.8/site-packages/airflow/example_dags/plugins/listener_plugin.py for tasks to queue
[2025-12-24T15:42:01.211+0000] {logging_mixin.py:188} INFO - [2025-12-24T15:42:01.210+0000] {dagbag.py:538} INFO - Filling up the DagBag from /home/airflow/.local/lib/python3.8/site-packages/airflow/example_dags/plugins/listener_plugin.py
[2025-12-24T15:42:01.214+0000] {processor.py:842} WARNING - No viable dags retrieved from /home/airflow/.local/lib/python3.8/site-packages/airflow/example_dags/plugins/listener_plugin.py
[2025-12-24T15:42:01.230+0000] {processor.py:183} INFO - Processing /home/airflow/.local/lib/python3.8/site-packages/airflow/example_dags/plugins/listener_plugin.py took 0.026 seconds
[2025-12-24T15:42:31.305+0000] {processor.py:161} INFO - Started process (PID=1059) to work on /home/airflow/.local/lib/python3.8/site-packages/airflow/example_dags/plugins/listener_plugin.py
[2025-12-24T15:42:31.306+0000] {processor.py:830} INFO - Processing file /home/airflow/.local/lib/python3.8/site-packages/airflow/example_dags/plugins/listener_plugin.py for tasks to queue
[2025-12-24T15:42:31.309+0000] {logging_mixin.py:188} INFO - [2025-12-24T15:42:31.309+0000] {dagbag.py:538} INFO - Filling up the DagBag from /home/airflow/.local/lib/python3.8/site-packages/airflow/example_dags/plugins/listener_plugin.py
[2025-12-24T15:42:31.313+0000] {processor.py:842} WARNING - No viable dags retrieved from /home/airflow/.local/lib/python3.8/site-packages/airflow/example_dags/plugins/listener_plugin.py
[2025-12-24T15:42:31.330+0000] {processor.py:183} INFO - Processing /home/airflow/.local/lib/python3.8/site-packages/airflow/example_dags/plugins/listener_plugin.py took 0.030 seconds
[2025-12-24T15:43:01.814+0000] {processor.py:161} INFO - Started process (PID=1115) to work on /home/airflow/.local/lib/python3.8/site-packages/airflow/example_dags/plugins/listener_plugin.py
[2025-12-24T15:43:01.815+0000] {processor.py:830} INFO - Processing file /home/airflow/.local/lib/python3.8/site-packages/airflow/example_dags/plugins/listener_plugin.py for tasks to queue
[2025-12-24T15:43:01.818+0000] {logging_mixin.py:188} INFO - [2025-12-24T15:43:01.818+0000] {dagbag.py:538} INFO - Filling up the DagBag from /home/airflow/.local/lib/python3.8/site-packages/airflow/example_dags/plugins/listener_plugin.py
[2025-12-24T15:43:01.821+0000] {processor.py:842} WARNING - No viable dags retrieved from /home/airflow/.local/lib/python3.8/site-packages/airflow/example_dags/plugins/listener_plugin.py
[2025-12-24T15:43:01.837+0000] {processor.py:183} INFO - Processing /home/airflow/.local/lib/python3.8/site-packages/airflow/example_dags/plugins/listener_plugin.py took 0.027 seconds
[2025-12-24T15:43:32.199+0000] {processor.py:161} INFO - Started process (PID=1171) to work on /home/airflow/.local/lib/python3.8/site-packages/airflow/example_dags/plugins/listener_plugin.py
[2025-12-24T15:43:32.201+0000] {processor.py:830} INFO - Processing file /home/airflow/.local/lib/python3.8/site-packages/airflow/example_dags/plugins/listener_plugin.py for tasks to queue
[2025-12-24T15:43:32.203+0000] {logging_mixin.py:188} INFO - [2025-12-24T15:43:32.202+0000] {dagbag.py:538} INFO - Filling up the DagBag from /home/airflow/.local/lib/python3.8/site-packages/airflow/example_dags/plugins/listener_plugin.py
[2025-12-24T15:43:32.206+0000] {processor.py:842} WARNING - No viable dags retrieved from /home/airflow/.local/lib/python3.8/site-packages/airflow/example_dags/plugins/listener_plugin.py
[2025-12-24T15:43:32.219+0000] {processor.py:183} INFO - Processing /home/airflow/.local/lib/python3.8/site-packages/airflow/example_dags/plugins/listener_plugin.py took 0.023 seconds
[2025-12-24T15:44:03.542+0000] {processor.py:161} INFO - Started process (PID=1227) to work on /home/airflow/.local/lib/python3.8/site-packages/airflow/example_dags/plugins/listener_plugin.py
[2025-12-24T15:44:03.543+0000] {processor.py:830} INFO - Processing file /home/airflow/.local/lib/python3.8/site-packages/airflow/example_dags/plugins/listener_plugin.py for tasks to queue
[2025-12-24T15:44:03.545+0000] {logging_mixin.py:188} INFO - [2025-12-24T15:44:03.545+0000] {dagbag.py:538} INFO - Filling up the DagBag from /home/airflow/.local/lib/python3.8/site-packages/airflow/example_dags/plugins/listener_plugin.py
[2025-12-24T15:44:03.548+0000] {processor.py:842} WARNING - No viable dags retrieved from /home/airflow/.local/lib/python3.8/site-packages/airflow/example_dags/plugins/listener_plugin.py
[2025-12-24T15:44:03.565+0000] {processor.py:183} INFO - Processing /home/airflow/.local/lib/python3.8/site-packages/airflow/example_dags/plugins/listener_plugin.py took 0.026 seconds
[2025-12-24T15:44:33.770+0000] {processor.py:161} INFO - Started process (PID=1283) to work on /home/airflow/.local/lib/python3.8/site-packages/airflow/example_dags/plugins/listener_plugin.py
[2025-12-24T15:44:33.771+0000] {processor.py:830} INFO - Processing file /home/airflow/.local/lib/python3.8/site-packages/airflow/example_dags/plugins/listener_plugin.py for tasks to queue
[2025-12-24T15:44:33.773+0000] {logging_mixin.py:188} INFO - [2025-12-24T15:44:33.773+0000] {dagbag.py:538} INFO - Filling up the DagBag from /home/airflow/.local/lib/python3.8/site-packages/airflow/example_dags/plugins/listener_plugin.py
[2025-12-24T15:44:33.776+0000] {processor.py:842} WARNING - No viable dags retrieved from /home/airflow/.local/lib/python3.8/site-packages/airflow/example_dags/plugins/listener_plugin.py
[2025-12-24T15:44:33.791+0000] {processor.py:183} INFO - Processing /home/airflow/.local/lib/python3.8/site-packages/airflow/example_dags/plugins/listener_plugin.py took 0.025 seconds
[2025-12-24T15:45:04.722+0000] {processor.py:161} INFO - Started process (PID=1339) to work on /home/airflow/.local/lib/python3.8/site-packages/airflow/example_dags/plugins/listener_plugin.py
[2025-12-24T15:45:04.723+0000] {processor.py:830} INFO - Processing file /home/airflow/.local/lib/python3.8/site-packages/airflow/example_dags/plugins/listener_plugin.py for tasks to queue
[2025-12-24T15:45:04.725+0000] {logging_mixin.py:188} INFO - [2025-12-24T15:45:04.725+0000] {dagbag.py:538} INFO - Filling up the DagBag from /home/airflow/.local/lib/python3.8/site-packages/airflow/example_dags/plugins/listener_plugin.py
[2025-12-24T15:45:04.728+0000] {processor.py:842} WARNING - No viable dags retrieved from /home/airflow/.local/lib/python3.8/site-packages/airflow/example_dags/plugins/listener_plugin.py
[2025-12-24T15:45:04.744+0000] {processor.py:183} INFO - Processing /home/airflow/.local/lib/python3.8/site-packages/airflow/example_dags/plugins/listener_plugin.py took 0.026 seconds
[2025-12-24T15:45:35.280+0000] {processor.py:161} INFO - Started process (PID=1395) to work on /home/airflow/.local/lib/python3.8/site-packages/airflow/example_dags/plugins/listener_plugin.py
[2025-12-24T15:45:35.282+0000] {processor.py:830} INFO - Processing file /home/airflow/.local/lib/python3.8/site-packages/airflow/example_dags/plugins/listener_plugin.py for tasks to queue
[2025-12-24T15:45:35.284+0000] {logging_mixin.py:188} INFO - [2025-12-24T15:45:35.283+0000] {dagbag.py:538} INFO - Filling up the DagBag from /home/airflow/.local/lib/python3.8/site-packages/airflow/example_dags/plugins/listener_plugin.py
[2025-12-24T15:45:35.288+0000] {processor.py:842} WARNING - No viable dags retrieved from /home/airflow/.local/lib/python3.8/site-packages/airflow/example_dags/plugins/listener_plugin.py
[2025-12-24T15:45:35.305+0000] {processor.py:183} INFO - Processing /home/airflow/.local/lib/python3.8/site-packages/airflow/example_dags/plugins/listener_plugin.py took 0.029 seconds
[2025-12-24T15:46:05.871+0000] {processor.py:161} INFO - Started process (PID=1452) to work on /home/airflow/.local/lib/python3.8/site-packages/airflow/example_dags/plugins/listener_plugin.py
[2025-12-24T15:46:05.872+0000] {processor.py:830} INFO - Processing file /home/airflow/.local/lib/python3.8/site-packages/airflow/example_dags/plugins/listener_plugin.py for tasks to queue
[2025-12-24T15:46:05.875+0000] {logging_mixin.py:188} INFO - [2025-12-24T15:46:05.874+0000] {dagbag.py:538} INFO - Filling up the DagBag from /home/airflow/.local/lib/python3.8/site-packages/airflow/example_dags/plugins/listener_plugin.py
[2025-12-24T15:46:05.878+0000] {processor.py:842} WARNING - No viable dags retrieved from /home/airflow/.local/lib/python3.8/site-packages/airflow/example_dags/plugins/listener_plugin.py
[2025-12-24T15:46:05.893+0000] {processor.py:183} INFO - Processing /home/airflow/.local/lib/python3.8/site-packages/airflow/example_dags/plugins/listener_plugin.py took 0.026 seconds
[2025-12-24T15:46:36.096+0000] {processor.py:161} INFO - Started process (PID=1508) to work on /home/airflow/.local/lib/python3.8/site-packages/airflow/example_dags/plugins/listener_plugin.py
[2025-12-24T15:46:36.098+0000] {processor.py:830} INFO - Processing file /home/airflow/.local/lib/python3.8/site-packages/airflow/example_dags/plugins/listener_plugin.py for tasks to queue
[2025-12-24T15:46:36.103+0000] {logging_mixin.py:188} INFO - [2025-12-24T15:46:36.103+0000] {dagbag.py:538} INFO - Filling up the DagBag from /home/airflow/.local/lib/python3.8/site-packages/airflow/example_dags/plugins/listener_plugin.py
[2025-12-24T15:46:36.109+0000] {processor.py:842} WARNING - No viable dags retrieved from /home/airflow/.local/lib/python3.8/site-packages/airflow/example_dags/plugins/listener_plugin.py
[2025-12-24T15:46:36.131+0000] {processor.py:183} INFO - Processing /home/airflow/.local/lib/python3.8/site-packages/airflow/example_dags/plugins/listener_plugin.py took 0.043 seconds
[2025-12-24T15:47:07.242+0000] {processor.py:161} INFO - Started process (PID=1564) to work on /home/airflow/.local/lib/python3.8/site-packages/airflow/example_dags/plugins/listener_plugin.py
[2025-12-24T15:47:07.243+0000] {processor.py:830} INFO - Processing file /home/airflow/.local/lib/python3.8/site-packages/airflow/example_dags/plugins/listener_plugin.py for tasks to queue
[2025-12-24T15:47:07.245+0000] {logging_mixin.py:188} INFO - [2025-12-24T15:47:07.245+0000] {dagbag.py:538} INFO - Filling up the DagBag from /home/airflow/.local/lib/python3.8/site-packages/airflow/example_dags/plugins/listener_plugin.py
[2025-12-24T15:47:07.248+0000] {processor.py:842} WARNING - No viable dags retrieved from /home/airflow/.local/lib/python3.8/site-packages/airflow/example_dags/plugins/listener_plugin.py
[2025-12-24T15:47:07.263+0000] {processor.py:183} INFO - Processing /home/airflow/.local/lib/python3.8/site-packages/airflow/example_dags/plugins/listener_plugin.py took 0.025 seconds
[2025-12-24T15:47:38.128+0000] {processor.py:161} INFO - Started process (PID=1624) to work on /home/airflow/.local/lib/python3.8/site-packages/airflow/example_dags/plugins/listener_plugin.py
[2025-12-24T15:47:38.129+0000] {processor.py:830} INFO - Processing file /home/airflow/.local/lib/python3.8/site-packages/airflow/example_dags/plugins/listener_plugin.py for tasks to queue
[2025-12-24T15:47:38.132+0000] {logging_mixin.py:188} INFO - [2025-12-24T15:47:38.131+0000] {dagbag.py:538} INFO - Filling up the DagBag from /home/airflow/.local/lib/python3.8/site-packages/airflow/example_dags/plugins/listener_plugin.py
[2025-12-24T15:47:38.136+0000] {processor.py:842} WARNING - No viable dags retrieved from /home/airflow/.local/lib/python3.8/site-packages/airflow/example_dags/plugins/listener_plugin.py
[2025-12-24T15:47:38.150+0000] {processor.py:183} INFO - Processing /home/airflow/.local/lib/python3.8/site-packages/airflow/example_dags/plugins/listener_plugin.py took 0.026 seconds
[2025-12-24T15:48:09.288+0000] {processor.py:161} INFO - Started process (PID=1680) to work on /home/airflow/.local/lib/python3.8/site-packages/airflow/example_dags/plugins/listener_plugin.py
[2025-12-24T15:48:09.293+0000] {processor.py:830} INFO - Processing file /home/airflow/.local/lib/python3.8/site-packages/airflow/example_dags/plugins/listener_plugin.py for tasks to queue
[2025-12-24T15:48:09.297+0000] {logging_mixin.py:188} INFO - [2025-12-24T15:48:09.296+0000] {dagbag.py:538} INFO - Filling up the DagBag from /home/airflow/.local/lib/python3.8/site-packages/airflow/example_dags/plugins/listener_plugin.py
[2025-12-24T15:48:09.311+0000] {processor.py:842} WARNING - No viable dags retrieved from /home/airflow/.local/lib/python3.8/site-packages/airflow/example_dags/plugins/listener_plugin.py
[2025-12-24T15:48:09.350+0000] {processor.py:183} INFO - Processing /home/airflow/.local/lib/python3.8/site-packages/airflow/example_dags/plugins/listener_plugin.py took 0.073 seconds
[2025-12-24T15:48:39.513+0000] {processor.py:161} INFO - Started process (PID=1736) to work on /home/airflow/.local/lib/python3.8/site-packages/airflow/example_dags/plugins/listener_plugin.py
[2025-12-24T15:48:39.514+0000] {processor.py:830} INFO - Processing file /home/airflow/.local/lib/python3.8/site-packages/airflow/example_dags/plugins/listener_plugin.py for tasks to queue
[2025-12-24T15:48:39.517+0000] {logging_mixin.py:188} INFO - [2025-12-24T15:48:39.517+0000] {dagbag.py:538} INFO - Filling up the DagBag from /home/airflow/.local/lib/python3.8/site-packages/airflow/example_dags/plugins/listener_plugin.py
[2025-12-24T15:48:39.524+0000] {processor.py:842} WARNING - No viable dags retrieved from /home/airflow/.local/lib/python3.8/site-packages/airflow/example_dags/plugins/listener_plugin.py
[2025-12-24T15:48:39.543+0000] {processor.py:183} INFO - Processing /home/airflow/.local/lib/python3.8/site-packages/airflow/example_dags/plugins/listener_plugin.py took 0.035 seconds
[2025-12-24T15:49:10.397+0000] {processor.py:161} INFO - Started process (PID=1792) to work on /home/airflow/.local/lib/python3.8/site-packages/airflow/example_dags/plugins/listener_plugin.py
[2025-12-24T15:49:10.399+0000] {processor.py:830} INFO - Processing file /home/airflow/.local/lib/python3.8/site-packages/airflow/example_dags/plugins/listener_plugin.py for tasks to queue
[2025-12-24T15:49:10.401+0000] {logging_mixin.py:188} INFO - [2025-12-24T15:49:10.401+0000] {dagbag.py:538} INFO - Filling up the DagBag from /home/airflow/.local/lib/python3.8/site-packages/airflow/example_dags/plugins/listener_plugin.py
[2025-12-24T15:49:10.407+0000] {processor.py:842} WARNING - No viable dags retrieved from /home/airflow/.local/lib/python3.8/site-packages/airflow/example_dags/plugins/listener_plugin.py
[2025-12-24T15:49:10.424+0000] {processor.py:183} INFO - Processing /home/airflow/.local/lib/python3.8/site-packages/airflow/example_dags/plugins/listener_plugin.py took 0.030 seconds
[2025-12-24T15:49:41.276+0000] {processor.py:161} INFO - Started process (PID=1849) to work on /home/airflow/.local/lib/python3.8/site-packages/airflow/example_dags/plugins/listener_plugin.py
[2025-12-24T15:49:41.277+0000] {processor.py:830} INFO - Processing file /home/airflow/.local/lib/python3.8/site-packages/airflow/example_dags/plugins/listener_plugin.py for tasks to queue
[2025-12-24T15:49:41.279+0000] {logging_mixin.py:188} INFO - [2025-12-24T15:49:41.279+0000] {dagbag.py:538} INFO - Filling up the DagBag from /home/airflow/.local/lib/python3.8/site-packages/airflow/example_dags/plugins/listener_plugin.py
[2025-12-24T15:49:41.282+0000] {processor.py:842} WARNING - No viable dags retrieved from /home/airflow/.local/lib/python3.8/site-packages/airflow/example_dags/plugins/listener_plugin.py
[2025-12-24T15:49:41.297+0000] {processor.py:183} INFO - Processing /home/airflow/.local/lib/python3.8/site-packages/airflow/example_dags/plugins/listener_plugin.py took 0.025 seconds
[2025-12-24T15:50:11.680+0000] {processor.py:161} INFO - Started process (PID=1908) to work on /home/airflow/.local/lib/python3.8/site-packages/airflow/example_dags/plugins/listener_plugin.py
[2025-12-24T15:50:11.681+0000] {processor.py:830} INFO - Processing file /home/airflow/.local/lib/python3.8/site-packages/airflow/example_dags/plugins/listener_plugin.py for tasks to queue
[2025-12-24T15:50:11.684+0000] {logging_mixin.py:188} INFO - [2025-12-24T15:50:11.683+0000] {dagbag.py:538} INFO - Filling up the DagBag from /home/airflow/.local/lib/python3.8/site-packages/airflow/example_dags/plugins/listener_plugin.py
[2025-12-24T15:50:11.688+0000] {processor.py:842} WARNING - No viable dags retrieved from /home/airflow/.local/lib/python3.8/site-packages/airflow/example_dags/plugins/listener_plugin.py
[2025-12-24T15:50:11.704+0000] {processor.py:183} INFO - Processing /home/airflow/.local/lib/python3.8/site-packages/airflow/example_dags/plugins/listener_plugin.py took 0.028 seconds
[2025-12-24T15:50:41.871+0000] {processor.py:161} INFO - Started process (PID=1970) to work on /home/airflow/.local/lib/python3.8/site-packages/airflow/example_dags/plugins/listener_plugin.py
[2025-12-24T15:50:41.872+0000] {processor.py:830} INFO - Processing file /home/airflow/.local/lib/python3.8/site-packages/airflow/example_dags/plugins/listener_plugin.py for tasks to queue
[2025-12-24T15:50:41.875+0000] {logging_mixin.py:188} INFO - [2025-12-24T15:50:41.874+0000] {dagbag.py:538} INFO - Filling up the DagBag from /home/airflow/.local/lib/python3.8/site-packages/airflow/example_dags/plugins/listener_plugin.py
[2025-12-24T15:50:41.879+0000] {processor.py:842} WARNING - No viable dags retrieved from /home/airflow/.local/lib/python3.8/site-packages/airflow/example_dags/plugins/listener_plugin.py
[2025-12-24T15:50:41.895+0000] {processor.py:183} INFO - Processing /home/airflow/.local/lib/python3.8/site-packages/airflow/example_dags/plugins/listener_plugin.py took 0.028 seconds
[2025-12-24T15:51:12.290+0000] {processor.py:161} INFO - Started process (PID=2025) to work on /home/airflow/.local/lib/python3.8/site-packages/airflow/example_dags/plugins/listener_plugin.py
[2025-12-24T15:51:12.293+0000] {processor.py:830} INFO - Processing file /home/airflow/.local/lib/python3.8/site-packages/airflow/example_dags/plugins/listener_plugin.py for tasks to queue
[2025-12-24T15:51:12.294+0000] {logging_mixin.py:188} INFO - [2025-12-24T15:51:12.294+0000] {dagbag.py:538} INFO - Filling up the DagBag from /home/airflow/.local/lib/python3.8/site-packages/airflow/example_dags/plugins/listener_plugin.py
[2025-12-24T15:51:12.299+0000] {processor.py:842} WARNING - No viable dags retrieved from /home/airflow/.local/lib/python3.8/site-packages/airflow/example_dags/plugins/listener_plugin.py
[2025-12-24T15:51:12.315+0000] {processor.py:183} INFO - Processing /home/airflow/.local/lib/python3.8/site-packages/airflow/example_dags/plugins/listener_plugin.py took 0.028 seconds
[2025-12-24T15:51:42.459+0000] {processor.py:161} INFO - Started process (PID=2081) to work on /home/airflow/.local/lib/python3.8/site-packages/airflow/example_dags/plugins/listener_plugin.py
[2025-12-24T15:51:42.461+0000] {processor.py:830} INFO - Processing file /home/airflow/.local/lib/python3.8/site-packages/airflow/example_dags/plugins/listener_plugin.py for tasks to queue
[2025-12-24T15:51:42.462+0000] {logging_mixin.py:188} INFO - [2025-12-24T15:51:42.462+0000] {dagbag.py:538} INFO - Filling up the DagBag from /home/airflow/.local/lib/python3.8/site-packages/airflow/example_dags/plugins/listener_plugin.py
[2025-12-24T15:51:42.465+0000] {processor.py:842} WARNING - No viable dags retrieved from /home/airflow/.local/lib/python3.8/site-packages/airflow/example_dags/plugins/listener_plugin.py
[2025-12-24T15:51:42.482+0000] {processor.py:183} INFO - Processing /home/airflow/.local/lib/python3.8/site-packages/airflow/example_dags/plugins/listener_plugin.py took 0.026 seconds
[2025-12-24T15:52:12.739+0000] {processor.py:161} INFO - Started process (PID=2137) to work on /home/airflow/.local/lib/python3.8/site-packages/airflow/example_dags/plugins/listener_plugin.py
[2025-12-24T15:52:12.741+0000] {processor.py:830} INFO - Processing file /home/airflow/.local/lib/python3.8/site-packages/airflow/example_dags/plugins/listener_plugin.py for tasks to queue
[2025-12-24T15:52:12.742+0000] {logging_mixin.py:188} INFO - [2025-12-24T15:52:12.741+0000] {dagbag.py:538} INFO - Filling up the DagBag from /home/airflow/.local/lib/python3.8/site-packages/airflow/example_dags/plugins/listener_plugin.py
[2025-12-24T15:52:12.744+0000] {processor.py:842} WARNING - No viable dags retrieved from /home/airflow/.local/lib/python3.8/site-packages/airflow/example_dags/plugins/listener_plugin.py
[2025-12-24T15:52:12.759+0000] {processor.py:183} INFO - Processing /home/airflow/.local/lib/python3.8/site-packages/airflow/example_dags/plugins/listener_plugin.py took 0.024 seconds
[2025-12-24T15:52:43.435+0000] {processor.py:161} INFO - Started process (PID=2192) to work on /home/airflow/.local/lib/python3.8/site-packages/airflow/example_dags/plugins/listener_plugin.py
[2025-12-24T15:52:43.436+0000] {processor.py:830} INFO - Processing file /home/airflow/.local/lib/python3.8/site-packages/airflow/example_dags/plugins/listener_plugin.py for tasks to queue
[2025-12-24T15:52:43.437+0000] {logging_mixin.py:188} INFO - [2025-12-24T15:52:43.437+0000] {dagbag.py:538} INFO - Filling up the DagBag from /home/airflow/.local/lib/python3.8/site-packages/airflow/example_dags/plugins/listener_plugin.py
[2025-12-24T15:52:43.440+0000] {processor.py:842} WARNING - No viable dags retrieved from /home/airflow/.local/lib/python3.8/site-packages/airflow/example_dags/plugins/listener_plugin.py
[2025-12-24T15:52:43.455+0000] {processor.py:183} INFO - Processing /home/airflow/.local/lib/python3.8/site-packages/airflow/example_dags/plugins/listener_plugin.py took 0.024 seconds
[2025-12-24T15:53:14.349+0000] {processor.py:161} INFO - Started process (PID=2248) to work on /home/airflow/.local/lib/python3.8/site-packages/airflow/example_dags/plugins/listener_plugin.py
[2025-12-24T15:53:14.350+0000] {processor.py:830} INFO - Processing file /home/airflow/.local/lib/python3.8/site-packages/airflow/example_dags/plugins/listener_plugin.py for tasks to queue
[2025-12-24T15:53:14.352+0000] {logging_mixin.py:188} INFO - [2025-12-24T15:53:14.351+0000] {dagbag.py:538} INFO - Filling up the DagBag from /home/airflow/.local/lib/python3.8/site-packages/airflow/example_dags/plugins/listener_plugin.py
[2025-12-24T15:53:14.356+0000] {processor.py:842} WARNING - No viable dags retrieved from /home/airflow/.local/lib/python3.8/site-packages/airflow/example_dags/plugins/listener_plugin.py
[2025-12-24T15:53:14.370+0000] {processor.py:183} INFO - Processing /home/airflow/.local/lib/python3.8/site-packages/airflow/example_dags/plugins/listener_plugin.py took 0.025 seconds
[2025-12-24T15:53:44.886+0000] {processor.py:161} INFO - Started process (PID=2304) to work on /home/airflow/.local/lib/python3.8/site-packages/airflow/example_dags/plugins/listener_plugin.py
[2025-12-24T15:53:44.888+0000] {processor.py:830} INFO - Processing file /home/airflow/.local/lib/python3.8/site-packages/airflow/example_dags/plugins/listener_plugin.py for tasks to queue
[2025-12-24T15:53:44.890+0000] {logging_mixin.py:188} INFO - [2025-12-24T15:53:44.889+0000] {dagbag.py:538} INFO - Filling up the DagBag from /home/airflow/.local/lib/python3.8/site-packages/airflow/example_dags/plugins/listener_plugin.py
[2025-12-24T15:53:44.893+0000] {processor.py:842} WARNING - No viable dags retrieved from /home/airflow/.local/lib/python3.8/site-packages/airflow/example_dags/plugins/listener_plugin.py
[2025-12-24T15:53:44.907+0000] {processor.py:183} INFO - Processing /home/airflow/.local/lib/python3.8/site-packages/airflow/example_dags/plugins/listener_plugin.py took 0.025 seconds
[2025-12-24T15:54:15.449+0000] {processor.py:161} INFO - Started process (PID=2360) to work on /home/airflow/.local/lib/python3.8/site-packages/airflow/example_dags/plugins/listener_plugin.py
[2025-12-24T15:54:15.450+0000] {processor.py:830} INFO - Processing file /home/airflow/.local/lib/python3.8/site-packages/airflow/example_dags/plugins/listener_plugin.py for tasks to queue
[2025-12-24T15:54:15.452+0000] {logging_mixin.py:188} INFO - [2025-12-24T15:54:15.451+0000] {dagbag.py:538} INFO - Filling up the DagBag from /home/airflow/.local/lib/python3.8/site-packages/airflow/example_dags/plugins/listener_plugin.py
[2025-12-24T15:54:15.457+0000] {processor.py:842} WARNING - No viable dags retrieved from /home/airflow/.local/lib/python3.8/site-packages/airflow/example_dags/plugins/listener_plugin.py
[2025-12-24T15:54:15.477+0000] {processor.py:183} INFO - Processing /home/airflow/.local/lib/python3.8/site-packages/airflow/example_dags/plugins/listener_plugin.py took 0.033 seconds
[2025-12-24T15:54:45.632+0000] {processor.py:161} INFO - Started process (PID=2416) to work on /home/airflow/.local/lib/python3.8/site-packages/airflow/example_dags/plugins/listener_plugin.py
[2025-12-24T15:54:45.634+0000] {processor.py:830} INFO - Processing file /home/airflow/.local/lib/python3.8/site-packages/airflow/example_dags/plugins/listener_plugin.py for tasks to queue
[2025-12-24T15:54:45.635+0000] {logging_mixin.py:188} INFO - [2025-12-24T15:54:45.635+0000] {dagbag.py:538} INFO - Filling up the DagBag from /home/airflow/.local/lib/python3.8/site-packages/airflow/example_dags/plugins/listener_plugin.py
[2025-12-24T15:54:45.639+0000] {processor.py:842} WARNING - No viable dags retrieved from /home/airflow/.local/lib/python3.8/site-packages/airflow/example_dags/plugins/listener_plugin.py
[2025-12-24T15:54:45.656+0000] {processor.py:183} INFO - Processing /home/airflow/.local/lib/python3.8/site-packages/airflow/example_dags/plugins/listener_plugin.py took 0.028 seconds
[2025-12-24T15:55:15.956+0000] {processor.py:161} INFO - Started process (PID=2473) to work on /home/airflow/.local/lib/python3.8/site-packages/airflow/example_dags/plugins/listener_plugin.py
[2025-12-24T15:55:15.957+0000] {processor.py:830} INFO - Processing file /home/airflow/.local/lib/python3.8/site-packages/airflow/example_dags/plugins/listener_plugin.py for tasks to queue
[2025-12-24T15:55:15.959+0000] {logging_mixin.py:188} INFO - [2025-12-24T15:55:15.959+0000] {dagbag.py:538} INFO - Filling up the DagBag from /home/airflow/.local/lib/python3.8/site-packages/airflow/example_dags/plugins/listener_plugin.py
[2025-12-24T15:55:15.963+0000] {processor.py:842} WARNING - No viable dags retrieved from /home/airflow/.local/lib/python3.8/site-packages/airflow/example_dags/plugins/listener_plugin.py
[2025-12-24T15:55:15.982+0000] {processor.py:183} INFO - Processing /home/airflow/.local/lib/python3.8/site-packages/airflow/example_dags/plugins/listener_plugin.py took 0.031 seconds
[2025-12-24T15:55:46.761+0000] {processor.py:161} INFO - Started process (PID=2529) to work on /home/airflow/.local/lib/python3.8/site-packages/airflow/example_dags/plugins/listener_plugin.py
[2025-12-24T15:55:46.762+0000] {processor.py:830} INFO - Processing file /home/airflow/.local/lib/python3.8/site-packages/airflow/example_dags/plugins/listener_plugin.py for tasks to queue
[2025-12-24T15:55:46.763+0000] {logging_mixin.py:188} INFO - [2025-12-24T15:55:46.763+0000] {dagbag.py:538} INFO - Filling up the DagBag from /home/airflow/.local/lib/python3.8/site-packages/airflow/example_dags/plugins/listener_plugin.py
[2025-12-24T15:55:46.767+0000] {processor.py:842} WARNING - No viable dags retrieved from /home/airflow/.local/lib/python3.8/site-packages/airflow/example_dags/plugins/listener_plugin.py
[2025-12-24T15:55:46.781+0000] {processor.py:183} INFO - Processing /home/airflow/.local/lib/python3.8/site-packages/airflow/example_dags/plugins/listener_plugin.py took 0.023 seconds
[2025-12-24T15:56:17.474+0000] {processor.py:161} INFO - Started process (PID=2585) to work on /home/airflow/.local/lib/python3.8/site-packages/airflow/example_dags/plugins/listener_plugin.py
[2025-12-24T15:56:17.476+0000] {processor.py:830} INFO - Processing file /home/airflow/.local/lib/python3.8/site-packages/airflow/example_dags/plugins/listener_plugin.py for tasks to queue
[2025-12-24T15:56:17.477+0000] {logging_mixin.py:188} INFO - [2025-12-24T15:56:17.476+0000] {dagbag.py:538} INFO - Filling up the DagBag from /home/airflow/.local/lib/python3.8/site-packages/airflow/example_dags/plugins/listener_plugin.py
[2025-12-24T15:56:17.481+0000] {processor.py:842} WARNING - No viable dags retrieved from /home/airflow/.local/lib/python3.8/site-packages/airflow/example_dags/plugins/listener_plugin.py
[2025-12-24T15:56:17.498+0000] {processor.py:183} INFO - Processing /home/airflow/.local/lib/python3.8/site-packages/airflow/example_dags/plugins/listener_plugin.py took 0.028 seconds
[2025-12-24T15:56:48.100+0000] {processor.py:161} INFO - Started process (PID=2640) to work on /home/airflow/.local/lib/python3.8/site-packages/airflow/example_dags/plugins/listener_plugin.py
[2025-12-24T15:56:48.101+0000] {processor.py:830} INFO - Processing file /home/airflow/.local/lib/python3.8/site-packages/airflow/example_dags/plugins/listener_plugin.py for tasks to queue
[2025-12-24T15:56:48.102+0000] {logging_mixin.py:188} INFO - [2025-12-24T15:56:48.102+0000] {dagbag.py:538} INFO - Filling up the DagBag from /home/airflow/.local/lib/python3.8/site-packages/airflow/example_dags/plugins/listener_plugin.py
[2025-12-24T15:56:48.105+0000] {processor.py:842} WARNING - No viable dags retrieved from /home/airflow/.local/lib/python3.8/site-packages/airflow/example_dags/plugins/listener_plugin.py
[2025-12-24T15:56:48.120+0000] {processor.py:183} INFO - Processing /home/airflow/.local/lib/python3.8/site-packages/airflow/example_dags/plugins/listener_plugin.py took 0.023 seconds
[2025-12-24T15:57:18.434+0000] {processor.py:161} INFO - Started process (PID=2695) to work on /home/airflow/.local/lib/python3.8/site-packages/airflow/example_dags/plugins/listener_plugin.py
[2025-12-24T15:57:18.435+0000] {processor.py:830} INFO - Processing file /home/airflow/.local/lib/python3.8/site-packages/airflow/example_dags/plugins/listener_plugin.py for tasks to queue
[2025-12-24T15:57:18.436+0000] {logging_mixin.py:188} INFO - [2025-12-24T15:57:18.436+0000] {dagbag.py:538} INFO - Filling up the DagBag from /home/airflow/.local/lib/python3.8/site-packages/airflow/example_dags/plugins/listener_plugin.py
[2025-12-24T15:57:18.440+0000] {processor.py:842} WARNING - No viable dags retrieved from /home/airflow/.local/lib/python3.8/site-packages/airflow/example_dags/plugins/listener_plugin.py
[2025-12-24T15:57:18.454+0000] {processor.py:183} INFO - Processing /home/airflow/.local/lib/python3.8/site-packages/airflow/example_dags/plugins/listener_plugin.py took 0.025 seconds
[2025-12-24T15:57:49.216+0000] {processor.py:161} INFO - Started process (PID=2754) to work on /home/airflow/.local/lib/python3.8/site-packages/airflow/example_dags/plugins/listener_plugin.py
[2025-12-24T15:57:49.217+0000] {processor.py:830} INFO - Processing file /home/airflow/.local/lib/python3.8/site-packages/airflow/example_dags/plugins/listener_plugin.py for tasks to queue
[2025-12-24T15:57:49.218+0000] {logging_mixin.py:188} INFO - [2025-12-24T15:57:49.218+0000] {dagbag.py:538} INFO - Filling up the DagBag from /home/airflow/.local/lib/python3.8/site-packages/airflow/example_dags/plugins/listener_plugin.py
[2025-12-24T15:57:49.221+0000] {processor.py:842} WARNING - No viable dags retrieved from /home/airflow/.local/lib/python3.8/site-packages/airflow/example_dags/plugins/listener_plugin.py
[2025-12-24T15:57:49.238+0000] {processor.py:183} INFO - Processing /home/airflow/.local/lib/python3.8/site-packages/airflow/example_dags/plugins/listener_plugin.py took 0.026 seconds
[2025-12-24T15:58:19.341+0000] {processor.py:161} INFO - Started process (PID=2808) to work on /home/airflow/.local/lib/python3.8/site-packages/airflow/example_dags/plugins/listener_plugin.py
[2025-12-24T15:58:19.343+0000] {processor.py:830} INFO - Processing file /home/airflow/.local/lib/python3.8/site-packages/airflow/example_dags/plugins/listener_plugin.py for tasks to queue
[2025-12-24T15:58:19.345+0000] {logging_mixin.py:188} INFO - [2025-12-24T15:58:19.344+0000] {dagbag.py:538} INFO - Filling up the DagBag from /home/airflow/.local/lib/python3.8/site-packages/airflow/example_dags/plugins/listener_plugin.py
[2025-12-24T15:58:19.349+0000] {processor.py:842} WARNING - No viable dags retrieved from /home/airflow/.local/lib/python3.8/site-packages/airflow/example_dags/plugins/listener_plugin.py
[2025-12-24T15:58:19.369+0000] {processor.py:183} INFO - Processing /home/airflow/.local/lib/python3.8/site-packages/airflow/example_dags/plugins/listener_plugin.py took 0.033 seconds
[2025-12-24T15:58:49.651+0000] {processor.py:161} INFO - Started process (PID=2863) to work on /home/airflow/.local/lib/python3.8/site-packages/airflow/example_dags/plugins/listener_plugin.py
[2025-12-24T15:58:49.652+0000] {processor.py:830} INFO - Processing file /home/airflow/.local/lib/python3.8/site-packages/airflow/example_dags/plugins/listener_plugin.py for tasks to queue
[2025-12-24T15:58:49.654+0000] {logging_mixin.py:188} INFO - [2025-12-24T15:58:49.653+0000] {dagbag.py:538} INFO - Filling up the DagBag from /home/airflow/.local/lib/python3.8/site-packages/airflow/example_dags/plugins/listener_plugin.py
[2025-12-24T15:58:49.658+0000] {processor.py:842} WARNING - No viable dags retrieved from /home/airflow/.local/lib/python3.8/site-packages/airflow/example_dags/plugins/listener_plugin.py
[2025-12-24T15:58:49.674+0000] {processor.py:183} INFO - Processing /home/airflow/.local/lib/python3.8/site-packages/airflow/example_dags/plugins/listener_plugin.py took 0.027 seconds
[2025-12-24T15:59:20.503+0000] {processor.py:161} INFO - Started process (PID=2920) to work on /home/airflow/.local/lib/python3.8/site-packages/airflow/example_dags/plugins/listener_plugin.py
[2025-12-24T15:59:20.505+0000] {processor.py:830} INFO - Processing file /home/airflow/.local/lib/python3.8/site-packages/airflow/example_dags/plugins/listener_plugin.py for tasks to queue
[2025-12-24T15:59:20.507+0000] {logging_mixin.py:188} INFO - [2025-12-24T15:59:20.506+0000] {dagbag.py:538} INFO - Filling up the DagBag from /home/airflow/.local/lib/python3.8/site-packages/airflow/example_dags/plugins/listener_plugin.py
[2025-12-24T15:59:20.511+0000] {processor.py:842} WARNING - No viable dags retrieved from /home/airflow/.local/lib/python3.8/site-packages/airflow/example_dags/plugins/listener_plugin.py
[2025-12-24T15:59:20.530+0000] {processor.py:183} INFO - Processing /home/airflow/.local/lib/python3.8/site-packages/airflow/example_dags/plugins/listener_plugin.py took 0.031 seconds
[2025-12-24T15:59:50.929+0000] {processor.py:161} INFO - Started process (PID=2976) to work on /home/airflow/.local/lib/python3.8/site-packages/airflow/example_dags/plugins/listener_plugin.py
[2025-12-24T15:59:50.931+0000] {processor.py:830} INFO - Processing file /home/airflow/.local/lib/python3.8/site-packages/airflow/example_dags/plugins/listener_plugin.py for tasks to queue
[2025-12-24T15:59:50.934+0000] {logging_mixin.py:188} INFO - [2025-12-24T15:59:50.933+0000] {dagbag.py:538} INFO - Filling up the DagBag from /home/airflow/.local/lib/python3.8/site-packages/airflow/example_dags/plugins/listener_plugin.py
[2025-12-24T15:59:50.943+0000] {processor.py:842} WARNING - No viable dags retrieved from /home/airflow/.local/lib/python3.8/site-packages/airflow/example_dags/plugins/listener_plugin.py
[2025-12-24T15:59:50.960+0000] {processor.py:183} INFO - Processing /home/airflow/.local/lib/python3.8/site-packages/airflow/example_dags/plugins/listener_plugin.py took 0.036 seconds
[2025-12-24T16:00:21.245+0000] {processor.py:161} INFO - Started process (PID=3033) to work on /home/airflow/.local/lib/python3.8/site-packages/airflow/example_dags/plugins/listener_plugin.py
[2025-12-24T16:00:21.247+0000] {processor.py:830} INFO - Processing file /home/airflow/.local/lib/python3.8/site-packages/airflow/example_dags/plugins/listener_plugin.py for tasks to queue
[2025-12-24T16:00:21.249+0000] {logging_mixin.py:188} INFO - [2025-12-24T16:00:21.248+0000] {dagbag.py:538} INFO - Filling up the DagBag from /home/airflow/.local/lib/python3.8/site-packages/airflow/example_dags/plugins/listener_plugin.py
[2025-12-24T16:00:21.258+0000] {processor.py:842} WARNING - No viable dags retrieved from /home/airflow/.local/lib/python3.8/site-packages/airflow/example_dags/plugins/listener_plugin.py
[2025-12-24T16:00:21.286+0000] {processor.py:183} INFO - Processing /home/airflow/.local/lib/python3.8/site-packages/airflow/example_dags/plugins/listener_plugin.py took 0.046 seconds
[2025-12-24T16:00:51.384+0000] {processor.py:161} INFO - Started process (PID=3088) to work on /home/airflow/.local/lib/python3.8/site-packages/airflow/example_dags/plugins/listener_plugin.py
[2025-12-24T16:00:51.386+0000] {processor.py:830} INFO - Processing file /home/airflow/.local/lib/python3.8/site-packages/airflow/example_dags/plugins/listener_plugin.py for tasks to queue
[2025-12-24T16:00:51.388+0000] {logging_mixin.py:188} INFO - [2025-12-24T16:00:51.387+0000] {dagbag.py:538} INFO - Filling up the DagBag from /home/airflow/.local/lib/python3.8/site-packages/airflow/example_dags/plugins/listener_plugin.py
[2025-12-24T16:00:51.395+0000] {processor.py:842} WARNING - No viable dags retrieved from /home/airflow/.local/lib/python3.8/site-packages/airflow/example_dags/plugins/listener_plugin.py
[2025-12-24T16:00:51.421+0000] {processor.py:183} INFO - Processing /home/airflow/.local/lib/python3.8/site-packages/airflow/example_dags/plugins/listener_plugin.py took 0.043 seconds
[2025-12-24T16:01:21.653+0000] {processor.py:161} INFO - Started process (PID=3144) to work on /home/airflow/.local/lib/python3.8/site-packages/airflow/example_dags/plugins/listener_plugin.py
[2025-12-24T16:01:21.659+0000] {processor.py:830} INFO - Processing file /home/airflow/.local/lib/python3.8/site-packages/airflow/example_dags/plugins/listener_plugin.py for tasks to queue
[2025-12-24T16:01:21.660+0000] {logging_mixin.py:188} INFO - [2025-12-24T16:01:21.660+0000] {dagbag.py:538} INFO - Filling up the DagBag from /home/airflow/.local/lib/python3.8/site-packages/airflow/example_dags/plugins/listener_plugin.py
[2025-12-24T16:01:21.665+0000] {processor.py:842} WARNING - No viable dags retrieved from /home/airflow/.local/lib/python3.8/site-packages/airflow/example_dags/plugins/listener_plugin.py
[2025-12-24T16:01:21.706+0000] {processor.py:183} INFO - Processing /home/airflow/.local/lib/python3.8/site-packages/airflow/example_dags/plugins/listener_plugin.py took 0.069 seconds
[2025-12-24T16:01:52.722+0000] {processor.py:161} INFO - Started process (PID=3205) to work on /home/airflow/.local/lib/python3.8/site-packages/airflow/example_dags/plugins/listener_plugin.py
[2025-12-24T16:01:52.723+0000] {processor.py:830} INFO - Processing file /home/airflow/.local/lib/python3.8/site-packages/airflow/example_dags/plugins/listener_plugin.py for tasks to queue
[2025-12-24T16:01:52.724+0000] {logging_mixin.py:188} INFO - [2025-12-24T16:01:52.724+0000] {dagbag.py:538} INFO - Filling up the DagBag from /home/airflow/.local/lib/python3.8/site-packages/airflow/example_dags/plugins/listener_plugin.py
[2025-12-24T16:01:52.728+0000] {processor.py:842} WARNING - No viable dags retrieved from /home/airflow/.local/lib/python3.8/site-packages/airflow/example_dags/plugins/listener_plugin.py
[2025-12-24T16:01:52.743+0000] {processor.py:183} INFO - Processing /home/airflow/.local/lib/python3.8/site-packages/airflow/example_dags/plugins/listener_plugin.py took 0.026 seconds
[2025-12-24T16:02:22.885+0000] {processor.py:161} INFO - Started process (PID=3261) to work on /home/airflow/.local/lib/python3.8/site-packages/airflow/example_dags/plugins/listener_plugin.py
[2025-12-24T16:02:22.887+0000] {processor.py:830} INFO - Processing file /home/airflow/.local/lib/python3.8/site-packages/airflow/example_dags/plugins/listener_plugin.py for tasks to queue
[2025-12-24T16:02:22.889+0000] {logging_mixin.py:188} INFO - [2025-12-24T16:02:22.888+0000] {dagbag.py:538} INFO - Filling up the DagBag from /home/airflow/.local/lib/python3.8/site-packages/airflow/example_dags/plugins/listener_plugin.py
[2025-12-24T16:02:22.893+0000] {processor.py:842} WARNING - No viable dags retrieved from /home/airflow/.local/lib/python3.8/site-packages/airflow/example_dags/plugins/listener_plugin.py
[2025-12-24T16:02:22.913+0000] {processor.py:183} INFO - Processing /home/airflow/.local/lib/python3.8/site-packages/airflow/example_dags/plugins/listener_plugin.py took 0.033 seconds
[2025-12-24T16:02:53.569+0000] {processor.py:161} INFO - Started process (PID=3323) to work on /home/airflow/.local/lib/python3.8/site-packages/airflow/example_dags/plugins/listener_plugin.py
[2025-12-24T16:02:53.576+0000] {processor.py:830} INFO - Processing file /home/airflow/.local/lib/python3.8/site-packages/airflow/example_dags/plugins/listener_plugin.py for tasks to queue
[2025-12-24T16:02:53.578+0000] {logging_mixin.py:188} INFO - [2025-12-24T16:02:53.577+0000] {dagbag.py:538} INFO - Filling up the DagBag from /home/airflow/.local/lib/python3.8/site-packages/airflow/example_dags/plugins/listener_plugin.py
[2025-12-24T16:02:53.583+0000] {processor.py:842} WARNING - No viable dags retrieved from /home/airflow/.local/lib/python3.8/site-packages/airflow/example_dags/plugins/listener_plugin.py
[2025-12-24T16:02:53.616+0000] {processor.py:183} INFO - Processing /home/airflow/.local/lib/python3.8/site-packages/airflow/example_dags/plugins/listener_plugin.py took 0.060 seconds
[2025-12-24T16:03:25.300+0000] {processor.py:161} INFO - Started process (PID=3379) to work on /home/airflow/.local/lib/python3.8/site-packages/airflow/example_dags/plugins/listener_plugin.py
[2025-12-24T16:03:25.301+0000] {processor.py:830} INFO - Processing file /home/airflow/.local/lib/python3.8/site-packages/airflow/example_dags/plugins/listener_plugin.py for tasks to queue
[2025-12-24T16:03:25.302+0000] {logging_mixin.py:188} INFO - [2025-12-24T16:03:25.302+0000] {dagbag.py:538} INFO - Filling up the DagBag from /home/airflow/.local/lib/python3.8/site-packages/airflow/example_dags/plugins/listener_plugin.py
[2025-12-24T16:03:25.306+0000] {processor.py:842} WARNING - No viable dags retrieved from /home/airflow/.local/lib/python3.8/site-packages/airflow/example_dags/plugins/listener_plugin.py
[2025-12-24T16:03:25.322+0000] {processor.py:183} INFO - Processing /home/airflow/.local/lib/python3.8/site-packages/airflow/example_dags/plugins/listener_plugin.py took 0.025 seconds
[2025-12-24T16:03:55.525+0000] {processor.py:161} INFO - Started process (PID=3434) to work on /home/airflow/.local/lib/python3.8/site-packages/airflow/example_dags/plugins/listener_plugin.py
[2025-12-24T16:03:55.526+0000] {processor.py:830} INFO - Processing file /home/airflow/.local/lib/python3.8/site-packages/airflow/example_dags/plugins/listener_plugin.py for tasks to queue
[2025-12-24T16:03:55.527+0000] {logging_mixin.py:188} INFO - [2025-12-24T16:03:55.527+0000] {dagbag.py:538} INFO - Filling up the DagBag from /home/airflow/.local/lib/python3.8/site-packages/airflow/example_dags/plugins/listener_plugin.py
[2025-12-24T16:03:55.530+0000] {processor.py:842} WARNING - No viable dags retrieved from /home/airflow/.local/lib/python3.8/site-packages/airflow/example_dags/plugins/listener_plugin.py
[2025-12-24T16:03:55.546+0000] {processor.py:183} INFO - Processing /home/airflow/.local/lib/python3.8/site-packages/airflow/example_dags/plugins/listener_plugin.py took 0.025 seconds
[2025-12-24T16:04:26.223+0000] {processor.py:161} INFO - Started process (PID=3490) to work on /home/airflow/.local/lib/python3.8/site-packages/airflow/example_dags/plugins/listener_plugin.py
[2025-12-24T16:04:26.225+0000] {processor.py:830} INFO - Processing file /home/airflow/.local/lib/python3.8/site-packages/airflow/example_dags/plugins/listener_plugin.py for tasks to queue
[2025-12-24T16:04:26.227+0000] {logging_mixin.py:188} INFO - [2025-12-24T16:04:26.226+0000] {dagbag.py:538} INFO - Filling up the DagBag from /home/airflow/.local/lib/python3.8/site-packages/airflow/example_dags/plugins/listener_plugin.py
[2025-12-24T16:04:26.230+0000] {processor.py:842} WARNING - No viable dags retrieved from /home/airflow/.local/lib/python3.8/site-packages/airflow/example_dags/plugins/listener_plugin.py
[2025-12-24T16:04:26.248+0000] {processor.py:183} INFO - Processing /home/airflow/.local/lib/python3.8/site-packages/airflow/example_dags/plugins/listener_plugin.py took 0.029 seconds
[2025-12-24T16:04:56.344+0000] {processor.py:161} INFO - Started process (PID=3551) to work on /home/airflow/.local/lib/python3.8/site-packages/airflow/example_dags/plugins/listener_plugin.py
[2025-12-24T16:04:56.348+0000] {processor.py:830} INFO - Processing file /home/airflow/.local/lib/python3.8/site-packages/airflow/example_dags/plugins/listener_plugin.py for tasks to queue
[2025-12-24T16:04:56.349+0000] {logging_mixin.py:188} INFO - [2025-12-24T16:04:56.349+0000] {dagbag.py:538} INFO - Filling up the DagBag from /home/airflow/.local/lib/python3.8/site-packages/airflow/example_dags/plugins/listener_plugin.py
[2025-12-24T16:04:56.353+0000] {processor.py:842} WARNING - No viable dags retrieved from /home/airflow/.local/lib/python3.8/site-packages/airflow/example_dags/plugins/listener_plugin.py
[2025-12-24T16:04:56.368+0000] {processor.py:183} INFO - Processing /home/airflow/.local/lib/python3.8/site-packages/airflow/example_dags/plugins/listener_plugin.py took 0.027 seconds
[2025-12-24T16:05:27.025+0000] {processor.py:161} INFO - Started process (PID=3607) to work on /home/airflow/.local/lib/python3.8/site-packages/airflow/example_dags/plugins/listener_plugin.py
[2025-12-24T16:05:27.026+0000] {processor.py:830} INFO - Processing file /home/airflow/.local/lib/python3.8/site-packages/airflow/example_dags/plugins/listener_plugin.py for tasks to queue
[2025-12-24T16:05:27.027+0000] {logging_mixin.py:188} INFO - [2025-12-24T16:05:27.027+0000] {dagbag.py:538} INFO - Filling up the DagBag from /home/airflow/.local/lib/python3.8/site-packages/airflow/example_dags/plugins/listener_plugin.py
[2025-12-24T16:05:27.031+0000] {processor.py:842} WARNING - No viable dags retrieved from /home/airflow/.local/lib/python3.8/site-packages/airflow/example_dags/plugins/listener_plugin.py
[2025-12-24T16:05:27.051+0000] {processor.py:183} INFO - Processing /home/airflow/.local/lib/python3.8/site-packages/airflow/example_dags/plugins/listener_plugin.py took 0.032 seconds
[2025-12-24T16:05:57.703+0000] {processor.py:161} INFO - Started process (PID=3665) to work on /home/airflow/.local/lib/python3.8/site-packages/airflow/example_dags/plugins/listener_plugin.py
[2025-12-24T16:05:57.705+0000] {processor.py:830} INFO - Processing file /home/airflow/.local/lib/python3.8/site-packages/airflow/example_dags/plugins/listener_plugin.py for tasks to queue
[2025-12-24T16:05:57.706+0000] {logging_mixin.py:188} INFO - [2025-12-24T16:05:57.706+0000] {dagbag.py:538} INFO - Filling up the DagBag from /home/airflow/.local/lib/python3.8/site-packages/airflow/example_dags/plugins/listener_plugin.py
[2025-12-24T16:05:57.711+0000] {processor.py:842} WARNING - No viable dags retrieved from /home/airflow/.local/lib/python3.8/site-packages/airflow/example_dags/plugins/listener_plugin.py
[2025-12-24T16:05:57.732+0000] {processor.py:183} INFO - Processing /home/airflow/.local/lib/python3.8/site-packages/airflow/example_dags/plugins/listener_plugin.py took 0.034 seconds
[2025-12-24T16:06:28.085+0000] {processor.py:161} INFO - Started process (PID=3731) to work on /home/airflow/.local/lib/python3.8/site-packages/airflow/example_dags/plugins/listener_plugin.py
[2025-12-24T16:06:28.087+0000] {processor.py:830} INFO - Processing file /home/airflow/.local/lib/python3.8/site-packages/airflow/example_dags/plugins/listener_plugin.py for tasks to queue
[2025-12-24T16:06:28.088+0000] {logging_mixin.py:188} INFO - [2025-12-24T16:06:28.088+0000] {dagbag.py:538} INFO - Filling up the DagBag from /home/airflow/.local/lib/python3.8/site-packages/airflow/example_dags/plugins/listener_plugin.py
[2025-12-24T16:06:28.092+0000] {processor.py:842} WARNING - No viable dags retrieved from /home/airflow/.local/lib/python3.8/site-packages/airflow/example_dags/plugins/listener_plugin.py
[2025-12-24T16:06:28.107+0000] {processor.py:183} INFO - Processing /home/airflow/.local/lib/python3.8/site-packages/airflow/example_dags/plugins/listener_plugin.py took 0.025 seconds
[2025-12-24T16:06:59.820+0000] {processor.py:161} INFO - Started process (PID=3790) to work on /home/airflow/.local/lib/python3.8/site-packages/airflow/example_dags/plugins/listener_plugin.py
[2025-12-24T16:06:59.822+0000] {processor.py:830} INFO - Processing file /home/airflow/.local/lib/python3.8/site-packages/airflow/example_dags/plugins/listener_plugin.py for tasks to queue
[2025-12-24T16:06:59.823+0000] {logging_mixin.py:188} INFO - [2025-12-24T16:06:59.823+0000] {dagbag.py:538} INFO - Filling up the DagBag from /home/airflow/.local/lib/python3.8/site-packages/airflow/example_dags/plugins/listener_plugin.py
[2025-12-24T16:06:59.827+0000] {processor.py:842} WARNING - No viable dags retrieved from /home/airflow/.local/lib/python3.8/site-packages/airflow/example_dags/plugins/listener_plugin.py
[2025-12-24T16:06:59.842+0000] {processor.py:183} INFO - Processing /home/airflow/.local/lib/python3.8/site-packages/airflow/example_dags/plugins/listener_plugin.py took 0.026 seconds
[2025-12-24T16:07:30.405+0000] {processor.py:161} INFO - Started process (PID=3846) to work on /home/airflow/.local/lib/python3.8/site-packages/airflow/example_dags/plugins/listener_plugin.py
[2025-12-24T16:07:30.406+0000] {processor.py:830} INFO - Processing file /home/airflow/.local/lib/python3.8/site-packages/airflow/example_dags/plugins/listener_plugin.py for tasks to queue
[2025-12-24T16:07:30.408+0000] {logging_mixin.py:188} INFO - [2025-12-24T16:07:30.408+0000] {dagbag.py:538} INFO - Filling up the DagBag from /home/airflow/.local/lib/python3.8/site-packages/airflow/example_dags/plugins/listener_plugin.py
[2025-12-24T16:07:30.412+0000] {processor.py:842} WARNING - No viable dags retrieved from /home/airflow/.local/lib/python3.8/site-packages/airflow/example_dags/plugins/listener_plugin.py
[2025-12-24T16:07:30.433+0000] {processor.py:183} INFO - Processing /home/airflow/.local/lib/python3.8/site-packages/airflow/example_dags/plugins/listener_plugin.py took 0.033 seconds
[2025-12-24T16:08:01.294+0000] {processor.py:161} INFO - Started process (PID=3901) to work on /home/airflow/.local/lib/python3.8/site-packages/airflow/example_dags/plugins/listener_plugin.py
[2025-12-24T16:08:01.295+0000] {processor.py:830} INFO - Processing file /home/airflow/.local/lib/python3.8/site-packages/airflow/example_dags/plugins/listener_plugin.py for tasks to queue
[2025-12-24T16:08:01.297+0000] {logging_mixin.py:188} INFO - [2025-12-24T16:08:01.296+0000] {dagbag.py:538} INFO - Filling up the DagBag from /home/airflow/.local/lib/python3.8/site-packages/airflow/example_dags/plugins/listener_plugin.py
[2025-12-24T16:08:01.301+0000] {processor.py:842} WARNING - No viable dags retrieved from /home/airflow/.local/lib/python3.8/site-packages/airflow/example_dags/plugins/listener_plugin.py
[2025-12-24T16:08:01.317+0000] {processor.py:183} INFO - Processing /home/airflow/.local/lib/python3.8/site-packages/airflow/example_dags/plugins/listener_plugin.py took 0.026 seconds
[2025-12-24T16:08:31.997+0000] {processor.py:161} INFO - Started process (PID=3958) to work on /home/airflow/.local/lib/python3.8/site-packages/airflow/example_dags/plugins/listener_plugin.py
[2025-12-24T16:08:31.999+0000] {processor.py:830} INFO - Processing file /home/airflow/.local/lib/python3.8/site-packages/airflow/example_dags/plugins/listener_plugin.py for tasks to queue
[2025-12-24T16:08:32.000+0000] {logging_mixin.py:188} INFO - [2025-12-24T16:08:32.000+0000] {dagbag.py:538} INFO - Filling up the DagBag from /home/airflow/.local/lib/python3.8/site-packages/airflow/example_dags/plugins/listener_plugin.py
[2025-12-24T16:08:32.004+0000] {processor.py:842} WARNING - No viable dags retrieved from /home/airflow/.local/lib/python3.8/site-packages/airflow/example_dags/plugins/listener_plugin.py
[2025-12-24T16:08:32.022+0000] {processor.py:183} INFO - Processing /home/airflow/.local/lib/python3.8/site-packages/airflow/example_dags/plugins/listener_plugin.py took 0.030 seconds
[2025-12-24T16:09:02.471+0000] {processor.py:161} INFO - Started process (PID=4014) to work on /home/airflow/.local/lib/python3.8/site-packages/airflow/example_dags/plugins/listener_plugin.py
[2025-12-24T16:09:02.472+0000] {processor.py:830} INFO - Processing file /home/airflow/.local/lib/python3.8/site-packages/airflow/example_dags/plugins/listener_plugin.py for tasks to queue
[2025-12-24T16:09:02.473+0000] {logging_mixin.py:188} INFO - [2025-12-24T16:09:02.473+0000] {dagbag.py:538} INFO - Filling up the DagBag from /home/airflow/.local/lib/python3.8/site-packages/airflow/example_dags/plugins/listener_plugin.py
[2025-12-24T16:09:02.476+0000] {processor.py:842} WARNING - No viable dags retrieved from /home/airflow/.local/lib/python3.8/site-packages/airflow/example_dags/plugins/listener_plugin.py
[2025-12-24T16:09:02.493+0000] {processor.py:183} INFO - Processing /home/airflow/.local/lib/python3.8/site-packages/airflow/example_dags/plugins/listener_plugin.py took 0.025 seconds
[2025-12-24T16:09:33.285+0000] {processor.py:161} INFO - Started process (PID=4070) to work on /home/airflow/.local/lib/python3.8/site-packages/airflow/example_dags/plugins/listener_plugin.py
[2025-12-24T16:09:33.287+0000] {processor.py:830} INFO - Processing file /home/airflow/.local/lib/python3.8/site-packages/airflow/example_dags/plugins/listener_plugin.py for tasks to queue
[2025-12-24T16:09:33.288+0000] {logging_mixin.py:188} INFO - [2025-12-24T16:09:33.288+0000] {dagbag.py:538} INFO - Filling up the DagBag from /home/airflow/.local/lib/python3.8/site-packages/airflow/example_dags/plugins/listener_plugin.py
[2025-12-24T16:09:33.291+0000] {processor.py:842} WARNING - No viable dags retrieved from /home/airflow/.local/lib/python3.8/site-packages/airflow/example_dags/plugins/listener_plugin.py
[2025-12-24T16:09:33.306+0000] {processor.py:183} INFO - Processing /home/airflow/.local/lib/python3.8/site-packages/airflow/example_dags/plugins/listener_plugin.py took 0.024 seconds
[2025-12-24T16:10:04.035+0000] {processor.py:161} INFO - Started process (PID=4126) to work on /home/airflow/.local/lib/python3.8/site-packages/airflow/example_dags/plugins/listener_plugin.py
[2025-12-24T16:10:04.036+0000] {processor.py:830} INFO - Processing file /home/airflow/.local/lib/python3.8/site-packages/airflow/example_dags/plugins/listener_plugin.py for tasks to queue
[2025-12-24T16:10:04.037+0000] {logging_mixin.py:188} INFO - [2025-12-24T16:10:04.037+0000] {dagbag.py:538} INFO - Filling up the DagBag from /home/airflow/.local/lib/python3.8/site-packages/airflow/example_dags/plugins/listener_plugin.py
[2025-12-24T16:10:04.041+0000] {processor.py:842} WARNING - No viable dags retrieved from /home/airflow/.local/lib/python3.8/site-packages/airflow/example_dags/plugins/listener_plugin.py
[2025-12-24T16:10:04.057+0000] {processor.py:183} INFO - Processing /home/airflow/.local/lib/python3.8/site-packages/airflow/example_dags/plugins/listener_plugin.py took 0.026 seconds
[2025-12-24T16:10:34.579+0000] {processor.py:161} INFO - Started process (PID=4182) to work on /home/airflow/.local/lib/python3.8/site-packages/airflow/example_dags/plugins/listener_plugin.py
[2025-12-24T16:10:34.580+0000] {processor.py:830} INFO - Processing file /home/airflow/.local/lib/python3.8/site-packages/airflow/example_dags/plugins/listener_plugin.py for tasks to queue
[2025-12-24T16:10:34.582+0000] {logging_mixin.py:188} INFO - [2025-12-24T16:10:34.581+0000] {dagbag.py:538} INFO - Filling up the DagBag from /home/airflow/.local/lib/python3.8/site-packages/airflow/example_dags/plugins/listener_plugin.py
[2025-12-24T16:10:34.586+0000] {processor.py:842} WARNING - No viable dags retrieved from /home/airflow/.local/lib/python3.8/site-packages/airflow/example_dags/plugins/listener_plugin.py
[2025-12-24T16:10:34.603+0000] {processor.py:183} INFO - Processing /home/airflow/.local/lib/python3.8/site-packages/airflow/example_dags/plugins/listener_plugin.py took 0.028 seconds
[2025-12-24T16:11:05.198+0000] {processor.py:161} INFO - Started process (PID=4238) to work on /home/airflow/.local/lib/python3.8/site-packages/airflow/example_dags/plugins/listener_plugin.py
[2025-12-24T16:11:05.200+0000] {processor.py:830} INFO - Processing file /home/airflow/.local/lib/python3.8/site-packages/airflow/example_dags/plugins/listener_plugin.py for tasks to queue
[2025-12-24T16:11:05.201+0000] {logging_mixin.py:188} INFO - [2025-12-24T16:11:05.200+0000] {dagbag.py:538} INFO - Filling up the DagBag from /home/airflow/.local/lib/python3.8/site-packages/airflow/example_dags/plugins/listener_plugin.py
[2025-12-24T16:11:05.204+0000] {processor.py:842} WARNING - No viable dags retrieved from /home/airflow/.local/lib/python3.8/site-packages/airflow/example_dags/plugins/listener_plugin.py
[2025-12-24T16:11:05.220+0000] {processor.py:183} INFO - Processing /home/airflow/.local/lib/python3.8/site-packages/airflow/example_dags/plugins/listener_plugin.py took 0.025 seconds
[2025-12-24T16:11:35.867+0000] {processor.py:161} INFO - Started process (PID=4294) to work on /home/airflow/.local/lib/python3.8/site-packages/airflow/example_dags/plugins/listener_plugin.py
[2025-12-24T16:11:35.869+0000] {processor.py:830} INFO - Processing file /home/airflow/.local/lib/python3.8/site-packages/airflow/example_dags/plugins/listener_plugin.py for tasks to queue
[2025-12-24T16:11:35.870+0000] {logging_mixin.py:188} INFO - [2025-12-24T16:11:35.870+0000] {dagbag.py:538} INFO - Filling up the DagBag from /home/airflow/.local/lib/python3.8/site-packages/airflow/example_dags/plugins/listener_plugin.py
[2025-12-24T16:11:35.874+0000] {processor.py:842} WARNING - No viable dags retrieved from /home/airflow/.local/lib/python3.8/site-packages/airflow/example_dags/plugins/listener_plugin.py
[2025-12-24T16:11:35.891+0000] {processor.py:183} INFO - Processing /home/airflow/.local/lib/python3.8/site-packages/airflow/example_dags/plugins/listener_plugin.py took 0.029 seconds
[2025-12-24T16:12:07.005+0000] {processor.py:161} INFO - Started process (PID=4350) to work on /home/airflow/.local/lib/python3.8/site-packages/airflow/example_dags/plugins/listener_plugin.py
[2025-12-24T16:12:07.006+0000] {processor.py:830} INFO - Processing file /home/airflow/.local/lib/python3.8/site-packages/airflow/example_dags/plugins/listener_plugin.py for tasks to queue
[2025-12-24T16:12:07.007+0000] {logging_mixin.py:188} INFO - [2025-12-24T16:12:07.006+0000] {dagbag.py:538} INFO - Filling up the DagBag from /home/airflow/.local/lib/python3.8/site-packages/airflow/example_dags/plugins/listener_plugin.py
[2025-12-24T16:12:07.011+0000] {processor.py:842} WARNING - No viable dags retrieved from /home/airflow/.local/lib/python3.8/site-packages/airflow/example_dags/plugins/listener_plugin.py
[2025-12-24T16:12:07.027+0000] {processor.py:183} INFO - Processing /home/airflow/.local/lib/python3.8/site-packages/airflow/example_dags/plugins/listener_plugin.py took 0.027 seconds
[2025-12-24T16:12:37.334+0000] {processor.py:161} INFO - Started process (PID=4409) to work on /home/airflow/.local/lib/python3.8/site-packages/airflow/example_dags/plugins/listener_plugin.py
[2025-12-24T16:12:37.339+0000] {processor.py:830} INFO - Processing file /home/airflow/.local/lib/python3.8/site-packages/airflow/example_dags/plugins/listener_plugin.py for tasks to queue
[2025-12-24T16:12:37.340+0000] {logging_mixin.py:188} INFO - [2025-12-24T16:12:37.340+0000] {dagbag.py:538} INFO - Filling up the DagBag from /home/airflow/.local/lib/python3.8/site-packages/airflow/example_dags/plugins/listener_plugin.py
[2025-12-24T16:12:37.345+0000] {processor.py:842} WARNING - No viable dags retrieved from /home/airflow/.local/lib/python3.8/site-packages/airflow/example_dags/plugins/listener_plugin.py
[2025-12-24T16:12:37.363+0000] {processor.py:183} INFO - Processing /home/airflow/.local/lib/python3.8/site-packages/airflow/example_dags/plugins/listener_plugin.py took 0.033 seconds
[2025-12-24T16:13:08.226+0000] {processor.py:161} INFO - Started process (PID=4468) to work on /home/airflow/.local/lib/python3.8/site-packages/airflow/example_dags/plugins/listener_plugin.py
[2025-12-24T16:13:08.227+0000] {processor.py:830} INFO - Processing file /home/airflow/.local/lib/python3.8/site-packages/airflow/example_dags/plugins/listener_plugin.py for tasks to queue
[2025-12-24T16:13:08.228+0000] {logging_mixin.py:188} INFO - [2025-12-24T16:13:08.228+0000] {dagbag.py:538} INFO - Filling up the DagBag from /home/airflow/.local/lib/python3.8/site-packages/airflow/example_dags/plugins/listener_plugin.py
[2025-12-24T16:13:08.231+0000] {processor.py:842} WARNING - No viable dags retrieved from /home/airflow/.local/lib/python3.8/site-packages/airflow/example_dags/plugins/listener_plugin.py
[2025-12-24T16:13:08.246+0000] {processor.py:183} INFO - Processing /home/airflow/.local/lib/python3.8/site-packages/airflow/example_dags/plugins/listener_plugin.py took 0.024 seconds
[2025-12-24T16:13:38.864+0000] {processor.py:161} INFO - Started process (PID=4524) to work on /home/airflow/.local/lib/python3.8/site-packages/airflow/example_dags/plugins/listener_plugin.py
[2025-12-24T16:13:38.865+0000] {processor.py:830} INFO - Processing file /home/airflow/.local/lib/python3.8/site-packages/airflow/example_dags/plugins/listener_plugin.py for tasks to queue
[2025-12-24T16:13:38.866+0000] {logging_mixin.py:188} INFO - [2025-12-24T16:13:38.866+0000] {dagbag.py:538} INFO - Filling up the DagBag from /home/airflow/.local/lib/python3.8/site-packages/airflow/example_dags/plugins/listener_plugin.py
[2025-12-24T16:13:38.870+0000] {processor.py:842} WARNING - No viable dags retrieved from /home/airflow/.local/lib/python3.8/site-packages/airflow/example_dags/plugins/listener_plugin.py
[2025-12-24T16:13:38.887+0000] {processor.py:183} INFO - Processing /home/airflow/.local/lib/python3.8/site-packages/airflow/example_dags/plugins/listener_plugin.py took 0.027 seconds
[2025-12-24T16:14:09.335+0000] {processor.py:161} INFO - Started process (PID=4580) to work on /home/airflow/.local/lib/python3.8/site-packages/airflow/example_dags/plugins/listener_plugin.py
[2025-12-24T16:14:09.336+0000] {processor.py:830} INFO - Processing file /home/airflow/.local/lib/python3.8/site-packages/airflow/example_dags/plugins/listener_plugin.py for tasks to queue
[2025-12-24T16:14:09.337+0000] {logging_mixin.py:188} INFO - [2025-12-24T16:14:09.337+0000] {dagbag.py:538} INFO - Filling up the DagBag from /home/airflow/.local/lib/python3.8/site-packages/airflow/example_dags/plugins/listener_plugin.py
[2025-12-24T16:14:09.341+0000] {processor.py:842} WARNING - No viable dags retrieved from /home/airflow/.local/lib/python3.8/site-packages/airflow/example_dags/plugins/listener_plugin.py
[2025-12-24T16:14:09.356+0000] {processor.py:183} INFO - Processing /home/airflow/.local/lib/python3.8/site-packages/airflow/example_dags/plugins/listener_plugin.py took 0.025 seconds
[2025-12-24T16:14:40.481+0000] {processor.py:161} INFO - Started process (PID=4636) to work on /home/airflow/.local/lib/python3.8/site-packages/airflow/example_dags/plugins/listener_plugin.py
[2025-12-24T16:14:40.483+0000] {processor.py:830} INFO - Processing file /home/airflow/.local/lib/python3.8/site-packages/airflow/example_dags/plugins/listener_plugin.py for tasks to queue
[2025-12-24T16:14:40.484+0000] {logging_mixin.py:188} INFO - [2025-12-24T16:14:40.484+0000] {dagbag.py:538} INFO - Filling up the DagBag from /home/airflow/.local/lib/python3.8/site-packages/airflow/example_dags/plugins/listener_plugin.py
[2025-12-24T16:14:40.487+0000] {processor.py:842} WARNING - No viable dags retrieved from /home/airflow/.local/lib/python3.8/site-packages/airflow/example_dags/plugins/listener_plugin.py
[2025-12-24T16:14:40.502+0000] {processor.py:183} INFO - Processing /home/airflow/.local/lib/python3.8/site-packages/airflow/example_dags/plugins/listener_plugin.py took 0.025 seconds
[2025-12-24T16:15:11.570+0000] {processor.py:161} INFO - Started process (PID=4692) to work on /home/airflow/.local/lib/python3.8/site-packages/airflow/example_dags/plugins/listener_plugin.py
[2025-12-24T16:15:11.572+0000] {processor.py:830} INFO - Processing file /home/airflow/.local/lib/python3.8/site-packages/airflow/example_dags/plugins/listener_plugin.py for tasks to queue
[2025-12-24T16:15:11.574+0000] {logging_mixin.py:188} INFO - [2025-12-24T16:15:11.574+0000] {dagbag.py:538} INFO - Filling up the DagBag from /home/airflow/.local/lib/python3.8/site-packages/airflow/example_dags/plugins/listener_plugin.py
[2025-12-24T16:15:11.579+0000] {processor.py:842} WARNING - No viable dags retrieved from /home/airflow/.local/lib/python3.8/site-packages/airflow/example_dags/plugins/listener_plugin.py
[2025-12-24T16:15:11.599+0000] {processor.py:183} INFO - Processing /home/airflow/.local/lib/python3.8/site-packages/airflow/example_dags/plugins/listener_plugin.py took 0.033 seconds
[2025-12-24T16:15:41.756+0000] {processor.py:161} INFO - Started process (PID=4747) to work on /home/airflow/.local/lib/python3.8/site-packages/airflow/example_dags/plugins/listener_plugin.py
[2025-12-24T16:15:41.757+0000] {processor.py:830} INFO - Processing file /home/airflow/.local/lib/python3.8/site-packages/airflow/example_dags/plugins/listener_plugin.py for tasks to queue
[2025-12-24T16:15:41.759+0000] {logging_mixin.py:188} INFO - [2025-12-24T16:15:41.758+0000] {dagbag.py:538} INFO - Filling up the DagBag from /home/airflow/.local/lib/python3.8/site-packages/airflow/example_dags/plugins/listener_plugin.py
[2025-12-24T16:15:41.762+0000] {processor.py:842} WARNING - No viable dags retrieved from /home/airflow/.local/lib/python3.8/site-packages/airflow/example_dags/plugins/listener_plugin.py
[2025-12-24T16:15:41.779+0000] {processor.py:183} INFO - Processing /home/airflow/.local/lib/python3.8/site-packages/airflow/example_dags/plugins/listener_plugin.py took 0.028 seconds
[2025-12-24T16:16:14.103+0000] {processor.py:161} INFO - Started process (PID=4809) to work on /home/airflow/.local/lib/python3.8/site-packages/airflow/example_dags/plugins/listener_plugin.py
[2025-12-24T16:16:14.121+0000] {processor.py:830} INFO - Processing file /home/airflow/.local/lib/python3.8/site-packages/airflow/example_dags/plugins/listener_plugin.py for tasks to queue
[2025-12-24T16:16:14.126+0000] {logging_mixin.py:188} INFO - [2025-12-24T16:16:14.125+0000] {dagbag.py:538} INFO - Filling up the DagBag from /home/airflow/.local/lib/python3.8/site-packages/airflow/example_dags/plugins/listener_plugin.py
[2025-12-24T16:16:14.153+0000] {processor.py:842} WARNING - No viable dags retrieved from /home/airflow/.local/lib/python3.8/site-packages/airflow/example_dags/plugins/listener_plugin.py
[2025-12-24T16:16:14.203+0000] {processor.py:183} INFO - Processing /home/airflow/.local/lib/python3.8/site-packages/airflow/example_dags/plugins/listener_plugin.py took 0.107 seconds
[2025-12-24T16:16:44.692+0000] {processor.py:161} INFO - Started process (PID=4865) to work on /home/airflow/.local/lib/python3.8/site-packages/airflow/example_dags/plugins/listener_plugin.py
[2025-12-24T16:16:44.694+0000] {processor.py:830} INFO - Processing file /home/airflow/.local/lib/python3.8/site-packages/airflow/example_dags/plugins/listener_plugin.py for tasks to queue
[2025-12-24T16:16:44.696+0000] {logging_mixin.py:188} INFO - [2025-12-24T16:16:44.696+0000] {dagbag.py:538} INFO - Filling up the DagBag from /home/airflow/.local/lib/python3.8/site-packages/airflow/example_dags/plugins/listener_plugin.py
[2025-12-24T16:16:44.700+0000] {processor.py:842} WARNING - No viable dags retrieved from /home/airflow/.local/lib/python3.8/site-packages/airflow/example_dags/plugins/listener_plugin.py
[2025-12-24T16:16:44.719+0000] {processor.py:183} INFO - Processing /home/airflow/.local/lib/python3.8/site-packages/airflow/example_dags/plugins/listener_plugin.py took 0.030 seconds
[2025-12-24T16:17:15.690+0000] {processor.py:161} INFO - Started process (PID=4921) to work on /home/airflow/.local/lib/python3.8/site-packages/airflow/example_dags/plugins/listener_plugin.py
[2025-12-24T16:17:15.693+0000] {processor.py:830} INFO - Processing file /home/airflow/.local/lib/python3.8/site-packages/airflow/example_dags/plugins/listener_plugin.py for tasks to queue
[2025-12-24T16:17:15.697+0000] {logging_mixin.py:188} INFO - [2025-12-24T16:17:15.697+0000] {dagbag.py:538} INFO - Filling up the DagBag from /home/airflow/.local/lib/python3.8/site-packages/airflow/example_dags/plugins/listener_plugin.py
[2025-12-24T16:17:15.703+0000] {processor.py:842} WARNING - No viable dags retrieved from /home/airflow/.local/lib/python3.8/site-packages/airflow/example_dags/plugins/listener_plugin.py
[2025-12-24T16:17:15.728+0000] {processor.py:183} INFO - Processing /home/airflow/.local/lib/python3.8/site-packages/airflow/example_dags/plugins/listener_plugin.py took 0.044 seconds
[2025-12-24T16:17:46.072+0000] {processor.py:161} INFO - Started process (PID=4977) to work on /home/airflow/.local/lib/python3.8/site-packages/airflow/example_dags/plugins/listener_plugin.py
[2025-12-24T16:17:46.074+0000] {processor.py:830} INFO - Processing file /home/airflow/.local/lib/python3.8/site-packages/airflow/example_dags/plugins/listener_plugin.py for tasks to queue
[2025-12-24T16:17:46.075+0000] {logging_mixin.py:188} INFO - [2025-12-24T16:17:46.075+0000] {dagbag.py:538} INFO - Filling up the DagBag from /home/airflow/.local/lib/python3.8/site-packages/airflow/example_dags/plugins/listener_plugin.py
[2025-12-24T16:17:46.079+0000] {processor.py:842} WARNING - No viable dags retrieved from /home/airflow/.local/lib/python3.8/site-packages/airflow/example_dags/plugins/listener_plugin.py
[2025-12-24T16:17:46.095+0000] {processor.py:183} INFO - Processing /home/airflow/.local/lib/python3.8/site-packages/airflow/example_dags/plugins/listener_plugin.py took 0.026 seconds
[2025-12-24T16:18:16.468+0000] {processor.py:161} INFO - Started process (PID=5033) to work on /home/airflow/.local/lib/python3.8/site-packages/airflow/example_dags/plugins/listener_plugin.py
[2025-12-24T16:18:16.470+0000] {processor.py:830} INFO - Processing file /home/airflow/.local/lib/python3.8/site-packages/airflow/example_dags/plugins/listener_plugin.py for tasks to queue
[2025-12-24T16:18:16.471+0000] {logging_mixin.py:188} INFO - [2025-12-24T16:18:16.471+0000] {dagbag.py:538} INFO - Filling up the DagBag from /home/airflow/.local/lib/python3.8/site-packages/airflow/example_dags/plugins/listener_plugin.py
[2025-12-24T16:18:16.477+0000] {processor.py:842} WARNING - No viable dags retrieved from /home/airflow/.local/lib/python3.8/site-packages/airflow/example_dags/plugins/listener_plugin.py
[2025-12-24T16:18:16.496+0000] {processor.py:183} INFO - Processing /home/airflow/.local/lib/python3.8/site-packages/airflow/example_dags/plugins/listener_plugin.py took 0.034 seconds
[2025-12-24T16:18:46.717+0000] {processor.py:161} INFO - Started process (PID=5089) to work on /home/airflow/.local/lib/python3.8/site-packages/airflow/example_dags/plugins/listener_plugin.py
[2025-12-24T16:18:46.718+0000] {processor.py:830} INFO - Processing file /home/airflow/.local/lib/python3.8/site-packages/airflow/example_dags/plugins/listener_plugin.py for tasks to queue
[2025-12-24T16:18:46.720+0000] {logging_mixin.py:188} INFO - [2025-12-24T16:18:46.719+0000] {dagbag.py:538} INFO - Filling up the DagBag from /home/airflow/.local/lib/python3.8/site-packages/airflow/example_dags/plugins/listener_plugin.py
[2025-12-24T16:18:46.724+0000] {processor.py:842} WARNING - No viable dags retrieved from /home/airflow/.local/lib/python3.8/site-packages/airflow/example_dags/plugins/listener_plugin.py
[2025-12-24T16:18:46.744+0000] {processor.py:183} INFO - Processing /home/airflow/.local/lib/python3.8/site-packages/airflow/example_dags/plugins/listener_plugin.py took 0.032 seconds
[2025-12-24T16:19:17.684+0000] {processor.py:161} INFO - Started process (PID=5145) to work on /home/airflow/.local/lib/python3.8/site-packages/airflow/example_dags/plugins/listener_plugin.py
[2025-12-24T16:19:17.685+0000] {processor.py:830} INFO - Processing file /home/airflow/.local/lib/python3.8/site-packages/airflow/example_dags/plugins/listener_plugin.py for tasks to queue
[2025-12-24T16:19:17.686+0000] {logging_mixin.py:188} INFO - [2025-12-24T16:19:17.686+0000] {dagbag.py:538} INFO - Filling up the DagBag from /home/airflow/.local/lib/python3.8/site-packages/airflow/example_dags/plugins/listener_plugin.py
[2025-12-24T16:19:17.689+0000] {processor.py:842} WARNING - No viable dags retrieved from /home/airflow/.local/lib/python3.8/site-packages/airflow/example_dags/plugins/listener_plugin.py
[2025-12-24T16:19:17.704+0000] {processor.py:183} INFO - Processing /home/airflow/.local/lib/python3.8/site-packages/airflow/example_dags/plugins/listener_plugin.py took 0.024 seconds
[2025-12-24T16:19:48.218+0000] {processor.py:161} INFO - Started process (PID=5201) to work on /home/airflow/.local/lib/python3.8/site-packages/airflow/example_dags/plugins/listener_plugin.py
[2025-12-24T16:19:48.219+0000] {processor.py:830} INFO - Processing file /home/airflow/.local/lib/python3.8/site-packages/airflow/example_dags/plugins/listener_plugin.py for tasks to queue
[2025-12-24T16:19:48.221+0000] {logging_mixin.py:188} INFO - [2025-12-24T16:19:48.220+0000] {dagbag.py:538} INFO - Filling up the DagBag from /home/airflow/.local/lib/python3.8/site-packages/airflow/example_dags/plugins/listener_plugin.py
[2025-12-24T16:19:48.225+0000] {processor.py:842} WARNING - No viable dags retrieved from /home/airflow/.local/lib/python3.8/site-packages/airflow/example_dags/plugins/listener_plugin.py
[2025-12-24T16:19:48.244+0000] {processor.py:183} INFO - Processing /home/airflow/.local/lib/python3.8/site-packages/airflow/example_dags/plugins/listener_plugin.py took 0.031 seconds
[2025-12-24T16:20:18.565+0000] {processor.py:161} INFO - Started process (PID=5257) to work on /home/airflow/.local/lib/python3.8/site-packages/airflow/example_dags/plugins/listener_plugin.py
[2025-12-24T16:20:18.567+0000] {processor.py:830} INFO - Processing file /home/airflow/.local/lib/python3.8/site-packages/airflow/example_dags/plugins/listener_plugin.py for tasks to queue
[2025-12-24T16:20:18.568+0000] {logging_mixin.py:188} INFO - [2025-12-24T16:20:18.568+0000] {dagbag.py:538} INFO - Filling up the DagBag from /home/airflow/.local/lib/python3.8/site-packages/airflow/example_dags/plugins/listener_plugin.py
[2025-12-24T16:20:18.572+0000] {processor.py:842} WARNING - No viable dags retrieved from /home/airflow/.local/lib/python3.8/site-packages/airflow/example_dags/plugins/listener_plugin.py
[2025-12-24T16:20:18.589+0000] {processor.py:183} INFO - Processing /home/airflow/.local/lib/python3.8/site-packages/airflow/example_dags/plugins/listener_plugin.py took 0.028 seconds
[2025-12-24T16:20:49.129+0000] {processor.py:161} INFO - Started process (PID=5313) to work on /home/airflow/.local/lib/python3.8/site-packages/airflow/example_dags/plugins/listener_plugin.py
[2025-12-24T16:20:49.131+0000] {processor.py:830} INFO - Processing file /home/airflow/.local/lib/python3.8/site-packages/airflow/example_dags/plugins/listener_plugin.py for tasks to queue
[2025-12-24T16:20:49.133+0000] {logging_mixin.py:188} INFO - [2025-12-24T16:20:49.132+0000] {dagbag.py:538} INFO - Filling up the DagBag from /home/airflow/.local/lib/python3.8/site-packages/airflow/example_dags/plugins/listener_plugin.py
[2025-12-24T16:20:49.138+0000] {processor.py:842} WARNING - No viable dags retrieved from /home/airflow/.local/lib/python3.8/site-packages/airflow/example_dags/plugins/listener_plugin.py
[2025-12-24T16:20:49.159+0000] {processor.py:183} INFO - Processing /home/airflow/.local/lib/python3.8/site-packages/airflow/example_dags/plugins/listener_plugin.py took 0.035 seconds
[2025-12-24T16:21:20.144+0000] {processor.py:161} INFO - Started process (PID=5369) to work on /home/airflow/.local/lib/python3.8/site-packages/airflow/example_dags/plugins/listener_plugin.py
[2025-12-24T16:21:20.145+0000] {processor.py:830} INFO - Processing file /home/airflow/.local/lib/python3.8/site-packages/airflow/example_dags/plugins/listener_plugin.py for tasks to queue
[2025-12-24T16:21:20.147+0000] {logging_mixin.py:188} INFO - [2025-12-24T16:21:20.146+0000] {dagbag.py:538} INFO - Filling up the DagBag from /home/airflow/.local/lib/python3.8/site-packages/airflow/example_dags/plugins/listener_plugin.py
[2025-12-24T16:21:20.151+0000] {processor.py:842} WARNING - No viable dags retrieved from /home/airflow/.local/lib/python3.8/site-packages/airflow/example_dags/plugins/listener_plugin.py
[2025-12-24T16:21:20.171+0000] {processor.py:183} INFO - Processing /home/airflow/.local/lib/python3.8/site-packages/airflow/example_dags/plugins/listener_plugin.py took 0.033 seconds
[2025-12-24T16:21:50.323+0000] {processor.py:161} INFO - Started process (PID=5425) to work on /home/airflow/.local/lib/python3.8/site-packages/airflow/example_dags/plugins/listener_plugin.py
[2025-12-24T16:21:50.325+0000] {processor.py:830} INFO - Processing file /home/airflow/.local/lib/python3.8/site-packages/airflow/example_dags/plugins/listener_plugin.py for tasks to queue
[2025-12-24T16:21:50.326+0000] {logging_mixin.py:188} INFO - [2025-12-24T16:21:50.325+0000] {dagbag.py:538} INFO - Filling up the DagBag from /home/airflow/.local/lib/python3.8/site-packages/airflow/example_dags/plugins/listener_plugin.py
[2025-12-24T16:21:50.330+0000] {processor.py:842} WARNING - No viable dags retrieved from /home/airflow/.local/lib/python3.8/site-packages/airflow/example_dags/plugins/listener_plugin.py
[2025-12-24T16:21:50.344+0000] {processor.py:183} INFO - Processing /home/airflow/.local/lib/python3.8/site-packages/airflow/example_dags/plugins/listener_plugin.py took 0.024 seconds
[2025-12-24T16:22:20.567+0000] {processor.py:161} INFO - Started process (PID=5481) to work on /home/airflow/.local/lib/python3.8/site-packages/airflow/example_dags/plugins/listener_plugin.py
[2025-12-24T16:22:20.568+0000] {processor.py:830} INFO - Processing file /home/airflow/.local/lib/python3.8/site-packages/airflow/example_dags/plugins/listener_plugin.py for tasks to queue
[2025-12-24T16:22:20.569+0000] {logging_mixin.py:188} INFO - [2025-12-24T16:22:20.569+0000] {dagbag.py:538} INFO - Filling up the DagBag from /home/airflow/.local/lib/python3.8/site-packages/airflow/example_dags/plugins/listener_plugin.py
[2025-12-24T16:22:20.573+0000] {processor.py:842} WARNING - No viable dags retrieved from /home/airflow/.local/lib/python3.8/site-packages/airflow/example_dags/plugins/listener_plugin.py
[2025-12-24T16:22:20.593+0000] {processor.py:183} INFO - Processing /home/airflow/.local/lib/python3.8/site-packages/airflow/example_dags/plugins/listener_plugin.py took 0.032 seconds
[2025-12-24T16:22:51.433+0000] {processor.py:161} INFO - Started process (PID=5537) to work on /home/airflow/.local/lib/python3.8/site-packages/airflow/example_dags/plugins/listener_plugin.py
[2025-12-24T16:22:51.435+0000] {processor.py:830} INFO - Processing file /home/airflow/.local/lib/python3.8/site-packages/airflow/example_dags/plugins/listener_plugin.py for tasks to queue
[2025-12-24T16:22:51.436+0000] {logging_mixin.py:188} INFO - [2025-12-24T16:22:51.436+0000] {dagbag.py:538} INFO - Filling up the DagBag from /home/airflow/.local/lib/python3.8/site-packages/airflow/example_dags/plugins/listener_plugin.py
[2025-12-24T16:22:51.439+0000] {processor.py:842} WARNING - No viable dags retrieved from /home/airflow/.local/lib/python3.8/site-packages/airflow/example_dags/plugins/listener_plugin.py
[2025-12-24T16:22:51.456+0000] {processor.py:183} INFO - Processing /home/airflow/.local/lib/python3.8/site-packages/airflow/example_dags/plugins/listener_plugin.py took 0.027 seconds
[2025-12-24T16:23:21.868+0000] {processor.py:161} INFO - Started process (PID=5593) to work on /home/airflow/.local/lib/python3.8/site-packages/airflow/example_dags/plugins/listener_plugin.py
[2025-12-24T16:23:21.870+0000] {processor.py:830} INFO - Processing file /home/airflow/.local/lib/python3.8/site-packages/airflow/example_dags/plugins/listener_plugin.py for tasks to queue
[2025-12-24T16:23:21.871+0000] {logging_mixin.py:188} INFO - [2025-12-24T16:23:21.871+0000] {dagbag.py:538} INFO - Filling up the DagBag from /home/airflow/.local/lib/python3.8/site-packages/airflow/example_dags/plugins/listener_plugin.py
[2025-12-24T16:23:21.875+0000] {processor.py:842} WARNING - No viable dags retrieved from /home/airflow/.local/lib/python3.8/site-packages/airflow/example_dags/plugins/listener_plugin.py
[2025-12-24T16:23:21.892+0000] {processor.py:183} INFO - Processing /home/airflow/.local/lib/python3.8/site-packages/airflow/example_dags/plugins/listener_plugin.py took 0.029 seconds
[2025-12-24T16:23:52.096+0000] {processor.py:161} INFO - Started process (PID=5649) to work on /home/airflow/.local/lib/python3.8/site-packages/airflow/example_dags/plugins/listener_plugin.py
[2025-12-24T16:23:52.097+0000] {processor.py:830} INFO - Processing file /home/airflow/.local/lib/python3.8/site-packages/airflow/example_dags/plugins/listener_plugin.py for tasks to queue
[2025-12-24T16:23:52.098+0000] {logging_mixin.py:188} INFO - [2025-12-24T16:23:52.098+0000] {dagbag.py:538} INFO - Filling up the DagBag from /home/airflow/.local/lib/python3.8/site-packages/airflow/example_dags/plugins/listener_plugin.py
[2025-12-24T16:23:52.101+0000] {processor.py:842} WARNING - No viable dags retrieved from /home/airflow/.local/lib/python3.8/site-packages/airflow/example_dags/plugins/listener_plugin.py
[2025-12-24T16:23:52.118+0000] {processor.py:183} INFO - Processing /home/airflow/.local/lib/python3.8/site-packages/airflow/example_dags/plugins/listener_plugin.py took 0.027 seconds
[2025-12-24T16:24:22.358+0000] {processor.py:161} INFO - Started process (PID=5705) to work on /home/airflow/.local/lib/python3.8/site-packages/airflow/example_dags/plugins/listener_plugin.py
[2025-12-24T16:24:22.360+0000] {processor.py:830} INFO - Processing file /home/airflow/.local/lib/python3.8/site-packages/airflow/example_dags/plugins/listener_plugin.py for tasks to queue
[2025-12-24T16:24:22.361+0000] {logging_mixin.py:188} INFO - [2025-12-24T16:24:22.360+0000] {dagbag.py:538} INFO - Filling up the DagBag from /home/airflow/.local/lib/python3.8/site-packages/airflow/example_dags/plugins/listener_plugin.py
[2025-12-24T16:24:22.365+0000] {processor.py:842} WARNING - No viable dags retrieved from /home/airflow/.local/lib/python3.8/site-packages/airflow/example_dags/plugins/listener_plugin.py
[2025-12-24T16:24:22.380+0000] {processor.py:183} INFO - Processing /home/airflow/.local/lib/python3.8/site-packages/airflow/example_dags/plugins/listener_plugin.py took 0.026 seconds
[2025-12-24T16:24:53.201+0000] {processor.py:161} INFO - Started process (PID=5761) to work on /home/airflow/.local/lib/python3.8/site-packages/airflow/example_dags/plugins/listener_plugin.py
[2025-12-24T16:24:53.203+0000] {processor.py:830} INFO - Processing file /home/airflow/.local/lib/python3.8/site-packages/airflow/example_dags/plugins/listener_plugin.py for tasks to queue
[2025-12-24T16:24:53.204+0000] {logging_mixin.py:188} INFO - [2025-12-24T16:24:53.204+0000] {dagbag.py:538} INFO - Filling up the DagBag from /home/airflow/.local/lib/python3.8/site-packages/airflow/example_dags/plugins/listener_plugin.py
[2025-12-24T16:24:53.208+0000] {processor.py:842} WARNING - No viable dags retrieved from /home/airflow/.local/lib/python3.8/site-packages/airflow/example_dags/plugins/listener_plugin.py
[2025-12-24T16:24:53.224+0000] {processor.py:183} INFO - Processing /home/airflow/.local/lib/python3.8/site-packages/airflow/example_dags/plugins/listener_plugin.py took 0.027 seconds
[2025-12-24T16:25:24.060+0000] {processor.py:161} INFO - Started process (PID=5817) to work on /home/airflow/.local/lib/python3.8/site-packages/airflow/example_dags/plugins/listener_plugin.py
[2025-12-24T16:25:24.062+0000] {processor.py:830} INFO - Processing file /home/airflow/.local/lib/python3.8/site-packages/airflow/example_dags/plugins/listener_plugin.py for tasks to queue
[2025-12-24T16:25:24.063+0000] {logging_mixin.py:188} INFO - [2025-12-24T16:25:24.062+0000] {dagbag.py:538} INFO - Filling up the DagBag from /home/airflow/.local/lib/python3.8/site-packages/airflow/example_dags/plugins/listener_plugin.py
[2025-12-24T16:25:24.066+0000] {processor.py:842} WARNING - No viable dags retrieved from /home/airflow/.local/lib/python3.8/site-packages/airflow/example_dags/plugins/listener_plugin.py
[2025-12-24T16:25:24.083+0000] {processor.py:183} INFO - Processing /home/airflow/.local/lib/python3.8/site-packages/airflow/example_dags/plugins/listener_plugin.py took 0.027 seconds
[2025-12-24T16:25:54.274+0000] {processor.py:161} INFO - Started process (PID=5873) to work on /home/airflow/.local/lib/python3.8/site-packages/airflow/example_dags/plugins/listener_plugin.py
[2025-12-24T16:25:54.276+0000] {processor.py:830} INFO - Processing file /home/airflow/.local/lib/python3.8/site-packages/airflow/example_dags/plugins/listener_plugin.py for tasks to queue
[2025-12-24T16:25:54.277+0000] {logging_mixin.py:188} INFO - [2025-12-24T16:25:54.277+0000] {dagbag.py:538} INFO - Filling up the DagBag from /home/airflow/.local/lib/python3.8/site-packages/airflow/example_dags/plugins/listener_plugin.py
[2025-12-24T16:25:54.281+0000] {processor.py:842} WARNING - No viable dags retrieved from /home/airflow/.local/lib/python3.8/site-packages/airflow/example_dags/plugins/listener_plugin.py
[2025-12-24T16:25:54.298+0000] {processor.py:183} INFO - Processing /home/airflow/.local/lib/python3.8/site-packages/airflow/example_dags/plugins/listener_plugin.py took 0.028 seconds
[2025-12-24T16:26:24.600+0000] {processor.py:161} INFO - Started process (PID=5929) to work on /home/airflow/.local/lib/python3.8/site-packages/airflow/example_dags/plugins/listener_plugin.py
[2025-12-24T16:26:24.601+0000] {processor.py:830} INFO - Processing file /home/airflow/.local/lib/python3.8/site-packages/airflow/example_dags/plugins/listener_plugin.py for tasks to queue
[2025-12-24T16:26:24.602+0000] {logging_mixin.py:188} INFO - [2025-12-24T16:26:24.602+0000] {dagbag.py:538} INFO - Filling up the DagBag from /home/airflow/.local/lib/python3.8/site-packages/airflow/example_dags/plugins/listener_plugin.py
[2025-12-24T16:26:24.606+0000] {processor.py:842} WARNING - No viable dags retrieved from /home/airflow/.local/lib/python3.8/site-packages/airflow/example_dags/plugins/listener_plugin.py
[2025-12-24T16:26:24.623+0000] {processor.py:183} INFO - Processing /home/airflow/.local/lib/python3.8/site-packages/airflow/example_dags/plugins/listener_plugin.py took 0.028 seconds
[2025-12-24T16:26:54.843+0000] {processor.py:161} INFO - Started process (PID=5985) to work on /home/airflow/.local/lib/python3.8/site-packages/airflow/example_dags/plugins/listener_plugin.py
[2025-12-24T16:26:54.844+0000] {processor.py:830} INFO - Processing file /home/airflow/.local/lib/python3.8/site-packages/airflow/example_dags/plugins/listener_plugin.py for tasks to queue
[2025-12-24T16:26:54.846+0000] {logging_mixin.py:188} INFO - [2025-12-24T16:26:54.845+0000] {dagbag.py:538} INFO - Filling up the DagBag from /home/airflow/.local/lib/python3.8/site-packages/airflow/example_dags/plugins/listener_plugin.py
[2025-12-24T16:26:54.850+0000] {processor.py:842} WARNING - No viable dags retrieved from /home/airflow/.local/lib/python3.8/site-packages/airflow/example_dags/plugins/listener_plugin.py
[2025-12-24T16:26:54.868+0000] {processor.py:183} INFO - Processing /home/airflow/.local/lib/python3.8/site-packages/airflow/example_dags/plugins/listener_plugin.py took 0.028 seconds
[2025-12-24T16:27:25.054+0000] {processor.py:161} INFO - Started process (PID=6041) to work on /home/airflow/.local/lib/python3.8/site-packages/airflow/example_dags/plugins/listener_plugin.py
[2025-12-24T16:27:25.055+0000] {processor.py:830} INFO - Processing file /home/airflow/.local/lib/python3.8/site-packages/airflow/example_dags/plugins/listener_plugin.py for tasks to queue
[2025-12-24T16:27:25.056+0000] {logging_mixin.py:188} INFO - [2025-12-24T16:27:25.056+0000] {dagbag.py:538} INFO - Filling up the DagBag from /home/airflow/.local/lib/python3.8/site-packages/airflow/example_dags/plugins/listener_plugin.py
[2025-12-24T16:27:25.059+0000] {processor.py:842} WARNING - No viable dags retrieved from /home/airflow/.local/lib/python3.8/site-packages/airflow/example_dags/plugins/listener_plugin.py
[2025-12-24T16:27:25.074+0000] {processor.py:183} INFO - Processing /home/airflow/.local/lib/python3.8/site-packages/airflow/example_dags/plugins/listener_plugin.py took 0.024 seconds
[2025-12-24T16:27:55.360+0000] {processor.py:161} INFO - Started process (PID=6097) to work on /home/airflow/.local/lib/python3.8/site-packages/airflow/example_dags/plugins/listener_plugin.py
[2025-12-24T16:27:55.361+0000] {processor.py:830} INFO - Processing file /home/airflow/.local/lib/python3.8/site-packages/airflow/example_dags/plugins/listener_plugin.py for tasks to queue
[2025-12-24T16:27:55.363+0000] {logging_mixin.py:188} INFO - [2025-12-24T16:27:55.363+0000] {dagbag.py:538} INFO - Filling up the DagBag from /home/airflow/.local/lib/python3.8/site-packages/airflow/example_dags/plugins/listener_plugin.py
[2025-12-24T16:27:55.367+0000] {processor.py:842} WARNING - No viable dags retrieved from /home/airflow/.local/lib/python3.8/site-packages/airflow/example_dags/plugins/listener_plugin.py
[2025-12-24T16:27:55.383+0000] {processor.py:183} INFO - Processing /home/airflow/.local/lib/python3.8/site-packages/airflow/example_dags/plugins/listener_plugin.py took 0.027 seconds
[2025-12-24T16:28:26.004+0000] {processor.py:161} INFO - Started process (PID=6153) to work on /home/airflow/.local/lib/python3.8/site-packages/airflow/example_dags/plugins/listener_plugin.py
[2025-12-24T16:28:26.005+0000] {processor.py:830} INFO - Processing file /home/airflow/.local/lib/python3.8/site-packages/airflow/example_dags/plugins/listener_plugin.py for tasks to queue
[2025-12-24T16:28:26.007+0000] {logging_mixin.py:188} INFO - [2025-12-24T16:28:26.006+0000] {dagbag.py:538} INFO - Filling up the DagBag from /home/airflow/.local/lib/python3.8/site-packages/airflow/example_dags/plugins/listener_plugin.py
[2025-12-24T16:28:26.011+0000] {processor.py:842} WARNING - No viable dags retrieved from /home/airflow/.local/lib/python3.8/site-packages/airflow/example_dags/plugins/listener_plugin.py
[2025-12-24T16:28:26.035+0000] {processor.py:183} INFO - Processing /home/airflow/.local/lib/python3.8/site-packages/airflow/example_dags/plugins/listener_plugin.py took 0.036 seconds
[2025-12-24T16:28:56.435+0000] {processor.py:161} INFO - Started process (PID=6209) to work on /home/airflow/.local/lib/python3.8/site-packages/airflow/example_dags/plugins/listener_plugin.py
[2025-12-24T16:28:56.437+0000] {processor.py:830} INFO - Processing file /home/airflow/.local/lib/python3.8/site-packages/airflow/example_dags/plugins/listener_plugin.py for tasks to queue
[2025-12-24T16:28:56.438+0000] {logging_mixin.py:188} INFO - [2025-12-24T16:28:56.437+0000] {dagbag.py:538} INFO - Filling up the DagBag from /home/airflow/.local/lib/python3.8/site-packages/airflow/example_dags/plugins/listener_plugin.py
[2025-12-24T16:28:56.441+0000] {processor.py:842} WARNING - No viable dags retrieved from /home/airflow/.local/lib/python3.8/site-packages/airflow/example_dags/plugins/listener_plugin.py
[2025-12-24T16:28:56.456+0000] {processor.py:183} INFO - Processing /home/airflow/.local/lib/python3.8/site-packages/airflow/example_dags/plugins/listener_plugin.py took 0.025 seconds
[2025-12-24T16:29:26.923+0000] {processor.py:161} INFO - Started process (PID=6265) to work on /home/airflow/.local/lib/python3.8/site-packages/airflow/example_dags/plugins/listener_plugin.py
[2025-12-24T16:29:26.924+0000] {processor.py:830} INFO - Processing file /home/airflow/.local/lib/python3.8/site-packages/airflow/example_dags/plugins/listener_plugin.py for tasks to queue
[2025-12-24T16:29:26.926+0000] {logging_mixin.py:188} INFO - [2025-12-24T16:29:26.926+0000] {dagbag.py:538} INFO - Filling up the DagBag from /home/airflow/.local/lib/python3.8/site-packages/airflow/example_dags/plugins/listener_plugin.py
[2025-12-24T16:29:26.929+0000] {processor.py:842} WARNING - No viable dags retrieved from /home/airflow/.local/lib/python3.8/site-packages/airflow/example_dags/plugins/listener_plugin.py
[2025-12-24T16:29:26.945+0000] {processor.py:183} INFO - Processing /home/airflow/.local/lib/python3.8/site-packages/airflow/example_dags/plugins/listener_plugin.py took 0.026 seconds
[2025-12-24T16:29:57.201+0000] {processor.py:161} INFO - Started process (PID=6322) to work on /home/airflow/.local/lib/python3.8/site-packages/airflow/example_dags/plugins/listener_plugin.py
[2025-12-24T16:29:57.202+0000] {processor.py:830} INFO - Processing file /home/airflow/.local/lib/python3.8/site-packages/airflow/example_dags/plugins/listener_plugin.py for tasks to queue
[2025-12-24T16:29:57.204+0000] {logging_mixin.py:188} INFO - [2025-12-24T16:29:57.203+0000] {dagbag.py:538} INFO - Filling up the DagBag from /home/airflow/.local/lib/python3.8/site-packages/airflow/example_dags/plugins/listener_plugin.py
[2025-12-24T16:29:57.208+0000] {processor.py:842} WARNING - No viable dags retrieved from /home/airflow/.local/lib/python3.8/site-packages/airflow/example_dags/plugins/listener_plugin.py
[2025-12-24T16:29:57.227+0000] {processor.py:183} INFO - Processing /home/airflow/.local/lib/python3.8/site-packages/airflow/example_dags/plugins/listener_plugin.py took 0.032 seconds
[2025-12-24T16:30:28.429+0000] {processor.py:161} INFO - Started process (PID=6384) to work on /home/airflow/.local/lib/python3.8/site-packages/airflow/example_dags/plugins/listener_plugin.py
[2025-12-24T16:30:28.430+0000] {processor.py:830} INFO - Processing file /home/airflow/.local/lib/python3.8/site-packages/airflow/example_dags/plugins/listener_plugin.py for tasks to queue
[2025-12-24T16:30:28.432+0000] {logging_mixin.py:188} INFO - [2025-12-24T16:30:28.432+0000] {dagbag.py:538} INFO - Filling up the DagBag from /home/airflow/.local/lib/python3.8/site-packages/airflow/example_dags/plugins/listener_plugin.py
[2025-12-24T16:30:28.439+0000] {processor.py:842} WARNING - No viable dags retrieved from /home/airflow/.local/lib/python3.8/site-packages/airflow/example_dags/plugins/listener_plugin.py
[2025-12-24T16:30:28.462+0000] {processor.py:183} INFO - Processing /home/airflow/.local/lib/python3.8/site-packages/airflow/example_dags/plugins/listener_plugin.py took 0.040 seconds
[2025-12-24T16:30:58.994+0000] {processor.py:161} INFO - Started process (PID=6440) to work on /home/airflow/.local/lib/python3.8/site-packages/airflow/example_dags/plugins/listener_plugin.py
[2025-12-24T16:30:58.997+0000] {processor.py:830} INFO - Processing file /home/airflow/.local/lib/python3.8/site-packages/airflow/example_dags/plugins/listener_plugin.py for tasks to queue
[2025-12-24T16:30:59.000+0000] {logging_mixin.py:188} INFO - [2025-12-24T16:30:58.999+0000] {dagbag.py:538} INFO - Filling up the DagBag from /home/airflow/.local/lib/python3.8/site-packages/airflow/example_dags/plugins/listener_plugin.py
[2025-12-24T16:30:59.005+0000] {processor.py:842} WARNING - No viable dags retrieved from /home/airflow/.local/lib/python3.8/site-packages/airflow/example_dags/plugins/listener_plugin.py
[2025-12-24T16:30:59.021+0000] {processor.py:183} INFO - Processing /home/airflow/.local/lib/python3.8/site-packages/airflow/example_dags/plugins/listener_plugin.py took 0.035 seconds
[2025-12-24T16:31:29.571+0000] {processor.py:161} INFO - Started process (PID=6496) to work on /home/airflow/.local/lib/python3.8/site-packages/airflow/example_dags/plugins/listener_plugin.py
[2025-12-24T16:31:29.573+0000] {processor.py:830} INFO - Processing file /home/airflow/.local/lib/python3.8/site-packages/airflow/example_dags/plugins/listener_plugin.py for tasks to queue
[2025-12-24T16:31:29.575+0000] {logging_mixin.py:188} INFO - [2025-12-24T16:31:29.574+0000] {dagbag.py:538} INFO - Filling up the DagBag from /home/airflow/.local/lib/python3.8/site-packages/airflow/example_dags/plugins/listener_plugin.py
[2025-12-24T16:31:29.580+0000] {processor.py:842} WARNING - No viable dags retrieved from /home/airflow/.local/lib/python3.8/site-packages/airflow/example_dags/plugins/listener_plugin.py
[2025-12-24T16:31:29.600+0000] {processor.py:183} INFO - Processing /home/airflow/.local/lib/python3.8/site-packages/airflow/example_dags/plugins/listener_plugin.py took 0.034 seconds
[2025-12-24T16:31:59.820+0000] {processor.py:161} INFO - Started process (PID=6557) to work on /home/airflow/.local/lib/python3.8/site-packages/airflow/example_dags/plugins/listener_plugin.py
[2025-12-24T16:31:59.821+0000] {processor.py:830} INFO - Processing file /home/airflow/.local/lib/python3.8/site-packages/airflow/example_dags/plugins/listener_plugin.py for tasks to queue
[2025-12-24T16:31:59.822+0000] {logging_mixin.py:188} INFO - [2025-12-24T16:31:59.822+0000] {dagbag.py:538} INFO - Filling up the DagBag from /home/airflow/.local/lib/python3.8/site-packages/airflow/example_dags/plugins/listener_plugin.py
[2025-12-24T16:31:59.825+0000] {processor.py:842} WARNING - No viable dags retrieved from /home/airflow/.local/lib/python3.8/site-packages/airflow/example_dags/plugins/listener_plugin.py
[2025-12-24T16:31:59.842+0000] {processor.py:183} INFO - Processing /home/airflow/.local/lib/python3.8/site-packages/airflow/example_dags/plugins/listener_plugin.py took 0.026 seconds
[2025-12-24T16:32:30.045+0000] {processor.py:161} INFO - Started process (PID=6613) to work on /home/airflow/.local/lib/python3.8/site-packages/airflow/example_dags/plugins/listener_plugin.py
[2025-12-24T16:32:30.046+0000] {processor.py:830} INFO - Processing file /home/airflow/.local/lib/python3.8/site-packages/airflow/example_dags/plugins/listener_plugin.py for tasks to queue
[2025-12-24T16:32:30.048+0000] {logging_mixin.py:188} INFO - [2025-12-24T16:32:30.047+0000] {dagbag.py:538} INFO - Filling up the DagBag from /home/airflow/.local/lib/python3.8/site-packages/airflow/example_dags/plugins/listener_plugin.py
[2025-12-24T16:32:30.052+0000] {processor.py:842} WARNING - No viable dags retrieved from /home/airflow/.local/lib/python3.8/site-packages/airflow/example_dags/plugins/listener_plugin.py
[2025-12-24T16:32:30.068+0000] {processor.py:183} INFO - Processing /home/airflow/.local/lib/python3.8/site-packages/airflow/example_dags/plugins/listener_plugin.py took 0.026 seconds
[2025-12-24T16:33:00.634+0000] {processor.py:161} INFO - Started process (PID=6669) to work on /home/airflow/.local/lib/python3.8/site-packages/airflow/example_dags/plugins/listener_plugin.py
[2025-12-24T16:33:00.636+0000] {processor.py:830} INFO - Processing file /home/airflow/.local/lib/python3.8/site-packages/airflow/example_dags/plugins/listener_plugin.py for tasks to queue
[2025-12-24T16:33:00.637+0000] {logging_mixin.py:188} INFO - [2025-12-24T16:33:00.637+0000] {dagbag.py:538} INFO - Filling up the DagBag from /home/airflow/.local/lib/python3.8/site-packages/airflow/example_dags/plugins/listener_plugin.py
[2025-12-24T16:33:00.641+0000] {processor.py:842} WARNING - No viable dags retrieved from /home/airflow/.local/lib/python3.8/site-packages/airflow/example_dags/plugins/listener_plugin.py
[2025-12-24T16:33:00.658+0000] {processor.py:183} INFO - Processing /home/airflow/.local/lib/python3.8/site-packages/airflow/example_dags/plugins/listener_plugin.py took 0.029 seconds
[2025-12-24T16:33:31.311+0000] {processor.py:161} INFO - Started process (PID=6725) to work on /home/airflow/.local/lib/python3.8/site-packages/airflow/example_dags/plugins/listener_plugin.py
[2025-12-24T16:33:31.313+0000] {processor.py:830} INFO - Processing file /home/airflow/.local/lib/python3.8/site-packages/airflow/example_dags/plugins/listener_plugin.py for tasks to queue
[2025-12-24T16:33:31.315+0000] {logging_mixin.py:188} INFO - [2025-12-24T16:33:31.315+0000] {dagbag.py:538} INFO - Filling up the DagBag from /home/airflow/.local/lib/python3.8/site-packages/airflow/example_dags/plugins/listener_plugin.py
[2025-12-24T16:33:31.319+0000] {processor.py:842} WARNING - No viable dags retrieved from /home/airflow/.local/lib/python3.8/site-packages/airflow/example_dags/plugins/listener_plugin.py
[2025-12-24T16:33:31.335+0000] {processor.py:183} INFO - Processing /home/airflow/.local/lib/python3.8/site-packages/airflow/example_dags/plugins/listener_plugin.py took 0.029 seconds
[2025-12-24T16:34:02.102+0000] {processor.py:161} INFO - Started process (PID=6781) to work on /home/airflow/.local/lib/python3.8/site-packages/airflow/example_dags/plugins/listener_plugin.py
[2025-12-24T16:34:02.103+0000] {processor.py:830} INFO - Processing file /home/airflow/.local/lib/python3.8/site-packages/airflow/example_dags/plugins/listener_plugin.py for tasks to queue
[2025-12-24T16:34:02.104+0000] {logging_mixin.py:188} INFO - [2025-12-24T16:34:02.104+0000] {dagbag.py:538} INFO - Filling up the DagBag from /home/airflow/.local/lib/python3.8/site-packages/airflow/example_dags/plugins/listener_plugin.py
[2025-12-24T16:34:02.108+0000] {processor.py:842} WARNING - No viable dags retrieved from /home/airflow/.local/lib/python3.8/site-packages/airflow/example_dags/plugins/listener_plugin.py
[2025-12-24T16:34:02.125+0000] {processor.py:183} INFO - Processing /home/airflow/.local/lib/python3.8/site-packages/airflow/example_dags/plugins/listener_plugin.py took 0.027 seconds
[2025-12-24T16:34:32.504+0000] {processor.py:161} INFO - Started process (PID=6837) to work on /home/airflow/.local/lib/python3.8/site-packages/airflow/example_dags/plugins/listener_plugin.py
[2025-12-24T16:34:32.506+0000] {processor.py:830} INFO - Processing file /home/airflow/.local/lib/python3.8/site-packages/airflow/example_dags/plugins/listener_plugin.py for tasks to queue
[2025-12-24T16:34:32.507+0000] {logging_mixin.py:188} INFO - [2025-12-24T16:34:32.507+0000] {dagbag.py:538} INFO - Filling up the DagBag from /home/airflow/.local/lib/python3.8/site-packages/airflow/example_dags/plugins/listener_plugin.py
[2025-12-24T16:34:32.510+0000] {processor.py:842} WARNING - No viable dags retrieved from /home/airflow/.local/lib/python3.8/site-packages/airflow/example_dags/plugins/listener_plugin.py
[2025-12-24T16:34:32.527+0000] {processor.py:183} INFO - Processing /home/airflow/.local/lib/python3.8/site-packages/airflow/example_dags/plugins/listener_plugin.py took 0.027 seconds
[2025-12-24T16:35:03.043+0000] {processor.py:161} INFO - Started process (PID=6893) to work on /home/airflow/.local/lib/python3.8/site-packages/airflow/example_dags/plugins/listener_plugin.py
[2025-12-24T16:35:03.044+0000] {processor.py:830} INFO - Processing file /home/airflow/.local/lib/python3.8/site-packages/airflow/example_dags/plugins/listener_plugin.py for tasks to queue
[2025-12-24T16:35:03.046+0000] {logging_mixin.py:188} INFO - [2025-12-24T16:35:03.045+0000] {dagbag.py:538} INFO - Filling up the DagBag from /home/airflow/.local/lib/python3.8/site-packages/airflow/example_dags/plugins/listener_plugin.py
[2025-12-24T16:35:03.049+0000] {processor.py:842} WARNING - No viable dags retrieved from /home/airflow/.local/lib/python3.8/site-packages/airflow/example_dags/plugins/listener_plugin.py
[2025-12-24T16:35:03.065+0000] {processor.py:183} INFO - Processing /home/airflow/.local/lib/python3.8/site-packages/airflow/example_dags/plugins/listener_plugin.py took 0.027 seconds
[2025-12-24T16:35:33.438+0000] {processor.py:161} INFO - Started process (PID=6949) to work on /home/airflow/.local/lib/python3.8/site-packages/airflow/example_dags/plugins/listener_plugin.py
[2025-12-24T16:35:33.439+0000] {processor.py:830} INFO - Processing file /home/airflow/.local/lib/python3.8/site-packages/airflow/example_dags/plugins/listener_plugin.py for tasks to queue
[2025-12-24T16:35:33.440+0000] {logging_mixin.py:188} INFO - [2025-12-24T16:35:33.440+0000] {dagbag.py:538} INFO - Filling up the DagBag from /home/airflow/.local/lib/python3.8/site-packages/airflow/example_dags/plugins/listener_plugin.py
[2025-12-24T16:35:33.443+0000] {processor.py:842} WARNING - No viable dags retrieved from /home/airflow/.local/lib/python3.8/site-packages/airflow/example_dags/plugins/listener_plugin.py
[2025-12-24T16:35:33.458+0000] {processor.py:183} INFO - Processing /home/airflow/.local/lib/python3.8/site-packages/airflow/example_dags/plugins/listener_plugin.py took 0.024 seconds
[2025-12-24T16:36:03.729+0000] {processor.py:161} INFO - Started process (PID=7005) to work on /home/airflow/.local/lib/python3.8/site-packages/airflow/example_dags/plugins/listener_plugin.py
[2025-12-24T16:36:03.730+0000] {processor.py:830} INFO - Processing file /home/airflow/.local/lib/python3.8/site-packages/airflow/example_dags/plugins/listener_plugin.py for tasks to queue
[2025-12-24T16:36:03.731+0000] {logging_mixin.py:188} INFO - [2025-12-24T16:36:03.730+0000] {dagbag.py:538} INFO - Filling up the DagBag from /home/airflow/.local/lib/python3.8/site-packages/airflow/example_dags/plugins/listener_plugin.py
[2025-12-24T16:36:03.734+0000] {processor.py:842} WARNING - No viable dags retrieved from /home/airflow/.local/lib/python3.8/site-packages/airflow/example_dags/plugins/listener_plugin.py
[2025-12-24T16:36:03.749+0000] {processor.py:183} INFO - Processing /home/airflow/.local/lib/python3.8/site-packages/airflow/example_dags/plugins/listener_plugin.py took 0.024 seconds
[2025-12-24T16:36:34.477+0000] {processor.py:161} INFO - Started process (PID=7062) to work on /home/airflow/.local/lib/python3.8/site-packages/airflow/example_dags/plugins/listener_plugin.py
[2025-12-24T16:36:34.478+0000] {processor.py:830} INFO - Processing file /home/airflow/.local/lib/python3.8/site-packages/airflow/example_dags/plugins/listener_plugin.py for tasks to queue
[2025-12-24T16:36:34.479+0000] {logging_mixin.py:188} INFO - [2025-12-24T16:36:34.479+0000] {dagbag.py:538} INFO - Filling up the DagBag from /home/airflow/.local/lib/python3.8/site-packages/airflow/example_dags/plugins/listener_plugin.py
[2025-12-24T16:36:34.483+0000] {processor.py:842} WARNING - No viable dags retrieved from /home/airflow/.local/lib/python3.8/site-packages/airflow/example_dags/plugins/listener_plugin.py
[2025-12-24T16:36:34.498+0000] {processor.py:183} INFO - Processing /home/airflow/.local/lib/python3.8/site-packages/airflow/example_dags/plugins/listener_plugin.py took 0.026 seconds
[2025-12-24T16:37:04.857+0000] {processor.py:161} INFO - Started process (PID=7119) to work on /home/airflow/.local/lib/python3.8/site-packages/airflow/example_dags/plugins/listener_plugin.py
[2025-12-24T16:37:04.858+0000] {processor.py:830} INFO - Processing file /home/airflow/.local/lib/python3.8/site-packages/airflow/example_dags/plugins/listener_plugin.py for tasks to queue
[2025-12-24T16:37:04.859+0000] {logging_mixin.py:188} INFO - [2025-12-24T16:37:04.859+0000] {dagbag.py:538} INFO - Filling up the DagBag from /home/airflow/.local/lib/python3.8/site-packages/airflow/example_dags/plugins/listener_plugin.py
[2025-12-24T16:37:04.862+0000] {processor.py:842} WARNING - No viable dags retrieved from /home/airflow/.local/lib/python3.8/site-packages/airflow/example_dags/plugins/listener_plugin.py
[2025-12-24T16:37:04.878+0000] {processor.py:183} INFO - Processing /home/airflow/.local/lib/python3.8/site-packages/airflow/example_dags/plugins/listener_plugin.py took 0.025 seconds
[2025-12-24T16:37:40.764+0000] {processor.py:161} INFO - Started process (PID=7179) to work on /home/airflow/.local/lib/python3.8/site-packages/airflow/example_dags/plugins/listener_plugin.py
[2025-12-24T16:37:40.767+0000] {processor.py:830} INFO - Processing file /home/airflow/.local/lib/python3.8/site-packages/airflow/example_dags/plugins/listener_plugin.py for tasks to queue
[2025-12-24T16:37:40.768+0000] {logging_mixin.py:188} INFO - [2025-12-24T16:37:40.768+0000] {dagbag.py:538} INFO - Filling up the DagBag from /home/airflow/.local/lib/python3.8/site-packages/airflow/example_dags/plugins/listener_plugin.py
[2025-12-24T16:37:40.772+0000] {processor.py:842} WARNING - No viable dags retrieved from /home/airflow/.local/lib/python3.8/site-packages/airflow/example_dags/plugins/listener_plugin.py
[2025-12-24T16:37:40.792+0000] {processor.py:183} INFO - Processing /home/airflow/.local/lib/python3.8/site-packages/airflow/example_dags/plugins/listener_plugin.py took 0.032 seconds
[2025-12-24T16:38:11.198+0000] {processor.py:161} INFO - Started process (PID=7239) to work on /home/airflow/.local/lib/python3.8/site-packages/airflow/example_dags/plugins/listener_plugin.py
[2025-12-24T16:38:11.200+0000] {processor.py:830} INFO - Processing file /home/airflow/.local/lib/python3.8/site-packages/airflow/example_dags/plugins/listener_plugin.py for tasks to queue
[2025-12-24T16:38:11.202+0000] {logging_mixin.py:188} INFO - [2025-12-24T16:38:11.201+0000] {dagbag.py:538} INFO - Filling up the DagBag from /home/airflow/.local/lib/python3.8/site-packages/airflow/example_dags/plugins/listener_plugin.py
[2025-12-24T16:38:11.205+0000] {processor.py:842} WARNING - No viable dags retrieved from /home/airflow/.local/lib/python3.8/site-packages/airflow/example_dags/plugins/listener_plugin.py
[2025-12-24T16:38:11.222+0000] {processor.py:183} INFO - Processing /home/airflow/.local/lib/python3.8/site-packages/airflow/example_dags/plugins/listener_plugin.py took 0.029 seconds
[2025-12-24T16:38:41.421+0000] {processor.py:161} INFO - Started process (PID=7295) to work on /home/airflow/.local/lib/python3.8/site-packages/airflow/example_dags/plugins/listener_plugin.py
[2025-12-24T16:38:41.423+0000] {processor.py:830} INFO - Processing file /home/airflow/.local/lib/python3.8/site-packages/airflow/example_dags/plugins/listener_plugin.py for tasks to queue
[2025-12-24T16:38:41.424+0000] {logging_mixin.py:188} INFO - [2025-12-24T16:38:41.423+0000] {dagbag.py:538} INFO - Filling up the DagBag from /home/airflow/.local/lib/python3.8/site-packages/airflow/example_dags/plugins/listener_plugin.py
[2025-12-24T16:38:41.427+0000] {processor.py:842} WARNING - No viable dags retrieved from /home/airflow/.local/lib/python3.8/site-packages/airflow/example_dags/plugins/listener_plugin.py
[2025-12-24T16:38:41.443+0000] {processor.py:183} INFO - Processing /home/airflow/.local/lib/python3.8/site-packages/airflow/example_dags/plugins/listener_plugin.py took 0.027 seconds
[2025-12-24T16:39:12.207+0000] {processor.py:161} INFO - Started process (PID=7351) to work on /home/airflow/.local/lib/python3.8/site-packages/airflow/example_dags/plugins/listener_plugin.py
[2025-12-24T16:39:12.208+0000] {processor.py:830} INFO - Processing file /home/airflow/.local/lib/python3.8/site-packages/airflow/example_dags/plugins/listener_plugin.py for tasks to queue
[2025-12-24T16:39:12.209+0000] {logging_mixin.py:188} INFO - [2025-12-24T16:39:12.209+0000] {dagbag.py:538} INFO - Filling up the DagBag from /home/airflow/.local/lib/python3.8/site-packages/airflow/example_dags/plugins/listener_plugin.py
[2025-12-24T16:39:12.213+0000] {processor.py:842} WARNING - No viable dags retrieved from /home/airflow/.local/lib/python3.8/site-packages/airflow/example_dags/plugins/listener_plugin.py
[2025-12-24T16:39:12.229+0000] {processor.py:183} INFO - Processing /home/airflow/.local/lib/python3.8/site-packages/airflow/example_dags/plugins/listener_plugin.py took 0.026 seconds
[2025-12-24T16:39:43.026+0000] {processor.py:161} INFO - Started process (PID=7407) to work on /home/airflow/.local/lib/python3.8/site-packages/airflow/example_dags/plugins/listener_plugin.py
[2025-12-24T16:39:43.027+0000] {processor.py:830} INFO - Processing file /home/airflow/.local/lib/python3.8/site-packages/airflow/example_dags/plugins/listener_plugin.py for tasks to queue
[2025-12-24T16:39:43.028+0000] {logging_mixin.py:188} INFO - [2025-12-24T16:39:43.028+0000] {dagbag.py:538} INFO - Filling up the DagBag from /home/airflow/.local/lib/python3.8/site-packages/airflow/example_dags/plugins/listener_plugin.py
[2025-12-24T16:39:43.032+0000] {processor.py:842} WARNING - No viable dags retrieved from /home/airflow/.local/lib/python3.8/site-packages/airflow/example_dags/plugins/listener_plugin.py
[2025-12-24T16:39:43.047+0000] {processor.py:183} INFO - Processing /home/airflow/.local/lib/python3.8/site-packages/airflow/example_dags/plugins/listener_plugin.py took 0.024 seconds
[2025-12-24T16:40:13.881+0000] {processor.py:161} INFO - Started process (PID=7463) to work on /home/airflow/.local/lib/python3.8/site-packages/airflow/example_dags/plugins/listener_plugin.py
[2025-12-24T16:40:13.882+0000] {processor.py:830} INFO - Processing file /home/airflow/.local/lib/python3.8/site-packages/airflow/example_dags/plugins/listener_plugin.py for tasks to queue
[2025-12-24T16:40:13.884+0000] {logging_mixin.py:188} INFO - [2025-12-24T16:40:13.883+0000] {dagbag.py:538} INFO - Filling up the DagBag from /home/airflow/.local/lib/python3.8/site-packages/airflow/example_dags/plugins/listener_plugin.py
[2025-12-24T16:40:13.888+0000] {processor.py:842} WARNING - No viable dags retrieved from /home/airflow/.local/lib/python3.8/site-packages/airflow/example_dags/plugins/listener_plugin.py
[2025-12-24T16:40:13.903+0000] {processor.py:183} INFO - Processing /home/airflow/.local/lib/python3.8/site-packages/airflow/example_dags/plugins/listener_plugin.py took 0.026 seconds
[2025-12-24T16:40:45.190+0000] {processor.py:161} INFO - Started process (PID=7519) to work on /home/airflow/.local/lib/python3.8/site-packages/airflow/example_dags/plugins/listener_plugin.py
[2025-12-24T16:40:45.192+0000] {processor.py:830} INFO - Processing file /home/airflow/.local/lib/python3.8/site-packages/airflow/example_dags/plugins/listener_plugin.py for tasks to queue
[2025-12-24T16:40:45.194+0000] {logging_mixin.py:188} INFO - [2025-12-24T16:40:45.193+0000] {dagbag.py:538} INFO - Filling up the DagBag from /home/airflow/.local/lib/python3.8/site-packages/airflow/example_dags/plugins/listener_plugin.py
[2025-12-24T16:40:45.206+0000] {processor.py:842} WARNING - No viable dags retrieved from /home/airflow/.local/lib/python3.8/site-packages/airflow/example_dags/plugins/listener_plugin.py
[2025-12-24T16:40:45.224+0000] {processor.py:183} INFO - Processing /home/airflow/.local/lib/python3.8/site-packages/airflow/example_dags/plugins/listener_plugin.py took 0.039 seconds
[2025-12-24T16:41:15.622+0000] {processor.py:161} INFO - Started process (PID=7575) to work on /home/airflow/.local/lib/python3.8/site-packages/airflow/example_dags/plugins/listener_plugin.py
[2025-12-24T16:41:15.624+0000] {processor.py:830} INFO - Processing file /home/airflow/.local/lib/python3.8/site-packages/airflow/example_dags/plugins/listener_plugin.py for tasks to queue
[2025-12-24T16:41:15.625+0000] {logging_mixin.py:188} INFO - [2025-12-24T16:41:15.625+0000] {dagbag.py:538} INFO - Filling up the DagBag from /home/airflow/.local/lib/python3.8/site-packages/airflow/example_dags/plugins/listener_plugin.py
[2025-12-24T16:41:15.628+0000] {processor.py:842} WARNING - No viable dags retrieved from /home/airflow/.local/lib/python3.8/site-packages/airflow/example_dags/plugins/listener_plugin.py
[2025-12-24T16:41:15.644+0000] {processor.py:183} INFO - Processing /home/airflow/.local/lib/python3.8/site-packages/airflow/example_dags/plugins/listener_plugin.py took 0.025 seconds
[2025-12-24T16:41:45.913+0000] {processor.py:161} INFO - Started process (PID=7631) to work on /home/airflow/.local/lib/python3.8/site-packages/airflow/example_dags/plugins/listener_plugin.py
[2025-12-24T16:41:45.914+0000] {processor.py:830} INFO - Processing file /home/airflow/.local/lib/python3.8/site-packages/airflow/example_dags/plugins/listener_plugin.py for tasks to queue
[2025-12-24T16:41:45.915+0000] {logging_mixin.py:188} INFO - [2025-12-24T16:41:45.915+0000] {dagbag.py:538} INFO - Filling up the DagBag from /home/airflow/.local/lib/python3.8/site-packages/airflow/example_dags/plugins/listener_plugin.py
[2025-12-24T16:41:45.919+0000] {processor.py:842} WARNING - No viable dags retrieved from /home/airflow/.local/lib/python3.8/site-packages/airflow/example_dags/plugins/listener_plugin.py
[2025-12-24T16:41:45.934+0000] {processor.py:183} INFO - Processing /home/airflow/.local/lib/python3.8/site-packages/airflow/example_dags/plugins/listener_plugin.py took 0.025 seconds
[2025-12-24T16:42:16.754+0000] {processor.py:161} INFO - Started process (PID=7687) to work on /home/airflow/.local/lib/python3.8/site-packages/airflow/example_dags/plugins/listener_plugin.py
[2025-12-24T16:42:16.755+0000] {processor.py:830} INFO - Processing file /home/airflow/.local/lib/python3.8/site-packages/airflow/example_dags/plugins/listener_plugin.py for tasks to queue
[2025-12-24T16:42:16.756+0000] {logging_mixin.py:188} INFO - [2025-12-24T16:42:16.755+0000] {dagbag.py:538} INFO - Filling up the DagBag from /home/airflow/.local/lib/python3.8/site-packages/airflow/example_dags/plugins/listener_plugin.py
[2025-12-24T16:42:16.759+0000] {processor.py:842} WARNING - No viable dags retrieved from /home/airflow/.local/lib/python3.8/site-packages/airflow/example_dags/plugins/listener_plugin.py
[2025-12-24T16:42:16.773+0000] {processor.py:183} INFO - Processing /home/airflow/.local/lib/python3.8/site-packages/airflow/example_dags/plugins/listener_plugin.py took 0.023 seconds
[2025-12-24T16:42:47.567+0000] {processor.py:161} INFO - Started process (PID=7743) to work on /home/airflow/.local/lib/python3.8/site-packages/airflow/example_dags/plugins/listener_plugin.py
[2025-12-24T16:42:47.570+0000] {processor.py:830} INFO - Processing file /home/airflow/.local/lib/python3.8/site-packages/airflow/example_dags/plugins/listener_plugin.py for tasks to queue
[2025-12-24T16:42:47.571+0000] {logging_mixin.py:188} INFO - [2025-12-24T16:42:47.571+0000] {dagbag.py:538} INFO - Filling up the DagBag from /home/airflow/.local/lib/python3.8/site-packages/airflow/example_dags/plugins/listener_plugin.py
[2025-12-24T16:42:47.575+0000] {processor.py:842} WARNING - No viable dags retrieved from /home/airflow/.local/lib/python3.8/site-packages/airflow/example_dags/plugins/listener_plugin.py
[2025-12-24T16:42:47.590+0000] {processor.py:183} INFO - Processing /home/airflow/.local/lib/python3.8/site-packages/airflow/example_dags/plugins/listener_plugin.py took 0.027 seconds
[2025-12-24T16:43:18.393+0000] {processor.py:161} INFO - Started process (PID=7799) to work on /home/airflow/.local/lib/python3.8/site-packages/airflow/example_dags/plugins/listener_plugin.py
[2025-12-24T16:43:18.395+0000] {processor.py:830} INFO - Processing file /home/airflow/.local/lib/python3.8/site-packages/airflow/example_dags/plugins/listener_plugin.py for tasks to queue
[2025-12-24T16:43:18.396+0000] {logging_mixin.py:188} INFO - [2025-12-24T16:43:18.396+0000] {dagbag.py:538} INFO - Filling up the DagBag from /home/airflow/.local/lib/python3.8/site-packages/airflow/example_dags/plugins/listener_plugin.py
[2025-12-24T16:43:18.401+0000] {processor.py:842} WARNING - No viable dags retrieved from /home/airflow/.local/lib/python3.8/site-packages/airflow/example_dags/plugins/listener_plugin.py
[2025-12-24T16:43:18.417+0000] {processor.py:183} INFO - Processing /home/airflow/.local/lib/python3.8/site-packages/airflow/example_dags/plugins/listener_plugin.py took 0.027 seconds
[2025-12-24T16:43:48.641+0000] {processor.py:161} INFO - Started process (PID=7855) to work on /home/airflow/.local/lib/python3.8/site-packages/airflow/example_dags/plugins/listener_plugin.py
[2025-12-24T16:43:48.643+0000] {processor.py:830} INFO - Processing file /home/airflow/.local/lib/python3.8/site-packages/airflow/example_dags/plugins/listener_plugin.py for tasks to queue
[2025-12-24T16:43:48.644+0000] {logging_mixin.py:188} INFO - [2025-12-24T16:43:48.644+0000] {dagbag.py:538} INFO - Filling up the DagBag from /home/airflow/.local/lib/python3.8/site-packages/airflow/example_dags/plugins/listener_plugin.py
[2025-12-24T16:43:48.648+0000] {processor.py:842} WARNING - No viable dags retrieved from /home/airflow/.local/lib/python3.8/site-packages/airflow/example_dags/plugins/listener_plugin.py
[2025-12-24T16:43:48.666+0000] {processor.py:183} INFO - Processing /home/airflow/.local/lib/python3.8/site-packages/airflow/example_dags/plugins/listener_plugin.py took 0.029 seconds
[2025-12-24T16:44:19.227+0000] {processor.py:161} INFO - Started process (PID=7920) to work on /home/airflow/.local/lib/python3.8/site-packages/airflow/example_dags/plugins/listener_plugin.py
[2025-12-24T16:44:19.228+0000] {processor.py:830} INFO - Processing file /home/airflow/.local/lib/python3.8/site-packages/airflow/example_dags/plugins/listener_plugin.py for tasks to queue
[2025-12-24T16:44:19.230+0000] {logging_mixin.py:188} INFO - [2025-12-24T16:44:19.229+0000] {dagbag.py:538} INFO - Filling up the DagBag from /home/airflow/.local/lib/python3.8/site-packages/airflow/example_dags/plugins/listener_plugin.py
[2025-12-24T16:44:19.233+0000] {processor.py:842} WARNING - No viable dags retrieved from /home/airflow/.local/lib/python3.8/site-packages/airflow/example_dags/plugins/listener_plugin.py
[2025-12-24T16:44:19.249+0000] {processor.py:183} INFO - Processing /home/airflow/.local/lib/python3.8/site-packages/airflow/example_dags/plugins/listener_plugin.py took 0.026 seconds
[2025-12-24T16:44:49.770+0000] {processor.py:161} INFO - Started process (PID=7988) to work on /home/airflow/.local/lib/python3.8/site-packages/airflow/example_dags/plugins/listener_plugin.py
[2025-12-24T16:44:49.772+0000] {processor.py:830} INFO - Processing file /home/airflow/.local/lib/python3.8/site-packages/airflow/example_dags/plugins/listener_plugin.py for tasks to queue
[2025-12-24T16:44:49.773+0000] {logging_mixin.py:188} INFO - [2025-12-24T16:44:49.772+0000] {dagbag.py:538} INFO - Filling up the DagBag from /home/airflow/.local/lib/python3.8/site-packages/airflow/example_dags/plugins/listener_plugin.py
[2025-12-24T16:44:49.776+0000] {processor.py:842} WARNING - No viable dags retrieved from /home/airflow/.local/lib/python3.8/site-packages/airflow/example_dags/plugins/listener_plugin.py
[2025-12-24T16:44:49.814+0000] {processor.py:183} INFO - Processing /home/airflow/.local/lib/python3.8/site-packages/airflow/example_dags/plugins/listener_plugin.py took 0.047 seconds
[2025-12-24T16:45:19.959+0000] {processor.py:161} INFO - Started process (PID=8045) to work on /home/airflow/.local/lib/python3.8/site-packages/airflow/example_dags/plugins/listener_plugin.py
[2025-12-24T16:45:19.961+0000] {processor.py:830} INFO - Processing file /home/airflow/.local/lib/python3.8/site-packages/airflow/example_dags/plugins/listener_plugin.py for tasks to queue
[2025-12-24T16:45:19.962+0000] {logging_mixin.py:188} INFO - [2025-12-24T16:45:19.962+0000] {dagbag.py:538} INFO - Filling up the DagBag from /home/airflow/.local/lib/python3.8/site-packages/airflow/example_dags/plugins/listener_plugin.py
[2025-12-24T16:45:19.969+0000] {processor.py:842} WARNING - No viable dags retrieved from /home/airflow/.local/lib/python3.8/site-packages/airflow/example_dags/plugins/listener_plugin.py
[2025-12-24T16:45:19.990+0000] {processor.py:183} INFO - Processing /home/airflow/.local/lib/python3.8/site-packages/airflow/example_dags/plugins/listener_plugin.py took 0.036 seconds
[2025-12-24T16:45:50.788+0000] {processor.py:161} INFO - Started process (PID=8112) to work on /home/airflow/.local/lib/python3.8/site-packages/airflow/example_dags/plugins/listener_plugin.py
[2025-12-24T16:45:50.789+0000] {processor.py:830} INFO - Processing file /home/airflow/.local/lib/python3.8/site-packages/airflow/example_dags/plugins/listener_plugin.py for tasks to queue
[2025-12-24T16:45:50.791+0000] {logging_mixin.py:188} INFO - [2025-12-24T16:45:50.790+0000] {dagbag.py:538} INFO - Filling up the DagBag from /home/airflow/.local/lib/python3.8/site-packages/airflow/example_dags/plugins/listener_plugin.py
[2025-12-24T16:45:50.795+0000] {processor.py:842} WARNING - No viable dags retrieved from /home/airflow/.local/lib/python3.8/site-packages/airflow/example_dags/plugins/listener_plugin.py
[2025-12-24T16:45:50.813+0000] {processor.py:183} INFO - Processing /home/airflow/.local/lib/python3.8/site-packages/airflow/example_dags/plugins/listener_plugin.py took 0.029 seconds
[2025-12-24T16:46:21.621+0000] {processor.py:161} INFO - Started process (PID=8184) to work on /home/airflow/.local/lib/python3.8/site-packages/airflow/example_dags/plugins/listener_plugin.py
[2025-12-24T16:46:21.622+0000] {processor.py:830} INFO - Processing file /home/airflow/.local/lib/python3.8/site-packages/airflow/example_dags/plugins/listener_plugin.py for tasks to queue
[2025-12-24T16:46:21.624+0000] {logging_mixin.py:188} INFO - [2025-12-24T16:46:21.623+0000] {dagbag.py:538} INFO - Filling up the DagBag from /home/airflow/.local/lib/python3.8/site-packages/airflow/example_dags/plugins/listener_plugin.py
[2025-12-24T16:46:21.629+0000] {processor.py:842} WARNING - No viable dags retrieved from /home/airflow/.local/lib/python3.8/site-packages/airflow/example_dags/plugins/listener_plugin.py
[2025-12-24T16:46:21.647+0000] {processor.py:183} INFO - Processing /home/airflow/.local/lib/python3.8/site-packages/airflow/example_dags/plugins/listener_plugin.py took 0.031 seconds
[2025-12-24T16:46:51.782+0000] {processor.py:161} INFO - Started process (PID=8251) to work on /home/airflow/.local/lib/python3.8/site-packages/airflow/example_dags/plugins/listener_plugin.py
[2025-12-24T16:46:51.784+0000] {processor.py:830} INFO - Processing file /home/airflow/.local/lib/python3.8/site-packages/airflow/example_dags/plugins/listener_plugin.py for tasks to queue
[2025-12-24T16:46:51.786+0000] {logging_mixin.py:188} INFO - [2025-12-24T16:46:51.785+0000] {dagbag.py:538} INFO - Filling up the DagBag from /home/airflow/.local/lib/python3.8/site-packages/airflow/example_dags/plugins/listener_plugin.py
[2025-12-24T16:46:51.796+0000] {processor.py:842} WARNING - No viable dags retrieved from /home/airflow/.local/lib/python3.8/site-packages/airflow/example_dags/plugins/listener_plugin.py
[2025-12-24T16:46:51.812+0000] {processor.py:183} INFO - Processing /home/airflow/.local/lib/python3.8/site-packages/airflow/example_dags/plugins/listener_plugin.py took 0.033 seconds
[2025-12-24T16:47:22.309+0000] {processor.py:161} INFO - Started process (PID=8307) to work on /home/airflow/.local/lib/python3.8/site-packages/airflow/example_dags/plugins/listener_plugin.py
[2025-12-24T16:47:22.310+0000] {processor.py:830} INFO - Processing file /home/airflow/.local/lib/python3.8/site-packages/airflow/example_dags/plugins/listener_plugin.py for tasks to queue
[2025-12-24T16:47:22.311+0000] {logging_mixin.py:188} INFO - [2025-12-24T16:47:22.311+0000] {dagbag.py:538} INFO - Filling up the DagBag from /home/airflow/.local/lib/python3.8/site-packages/airflow/example_dags/plugins/listener_plugin.py
[2025-12-24T16:47:22.314+0000] {processor.py:842} WARNING - No viable dags retrieved from /home/airflow/.local/lib/python3.8/site-packages/airflow/example_dags/plugins/listener_plugin.py
[2025-12-24T16:47:22.329+0000] {processor.py:183} INFO - Processing /home/airflow/.local/lib/python3.8/site-packages/airflow/example_dags/plugins/listener_plugin.py took 0.024 seconds
[2025-12-24T16:47:53.155+0000] {processor.py:161} INFO - Started process (PID=8364) to work on /home/airflow/.local/lib/python3.8/site-packages/airflow/example_dags/plugins/listener_plugin.py
[2025-12-24T16:47:53.156+0000] {processor.py:830} INFO - Processing file /home/airflow/.local/lib/python3.8/site-packages/airflow/example_dags/plugins/listener_plugin.py for tasks to queue
[2025-12-24T16:47:53.157+0000] {logging_mixin.py:188} INFO - [2025-12-24T16:47:53.157+0000] {dagbag.py:538} INFO - Filling up the DagBag from /home/airflow/.local/lib/python3.8/site-packages/airflow/example_dags/plugins/listener_plugin.py
[2025-12-24T16:47:53.161+0000] {processor.py:842} WARNING - No viable dags retrieved from /home/airflow/.local/lib/python3.8/site-packages/airflow/example_dags/plugins/listener_plugin.py
[2025-12-24T16:47:53.177+0000] {processor.py:183} INFO - Processing /home/airflow/.local/lib/python3.8/site-packages/airflow/example_dags/plugins/listener_plugin.py took 0.027 seconds
[2025-12-24T16:48:23.232+0000] {processor.py:161} INFO - Started process (PID=8420) to work on /home/airflow/.local/lib/python3.8/site-packages/airflow/example_dags/plugins/listener_plugin.py
[2025-12-24T16:48:23.234+0000] {processor.py:830} INFO - Processing file /home/airflow/.local/lib/python3.8/site-packages/airflow/example_dags/plugins/listener_plugin.py for tasks to queue
[2025-12-24T16:48:23.235+0000] {logging_mixin.py:188} INFO - [2025-12-24T16:48:23.235+0000] {dagbag.py:538} INFO - Filling up the DagBag from /home/airflow/.local/lib/python3.8/site-packages/airflow/example_dags/plugins/listener_plugin.py
[2025-12-24T16:48:23.238+0000] {processor.py:842} WARNING - No viable dags retrieved from /home/airflow/.local/lib/python3.8/site-packages/airflow/example_dags/plugins/listener_plugin.py
[2025-12-24T16:48:23.254+0000] {processor.py:183} INFO - Processing /home/airflow/.local/lib/python3.8/site-packages/airflow/example_dags/plugins/listener_plugin.py took 0.026 seconds
[2025-12-24T16:48:54.003+0000] {processor.py:161} INFO - Started process (PID=8479) to work on /home/airflow/.local/lib/python3.8/site-packages/airflow/example_dags/plugins/listener_plugin.py
[2025-12-24T16:48:54.004+0000] {processor.py:830} INFO - Processing file /home/airflow/.local/lib/python3.8/site-packages/airflow/example_dags/plugins/listener_plugin.py for tasks to queue
[2025-12-24T16:48:54.005+0000] {logging_mixin.py:188} INFO - [2025-12-24T16:48:54.005+0000] {dagbag.py:538} INFO - Filling up the DagBag from /home/airflow/.local/lib/python3.8/site-packages/airflow/example_dags/plugins/listener_plugin.py
[2025-12-24T16:48:54.009+0000] {processor.py:842} WARNING - No viable dags retrieved from /home/airflow/.local/lib/python3.8/site-packages/airflow/example_dags/plugins/listener_plugin.py
[2025-12-24T16:48:54.025+0000] {processor.py:183} INFO - Processing /home/airflow/.local/lib/python3.8/site-packages/airflow/example_dags/plugins/listener_plugin.py took 0.026 seconds
[2025-12-24T16:49:24.579+0000] {processor.py:161} INFO - Started process (PID=8536) to work on /home/airflow/.local/lib/python3.8/site-packages/airflow/example_dags/plugins/listener_plugin.py
[2025-12-24T16:49:24.581+0000] {processor.py:830} INFO - Processing file /home/airflow/.local/lib/python3.8/site-packages/airflow/example_dags/plugins/listener_plugin.py for tasks to queue
[2025-12-24T16:49:24.582+0000] {logging_mixin.py:188} INFO - [2025-12-24T16:49:24.582+0000] {dagbag.py:538} INFO - Filling up the DagBag from /home/airflow/.local/lib/python3.8/site-packages/airflow/example_dags/plugins/listener_plugin.py
[2025-12-24T16:49:24.586+0000] {processor.py:842} WARNING - No viable dags retrieved from /home/airflow/.local/lib/python3.8/site-packages/airflow/example_dags/plugins/listener_plugin.py
[2025-12-24T16:49:24.602+0000] {processor.py:183} INFO - Processing /home/airflow/.local/lib/python3.8/site-packages/airflow/example_dags/plugins/listener_plugin.py took 0.031 seconds
[2025-12-24T16:49:55.530+0000] {processor.py:161} INFO - Started process (PID=8593) to work on /home/airflow/.local/lib/python3.8/site-packages/airflow/example_dags/plugins/listener_plugin.py
[2025-12-24T16:49:55.532+0000] {processor.py:830} INFO - Processing file /home/airflow/.local/lib/python3.8/site-packages/airflow/example_dags/plugins/listener_plugin.py for tasks to queue
[2025-12-24T16:49:55.533+0000] {logging_mixin.py:188} INFO - [2025-12-24T16:49:55.533+0000] {dagbag.py:538} INFO - Filling up the DagBag from /home/airflow/.local/lib/python3.8/site-packages/airflow/example_dags/plugins/listener_plugin.py
[2025-12-24T16:49:55.537+0000] {processor.py:842} WARNING - No viable dags retrieved from /home/airflow/.local/lib/python3.8/site-packages/airflow/example_dags/plugins/listener_plugin.py
[2025-12-24T16:49:55.558+0000] {processor.py:183} INFO - Processing /home/airflow/.local/lib/python3.8/site-packages/airflow/example_dags/plugins/listener_plugin.py took 0.032 seconds
[2025-12-24T16:50:26.219+0000] {processor.py:161} INFO - Started process (PID=8650) to work on /home/airflow/.local/lib/python3.8/site-packages/airflow/example_dags/plugins/listener_plugin.py
[2025-12-24T16:50:26.220+0000] {processor.py:830} INFO - Processing file /home/airflow/.local/lib/python3.8/site-packages/airflow/example_dags/plugins/listener_plugin.py for tasks to queue
[2025-12-24T16:50:26.222+0000] {logging_mixin.py:188} INFO - [2025-12-24T16:50:26.221+0000] {dagbag.py:538} INFO - Filling up the DagBag from /home/airflow/.local/lib/python3.8/site-packages/airflow/example_dags/plugins/listener_plugin.py
[2025-12-24T16:50:26.225+0000] {processor.py:842} WARNING - No viable dags retrieved from /home/airflow/.local/lib/python3.8/site-packages/airflow/example_dags/plugins/listener_plugin.py
[2025-12-24T16:50:26.242+0000] {processor.py:183} INFO - Processing /home/airflow/.local/lib/python3.8/site-packages/airflow/example_dags/plugins/listener_plugin.py took 0.028 seconds
[2025-12-24T16:50:56.906+0000] {processor.py:161} INFO - Started process (PID=8707) to work on /home/airflow/.local/lib/python3.8/site-packages/airflow/example_dags/plugins/listener_plugin.py
[2025-12-24T16:50:56.908+0000] {processor.py:830} INFO - Processing file /home/airflow/.local/lib/python3.8/site-packages/airflow/example_dags/plugins/listener_plugin.py for tasks to queue
[2025-12-24T16:50:56.909+0000] {logging_mixin.py:188} INFO - [2025-12-24T16:50:56.908+0000] {dagbag.py:538} INFO - Filling up the DagBag from /home/airflow/.local/lib/python3.8/site-packages/airflow/example_dags/plugins/listener_plugin.py
[2025-12-24T16:50:56.913+0000] {processor.py:842} WARNING - No viable dags retrieved from /home/airflow/.local/lib/python3.8/site-packages/airflow/example_dags/plugins/listener_plugin.py
[2025-12-24T16:50:56.933+0000] {processor.py:183} INFO - Processing /home/airflow/.local/lib/python3.8/site-packages/airflow/example_dags/plugins/listener_plugin.py took 0.031 seconds
[2025-12-24T16:51:27.113+0000] {processor.py:161} INFO - Started process (PID=8764) to work on /home/airflow/.local/lib/python3.8/site-packages/airflow/example_dags/plugins/listener_plugin.py
[2025-12-24T16:51:27.115+0000] {processor.py:830} INFO - Processing file /home/airflow/.local/lib/python3.8/site-packages/airflow/example_dags/plugins/listener_plugin.py for tasks to queue
[2025-12-24T16:51:27.116+0000] {logging_mixin.py:188} INFO - [2025-12-24T16:51:27.116+0000] {dagbag.py:538} INFO - Filling up the DagBag from /home/airflow/.local/lib/python3.8/site-packages/airflow/example_dags/plugins/listener_plugin.py
[2025-12-24T16:51:27.119+0000] {processor.py:842} WARNING - No viable dags retrieved from /home/airflow/.local/lib/python3.8/site-packages/airflow/example_dags/plugins/listener_plugin.py
[2025-12-24T16:51:27.134+0000] {processor.py:183} INFO - Processing /home/airflow/.local/lib/python3.8/site-packages/airflow/example_dags/plugins/listener_plugin.py took 0.024 seconds
[2025-12-24T16:51:57.334+0000] {processor.py:161} INFO - Started process (PID=8821) to work on /home/airflow/.local/lib/python3.8/site-packages/airflow/example_dags/plugins/listener_plugin.py
[2025-12-24T16:51:57.335+0000] {processor.py:830} INFO - Processing file /home/airflow/.local/lib/python3.8/site-packages/airflow/example_dags/plugins/listener_plugin.py for tasks to queue
[2025-12-24T16:51:57.336+0000] {logging_mixin.py:188} INFO - [2025-12-24T16:51:57.336+0000] {dagbag.py:538} INFO - Filling up the DagBag from /home/airflow/.local/lib/python3.8/site-packages/airflow/example_dags/plugins/listener_plugin.py
[2025-12-24T16:51:57.340+0000] {processor.py:842} WARNING - No viable dags retrieved from /home/airflow/.local/lib/python3.8/site-packages/airflow/example_dags/plugins/listener_plugin.py
[2025-12-24T16:51:57.355+0000] {processor.py:183} INFO - Processing /home/airflow/.local/lib/python3.8/site-packages/airflow/example_dags/plugins/listener_plugin.py took 0.025 seconds
[2025-12-24T16:52:28.099+0000] {processor.py:161} INFO - Started process (PID=8878) to work on /home/airflow/.local/lib/python3.8/site-packages/airflow/example_dags/plugins/listener_plugin.py
[2025-12-24T16:52:28.100+0000] {processor.py:830} INFO - Processing file /home/airflow/.local/lib/python3.8/site-packages/airflow/example_dags/plugins/listener_plugin.py for tasks to queue
[2025-12-24T16:52:28.102+0000] {logging_mixin.py:188} INFO - [2025-12-24T16:52:28.102+0000] {dagbag.py:538} INFO - Filling up the DagBag from /home/airflow/.local/lib/python3.8/site-packages/airflow/example_dags/plugins/listener_plugin.py
[2025-12-24T16:52:28.112+0000] {processor.py:842} WARNING - No viable dags retrieved from /home/airflow/.local/lib/python3.8/site-packages/airflow/example_dags/plugins/listener_plugin.py
[2025-12-24T16:52:28.140+0000] {processor.py:183} INFO - Processing /home/airflow/.local/lib/python3.8/site-packages/airflow/example_dags/plugins/listener_plugin.py took 0.046 seconds
[2025-12-24T16:52:58.476+0000] {processor.py:161} INFO - Started process (PID=8935) to work on /home/airflow/.local/lib/python3.8/site-packages/airflow/example_dags/plugins/listener_plugin.py
[2025-12-24T16:52:58.478+0000] {processor.py:830} INFO - Processing file /home/airflow/.local/lib/python3.8/site-packages/airflow/example_dags/plugins/listener_plugin.py for tasks to queue
[2025-12-24T16:52:58.479+0000] {logging_mixin.py:188} INFO - [2025-12-24T16:52:58.478+0000] {dagbag.py:538} INFO - Filling up the DagBag from /home/airflow/.local/lib/python3.8/site-packages/airflow/example_dags/plugins/listener_plugin.py
[2025-12-24T16:52:58.482+0000] {processor.py:842} WARNING - No viable dags retrieved from /home/airflow/.local/lib/python3.8/site-packages/airflow/example_dags/plugins/listener_plugin.py
[2025-12-24T16:52:58.498+0000] {processor.py:183} INFO - Processing /home/airflow/.local/lib/python3.8/site-packages/airflow/example_dags/plugins/listener_plugin.py took 0.025 seconds
[2025-12-24T16:53:28.783+0000] {processor.py:161} INFO - Started process (PID=8992) to work on /home/airflow/.local/lib/python3.8/site-packages/airflow/example_dags/plugins/listener_plugin.py
[2025-12-24T16:53:28.785+0000] {processor.py:830} INFO - Processing file /home/airflow/.local/lib/python3.8/site-packages/airflow/example_dags/plugins/listener_plugin.py for tasks to queue
[2025-12-24T16:53:28.786+0000] {logging_mixin.py:188} INFO - [2025-12-24T16:53:28.786+0000] {dagbag.py:538} INFO - Filling up the DagBag from /home/airflow/.local/lib/python3.8/site-packages/airflow/example_dags/plugins/listener_plugin.py
[2025-12-24T16:53:28.790+0000] {processor.py:842} WARNING - No viable dags retrieved from /home/airflow/.local/lib/python3.8/site-packages/airflow/example_dags/plugins/listener_plugin.py
[2025-12-24T16:53:28.807+0000] {processor.py:183} INFO - Processing /home/airflow/.local/lib/python3.8/site-packages/airflow/example_dags/plugins/listener_plugin.py took 0.029 seconds
[2025-12-24T16:53:59.732+0000] {processor.py:161} INFO - Started process (PID=9049) to work on /home/airflow/.local/lib/python3.8/site-packages/airflow/example_dags/plugins/listener_plugin.py
[2025-12-24T16:53:59.734+0000] {processor.py:830} INFO - Processing file /home/airflow/.local/lib/python3.8/site-packages/airflow/example_dags/plugins/listener_plugin.py for tasks to queue
[2025-12-24T16:53:59.735+0000] {logging_mixin.py:188} INFO - [2025-12-24T16:53:59.735+0000] {dagbag.py:538} INFO - Filling up the DagBag from /home/airflow/.local/lib/python3.8/site-packages/airflow/example_dags/plugins/listener_plugin.py
[2025-12-24T16:53:59.740+0000] {processor.py:842} WARNING - No viable dags retrieved from /home/airflow/.local/lib/python3.8/site-packages/airflow/example_dags/plugins/listener_plugin.py
[2025-12-24T16:53:59.756+0000] {processor.py:183} INFO - Processing /home/airflow/.local/lib/python3.8/site-packages/airflow/example_dags/plugins/listener_plugin.py took 0.028 seconds
[2025-12-24T16:54:30.093+0000] {processor.py:161} INFO - Started process (PID=9106) to work on /home/airflow/.local/lib/python3.8/site-packages/airflow/example_dags/plugins/listener_plugin.py
[2025-12-24T16:54:30.094+0000] {processor.py:830} INFO - Processing file /home/airflow/.local/lib/python3.8/site-packages/airflow/example_dags/plugins/listener_plugin.py for tasks to queue
[2025-12-24T16:54:30.095+0000] {logging_mixin.py:188} INFO - [2025-12-24T16:54:30.095+0000] {dagbag.py:538} INFO - Filling up the DagBag from /home/airflow/.local/lib/python3.8/site-packages/airflow/example_dags/plugins/listener_plugin.py
[2025-12-24T16:54:30.099+0000] {processor.py:842} WARNING - No viable dags retrieved from /home/airflow/.local/lib/python3.8/site-packages/airflow/example_dags/plugins/listener_plugin.py
[2025-12-24T16:54:30.116+0000] {processor.py:183} INFO - Processing /home/airflow/.local/lib/python3.8/site-packages/airflow/example_dags/plugins/listener_plugin.py took 0.028 seconds
[2025-12-24T16:55:00.769+0000] {processor.py:161} INFO - Started process (PID=9169) to work on /home/airflow/.local/lib/python3.8/site-packages/airflow/example_dags/plugins/listener_plugin.py
[2025-12-24T16:55:00.771+0000] {processor.py:830} INFO - Processing file /home/airflow/.local/lib/python3.8/site-packages/airflow/example_dags/plugins/listener_plugin.py for tasks to queue
[2025-12-24T16:55:00.773+0000] {logging_mixin.py:188} INFO - [2025-12-24T16:55:00.772+0000] {dagbag.py:538} INFO - Filling up the DagBag from /home/airflow/.local/lib/python3.8/site-packages/airflow/example_dags/plugins/listener_plugin.py
[2025-12-24T16:55:00.779+0000] {processor.py:842} WARNING - No viable dags retrieved from /home/airflow/.local/lib/python3.8/site-packages/airflow/example_dags/plugins/listener_plugin.py
[2025-12-24T16:55:00.804+0000] {processor.py:183} INFO - Processing /home/airflow/.local/lib/python3.8/site-packages/airflow/example_dags/plugins/listener_plugin.py took 0.044 seconds
[2025-12-24T16:55:31.033+0000] {processor.py:161} INFO - Started process (PID=9226) to work on /home/airflow/.local/lib/python3.8/site-packages/airflow/example_dags/plugins/listener_plugin.py
[2025-12-24T16:55:31.035+0000] {processor.py:830} INFO - Processing file /home/airflow/.local/lib/python3.8/site-packages/airflow/example_dags/plugins/listener_plugin.py for tasks to queue
[2025-12-24T16:55:31.036+0000] {logging_mixin.py:188} INFO - [2025-12-24T16:55:31.036+0000] {dagbag.py:538} INFO - Filling up the DagBag from /home/airflow/.local/lib/python3.8/site-packages/airflow/example_dags/plugins/listener_plugin.py
[2025-12-24T16:55:31.040+0000] {processor.py:842} WARNING - No viable dags retrieved from /home/airflow/.local/lib/python3.8/site-packages/airflow/example_dags/plugins/listener_plugin.py
[2025-12-24T16:55:31.057+0000] {processor.py:183} INFO - Processing /home/airflow/.local/lib/python3.8/site-packages/airflow/example_dags/plugins/listener_plugin.py took 0.027 seconds
[2025-12-24T16:56:01.579+0000] {processor.py:161} INFO - Started process (PID=9283) to work on /home/airflow/.local/lib/python3.8/site-packages/airflow/example_dags/plugins/listener_plugin.py
[2025-12-24T16:56:01.580+0000] {processor.py:830} INFO - Processing file /home/airflow/.local/lib/python3.8/site-packages/airflow/example_dags/plugins/listener_plugin.py for tasks to queue
[2025-12-24T16:56:01.581+0000] {logging_mixin.py:188} INFO - [2025-12-24T16:56:01.581+0000] {dagbag.py:538} INFO - Filling up the DagBag from /home/airflow/.local/lib/python3.8/site-packages/airflow/example_dags/plugins/listener_plugin.py
[2025-12-24T16:56:01.584+0000] {processor.py:842} WARNING - No viable dags retrieved from /home/airflow/.local/lib/python3.8/site-packages/airflow/example_dags/plugins/listener_plugin.py
[2025-12-24T16:56:01.599+0000] {processor.py:183} INFO - Processing /home/airflow/.local/lib/python3.8/site-packages/airflow/example_dags/plugins/listener_plugin.py took 0.024 seconds
[2025-12-24T16:56:32.803+0000] {processor.py:161} INFO - Started process (PID=9340) to work on /home/airflow/.local/lib/python3.8/site-packages/airflow/example_dags/plugins/listener_plugin.py
[2025-12-24T16:56:32.812+0000] {processor.py:830} INFO - Processing file /home/airflow/.local/lib/python3.8/site-packages/airflow/example_dags/plugins/listener_plugin.py for tasks to queue
[2025-12-24T16:56:32.815+0000] {logging_mixin.py:188} INFO - [2025-12-24T16:56:32.814+0000] {dagbag.py:538} INFO - Filling up the DagBag from /home/airflow/.local/lib/python3.8/site-packages/airflow/example_dags/plugins/listener_plugin.py
[2025-12-24T16:56:32.822+0000] {processor.py:842} WARNING - No viable dags retrieved from /home/airflow/.local/lib/python3.8/site-packages/airflow/example_dags/plugins/listener_plugin.py
[2025-12-24T16:56:32.849+0000] {processor.py:183} INFO - Processing /home/airflow/.local/lib/python3.8/site-packages/airflow/example_dags/plugins/listener_plugin.py took 0.054 seconds
[2025-12-24T16:57:03.691+0000] {processor.py:161} INFO - Started process (PID=9405) to work on /home/airflow/.local/lib/python3.8/site-packages/airflow/example_dags/plugins/listener_plugin.py
[2025-12-24T16:57:03.692+0000] {processor.py:830} INFO - Processing file /home/airflow/.local/lib/python3.8/site-packages/airflow/example_dags/plugins/listener_plugin.py for tasks to queue
[2025-12-24T16:57:03.694+0000] {logging_mixin.py:188} INFO - [2025-12-24T16:57:03.693+0000] {dagbag.py:538} INFO - Filling up the DagBag from /home/airflow/.local/lib/python3.8/site-packages/airflow/example_dags/plugins/listener_plugin.py
[2025-12-24T16:57:03.698+0000] {processor.py:842} WARNING - No viable dags retrieved from /home/airflow/.local/lib/python3.8/site-packages/airflow/example_dags/plugins/listener_plugin.py
[2025-12-24T16:57:03.717+0000] {processor.py:183} INFO - Processing /home/airflow/.local/lib/python3.8/site-packages/airflow/example_dags/plugins/listener_plugin.py took 0.030 seconds
[2025-12-24T16:57:33.911+0000] {processor.py:161} INFO - Started process (PID=9462) to work on /home/airflow/.local/lib/python3.8/site-packages/airflow/example_dags/plugins/listener_plugin.py
[2025-12-24T16:57:33.913+0000] {processor.py:830} INFO - Processing file /home/airflow/.local/lib/python3.8/site-packages/airflow/example_dags/plugins/listener_plugin.py for tasks to queue
[2025-12-24T16:57:33.915+0000] {logging_mixin.py:188} INFO - [2025-12-24T16:57:33.915+0000] {dagbag.py:538} INFO - Filling up the DagBag from /home/airflow/.local/lib/python3.8/site-packages/airflow/example_dags/plugins/listener_plugin.py
[2025-12-24T16:57:33.920+0000] {processor.py:842} WARNING - No viable dags retrieved from /home/airflow/.local/lib/python3.8/site-packages/airflow/example_dags/plugins/listener_plugin.py
[2025-12-24T16:57:33.959+0000] {processor.py:183} INFO - Processing /home/airflow/.local/lib/python3.8/site-packages/airflow/example_dags/plugins/listener_plugin.py took 0.056 seconds
[2025-12-24T16:58:04.133+0000] {processor.py:161} INFO - Started process (PID=9519) to work on /home/airflow/.local/lib/python3.8/site-packages/airflow/example_dags/plugins/listener_plugin.py
[2025-12-24T16:58:04.134+0000] {processor.py:830} INFO - Processing file /home/airflow/.local/lib/python3.8/site-packages/airflow/example_dags/plugins/listener_plugin.py for tasks to queue
[2025-12-24T16:58:04.136+0000] {logging_mixin.py:188} INFO - [2025-12-24T16:58:04.135+0000] {dagbag.py:538} INFO - Filling up the DagBag from /home/airflow/.local/lib/python3.8/site-packages/airflow/example_dags/plugins/listener_plugin.py
[2025-12-24T16:58:04.140+0000] {processor.py:842} WARNING - No viable dags retrieved from /home/airflow/.local/lib/python3.8/site-packages/airflow/example_dags/plugins/listener_plugin.py
[2025-12-24T16:58:04.155+0000] {processor.py:183} INFO - Processing /home/airflow/.local/lib/python3.8/site-packages/airflow/example_dags/plugins/listener_plugin.py took 0.026 seconds
[2025-12-24T16:58:35.162+0000] {processor.py:161} INFO - Started process (PID=9576) to work on /home/airflow/.local/lib/python3.8/site-packages/airflow/example_dags/plugins/listener_plugin.py
[2025-12-24T16:58:35.163+0000] {processor.py:830} INFO - Processing file /home/airflow/.local/lib/python3.8/site-packages/airflow/example_dags/plugins/listener_plugin.py for tasks to queue
[2025-12-24T16:58:35.164+0000] {logging_mixin.py:188} INFO - [2025-12-24T16:58:35.164+0000] {dagbag.py:538} INFO - Filling up the DagBag from /home/airflow/.local/lib/python3.8/site-packages/airflow/example_dags/plugins/listener_plugin.py
[2025-12-24T16:58:35.168+0000] {processor.py:842} WARNING - No viable dags retrieved from /home/airflow/.local/lib/python3.8/site-packages/airflow/example_dags/plugins/listener_plugin.py
[2025-12-24T16:58:35.185+0000] {processor.py:183} INFO - Processing /home/airflow/.local/lib/python3.8/site-packages/airflow/example_dags/plugins/listener_plugin.py took 0.029 seconds
[2025-12-24T16:59:05.629+0000] {processor.py:161} INFO - Started process (PID=9633) to work on /home/airflow/.local/lib/python3.8/site-packages/airflow/example_dags/plugins/listener_plugin.py
[2025-12-24T16:59:05.631+0000] {processor.py:830} INFO - Processing file /home/airflow/.local/lib/python3.8/site-packages/airflow/example_dags/plugins/listener_plugin.py for tasks to queue
[2025-12-24T16:59:05.632+0000] {logging_mixin.py:188} INFO - [2025-12-24T16:59:05.632+0000] {dagbag.py:538} INFO - Filling up the DagBag from /home/airflow/.local/lib/python3.8/site-packages/airflow/example_dags/plugins/listener_plugin.py
[2025-12-24T16:59:05.635+0000] {processor.py:842} WARNING - No viable dags retrieved from /home/airflow/.local/lib/python3.8/site-packages/airflow/example_dags/plugins/listener_plugin.py
[2025-12-24T16:59:05.652+0000] {processor.py:183} INFO - Processing /home/airflow/.local/lib/python3.8/site-packages/airflow/example_dags/plugins/listener_plugin.py took 0.026 seconds
[2025-12-24T16:59:36.357+0000] {processor.py:161} INFO - Started process (PID=9690) to work on /home/airflow/.local/lib/python3.8/site-packages/airflow/example_dags/plugins/listener_plugin.py
[2025-12-24T16:59:36.358+0000] {processor.py:830} INFO - Processing file /home/airflow/.local/lib/python3.8/site-packages/airflow/example_dags/plugins/listener_plugin.py for tasks to queue
[2025-12-24T16:59:36.359+0000] {logging_mixin.py:188} INFO - [2025-12-24T16:59:36.359+0000] {dagbag.py:538} INFO - Filling up the DagBag from /home/airflow/.local/lib/python3.8/site-packages/airflow/example_dags/plugins/listener_plugin.py
[2025-12-24T16:59:36.363+0000] {processor.py:842} WARNING - No viable dags retrieved from /home/airflow/.local/lib/python3.8/site-packages/airflow/example_dags/plugins/listener_plugin.py
[2025-12-24T16:59:36.379+0000] {processor.py:183} INFO - Processing /home/airflow/.local/lib/python3.8/site-packages/airflow/example_dags/plugins/listener_plugin.py took 0.026 seconds
[2025-12-24T17:00:07.049+0000] {processor.py:161} INFO - Started process (PID=9747) to work on /home/airflow/.local/lib/python3.8/site-packages/airflow/example_dags/plugins/listener_plugin.py
[2025-12-24T17:00:07.051+0000] {processor.py:830} INFO - Processing file /home/airflow/.local/lib/python3.8/site-packages/airflow/example_dags/plugins/listener_plugin.py for tasks to queue
[2025-12-24T17:00:07.052+0000] {logging_mixin.py:188} INFO - [2025-12-24T17:00:07.051+0000] {dagbag.py:538} INFO - Filling up the DagBag from /home/airflow/.local/lib/python3.8/site-packages/airflow/example_dags/plugins/listener_plugin.py
[2025-12-24T17:00:07.058+0000] {processor.py:842} WARNING - No viable dags retrieved from /home/airflow/.local/lib/python3.8/site-packages/airflow/example_dags/plugins/listener_plugin.py
[2025-12-24T17:00:07.078+0000] {processor.py:183} INFO - Processing /home/airflow/.local/lib/python3.8/site-packages/airflow/example_dags/plugins/listener_plugin.py took 0.033 seconds
[2025-12-24T17:00:37.532+0000] {processor.py:161} INFO - Started process (PID=9804) to work on /home/airflow/.local/lib/python3.8/site-packages/airflow/example_dags/plugins/listener_plugin.py
[2025-12-24T17:00:37.533+0000] {processor.py:830} INFO - Processing file /home/airflow/.local/lib/python3.8/site-packages/airflow/example_dags/plugins/listener_plugin.py for tasks to queue
[2025-12-24T17:00:37.535+0000] {logging_mixin.py:188} INFO - [2025-12-24T17:00:37.534+0000] {dagbag.py:538} INFO - Filling up the DagBag from /home/airflow/.local/lib/python3.8/site-packages/airflow/example_dags/plugins/listener_plugin.py
[2025-12-24T17:00:37.540+0000] {processor.py:842} WARNING - No viable dags retrieved from /home/airflow/.local/lib/python3.8/site-packages/airflow/example_dags/plugins/listener_plugin.py
[2025-12-24T17:00:37.561+0000] {processor.py:183} INFO - Processing /home/airflow/.local/lib/python3.8/site-packages/airflow/example_dags/plugins/listener_plugin.py took 0.035 seconds
[2025-12-24T17:01:08.140+0000] {processor.py:161} INFO - Started process (PID=9861) to work on /home/airflow/.local/lib/python3.8/site-packages/airflow/example_dags/plugins/listener_plugin.py
[2025-12-24T17:01:08.141+0000] {processor.py:830} INFO - Processing file /home/airflow/.local/lib/python3.8/site-packages/airflow/example_dags/plugins/listener_plugin.py for tasks to queue
[2025-12-24T17:01:08.142+0000] {logging_mixin.py:188} INFO - [2025-12-24T17:01:08.142+0000] {dagbag.py:538} INFO - Filling up the DagBag from /home/airflow/.local/lib/python3.8/site-packages/airflow/example_dags/plugins/listener_plugin.py
[2025-12-24T17:01:08.146+0000] {processor.py:842} WARNING - No viable dags retrieved from /home/airflow/.local/lib/python3.8/site-packages/airflow/example_dags/plugins/listener_plugin.py
[2025-12-24T17:01:08.163+0000] {processor.py:183} INFO - Processing /home/airflow/.local/lib/python3.8/site-packages/airflow/example_dags/plugins/listener_plugin.py took 0.028 seconds
[2025-12-24T17:01:38.539+0000] {processor.py:161} INFO - Started process (PID=9918) to work on /home/airflow/.local/lib/python3.8/site-packages/airflow/example_dags/plugins/listener_plugin.py
[2025-12-24T17:01:38.540+0000] {processor.py:830} INFO - Processing file /home/airflow/.local/lib/python3.8/site-packages/airflow/example_dags/plugins/listener_plugin.py for tasks to queue
[2025-12-24T17:01:38.541+0000] {logging_mixin.py:188} INFO - [2025-12-24T17:01:38.541+0000] {dagbag.py:538} INFO - Filling up the DagBag from /home/airflow/.local/lib/python3.8/site-packages/airflow/example_dags/plugins/listener_plugin.py
[2025-12-24T17:01:38.545+0000] {processor.py:842} WARNING - No viable dags retrieved from /home/airflow/.local/lib/python3.8/site-packages/airflow/example_dags/plugins/listener_plugin.py
[2025-12-24T17:01:38.562+0000] {processor.py:183} INFO - Processing /home/airflow/.local/lib/python3.8/site-packages/airflow/example_dags/plugins/listener_plugin.py took 0.028 seconds
[2025-12-24T17:02:10.027+0000] {processor.py:161} INFO - Started process (PID=9976) to work on /home/airflow/.local/lib/python3.8/site-packages/airflow/example_dags/plugins/listener_plugin.py
[2025-12-24T17:02:10.029+0000] {processor.py:830} INFO - Processing file /home/airflow/.local/lib/python3.8/site-packages/airflow/example_dags/plugins/listener_plugin.py for tasks to queue
[2025-12-24T17:02:10.031+0000] {logging_mixin.py:188} INFO - [2025-12-24T17:02:10.031+0000] {dagbag.py:538} INFO - Filling up the DagBag from /home/airflow/.local/lib/python3.8/site-packages/airflow/example_dags/plugins/listener_plugin.py
[2025-12-24T17:02:10.044+0000] {processor.py:842} WARNING - No viable dags retrieved from /home/airflow/.local/lib/python3.8/site-packages/airflow/example_dags/plugins/listener_plugin.py
[2025-12-24T17:02:10.075+0000] {processor.py:183} INFO - Processing /home/airflow/.local/lib/python3.8/site-packages/airflow/example_dags/plugins/listener_plugin.py took 0.054 seconds
[2025-12-24T17:02:40.598+0000] {processor.py:161} INFO - Started process (PID=10033) to work on /home/airflow/.local/lib/python3.8/site-packages/airflow/example_dags/plugins/listener_plugin.py
[2025-12-24T17:02:40.600+0000] {processor.py:830} INFO - Processing file /home/airflow/.local/lib/python3.8/site-packages/airflow/example_dags/plugins/listener_plugin.py for tasks to queue
[2025-12-24T17:02:40.602+0000] {logging_mixin.py:188} INFO - [2025-12-24T17:02:40.602+0000] {dagbag.py:538} INFO - Filling up the DagBag from /home/airflow/.local/lib/python3.8/site-packages/airflow/example_dags/plugins/listener_plugin.py
[2025-12-24T17:02:40.607+0000] {processor.py:842} WARNING - No viable dags retrieved from /home/airflow/.local/lib/python3.8/site-packages/airflow/example_dags/plugins/listener_plugin.py
[2025-12-24T17:02:40.630+0000] {processor.py:183} INFO - Processing /home/airflow/.local/lib/python3.8/site-packages/airflow/example_dags/plugins/listener_plugin.py took 0.036 seconds
[2025-12-24T17:03:10.877+0000] {processor.py:161} INFO - Started process (PID=10090) to work on /home/airflow/.local/lib/python3.8/site-packages/airflow/example_dags/plugins/listener_plugin.py
[2025-12-24T17:03:10.879+0000] {processor.py:830} INFO - Processing file /home/airflow/.local/lib/python3.8/site-packages/airflow/example_dags/plugins/listener_plugin.py for tasks to queue
[2025-12-24T17:03:10.880+0000] {logging_mixin.py:188} INFO - [2025-12-24T17:03:10.880+0000] {dagbag.py:538} INFO - Filling up the DagBag from /home/airflow/.local/lib/python3.8/site-packages/airflow/example_dags/plugins/listener_plugin.py
[2025-12-24T17:03:10.884+0000] {processor.py:842} WARNING - No viable dags retrieved from /home/airflow/.local/lib/python3.8/site-packages/airflow/example_dags/plugins/listener_plugin.py
[2025-12-24T17:03:10.899+0000] {processor.py:183} INFO - Processing /home/airflow/.local/lib/python3.8/site-packages/airflow/example_dags/plugins/listener_plugin.py took 0.026 seconds
[2025-12-24T17:03:40.949+0000] {processor.py:161} INFO - Started process (PID=10146) to work on /home/airflow/.local/lib/python3.8/site-packages/airflow/example_dags/plugins/listener_plugin.py
[2025-12-24T17:03:40.950+0000] {processor.py:830} INFO - Processing file /home/airflow/.local/lib/python3.8/site-packages/airflow/example_dags/plugins/listener_plugin.py for tasks to queue
[2025-12-24T17:03:40.951+0000] {logging_mixin.py:188} INFO - [2025-12-24T17:03:40.951+0000] {dagbag.py:538} INFO - Filling up the DagBag from /home/airflow/.local/lib/python3.8/site-packages/airflow/example_dags/plugins/listener_plugin.py
[2025-12-24T17:03:40.954+0000] {processor.py:842} WARNING - No viable dags retrieved from /home/airflow/.local/lib/python3.8/site-packages/airflow/example_dags/plugins/listener_plugin.py
[2025-12-24T17:03:40.969+0000] {processor.py:183} INFO - Processing /home/airflow/.local/lib/python3.8/site-packages/airflow/example_dags/plugins/listener_plugin.py took 0.023 seconds
[2025-12-24T17:04:11.098+0000] {processor.py:161} INFO - Started process (PID=10203) to work on /home/airflow/.local/lib/python3.8/site-packages/airflow/example_dags/plugins/listener_plugin.py
[2025-12-24T17:04:11.101+0000] {processor.py:830} INFO - Processing file /home/airflow/.local/lib/python3.8/site-packages/airflow/example_dags/plugins/listener_plugin.py for tasks to queue
[2025-12-24T17:04:11.104+0000] {logging_mixin.py:188} INFO - [2025-12-24T17:04:11.103+0000] {dagbag.py:538} INFO - Filling up the DagBag from /home/airflow/.local/lib/python3.8/site-packages/airflow/example_dags/plugins/listener_plugin.py
[2025-12-24T17:04:11.112+0000] {processor.py:842} WARNING - No viable dags retrieved from /home/airflow/.local/lib/python3.8/site-packages/airflow/example_dags/plugins/listener_plugin.py
[2025-12-24T17:04:11.153+0000] {processor.py:183} INFO - Processing /home/airflow/.local/lib/python3.8/site-packages/airflow/example_dags/plugins/listener_plugin.py took 0.062 seconds
[2025-12-24T17:04:41.371+0000] {processor.py:161} INFO - Started process (PID=10260) to work on /home/airflow/.local/lib/python3.8/site-packages/airflow/example_dags/plugins/listener_plugin.py
[2025-12-24T17:04:41.373+0000] {processor.py:830} INFO - Processing file /home/airflow/.local/lib/python3.8/site-packages/airflow/example_dags/plugins/listener_plugin.py for tasks to queue
[2025-12-24T17:04:41.374+0000] {logging_mixin.py:188} INFO - [2025-12-24T17:04:41.374+0000] {dagbag.py:538} INFO - Filling up the DagBag from /home/airflow/.local/lib/python3.8/site-packages/airflow/example_dags/plugins/listener_plugin.py
[2025-12-24T17:04:41.377+0000] {processor.py:842} WARNING - No viable dags retrieved from /home/airflow/.local/lib/python3.8/site-packages/airflow/example_dags/plugins/listener_plugin.py
[2025-12-24T17:04:41.393+0000] {processor.py:183} INFO - Processing /home/airflow/.local/lib/python3.8/site-packages/airflow/example_dags/plugins/listener_plugin.py took 0.025 seconds
[2025-12-24T17:05:11.770+0000] {processor.py:161} INFO - Started process (PID=10317) to work on /home/airflow/.local/lib/python3.8/site-packages/airflow/example_dags/plugins/listener_plugin.py
[2025-12-24T17:05:11.771+0000] {processor.py:830} INFO - Processing file /home/airflow/.local/lib/python3.8/site-packages/airflow/example_dags/plugins/listener_plugin.py for tasks to queue
[2025-12-24T17:05:11.773+0000] {logging_mixin.py:188} INFO - [2025-12-24T17:05:11.772+0000] {dagbag.py:538} INFO - Filling up the DagBag from /home/airflow/.local/lib/python3.8/site-packages/airflow/example_dags/plugins/listener_plugin.py
[2025-12-24T17:05:11.777+0000] {processor.py:842} WARNING - No viable dags retrieved from /home/airflow/.local/lib/python3.8/site-packages/airflow/example_dags/plugins/listener_plugin.py
[2025-12-24T17:05:11.798+0000] {processor.py:183} INFO - Processing /home/airflow/.local/lib/python3.8/site-packages/airflow/example_dags/plugins/listener_plugin.py took 0.032 seconds
[2025-12-24T17:05:42.514+0000] {processor.py:161} INFO - Started process (PID=10374) to work on /home/airflow/.local/lib/python3.8/site-packages/airflow/example_dags/plugins/listener_plugin.py
[2025-12-24T17:05:42.516+0000] {processor.py:830} INFO - Processing file /home/airflow/.local/lib/python3.8/site-packages/airflow/example_dags/plugins/listener_plugin.py for tasks to queue
[2025-12-24T17:05:42.518+0000] {logging_mixin.py:188} INFO - [2025-12-24T17:05:42.517+0000] {dagbag.py:538} INFO - Filling up the DagBag from /home/airflow/.local/lib/python3.8/site-packages/airflow/example_dags/plugins/listener_plugin.py
[2025-12-24T17:05:42.522+0000] {processor.py:842} WARNING - No viable dags retrieved from /home/airflow/.local/lib/python3.8/site-packages/airflow/example_dags/plugins/listener_plugin.py
[2025-12-24T17:05:42.543+0000] {processor.py:183} INFO - Processing /home/airflow/.local/lib/python3.8/site-packages/airflow/example_dags/plugins/listener_plugin.py took 0.034 seconds
[2025-12-24T17:06:12.595+0000] {processor.py:161} INFO - Started process (PID=10431) to work on /home/airflow/.local/lib/python3.8/site-packages/airflow/example_dags/plugins/listener_plugin.py
[2025-12-24T17:06:12.596+0000] {processor.py:830} INFO - Processing file /home/airflow/.local/lib/python3.8/site-packages/airflow/example_dags/plugins/listener_plugin.py for tasks to queue
[2025-12-24T17:06:12.597+0000] {logging_mixin.py:188} INFO - [2025-12-24T17:06:12.597+0000] {dagbag.py:538} INFO - Filling up the DagBag from /home/airflow/.local/lib/python3.8/site-packages/airflow/example_dags/plugins/listener_plugin.py
[2025-12-24T17:06:12.601+0000] {processor.py:842} WARNING - No viable dags retrieved from /home/airflow/.local/lib/python3.8/site-packages/airflow/example_dags/plugins/listener_plugin.py
[2025-12-24T17:06:12.617+0000] {processor.py:183} INFO - Processing /home/airflow/.local/lib/python3.8/site-packages/airflow/example_dags/plugins/listener_plugin.py took 0.026 seconds
[2025-12-24T17:06:43.429+0000] {processor.py:161} INFO - Started process (PID=10488) to work on /home/airflow/.local/lib/python3.8/site-packages/airflow/example_dags/plugins/listener_plugin.py
[2025-12-24T17:06:43.430+0000] {processor.py:830} INFO - Processing file /home/airflow/.local/lib/python3.8/site-packages/airflow/example_dags/plugins/listener_plugin.py for tasks to queue
[2025-12-24T17:06:43.431+0000] {logging_mixin.py:188} INFO - [2025-12-24T17:06:43.431+0000] {dagbag.py:538} INFO - Filling up the DagBag from /home/airflow/.local/lib/python3.8/site-packages/airflow/example_dags/plugins/listener_plugin.py
[2025-12-24T17:06:43.436+0000] {processor.py:842} WARNING - No viable dags retrieved from /home/airflow/.local/lib/python3.8/site-packages/airflow/example_dags/plugins/listener_plugin.py
[2025-12-24T17:06:43.452+0000] {processor.py:183} INFO - Processing /home/airflow/.local/lib/python3.8/site-packages/airflow/example_dags/plugins/listener_plugin.py took 0.027 seconds
[2025-12-24T17:07:13.686+0000] {processor.py:161} INFO - Started process (PID=10545) to work on /home/airflow/.local/lib/python3.8/site-packages/airflow/example_dags/plugins/listener_plugin.py
[2025-12-24T17:07:13.687+0000] {processor.py:830} INFO - Processing file /home/airflow/.local/lib/python3.8/site-packages/airflow/example_dags/plugins/listener_plugin.py for tasks to queue
[2025-12-24T17:07:13.689+0000] {logging_mixin.py:188} INFO - [2025-12-24T17:07:13.688+0000] {dagbag.py:538} INFO - Filling up the DagBag from /home/airflow/.local/lib/python3.8/site-packages/airflow/example_dags/plugins/listener_plugin.py
[2025-12-24T17:07:13.693+0000] {processor.py:842} WARNING - No viable dags retrieved from /home/airflow/.local/lib/python3.8/site-packages/airflow/example_dags/plugins/listener_plugin.py
[2025-12-24T17:07:13.711+0000] {processor.py:183} INFO - Processing /home/airflow/.local/lib/python3.8/site-packages/airflow/example_dags/plugins/listener_plugin.py took 0.029 seconds
[2025-12-24T17:07:44.285+0000] {processor.py:161} INFO - Started process (PID=10602) to work on /home/airflow/.local/lib/python3.8/site-packages/airflow/example_dags/plugins/listener_plugin.py
[2025-12-24T17:07:44.287+0000] {processor.py:830} INFO - Processing file /home/airflow/.local/lib/python3.8/site-packages/airflow/example_dags/plugins/listener_plugin.py for tasks to queue
[2025-12-24T17:07:44.288+0000] {logging_mixin.py:188} INFO - [2025-12-24T17:07:44.287+0000] {dagbag.py:538} INFO - Filling up the DagBag from /home/airflow/.local/lib/python3.8/site-packages/airflow/example_dags/plugins/listener_plugin.py
[2025-12-24T17:07:44.292+0000] {processor.py:842} WARNING - No viable dags retrieved from /home/airflow/.local/lib/python3.8/site-packages/airflow/example_dags/plugins/listener_plugin.py
[2025-12-24T17:07:44.309+0000] {processor.py:183} INFO - Processing /home/airflow/.local/lib/python3.8/site-packages/airflow/example_dags/plugins/listener_plugin.py took 0.028 seconds
[2025-12-24T17:08:15.123+0000] {processor.py:161} INFO - Started process (PID=10659) to work on /home/airflow/.local/lib/python3.8/site-packages/airflow/example_dags/plugins/listener_plugin.py
[2025-12-24T17:08:15.124+0000] {processor.py:830} INFO - Processing file /home/airflow/.local/lib/python3.8/site-packages/airflow/example_dags/plugins/listener_plugin.py for tasks to queue
[2025-12-24T17:08:15.125+0000] {logging_mixin.py:188} INFO - [2025-12-24T17:08:15.125+0000] {dagbag.py:538} INFO - Filling up the DagBag from /home/airflow/.local/lib/python3.8/site-packages/airflow/example_dags/plugins/listener_plugin.py
[2025-12-24T17:08:15.129+0000] {processor.py:842} WARNING - No viable dags retrieved from /home/airflow/.local/lib/python3.8/site-packages/airflow/example_dags/plugins/listener_plugin.py
[2025-12-24T17:08:15.144+0000] {processor.py:183} INFO - Processing /home/airflow/.local/lib/python3.8/site-packages/airflow/example_dags/plugins/listener_plugin.py took 0.026 seconds
[2025-12-24T17:08:45.636+0000] {processor.py:161} INFO - Started process (PID=10716) to work on /home/airflow/.local/lib/python3.8/site-packages/airflow/example_dags/plugins/listener_plugin.py
[2025-12-24T17:08:45.637+0000] {processor.py:830} INFO - Processing file /home/airflow/.local/lib/python3.8/site-packages/airflow/example_dags/plugins/listener_plugin.py for tasks to queue
[2025-12-24T17:08:45.639+0000] {logging_mixin.py:188} INFO - [2025-12-24T17:08:45.638+0000] {dagbag.py:538} INFO - Filling up the DagBag from /home/airflow/.local/lib/python3.8/site-packages/airflow/example_dags/plugins/listener_plugin.py
[2025-12-24T17:08:45.642+0000] {processor.py:842} WARNING - No viable dags retrieved from /home/airflow/.local/lib/python3.8/site-packages/airflow/example_dags/plugins/listener_plugin.py
[2025-12-24T17:08:45.657+0000] {processor.py:183} INFO - Processing /home/airflow/.local/lib/python3.8/site-packages/airflow/example_dags/plugins/listener_plugin.py took 0.026 seconds
[2025-12-24T17:09:16.172+0000] {processor.py:161} INFO - Started process (PID=10773) to work on /home/airflow/.local/lib/python3.8/site-packages/airflow/example_dags/plugins/listener_plugin.py
[2025-12-24T17:09:16.173+0000] {processor.py:830} INFO - Processing file /home/airflow/.local/lib/python3.8/site-packages/airflow/example_dags/plugins/listener_plugin.py for tasks to queue
[2025-12-24T17:09:16.175+0000] {logging_mixin.py:188} INFO - [2025-12-24T17:09:16.174+0000] {dagbag.py:538} INFO - Filling up the DagBag from /home/airflow/.local/lib/python3.8/site-packages/airflow/example_dags/plugins/listener_plugin.py
[2025-12-24T17:09:16.178+0000] {processor.py:842} WARNING - No viable dags retrieved from /home/airflow/.local/lib/python3.8/site-packages/airflow/example_dags/plugins/listener_plugin.py
[2025-12-24T17:09:16.195+0000] {processor.py:183} INFO - Processing /home/airflow/.local/lib/python3.8/site-packages/airflow/example_dags/plugins/listener_plugin.py took 0.027 seconds
[2025-12-24T17:09:46.555+0000] {processor.py:161} INFO - Started process (PID=10830) to work on /home/airflow/.local/lib/python3.8/site-packages/airflow/example_dags/plugins/listener_plugin.py
[2025-12-24T17:09:46.557+0000] {processor.py:830} INFO - Processing file /home/airflow/.local/lib/python3.8/site-packages/airflow/example_dags/plugins/listener_plugin.py for tasks to queue
[2025-12-24T17:09:46.559+0000] {logging_mixin.py:188} INFO - [2025-12-24T17:09:46.558+0000] {dagbag.py:538} INFO - Filling up the DagBag from /home/airflow/.local/lib/python3.8/site-packages/airflow/example_dags/plugins/listener_plugin.py
[2025-12-24T17:09:46.565+0000] {processor.py:842} WARNING - No viable dags retrieved from /home/airflow/.local/lib/python3.8/site-packages/airflow/example_dags/plugins/listener_plugin.py
[2025-12-24T17:09:46.587+0000] {processor.py:183} INFO - Processing /home/airflow/.local/lib/python3.8/site-packages/airflow/example_dags/plugins/listener_plugin.py took 0.037 seconds
[2025-12-24T17:10:17.073+0000] {processor.py:161} INFO - Started process (PID=10887) to work on /home/airflow/.local/lib/python3.8/site-packages/airflow/example_dags/plugins/listener_plugin.py
[2025-12-24T17:10:17.075+0000] {processor.py:830} INFO - Processing file /home/airflow/.local/lib/python3.8/site-packages/airflow/example_dags/plugins/listener_plugin.py for tasks to queue
[2025-12-24T17:10:17.076+0000] {logging_mixin.py:188} INFO - [2025-12-24T17:10:17.076+0000] {dagbag.py:538} INFO - Filling up the DagBag from /home/airflow/.local/lib/python3.8/site-packages/airflow/example_dags/plugins/listener_plugin.py
[2025-12-24T17:10:17.080+0000] {processor.py:842} WARNING - No viable dags retrieved from /home/airflow/.local/lib/python3.8/site-packages/airflow/example_dags/plugins/listener_plugin.py
[2025-12-24T17:10:17.097+0000] {processor.py:183} INFO - Processing /home/airflow/.local/lib/python3.8/site-packages/airflow/example_dags/plugins/listener_plugin.py took 0.028 seconds
[2025-12-24T17:10:47.687+0000] {processor.py:161} INFO - Started process (PID=10944) to work on /home/airflow/.local/lib/python3.8/site-packages/airflow/example_dags/plugins/listener_plugin.py
[2025-12-24T17:10:47.688+0000] {processor.py:830} INFO - Processing file /home/airflow/.local/lib/python3.8/site-packages/airflow/example_dags/plugins/listener_plugin.py for tasks to queue
[2025-12-24T17:10:47.689+0000] {logging_mixin.py:188} INFO - [2025-12-24T17:10:47.689+0000] {dagbag.py:538} INFO - Filling up the DagBag from /home/airflow/.local/lib/python3.8/site-packages/airflow/example_dags/plugins/listener_plugin.py
[2025-12-24T17:10:47.693+0000] {processor.py:842} WARNING - No viable dags retrieved from /home/airflow/.local/lib/python3.8/site-packages/airflow/example_dags/plugins/listener_plugin.py
[2025-12-24T17:10:47.707+0000] {processor.py:183} INFO - Processing /home/airflow/.local/lib/python3.8/site-packages/airflow/example_dags/plugins/listener_plugin.py took 0.025 seconds
[2025-12-24T17:11:17.967+0000] {processor.py:161} INFO - Started process (PID=11001) to work on /home/airflow/.local/lib/python3.8/site-packages/airflow/example_dags/plugins/listener_plugin.py
[2025-12-24T17:11:17.969+0000] {processor.py:830} INFO - Processing file /home/airflow/.local/lib/python3.8/site-packages/airflow/example_dags/plugins/listener_plugin.py for tasks to queue
[2025-12-24T17:11:17.970+0000] {logging_mixin.py:188} INFO - [2025-12-24T17:11:17.969+0000] {dagbag.py:538} INFO - Filling up the DagBag from /home/airflow/.local/lib/python3.8/site-packages/airflow/example_dags/plugins/listener_plugin.py
[2025-12-24T17:11:17.973+0000] {processor.py:842} WARNING - No viable dags retrieved from /home/airflow/.local/lib/python3.8/site-packages/airflow/example_dags/plugins/listener_plugin.py
[2025-12-24T17:11:17.990+0000] {processor.py:183} INFO - Processing /home/airflow/.local/lib/python3.8/site-packages/airflow/example_dags/plugins/listener_plugin.py took 0.026 seconds
[2025-12-24T17:11:48.176+0000] {processor.py:161} INFO - Started process (PID=11058) to work on /home/airflow/.local/lib/python3.8/site-packages/airflow/example_dags/plugins/listener_plugin.py
[2025-12-24T17:11:48.177+0000] {processor.py:830} INFO - Processing file /home/airflow/.local/lib/python3.8/site-packages/airflow/example_dags/plugins/listener_plugin.py for tasks to queue
[2025-12-24T17:11:48.179+0000] {logging_mixin.py:188} INFO - [2025-12-24T17:11:48.178+0000] {dagbag.py:538} INFO - Filling up the DagBag from /home/airflow/.local/lib/python3.8/site-packages/airflow/example_dags/plugins/listener_plugin.py
[2025-12-24T17:11:48.183+0000] {processor.py:842} WARNING - No viable dags retrieved from /home/airflow/.local/lib/python3.8/site-packages/airflow/example_dags/plugins/listener_plugin.py
[2025-12-24T17:11:48.203+0000] {processor.py:183} INFO - Processing /home/airflow/.local/lib/python3.8/site-packages/airflow/example_dags/plugins/listener_plugin.py took 0.031 seconds
[2025-12-24T17:12:18.792+0000] {processor.py:161} INFO - Started process (PID=11115) to work on /home/airflow/.local/lib/python3.8/site-packages/airflow/example_dags/plugins/listener_plugin.py
[2025-12-24T17:12:18.794+0000] {processor.py:830} INFO - Processing file /home/airflow/.local/lib/python3.8/site-packages/airflow/example_dags/plugins/listener_plugin.py for tasks to queue
[2025-12-24T17:12:18.795+0000] {logging_mixin.py:188} INFO - [2025-12-24T17:12:18.795+0000] {dagbag.py:538} INFO - Filling up the DagBag from /home/airflow/.local/lib/python3.8/site-packages/airflow/example_dags/plugins/listener_plugin.py
[2025-12-24T17:12:18.799+0000] {processor.py:842} WARNING - No viable dags retrieved from /home/airflow/.local/lib/python3.8/site-packages/airflow/example_dags/plugins/listener_plugin.py
[2025-12-24T17:12:18.817+0000] {processor.py:183} INFO - Processing /home/airflow/.local/lib/python3.8/site-packages/airflow/example_dags/plugins/listener_plugin.py took 0.030 seconds
[2025-12-24T17:12:49.068+0000] {processor.py:161} INFO - Started process (PID=11173) to work on /home/airflow/.local/lib/python3.8/site-packages/airflow/example_dags/plugins/listener_plugin.py
[2025-12-24T17:12:49.070+0000] {processor.py:830} INFO - Processing file /home/airflow/.local/lib/python3.8/site-packages/airflow/example_dags/plugins/listener_plugin.py for tasks to queue
[2025-12-24T17:12:49.071+0000] {logging_mixin.py:188} INFO - [2025-12-24T17:12:49.071+0000] {dagbag.py:538} INFO - Filling up the DagBag from /home/airflow/.local/lib/python3.8/site-packages/airflow/example_dags/plugins/listener_plugin.py
[2025-12-24T17:12:49.075+0000] {processor.py:842} WARNING - No viable dags retrieved from /home/airflow/.local/lib/python3.8/site-packages/airflow/example_dags/plugins/listener_plugin.py
[2025-12-24T17:12:49.092+0000] {processor.py:183} INFO - Processing /home/airflow/.local/lib/python3.8/site-packages/airflow/example_dags/plugins/listener_plugin.py took 0.028 seconds
[2025-12-24T17:13:19.374+0000] {processor.py:161} INFO - Started process (PID=11230) to work on /home/airflow/.local/lib/python3.8/site-packages/airflow/example_dags/plugins/listener_plugin.py
[2025-12-24T17:13:19.376+0000] {processor.py:830} INFO - Processing file /home/airflow/.local/lib/python3.8/site-packages/airflow/example_dags/plugins/listener_plugin.py for tasks to queue
[2025-12-24T17:13:19.377+0000] {logging_mixin.py:188} INFO - [2025-12-24T17:13:19.376+0000] {dagbag.py:538} INFO - Filling up the DagBag from /home/airflow/.local/lib/python3.8/site-packages/airflow/example_dags/plugins/listener_plugin.py
[2025-12-24T17:13:19.380+0000] {processor.py:842} WARNING - No viable dags retrieved from /home/airflow/.local/lib/python3.8/site-packages/airflow/example_dags/plugins/listener_plugin.py
[2025-12-24T17:13:19.395+0000] {processor.py:183} INFO - Processing /home/airflow/.local/lib/python3.8/site-packages/airflow/example_dags/plugins/listener_plugin.py took 0.024 seconds
[2025-12-24T17:13:50.298+0000] {processor.py:161} INFO - Started process (PID=11287) to work on /home/airflow/.local/lib/python3.8/site-packages/airflow/example_dags/plugins/listener_plugin.py
[2025-12-24T17:13:50.299+0000] {processor.py:830} INFO - Processing file /home/airflow/.local/lib/python3.8/site-packages/airflow/example_dags/plugins/listener_plugin.py for tasks to queue
[2025-12-24T17:13:50.302+0000] {logging_mixin.py:188} INFO - [2025-12-24T17:13:50.302+0000] {dagbag.py:538} INFO - Filling up the DagBag from /home/airflow/.local/lib/python3.8/site-packages/airflow/example_dags/plugins/listener_plugin.py
[2025-12-24T17:13:50.307+0000] {processor.py:842} WARNING - No viable dags retrieved from /home/airflow/.local/lib/python3.8/site-packages/airflow/example_dags/plugins/listener_plugin.py
[2025-12-24T17:13:50.326+0000] {processor.py:183} INFO - Processing /home/airflow/.local/lib/python3.8/site-packages/airflow/example_dags/plugins/listener_plugin.py took 0.032 seconds
[2025-12-24T17:14:20.441+0000] {processor.py:161} INFO - Started process (PID=11344) to work on /home/airflow/.local/lib/python3.8/site-packages/airflow/example_dags/plugins/listener_plugin.py
[2025-12-24T17:14:20.442+0000] {processor.py:830} INFO - Processing file /home/airflow/.local/lib/python3.8/site-packages/airflow/example_dags/plugins/listener_plugin.py for tasks to queue
[2025-12-24T17:14:20.443+0000] {logging_mixin.py:188} INFO - [2025-12-24T17:14:20.443+0000] {dagbag.py:538} INFO - Filling up the DagBag from /home/airflow/.local/lib/python3.8/site-packages/airflow/example_dags/plugins/listener_plugin.py
[2025-12-24T17:14:20.446+0000] {processor.py:842} WARNING - No viable dags retrieved from /home/airflow/.local/lib/python3.8/site-packages/airflow/example_dags/plugins/listener_plugin.py
[2025-12-24T17:14:20.463+0000] {processor.py:183} INFO - Processing /home/airflow/.local/lib/python3.8/site-packages/airflow/example_dags/plugins/listener_plugin.py took 0.026 seconds
[2025-12-24T17:14:50.586+0000] {processor.py:161} INFO - Started process (PID=11401) to work on /home/airflow/.local/lib/python3.8/site-packages/airflow/example_dags/plugins/listener_plugin.py
[2025-12-24T17:14:50.587+0000] {processor.py:830} INFO - Processing file /home/airflow/.local/lib/python3.8/site-packages/airflow/example_dags/plugins/listener_plugin.py for tasks to queue
[2025-12-24T17:14:50.589+0000] {logging_mixin.py:188} INFO - [2025-12-24T17:14:50.588+0000] {dagbag.py:538} INFO - Filling up the DagBag from /home/airflow/.local/lib/python3.8/site-packages/airflow/example_dags/plugins/listener_plugin.py
[2025-12-24T17:14:50.593+0000] {processor.py:842} WARNING - No viable dags retrieved from /home/airflow/.local/lib/python3.8/site-packages/airflow/example_dags/plugins/listener_plugin.py
[2025-12-24T17:14:50.608+0000] {processor.py:183} INFO - Processing /home/airflow/.local/lib/python3.8/site-packages/airflow/example_dags/plugins/listener_plugin.py took 0.027 seconds
[2025-12-24T17:15:21.480+0000] {processor.py:161} INFO - Started process (PID=11458) to work on /home/airflow/.local/lib/python3.8/site-packages/airflow/example_dags/plugins/listener_plugin.py
[2025-12-24T17:15:21.484+0000] {processor.py:830} INFO - Processing file /home/airflow/.local/lib/python3.8/site-packages/airflow/example_dags/plugins/listener_plugin.py for tasks to queue
[2025-12-24T17:15:21.487+0000] {logging_mixin.py:188} INFO - [2025-12-24T17:15:21.486+0000] {dagbag.py:538} INFO - Filling up the DagBag from /home/airflow/.local/lib/python3.8/site-packages/airflow/example_dags/plugins/listener_plugin.py
[2025-12-24T17:15:21.492+0000] {processor.py:842} WARNING - No viable dags retrieved from /home/airflow/.local/lib/python3.8/site-packages/airflow/example_dags/plugins/listener_plugin.py
[2025-12-24T17:15:21.550+0000] {processor.py:183} INFO - Processing /home/airflow/.local/lib/python3.8/site-packages/airflow/example_dags/plugins/listener_plugin.py took 0.076 seconds
[2025-12-24T17:15:52.501+0000] {processor.py:161} INFO - Started process (PID=11515) to work on /home/airflow/.local/lib/python3.8/site-packages/airflow/example_dags/plugins/listener_plugin.py
[2025-12-24T17:15:52.503+0000] {processor.py:830} INFO - Processing file /home/airflow/.local/lib/python3.8/site-packages/airflow/example_dags/plugins/listener_plugin.py for tasks to queue
[2025-12-24T17:15:52.504+0000] {logging_mixin.py:188} INFO - [2025-12-24T17:15:52.504+0000] {dagbag.py:538} INFO - Filling up the DagBag from /home/airflow/.local/lib/python3.8/site-packages/airflow/example_dags/plugins/listener_plugin.py
[2025-12-24T17:15:52.508+0000] {processor.py:842} WARNING - No viable dags retrieved from /home/airflow/.local/lib/python3.8/site-packages/airflow/example_dags/plugins/listener_plugin.py
[2025-12-24T17:15:52.533+0000] {processor.py:183} INFO - Processing /home/airflow/.local/lib/python3.8/site-packages/airflow/example_dags/plugins/listener_plugin.py took 0.036 seconds
[2025-12-24T17:16:22.944+0000] {processor.py:161} INFO - Started process (PID=11572) to work on /home/airflow/.local/lib/python3.8/site-packages/airflow/example_dags/plugins/listener_plugin.py
[2025-12-24T17:16:22.946+0000] {processor.py:830} INFO - Processing file /home/airflow/.local/lib/python3.8/site-packages/airflow/example_dags/plugins/listener_plugin.py for tasks to queue
[2025-12-24T17:16:22.948+0000] {logging_mixin.py:188} INFO - [2025-12-24T17:16:22.947+0000] {dagbag.py:538} INFO - Filling up the DagBag from /home/airflow/.local/lib/python3.8/site-packages/airflow/example_dags/plugins/listener_plugin.py
[2025-12-24T17:16:22.955+0000] {processor.py:842} WARNING - No viable dags retrieved from /home/airflow/.local/lib/python3.8/site-packages/airflow/example_dags/plugins/listener_plugin.py
[2025-12-24T17:16:22.977+0000] {processor.py:183} INFO - Processing /home/airflow/.local/lib/python3.8/site-packages/airflow/example_dags/plugins/listener_plugin.py took 0.038 seconds
[2025-12-24T17:16:53.369+0000] {processor.py:161} INFO - Started process (PID=11630) to work on /home/airflow/.local/lib/python3.8/site-packages/airflow/example_dags/plugins/listener_plugin.py
[2025-12-24T17:16:53.370+0000] {processor.py:830} INFO - Processing file /home/airflow/.local/lib/python3.8/site-packages/airflow/example_dags/plugins/listener_plugin.py for tasks to queue
[2025-12-24T17:16:53.371+0000] {logging_mixin.py:188} INFO - [2025-12-24T17:16:53.371+0000] {dagbag.py:538} INFO - Filling up the DagBag from /home/airflow/.local/lib/python3.8/site-packages/airflow/example_dags/plugins/listener_plugin.py
[2025-12-24T17:16:53.374+0000] {processor.py:842} WARNING - No viable dags retrieved from /home/airflow/.local/lib/python3.8/site-packages/airflow/example_dags/plugins/listener_plugin.py
[2025-12-24T17:16:53.388+0000] {processor.py:183} INFO - Processing /home/airflow/.local/lib/python3.8/site-packages/airflow/example_dags/plugins/listener_plugin.py took 0.022 seconds
[2025-12-24T17:17:23.909+0000] {processor.py:161} INFO - Started process (PID=11687) to work on /home/airflow/.local/lib/python3.8/site-packages/airflow/example_dags/plugins/listener_plugin.py
[2025-12-24T17:17:23.911+0000] {processor.py:830} INFO - Processing file /home/airflow/.local/lib/python3.8/site-packages/airflow/example_dags/plugins/listener_plugin.py for tasks to queue
[2025-12-24T17:17:23.912+0000] {logging_mixin.py:188} INFO - [2025-12-24T17:17:23.912+0000] {dagbag.py:538} INFO - Filling up the DagBag from /home/airflow/.local/lib/python3.8/site-packages/airflow/example_dags/plugins/listener_plugin.py
[2025-12-24T17:17:23.916+0000] {processor.py:842} WARNING - No viable dags retrieved from /home/airflow/.local/lib/python3.8/site-packages/airflow/example_dags/plugins/listener_plugin.py
[2025-12-24T17:17:23.933+0000] {processor.py:183} INFO - Processing /home/airflow/.local/lib/python3.8/site-packages/airflow/example_dags/plugins/listener_plugin.py took 0.028 seconds
[2025-12-24T17:17:54.178+0000] {processor.py:161} INFO - Started process (PID=11744) to work on /home/airflow/.local/lib/python3.8/site-packages/airflow/example_dags/plugins/listener_plugin.py
[2025-12-24T17:17:54.179+0000] {processor.py:830} INFO - Processing file /home/airflow/.local/lib/python3.8/site-packages/airflow/example_dags/plugins/listener_plugin.py for tasks to queue
[2025-12-24T17:17:54.180+0000] {logging_mixin.py:188} INFO - [2025-12-24T17:17:54.180+0000] {dagbag.py:538} INFO - Filling up the DagBag from /home/airflow/.local/lib/python3.8/site-packages/airflow/example_dags/plugins/listener_plugin.py
[2025-12-24T17:17:54.183+0000] {processor.py:842} WARNING - No viable dags retrieved from /home/airflow/.local/lib/python3.8/site-packages/airflow/example_dags/plugins/listener_plugin.py
[2025-12-24T17:17:54.201+0000] {processor.py:183} INFO - Processing /home/airflow/.local/lib/python3.8/site-packages/airflow/example_dags/plugins/listener_plugin.py took 0.027 seconds
[2025-12-24T17:18:24.634+0000] {processor.py:161} INFO - Started process (PID=11801) to work on /home/airflow/.local/lib/python3.8/site-packages/airflow/example_dags/plugins/listener_plugin.py
[2025-12-24T17:18:24.635+0000] {processor.py:830} INFO - Processing file /home/airflow/.local/lib/python3.8/site-packages/airflow/example_dags/plugins/listener_plugin.py for tasks to queue
[2025-12-24T17:18:24.636+0000] {logging_mixin.py:188} INFO - [2025-12-24T17:18:24.636+0000] {dagbag.py:538} INFO - Filling up the DagBag from /home/airflow/.local/lib/python3.8/site-packages/airflow/example_dags/plugins/listener_plugin.py
[2025-12-24T17:18:24.639+0000] {processor.py:842} WARNING - No viable dags retrieved from /home/airflow/.local/lib/python3.8/site-packages/airflow/example_dags/plugins/listener_plugin.py
[2025-12-24T17:18:24.654+0000] {processor.py:183} INFO - Processing /home/airflow/.local/lib/python3.8/site-packages/airflow/example_dags/plugins/listener_plugin.py took 0.023 seconds
[2025-12-24T17:18:55.545+0000] {processor.py:161} INFO - Started process (PID=11858) to work on /home/airflow/.local/lib/python3.8/site-packages/airflow/example_dags/plugins/listener_plugin.py
[2025-12-24T17:18:55.546+0000] {processor.py:830} INFO - Processing file /home/airflow/.local/lib/python3.8/site-packages/airflow/example_dags/plugins/listener_plugin.py for tasks to queue
[2025-12-24T17:18:55.547+0000] {logging_mixin.py:188} INFO - [2025-12-24T17:18:55.547+0000] {dagbag.py:538} INFO - Filling up the DagBag from /home/airflow/.local/lib/python3.8/site-packages/airflow/example_dags/plugins/listener_plugin.py
[2025-12-24T17:18:55.551+0000] {processor.py:842} WARNING - No viable dags retrieved from /home/airflow/.local/lib/python3.8/site-packages/airflow/example_dags/plugins/listener_plugin.py
[2025-12-24T17:18:55.567+0000] {processor.py:183} INFO - Processing /home/airflow/.local/lib/python3.8/site-packages/airflow/example_dags/plugins/listener_plugin.py took 0.027 seconds
[2025-12-24T17:19:26.349+0000] {processor.py:161} INFO - Started process (PID=11915) to work on /home/airflow/.local/lib/python3.8/site-packages/airflow/example_dags/plugins/listener_plugin.py
[2025-12-24T17:19:26.350+0000] {processor.py:830} INFO - Processing file /home/airflow/.local/lib/python3.8/site-packages/airflow/example_dags/plugins/listener_plugin.py for tasks to queue
[2025-12-24T17:19:26.352+0000] {logging_mixin.py:188} INFO - [2025-12-24T17:19:26.351+0000] {dagbag.py:538} INFO - Filling up the DagBag from /home/airflow/.local/lib/python3.8/site-packages/airflow/example_dags/plugins/listener_plugin.py
[2025-12-24T17:19:26.355+0000] {processor.py:842} WARNING - No viable dags retrieved from /home/airflow/.local/lib/python3.8/site-packages/airflow/example_dags/plugins/listener_plugin.py
[2025-12-24T17:19:26.374+0000] {processor.py:183} INFO - Processing /home/airflow/.local/lib/python3.8/site-packages/airflow/example_dags/plugins/listener_plugin.py took 0.029 seconds
[2025-12-24T17:19:56.757+0000] {processor.py:161} INFO - Started process (PID=11972) to work on /home/airflow/.local/lib/python3.8/site-packages/airflow/example_dags/plugins/listener_plugin.py
[2025-12-24T17:19:56.763+0000] {processor.py:830} INFO - Processing file /home/airflow/.local/lib/python3.8/site-packages/airflow/example_dags/plugins/listener_plugin.py for tasks to queue
[2025-12-24T17:19:56.765+0000] {logging_mixin.py:188} INFO - [2025-12-24T17:19:56.765+0000] {dagbag.py:538} INFO - Filling up the DagBag from /home/airflow/.local/lib/python3.8/site-packages/airflow/example_dags/plugins/listener_plugin.py
[2025-12-24T17:19:56.779+0000] {processor.py:842} WARNING - No viable dags retrieved from /home/airflow/.local/lib/python3.8/site-packages/airflow/example_dags/plugins/listener_plugin.py
[2025-12-24T17:19:56.830+0000] {processor.py:183} INFO - Processing /home/airflow/.local/lib/python3.8/site-packages/airflow/example_dags/plugins/listener_plugin.py took 0.092 seconds
[2025-12-24T17:20:27.341+0000] {processor.py:161} INFO - Started process (PID=12029) to work on /home/airflow/.local/lib/python3.8/site-packages/airflow/example_dags/plugins/listener_plugin.py
[2025-12-24T17:20:27.343+0000] {processor.py:830} INFO - Processing file /home/airflow/.local/lib/python3.8/site-packages/airflow/example_dags/plugins/listener_plugin.py for tasks to queue
[2025-12-24T17:20:27.344+0000] {logging_mixin.py:188} INFO - [2025-12-24T17:20:27.344+0000] {dagbag.py:538} INFO - Filling up the DagBag from /home/airflow/.local/lib/python3.8/site-packages/airflow/example_dags/plugins/listener_plugin.py
[2025-12-24T17:20:27.350+0000] {processor.py:842} WARNING - No viable dags retrieved from /home/airflow/.local/lib/python3.8/site-packages/airflow/example_dags/plugins/listener_plugin.py
[2025-12-24T17:20:27.374+0000] {processor.py:183} INFO - Processing /home/airflow/.local/lib/python3.8/site-packages/airflow/example_dags/plugins/listener_plugin.py took 0.037 seconds
[2025-12-24T17:20:57.435+0000] {processor.py:161} INFO - Started process (PID=12085) to work on /home/airflow/.local/lib/python3.8/site-packages/airflow/example_dags/plugins/listener_plugin.py
[2025-12-24T17:20:57.436+0000] {processor.py:830} INFO - Processing file /home/airflow/.local/lib/python3.8/site-packages/airflow/example_dags/plugins/listener_plugin.py for tasks to queue
[2025-12-24T17:20:57.438+0000] {logging_mixin.py:188} INFO - [2025-12-24T17:20:57.437+0000] {dagbag.py:538} INFO - Filling up the DagBag from /home/airflow/.local/lib/python3.8/site-packages/airflow/example_dags/plugins/listener_plugin.py
[2025-12-24T17:20:57.442+0000] {processor.py:842} WARNING - No viable dags retrieved from /home/airflow/.local/lib/python3.8/site-packages/airflow/example_dags/plugins/listener_plugin.py
[2025-12-24T17:20:57.457+0000] {processor.py:183} INFO - Processing /home/airflow/.local/lib/python3.8/site-packages/airflow/example_dags/plugins/listener_plugin.py took 0.026 seconds
[2025-12-24T17:21:27.881+0000] {processor.py:161} INFO - Started process (PID=12143) to work on /home/airflow/.local/lib/python3.8/site-packages/airflow/example_dags/plugins/listener_plugin.py
[2025-12-24T17:21:27.882+0000] {processor.py:830} INFO - Processing file /home/airflow/.local/lib/python3.8/site-packages/airflow/example_dags/plugins/listener_plugin.py for tasks to queue
[2025-12-24T17:21:27.883+0000] {logging_mixin.py:188} INFO - [2025-12-24T17:21:27.883+0000] {dagbag.py:538} INFO - Filling up the DagBag from /home/airflow/.local/lib/python3.8/site-packages/airflow/example_dags/plugins/listener_plugin.py
[2025-12-24T17:21:27.888+0000] {processor.py:842} WARNING - No viable dags retrieved from /home/airflow/.local/lib/python3.8/site-packages/airflow/example_dags/plugins/listener_plugin.py
[2025-12-24T17:21:27.905+0000] {processor.py:183} INFO - Processing /home/airflow/.local/lib/python3.8/site-packages/airflow/example_dags/plugins/listener_plugin.py took 0.028 seconds
[2025-12-24T17:21:58.441+0000] {processor.py:161} INFO - Started process (PID=12200) to work on /home/airflow/.local/lib/python3.8/site-packages/airflow/example_dags/plugins/listener_plugin.py
[2025-12-24T17:21:58.442+0000] {processor.py:830} INFO - Processing file /home/airflow/.local/lib/python3.8/site-packages/airflow/example_dags/plugins/listener_plugin.py for tasks to queue
[2025-12-24T17:21:58.443+0000] {logging_mixin.py:188} INFO - [2025-12-24T17:21:58.443+0000] {dagbag.py:538} INFO - Filling up the DagBag from /home/airflow/.local/lib/python3.8/site-packages/airflow/example_dags/plugins/listener_plugin.py
[2025-12-24T17:21:58.447+0000] {processor.py:842} WARNING - No viable dags retrieved from /home/airflow/.local/lib/python3.8/site-packages/airflow/example_dags/plugins/listener_plugin.py
[2025-12-24T17:21:58.462+0000] {processor.py:183} INFO - Processing /home/airflow/.local/lib/python3.8/site-packages/airflow/example_dags/plugins/listener_plugin.py took 0.025 seconds
[2025-12-24T17:22:29.059+0000] {processor.py:161} INFO - Started process (PID=12257) to work on /home/airflow/.local/lib/python3.8/site-packages/airflow/example_dags/plugins/listener_plugin.py
[2025-12-24T17:22:29.065+0000] {processor.py:830} INFO - Processing file /home/airflow/.local/lib/python3.8/site-packages/airflow/example_dags/plugins/listener_plugin.py for tasks to queue
[2025-12-24T17:22:29.067+0000] {logging_mixin.py:188} INFO - [2025-12-24T17:22:29.067+0000] {dagbag.py:538} INFO - Filling up the DagBag from /home/airflow/.local/lib/python3.8/site-packages/airflow/example_dags/plugins/listener_plugin.py
[2025-12-24T17:22:29.077+0000] {processor.py:842} WARNING - No viable dags retrieved from /home/airflow/.local/lib/python3.8/site-packages/airflow/example_dags/plugins/listener_plugin.py
[2025-12-24T17:22:29.145+0000] {processor.py:183} INFO - Processing /home/airflow/.local/lib/python3.8/site-packages/airflow/example_dags/plugins/listener_plugin.py took 0.091 seconds
[2025-12-24T17:22:59.990+0000] {processor.py:161} INFO - Started process (PID=12314) to work on /home/airflow/.local/lib/python3.8/site-packages/airflow/example_dags/plugins/listener_plugin.py
[2025-12-24T17:22:59.991+0000] {processor.py:830} INFO - Processing file /home/airflow/.local/lib/python3.8/site-packages/airflow/example_dags/plugins/listener_plugin.py for tasks to queue
[2025-12-24T17:22:59.993+0000] {logging_mixin.py:188} INFO - [2025-12-24T17:22:59.992+0000] {dagbag.py:538} INFO - Filling up the DagBag from /home/airflow/.local/lib/python3.8/site-packages/airflow/example_dags/plugins/listener_plugin.py
[2025-12-24T17:22:59.997+0000] {processor.py:842} WARNING - No viable dags retrieved from /home/airflow/.local/lib/python3.8/site-packages/airflow/example_dags/plugins/listener_plugin.py
[2025-12-24T17:23:00.022+0000] {processor.py:183} INFO - Processing /home/airflow/.local/lib/python3.8/site-packages/airflow/example_dags/plugins/listener_plugin.py took 0.038 seconds
[2025-12-24T17:23:30.654+0000] {processor.py:161} INFO - Started process (PID=12371) to work on /home/airflow/.local/lib/python3.8/site-packages/airflow/example_dags/plugins/listener_plugin.py
[2025-12-24T17:23:30.656+0000] {processor.py:830} INFO - Processing file /home/airflow/.local/lib/python3.8/site-packages/airflow/example_dags/plugins/listener_plugin.py for tasks to queue
[2025-12-24T17:23:30.657+0000] {logging_mixin.py:188} INFO - [2025-12-24T17:23:30.657+0000] {dagbag.py:538} INFO - Filling up the DagBag from /home/airflow/.local/lib/python3.8/site-packages/airflow/example_dags/plugins/listener_plugin.py
[2025-12-24T17:23:30.661+0000] {processor.py:842} WARNING - No viable dags retrieved from /home/airflow/.local/lib/python3.8/site-packages/airflow/example_dags/plugins/listener_plugin.py
[2025-12-24T17:23:30.680+0000] {processor.py:183} INFO - Processing /home/airflow/.local/lib/python3.8/site-packages/airflow/example_dags/plugins/listener_plugin.py took 0.030 seconds
[2025-12-24T17:24:01.001+0000] {processor.py:161} INFO - Started process (PID=12428) to work on /home/airflow/.local/lib/python3.8/site-packages/airflow/example_dags/plugins/listener_plugin.py
[2025-12-24T17:24:01.003+0000] {processor.py:830} INFO - Processing file /home/airflow/.local/lib/python3.8/site-packages/airflow/example_dags/plugins/listener_plugin.py for tasks to queue
[2025-12-24T17:24:01.004+0000] {logging_mixin.py:188} INFO - [2025-12-24T17:24:01.004+0000] {dagbag.py:538} INFO - Filling up the DagBag from /home/airflow/.local/lib/python3.8/site-packages/airflow/example_dags/plugins/listener_plugin.py
[2025-12-24T17:24:01.008+0000] {processor.py:842} WARNING - No viable dags retrieved from /home/airflow/.local/lib/python3.8/site-packages/airflow/example_dags/plugins/listener_plugin.py
[2025-12-24T17:24:01.028+0000] {processor.py:183} INFO - Processing /home/airflow/.local/lib/python3.8/site-packages/airflow/example_dags/plugins/listener_plugin.py took 0.033 seconds
[2025-12-24T17:24:31.107+0000] {processor.py:161} INFO - Started process (PID=12484) to work on /home/airflow/.local/lib/python3.8/site-packages/airflow/example_dags/plugins/listener_plugin.py
[2025-12-24T17:24:31.108+0000] {processor.py:830} INFO - Processing file /home/airflow/.local/lib/python3.8/site-packages/airflow/example_dags/plugins/listener_plugin.py for tasks to queue
[2025-12-24T17:24:31.109+0000] {logging_mixin.py:188} INFO - [2025-12-24T17:24:31.109+0000] {dagbag.py:538} INFO - Filling up the DagBag from /home/airflow/.local/lib/python3.8/site-packages/airflow/example_dags/plugins/listener_plugin.py
[2025-12-24T17:24:31.113+0000] {processor.py:842} WARNING - No viable dags retrieved from /home/airflow/.local/lib/python3.8/site-packages/airflow/example_dags/plugins/listener_plugin.py
[2025-12-24T17:24:31.130+0000] {processor.py:183} INFO - Processing /home/airflow/.local/lib/python3.8/site-packages/airflow/example_dags/plugins/listener_plugin.py took 0.027 seconds
[2025-12-24T17:25:01.262+0000] {processor.py:161} INFO - Started process (PID=12541) to work on /home/airflow/.local/lib/python3.8/site-packages/airflow/example_dags/plugins/listener_plugin.py
[2025-12-24T17:25:01.264+0000] {processor.py:830} INFO - Processing file /home/airflow/.local/lib/python3.8/site-packages/airflow/example_dags/plugins/listener_plugin.py for tasks to queue
[2025-12-24T17:25:01.265+0000] {logging_mixin.py:188} INFO - [2025-12-24T17:25:01.265+0000] {dagbag.py:538} INFO - Filling up the DagBag from /home/airflow/.local/lib/python3.8/site-packages/airflow/example_dags/plugins/listener_plugin.py
[2025-12-24T17:25:01.268+0000] {processor.py:842} WARNING - No viable dags retrieved from /home/airflow/.local/lib/python3.8/site-packages/airflow/example_dags/plugins/listener_plugin.py
[2025-12-24T17:25:01.283+0000] {processor.py:183} INFO - Processing /home/airflow/.local/lib/python3.8/site-packages/airflow/example_dags/plugins/listener_plugin.py took 0.025 seconds
[2025-12-24T17:25:31.892+0000] {processor.py:161} INFO - Started process (PID=12599) to work on /home/airflow/.local/lib/python3.8/site-packages/airflow/example_dags/plugins/listener_plugin.py
[2025-12-24T17:25:31.893+0000] {processor.py:830} INFO - Processing file /home/airflow/.local/lib/python3.8/site-packages/airflow/example_dags/plugins/listener_plugin.py for tasks to queue
[2025-12-24T17:25:31.894+0000] {logging_mixin.py:188} INFO - [2025-12-24T17:25:31.894+0000] {dagbag.py:538} INFO - Filling up the DagBag from /home/airflow/.local/lib/python3.8/site-packages/airflow/example_dags/plugins/listener_plugin.py
[2025-12-24T17:25:31.898+0000] {processor.py:842} WARNING - No viable dags retrieved from /home/airflow/.local/lib/python3.8/site-packages/airflow/example_dags/plugins/listener_plugin.py
[2025-12-24T17:25:31.914+0000] {processor.py:183} INFO - Processing /home/airflow/.local/lib/python3.8/site-packages/airflow/example_dags/plugins/listener_plugin.py took 0.026 seconds
[2025-12-24T17:26:02.261+0000] {processor.py:161} INFO - Started process (PID=12656) to work on /home/airflow/.local/lib/python3.8/site-packages/airflow/example_dags/plugins/listener_plugin.py
[2025-12-24T17:26:02.263+0000] {processor.py:830} INFO - Processing file /home/airflow/.local/lib/python3.8/site-packages/airflow/example_dags/plugins/listener_plugin.py for tasks to queue
[2025-12-24T17:26:02.264+0000] {logging_mixin.py:188} INFO - [2025-12-24T17:26:02.264+0000] {dagbag.py:538} INFO - Filling up the DagBag from /home/airflow/.local/lib/python3.8/site-packages/airflow/example_dags/plugins/listener_plugin.py
[2025-12-24T17:26:02.267+0000] {processor.py:842} WARNING - No viable dags retrieved from /home/airflow/.local/lib/python3.8/site-packages/airflow/example_dags/plugins/listener_plugin.py
[2025-12-24T17:26:02.282+0000] {processor.py:183} INFO - Processing /home/airflow/.local/lib/python3.8/site-packages/airflow/example_dags/plugins/listener_plugin.py took 0.025 seconds
[2025-12-24T17:26:32.756+0000] {processor.py:161} INFO - Started process (PID=12713) to work on /home/airflow/.local/lib/python3.8/site-packages/airflow/example_dags/plugins/listener_plugin.py
[2025-12-24T17:26:32.757+0000] {processor.py:830} INFO - Processing file /home/airflow/.local/lib/python3.8/site-packages/airflow/example_dags/plugins/listener_plugin.py for tasks to queue
[2025-12-24T17:26:32.758+0000] {logging_mixin.py:188} INFO - [2025-12-24T17:26:32.758+0000] {dagbag.py:538} INFO - Filling up the DagBag from /home/airflow/.local/lib/python3.8/site-packages/airflow/example_dags/plugins/listener_plugin.py
[2025-12-24T17:26:32.761+0000] {processor.py:842} WARNING - No viable dags retrieved from /home/airflow/.local/lib/python3.8/site-packages/airflow/example_dags/plugins/listener_plugin.py
[2025-12-24T17:26:32.775+0000] {processor.py:183} INFO - Processing /home/airflow/.local/lib/python3.8/site-packages/airflow/example_dags/plugins/listener_plugin.py took 0.022 seconds
[2025-12-24T17:27:03.070+0000] {processor.py:161} INFO - Started process (PID=12770) to work on /home/airflow/.local/lib/python3.8/site-packages/airflow/example_dags/plugins/listener_plugin.py
[2025-12-24T17:27:03.071+0000] {processor.py:830} INFO - Processing file /home/airflow/.local/lib/python3.8/site-packages/airflow/example_dags/plugins/listener_plugin.py for tasks to queue
[2025-12-24T17:27:03.072+0000] {logging_mixin.py:188} INFO - [2025-12-24T17:27:03.072+0000] {dagbag.py:538} INFO - Filling up the DagBag from /home/airflow/.local/lib/python3.8/site-packages/airflow/example_dags/plugins/listener_plugin.py
[2025-12-24T17:27:03.075+0000] {processor.py:842} WARNING - No viable dags retrieved from /home/airflow/.local/lib/python3.8/site-packages/airflow/example_dags/plugins/listener_plugin.py
[2025-12-24T17:27:03.088+0000] {processor.py:183} INFO - Processing /home/airflow/.local/lib/python3.8/site-packages/airflow/example_dags/plugins/listener_plugin.py took 0.022 seconds
[2025-12-24T17:27:33.360+0000] {processor.py:161} INFO - Started process (PID=12827) to work on /home/airflow/.local/lib/python3.8/site-packages/airflow/example_dags/plugins/listener_plugin.py
[2025-12-24T17:27:33.361+0000] {processor.py:830} INFO - Processing file /home/airflow/.local/lib/python3.8/site-packages/airflow/example_dags/plugins/listener_plugin.py for tasks to queue
[2025-12-24T17:27:33.362+0000] {logging_mixin.py:188} INFO - [2025-12-24T17:27:33.362+0000] {dagbag.py:538} INFO - Filling up the DagBag from /home/airflow/.local/lib/python3.8/site-packages/airflow/example_dags/plugins/listener_plugin.py
[2025-12-24T17:27:33.366+0000] {processor.py:842} WARNING - No viable dags retrieved from /home/airflow/.local/lib/python3.8/site-packages/airflow/example_dags/plugins/listener_plugin.py
[2025-12-24T17:27:33.382+0000] {processor.py:183} INFO - Processing /home/airflow/.local/lib/python3.8/site-packages/airflow/example_dags/plugins/listener_plugin.py took 0.026 seconds
[2025-12-24T17:28:03.543+0000] {processor.py:161} INFO - Started process (PID=12884) to work on /home/airflow/.local/lib/python3.8/site-packages/airflow/example_dags/plugins/listener_plugin.py
[2025-12-24T17:28:03.544+0000] {processor.py:830} INFO - Processing file /home/airflow/.local/lib/python3.8/site-packages/airflow/example_dags/plugins/listener_plugin.py for tasks to queue
[2025-12-24T17:28:03.545+0000] {logging_mixin.py:188} INFO - [2025-12-24T17:28:03.545+0000] {dagbag.py:538} INFO - Filling up the DagBag from /home/airflow/.local/lib/python3.8/site-packages/airflow/example_dags/plugins/listener_plugin.py
[2025-12-24T17:28:03.548+0000] {processor.py:842} WARNING - No viable dags retrieved from /home/airflow/.local/lib/python3.8/site-packages/airflow/example_dags/plugins/listener_plugin.py
[2025-12-24T17:28:03.563+0000] {processor.py:183} INFO - Processing /home/airflow/.local/lib/python3.8/site-packages/airflow/example_dags/plugins/listener_plugin.py took 0.024 seconds
[2025-12-24T17:28:33.910+0000] {processor.py:161} INFO - Started process (PID=12941) to work on /home/airflow/.local/lib/python3.8/site-packages/airflow/example_dags/plugins/listener_plugin.py
[2025-12-24T17:28:33.911+0000] {processor.py:830} INFO - Processing file /home/airflow/.local/lib/python3.8/site-packages/airflow/example_dags/plugins/listener_plugin.py for tasks to queue
[2025-12-24T17:28:33.912+0000] {logging_mixin.py:188} INFO - [2025-12-24T17:28:33.912+0000] {dagbag.py:538} INFO - Filling up the DagBag from /home/airflow/.local/lib/python3.8/site-packages/airflow/example_dags/plugins/listener_plugin.py
[2025-12-24T17:28:33.916+0000] {processor.py:842} WARNING - No viable dags retrieved from /home/airflow/.local/lib/python3.8/site-packages/airflow/example_dags/plugins/listener_plugin.py
[2025-12-24T17:28:33.932+0000] {processor.py:183} INFO - Processing /home/airflow/.local/lib/python3.8/site-packages/airflow/example_dags/plugins/listener_plugin.py took 0.026 seconds
[2025-12-24T17:29:04.016+0000] {processor.py:161} INFO - Started process (PID=12996) to work on /home/airflow/.local/lib/python3.8/site-packages/airflow/example_dags/plugins/listener_plugin.py
[2025-12-24T17:29:04.017+0000] {processor.py:830} INFO - Processing file /home/airflow/.local/lib/python3.8/site-packages/airflow/example_dags/plugins/listener_plugin.py for tasks to queue
[2025-12-24T17:29:04.019+0000] {logging_mixin.py:188} INFO - [2025-12-24T17:29:04.018+0000] {dagbag.py:538} INFO - Filling up the DagBag from /home/airflow/.local/lib/python3.8/site-packages/airflow/example_dags/plugins/listener_plugin.py
[2025-12-24T17:29:04.023+0000] {processor.py:842} WARNING - No viable dags retrieved from /home/airflow/.local/lib/python3.8/site-packages/airflow/example_dags/plugins/listener_plugin.py
[2025-12-24T17:29:04.041+0000] {processor.py:183} INFO - Processing /home/airflow/.local/lib/python3.8/site-packages/airflow/example_dags/plugins/listener_plugin.py took 0.029 seconds
[2025-12-24T17:29:34.301+0000] {processor.py:161} INFO - Started process (PID=13053) to work on /home/airflow/.local/lib/python3.8/site-packages/airflow/example_dags/plugins/listener_plugin.py
[2025-12-24T17:29:34.302+0000] {processor.py:830} INFO - Processing file /home/airflow/.local/lib/python3.8/site-packages/airflow/example_dags/plugins/listener_plugin.py for tasks to queue
[2025-12-24T17:29:34.303+0000] {logging_mixin.py:188} INFO - [2025-12-24T17:29:34.303+0000] {dagbag.py:538} INFO - Filling up the DagBag from /home/airflow/.local/lib/python3.8/site-packages/airflow/example_dags/plugins/listener_plugin.py
[2025-12-24T17:29:34.307+0000] {processor.py:842} WARNING - No viable dags retrieved from /home/airflow/.local/lib/python3.8/site-packages/airflow/example_dags/plugins/listener_plugin.py
[2025-12-24T17:29:34.322+0000] {processor.py:183} INFO - Processing /home/airflow/.local/lib/python3.8/site-packages/airflow/example_dags/plugins/listener_plugin.py took 0.025 seconds
[2025-12-24T17:30:04.773+0000] {processor.py:161} INFO - Started process (PID=13110) to work on /home/airflow/.local/lib/python3.8/site-packages/airflow/example_dags/plugins/listener_plugin.py
[2025-12-24T17:30:04.775+0000] {processor.py:830} INFO - Processing file /home/airflow/.local/lib/python3.8/site-packages/airflow/example_dags/plugins/listener_plugin.py for tasks to queue
[2025-12-24T17:30:04.776+0000] {logging_mixin.py:188} INFO - [2025-12-24T17:30:04.776+0000] {dagbag.py:538} INFO - Filling up the DagBag from /home/airflow/.local/lib/python3.8/site-packages/airflow/example_dags/plugins/listener_plugin.py
[2025-12-24T17:30:04.780+0000] {processor.py:842} WARNING - No viable dags retrieved from /home/airflow/.local/lib/python3.8/site-packages/airflow/example_dags/plugins/listener_plugin.py
[2025-12-24T17:30:04.800+0000] {processor.py:183} INFO - Processing /home/airflow/.local/lib/python3.8/site-packages/airflow/example_dags/plugins/listener_plugin.py took 0.034 seconds
[2025-12-24T17:30:35.127+0000] {processor.py:161} INFO - Started process (PID=13167) to work on /home/airflow/.local/lib/python3.8/site-packages/airflow/example_dags/plugins/listener_plugin.py
[2025-12-24T17:30:35.129+0000] {processor.py:830} INFO - Processing file /home/airflow/.local/lib/python3.8/site-packages/airflow/example_dags/plugins/listener_plugin.py for tasks to queue
[2025-12-24T17:30:35.130+0000] {logging_mixin.py:188} INFO - [2025-12-24T17:30:35.130+0000] {dagbag.py:538} INFO - Filling up the DagBag from /home/airflow/.local/lib/python3.8/site-packages/airflow/example_dags/plugins/listener_plugin.py
[2025-12-24T17:30:35.135+0000] {processor.py:842} WARNING - No viable dags retrieved from /home/airflow/.local/lib/python3.8/site-packages/airflow/example_dags/plugins/listener_plugin.py
[2025-12-24T17:30:35.155+0000] {processor.py:183} INFO - Processing /home/airflow/.local/lib/python3.8/site-packages/airflow/example_dags/plugins/listener_plugin.py took 0.032 seconds
[2025-12-24T17:31:05.639+0000] {processor.py:161} INFO - Started process (PID=13230) to work on /home/airflow/.local/lib/python3.8/site-packages/airflow/example_dags/plugins/listener_plugin.py
[2025-12-24T17:31:05.640+0000] {processor.py:830} INFO - Processing file /home/airflow/.local/lib/python3.8/site-packages/airflow/example_dags/plugins/listener_plugin.py for tasks to queue
[2025-12-24T17:31:05.641+0000] {logging_mixin.py:188} INFO - [2025-12-24T17:31:05.641+0000] {dagbag.py:538} INFO - Filling up the DagBag from /home/airflow/.local/lib/python3.8/site-packages/airflow/example_dags/plugins/listener_plugin.py
[2025-12-24T17:31:05.645+0000] {processor.py:842} WARNING - No viable dags retrieved from /home/airflow/.local/lib/python3.8/site-packages/airflow/example_dags/plugins/listener_plugin.py
[2025-12-24T17:31:05.661+0000] {processor.py:183} INFO - Processing /home/airflow/.local/lib/python3.8/site-packages/airflow/example_dags/plugins/listener_plugin.py took 0.026 seconds
[2025-12-24T17:31:35.993+0000] {processor.py:161} INFO - Started process (PID=13287) to work on /home/airflow/.local/lib/python3.8/site-packages/airflow/example_dags/plugins/listener_plugin.py
[2025-12-24T17:31:35.995+0000] {processor.py:830} INFO - Processing file /home/airflow/.local/lib/python3.8/site-packages/airflow/example_dags/plugins/listener_plugin.py for tasks to queue
[2025-12-24T17:31:35.996+0000] {logging_mixin.py:188} INFO - [2025-12-24T17:31:35.995+0000] {dagbag.py:538} INFO - Filling up the DagBag from /home/airflow/.local/lib/python3.8/site-packages/airflow/example_dags/plugins/listener_plugin.py
[2025-12-24T17:31:35.999+0000] {processor.py:842} WARNING - No viable dags retrieved from /home/airflow/.local/lib/python3.8/site-packages/airflow/example_dags/plugins/listener_plugin.py
[2025-12-24T17:31:36.015+0000] {processor.py:183} INFO - Processing /home/airflow/.local/lib/python3.8/site-packages/airflow/example_dags/plugins/listener_plugin.py took 0.026 seconds
[2025-12-24T17:32:06.595+0000] {processor.py:161} INFO - Started process (PID=13344) to work on /home/airflow/.local/lib/python3.8/site-packages/airflow/example_dags/plugins/listener_plugin.py
[2025-12-24T17:32:06.596+0000] {processor.py:830} INFO - Processing file /home/airflow/.local/lib/python3.8/site-packages/airflow/example_dags/plugins/listener_plugin.py for tasks to queue
[2025-12-24T17:32:06.597+0000] {logging_mixin.py:188} INFO - [2025-12-24T17:32:06.597+0000] {dagbag.py:538} INFO - Filling up the DagBag from /home/airflow/.local/lib/python3.8/site-packages/airflow/example_dags/plugins/listener_plugin.py
[2025-12-24T17:32:06.600+0000] {processor.py:842} WARNING - No viable dags retrieved from /home/airflow/.local/lib/python3.8/site-packages/airflow/example_dags/plugins/listener_plugin.py
[2025-12-24T17:32:06.615+0000] {processor.py:183} INFO - Processing /home/airflow/.local/lib/python3.8/site-packages/airflow/example_dags/plugins/listener_plugin.py took 0.024 seconds
[2025-12-24T17:32:37.109+0000] {processor.py:161} INFO - Started process (PID=13401) to work on /home/airflow/.local/lib/python3.8/site-packages/airflow/example_dags/plugins/listener_plugin.py
[2025-12-24T17:32:37.111+0000] {processor.py:830} INFO - Processing file /home/airflow/.local/lib/python3.8/site-packages/airflow/example_dags/plugins/listener_plugin.py for tasks to queue
[2025-12-24T17:32:37.112+0000] {logging_mixin.py:188} INFO - [2025-12-24T17:32:37.112+0000] {dagbag.py:538} INFO - Filling up the DagBag from /home/airflow/.local/lib/python3.8/site-packages/airflow/example_dags/plugins/listener_plugin.py
[2025-12-24T17:32:37.115+0000] {processor.py:842} WARNING - No viable dags retrieved from /home/airflow/.local/lib/python3.8/site-packages/airflow/example_dags/plugins/listener_plugin.py
[2025-12-24T17:32:37.131+0000] {processor.py:183} INFO - Processing /home/airflow/.local/lib/python3.8/site-packages/airflow/example_dags/plugins/listener_plugin.py took 0.025 seconds
[2025-12-24T17:33:07.691+0000] {processor.py:161} INFO - Started process (PID=13458) to work on /home/airflow/.local/lib/python3.8/site-packages/airflow/example_dags/plugins/listener_plugin.py
[2025-12-24T17:33:07.692+0000] {processor.py:830} INFO - Processing file /home/airflow/.local/lib/python3.8/site-packages/airflow/example_dags/plugins/listener_plugin.py for tasks to queue
[2025-12-24T17:33:07.693+0000] {logging_mixin.py:188} INFO - [2025-12-24T17:33:07.693+0000] {dagbag.py:538} INFO - Filling up the DagBag from /home/airflow/.local/lib/python3.8/site-packages/airflow/example_dags/plugins/listener_plugin.py
[2025-12-24T17:33:07.696+0000] {processor.py:842} WARNING - No viable dags retrieved from /home/airflow/.local/lib/python3.8/site-packages/airflow/example_dags/plugins/listener_plugin.py
[2025-12-24T17:33:07.712+0000] {processor.py:183} INFO - Processing /home/airflow/.local/lib/python3.8/site-packages/airflow/example_dags/plugins/listener_plugin.py took 0.025 seconds
[2025-12-24T17:33:37.989+0000] {processor.py:161} INFO - Started process (PID=13515) to work on /home/airflow/.local/lib/python3.8/site-packages/airflow/example_dags/plugins/listener_plugin.py
[2025-12-24T17:33:37.991+0000] {processor.py:830} INFO - Processing file /home/airflow/.local/lib/python3.8/site-packages/airflow/example_dags/plugins/listener_plugin.py for tasks to queue
[2025-12-24T17:33:37.992+0000] {logging_mixin.py:188} INFO - [2025-12-24T17:33:37.992+0000] {dagbag.py:538} INFO - Filling up the DagBag from /home/airflow/.local/lib/python3.8/site-packages/airflow/example_dags/plugins/listener_plugin.py
[2025-12-24T17:33:37.996+0000] {processor.py:842} WARNING - No viable dags retrieved from /home/airflow/.local/lib/python3.8/site-packages/airflow/example_dags/plugins/listener_plugin.py
[2025-12-24T17:33:38.014+0000] {processor.py:183} INFO - Processing /home/airflow/.local/lib/python3.8/site-packages/airflow/example_dags/plugins/listener_plugin.py took 0.028 seconds
[2025-12-24T17:34:08.096+0000] {processor.py:161} INFO - Started process (PID=13570) to work on /home/airflow/.local/lib/python3.8/site-packages/airflow/example_dags/plugins/listener_plugin.py
[2025-12-24T17:34:08.097+0000] {processor.py:830} INFO - Processing file /home/airflow/.local/lib/python3.8/site-packages/airflow/example_dags/plugins/listener_plugin.py for tasks to queue
[2025-12-24T17:34:08.099+0000] {logging_mixin.py:188} INFO - [2025-12-24T17:34:08.099+0000] {dagbag.py:538} INFO - Filling up the DagBag from /home/airflow/.local/lib/python3.8/site-packages/airflow/example_dags/plugins/listener_plugin.py
[2025-12-24T17:34:08.104+0000] {processor.py:842} WARNING - No viable dags retrieved from /home/airflow/.local/lib/python3.8/site-packages/airflow/example_dags/plugins/listener_plugin.py
[2025-12-24T17:34:08.122+0000] {processor.py:183} INFO - Processing /home/airflow/.local/lib/python3.8/site-packages/airflow/example_dags/plugins/listener_plugin.py took 0.038 seconds
[2025-12-24T17:34:38.308+0000] {processor.py:161} INFO - Started process (PID=13627) to work on /home/airflow/.local/lib/python3.8/site-packages/airflow/example_dags/plugins/listener_plugin.py
[2025-12-24T17:34:38.309+0000] {processor.py:830} INFO - Processing file /home/airflow/.local/lib/python3.8/site-packages/airflow/example_dags/plugins/listener_plugin.py for tasks to queue
[2025-12-24T17:34:38.310+0000] {logging_mixin.py:188} INFO - [2025-12-24T17:34:38.309+0000] {dagbag.py:538} INFO - Filling up the DagBag from /home/airflow/.local/lib/python3.8/site-packages/airflow/example_dags/plugins/listener_plugin.py
[2025-12-24T17:34:38.313+0000] {processor.py:842} WARNING - No viable dags retrieved from /home/airflow/.local/lib/python3.8/site-packages/airflow/example_dags/plugins/listener_plugin.py
[2025-12-24T17:34:38.330+0000] {processor.py:183} INFO - Processing /home/airflow/.local/lib/python3.8/site-packages/airflow/example_dags/plugins/listener_plugin.py took 0.027 seconds
[2025-12-24T17:35:08.584+0000] {processor.py:161} INFO - Started process (PID=13684) to work on /home/airflow/.local/lib/python3.8/site-packages/airflow/example_dags/plugins/listener_plugin.py
[2025-12-24T17:35:08.586+0000] {processor.py:830} INFO - Processing file /home/airflow/.local/lib/python3.8/site-packages/airflow/example_dags/plugins/listener_plugin.py for tasks to queue
[2025-12-24T17:35:08.587+0000] {logging_mixin.py:188} INFO - [2025-12-24T17:35:08.586+0000] {dagbag.py:538} INFO - Filling up the DagBag from /home/airflow/.local/lib/python3.8/site-packages/airflow/example_dags/plugins/listener_plugin.py
[2025-12-24T17:35:08.590+0000] {processor.py:842} WARNING - No viable dags retrieved from /home/airflow/.local/lib/python3.8/site-packages/airflow/example_dags/plugins/listener_plugin.py
[2025-12-24T17:35:08.605+0000] {processor.py:183} INFO - Processing /home/airflow/.local/lib/python3.8/site-packages/airflow/example_dags/plugins/listener_plugin.py took 0.024 seconds
[2025-12-24T17:35:38.960+0000] {processor.py:161} INFO - Started process (PID=13741) to work on /home/airflow/.local/lib/python3.8/site-packages/airflow/example_dags/plugins/listener_plugin.py
[2025-12-24T17:35:38.961+0000] {processor.py:830} INFO - Processing file /home/airflow/.local/lib/python3.8/site-packages/airflow/example_dags/plugins/listener_plugin.py for tasks to queue
[2025-12-24T17:35:38.963+0000] {logging_mixin.py:188} INFO - [2025-12-24T17:35:38.962+0000] {dagbag.py:538} INFO - Filling up the DagBag from /home/airflow/.local/lib/python3.8/site-packages/airflow/example_dags/plugins/listener_plugin.py
[2025-12-24T17:35:38.967+0000] {processor.py:842} WARNING - No viable dags retrieved from /home/airflow/.local/lib/python3.8/site-packages/airflow/example_dags/plugins/listener_plugin.py
[2025-12-24T17:35:38.991+0000] {processor.py:183} INFO - Processing /home/airflow/.local/lib/python3.8/site-packages/airflow/example_dags/plugins/listener_plugin.py took 0.036 seconds
[2025-12-24T17:36:09.123+0000] {processor.py:161} INFO - Started process (PID=13798) to work on /home/airflow/.local/lib/python3.8/site-packages/airflow/example_dags/plugins/listener_plugin.py
[2025-12-24T17:36:09.124+0000] {processor.py:830} INFO - Processing file /home/airflow/.local/lib/python3.8/site-packages/airflow/example_dags/plugins/listener_plugin.py for tasks to queue
[2025-12-24T17:36:09.125+0000] {logging_mixin.py:188} INFO - [2025-12-24T17:36:09.124+0000] {dagbag.py:538} INFO - Filling up the DagBag from /home/airflow/.local/lib/python3.8/site-packages/airflow/example_dags/plugins/listener_plugin.py
[2025-12-24T17:36:09.128+0000] {processor.py:842} WARNING - No viable dags retrieved from /home/airflow/.local/lib/python3.8/site-packages/airflow/example_dags/plugins/listener_plugin.py
[2025-12-24T17:36:09.143+0000] {processor.py:183} INFO - Processing /home/airflow/.local/lib/python3.8/site-packages/airflow/example_dags/plugins/listener_plugin.py took 0.024 seconds
[2025-12-24T17:36:39.950+0000] {processor.py:161} INFO - Started process (PID=13855) to work on /home/airflow/.local/lib/python3.8/site-packages/airflow/example_dags/plugins/listener_plugin.py
[2025-12-24T17:36:39.951+0000] {processor.py:830} INFO - Processing file /home/airflow/.local/lib/python3.8/site-packages/airflow/example_dags/plugins/listener_plugin.py for tasks to queue
[2025-12-24T17:36:39.952+0000] {logging_mixin.py:188} INFO - [2025-12-24T17:36:39.951+0000] {dagbag.py:538} INFO - Filling up the DagBag from /home/airflow/.local/lib/python3.8/site-packages/airflow/example_dags/plugins/listener_plugin.py
[2025-12-24T17:36:39.955+0000] {processor.py:842} WARNING - No viable dags retrieved from /home/airflow/.local/lib/python3.8/site-packages/airflow/example_dags/plugins/listener_plugin.py
[2025-12-24T17:36:39.971+0000] {processor.py:183} INFO - Processing /home/airflow/.local/lib/python3.8/site-packages/airflow/example_dags/plugins/listener_plugin.py took 0.025 seconds
[2025-12-24T17:37:10.199+0000] {processor.py:161} INFO - Started process (PID=13912) to work on /home/airflow/.local/lib/python3.8/site-packages/airflow/example_dags/plugins/listener_plugin.py
[2025-12-24T17:37:10.200+0000] {processor.py:830} INFO - Processing file /home/airflow/.local/lib/python3.8/site-packages/airflow/example_dags/plugins/listener_plugin.py for tasks to queue
[2025-12-24T17:37:10.201+0000] {logging_mixin.py:188} INFO - [2025-12-24T17:37:10.201+0000] {dagbag.py:538} INFO - Filling up the DagBag from /home/airflow/.local/lib/python3.8/site-packages/airflow/example_dags/plugins/listener_plugin.py
[2025-12-24T17:37:10.205+0000] {processor.py:842} WARNING - No viable dags retrieved from /home/airflow/.local/lib/python3.8/site-packages/airflow/example_dags/plugins/listener_plugin.py
[2025-12-24T17:37:10.226+0000] {processor.py:183} INFO - Processing /home/airflow/.local/lib/python3.8/site-packages/airflow/example_dags/plugins/listener_plugin.py took 0.031 seconds
[2025-12-24T17:37:40.477+0000] {processor.py:161} INFO - Started process (PID=13969) to work on /home/airflow/.local/lib/python3.8/site-packages/airflow/example_dags/plugins/listener_plugin.py
[2025-12-24T17:37:40.478+0000] {processor.py:830} INFO - Processing file /home/airflow/.local/lib/python3.8/site-packages/airflow/example_dags/plugins/listener_plugin.py for tasks to queue
[2025-12-24T17:37:40.479+0000] {logging_mixin.py:188} INFO - [2025-12-24T17:37:40.479+0000] {dagbag.py:538} INFO - Filling up the DagBag from /home/airflow/.local/lib/python3.8/site-packages/airflow/example_dags/plugins/listener_plugin.py
[2025-12-24T17:37:40.482+0000] {processor.py:842} WARNING - No viable dags retrieved from /home/airflow/.local/lib/python3.8/site-packages/airflow/example_dags/plugins/listener_plugin.py
[2025-12-24T17:37:40.498+0000] {processor.py:183} INFO - Processing /home/airflow/.local/lib/python3.8/site-packages/airflow/example_dags/plugins/listener_plugin.py took 0.024 seconds
[2025-12-24T17:38:10.868+0000] {processor.py:161} INFO - Started process (PID=14026) to work on /home/airflow/.local/lib/python3.8/site-packages/airflow/example_dags/plugins/listener_plugin.py
[2025-12-24T17:38:10.869+0000] {processor.py:830} INFO - Processing file /home/airflow/.local/lib/python3.8/site-packages/airflow/example_dags/plugins/listener_plugin.py for tasks to queue
[2025-12-24T17:38:10.870+0000] {logging_mixin.py:188} INFO - [2025-12-24T17:38:10.870+0000] {dagbag.py:538} INFO - Filling up the DagBag from /home/airflow/.local/lib/python3.8/site-packages/airflow/example_dags/plugins/listener_plugin.py
[2025-12-24T17:38:10.874+0000] {processor.py:842} WARNING - No viable dags retrieved from /home/airflow/.local/lib/python3.8/site-packages/airflow/example_dags/plugins/listener_plugin.py
[2025-12-24T17:38:10.890+0000] {processor.py:183} INFO - Processing /home/airflow/.local/lib/python3.8/site-packages/airflow/example_dags/plugins/listener_plugin.py took 0.026 seconds
[2025-12-24T17:38:41.061+0000] {processor.py:161} INFO - Started process (PID=14083) to work on /home/airflow/.local/lib/python3.8/site-packages/airflow/example_dags/plugins/listener_plugin.py
[2025-12-24T17:38:41.062+0000] {processor.py:830} INFO - Processing file /home/airflow/.local/lib/python3.8/site-packages/airflow/example_dags/plugins/listener_plugin.py for tasks to queue
[2025-12-24T17:38:41.063+0000] {logging_mixin.py:188} INFO - [2025-12-24T17:38:41.063+0000] {dagbag.py:538} INFO - Filling up the DagBag from /home/airflow/.local/lib/python3.8/site-packages/airflow/example_dags/plugins/listener_plugin.py
[2025-12-24T17:38:41.067+0000] {processor.py:842} WARNING - No viable dags retrieved from /home/airflow/.local/lib/python3.8/site-packages/airflow/example_dags/plugins/listener_plugin.py
[2025-12-24T17:38:41.083+0000] {processor.py:183} INFO - Processing /home/airflow/.local/lib/python3.8/site-packages/airflow/example_dags/plugins/listener_plugin.py took 0.026 seconds
[2025-12-24T17:39:11.178+0000] {processor.py:161} INFO - Started process (PID=14139) to work on /home/airflow/.local/lib/python3.8/site-packages/airflow/example_dags/plugins/listener_plugin.py
[2025-12-24T17:39:11.179+0000] {processor.py:830} INFO - Processing file /home/airflow/.local/lib/python3.8/site-packages/airflow/example_dags/plugins/listener_plugin.py for tasks to queue
[2025-12-24T17:39:11.180+0000] {logging_mixin.py:188} INFO - [2025-12-24T17:39:11.180+0000] {dagbag.py:538} INFO - Filling up the DagBag from /home/airflow/.local/lib/python3.8/site-packages/airflow/example_dags/plugins/listener_plugin.py
[2025-12-24T17:39:11.183+0000] {processor.py:842} WARNING - No viable dags retrieved from /home/airflow/.local/lib/python3.8/site-packages/airflow/example_dags/plugins/listener_plugin.py
[2025-12-24T17:39:11.198+0000] {processor.py:183} INFO - Processing /home/airflow/.local/lib/python3.8/site-packages/airflow/example_dags/plugins/listener_plugin.py took 0.022 seconds
[2025-12-24T17:39:41.790+0000] {processor.py:161} INFO - Started process (PID=14197) to work on /home/airflow/.local/lib/python3.8/site-packages/airflow/example_dags/plugins/listener_plugin.py
[2025-12-24T17:39:41.791+0000] {processor.py:830} INFO - Processing file /home/airflow/.local/lib/python3.8/site-packages/airflow/example_dags/plugins/listener_plugin.py for tasks to queue
[2025-12-24T17:39:41.792+0000] {logging_mixin.py:188} INFO - [2025-12-24T17:39:41.792+0000] {dagbag.py:538} INFO - Filling up the DagBag from /home/airflow/.local/lib/python3.8/site-packages/airflow/example_dags/plugins/listener_plugin.py
[2025-12-24T17:39:41.797+0000] {processor.py:842} WARNING - No viable dags retrieved from /home/airflow/.local/lib/python3.8/site-packages/airflow/example_dags/plugins/listener_plugin.py
[2025-12-24T17:39:41.816+0000] {processor.py:183} INFO - Processing /home/airflow/.local/lib/python3.8/site-packages/airflow/example_dags/plugins/listener_plugin.py took 0.030 seconds
[2025-12-24T17:40:12.311+0000] {processor.py:161} INFO - Started process (PID=14254) to work on /home/airflow/.local/lib/python3.8/site-packages/airflow/example_dags/plugins/listener_plugin.py
[2025-12-24T17:40:12.312+0000] {processor.py:830} INFO - Processing file /home/airflow/.local/lib/python3.8/site-packages/airflow/example_dags/plugins/listener_plugin.py for tasks to queue
[2025-12-24T17:40:12.313+0000] {logging_mixin.py:188} INFO - [2025-12-24T17:40:12.313+0000] {dagbag.py:538} INFO - Filling up the DagBag from /home/airflow/.local/lib/python3.8/site-packages/airflow/example_dags/plugins/listener_plugin.py
[2025-12-24T17:40:12.316+0000] {processor.py:842} WARNING - No viable dags retrieved from /home/airflow/.local/lib/python3.8/site-packages/airflow/example_dags/plugins/listener_plugin.py
[2025-12-24T17:40:12.330+0000] {processor.py:183} INFO - Processing /home/airflow/.local/lib/python3.8/site-packages/airflow/example_dags/plugins/listener_plugin.py took 0.023 seconds
[2025-12-24T17:40:42.718+0000] {processor.py:161} INFO - Started process (PID=14311) to work on /home/airflow/.local/lib/python3.8/site-packages/airflow/example_dags/plugins/listener_plugin.py
[2025-12-24T17:40:42.719+0000] {processor.py:830} INFO - Processing file /home/airflow/.local/lib/python3.8/site-packages/airflow/example_dags/plugins/listener_plugin.py for tasks to queue
[2025-12-24T17:40:42.720+0000] {logging_mixin.py:188} INFO - [2025-12-24T17:40:42.720+0000] {dagbag.py:538} INFO - Filling up the DagBag from /home/airflow/.local/lib/python3.8/site-packages/airflow/example_dags/plugins/listener_plugin.py
[2025-12-24T17:40:42.723+0000] {processor.py:842} WARNING - No viable dags retrieved from /home/airflow/.local/lib/python3.8/site-packages/airflow/example_dags/plugins/listener_plugin.py
[2025-12-24T17:40:42.739+0000] {processor.py:183} INFO - Processing /home/airflow/.local/lib/python3.8/site-packages/airflow/example_dags/plugins/listener_plugin.py took 0.025 seconds
[2025-12-24T17:41:13.014+0000] {processor.py:161} INFO - Started process (PID=14367) to work on /home/airflow/.local/lib/python3.8/site-packages/airflow/example_dags/plugins/listener_plugin.py
[2025-12-24T17:41:13.015+0000] {processor.py:830} INFO - Processing file /home/airflow/.local/lib/python3.8/site-packages/airflow/example_dags/plugins/listener_plugin.py for tasks to queue
[2025-12-24T17:41:13.016+0000] {logging_mixin.py:188} INFO - [2025-12-24T17:41:13.016+0000] {dagbag.py:538} INFO - Filling up the DagBag from /home/airflow/.local/lib/python3.8/site-packages/airflow/example_dags/plugins/listener_plugin.py
[2025-12-24T17:41:13.019+0000] {processor.py:842} WARNING - No viable dags retrieved from /home/airflow/.local/lib/python3.8/site-packages/airflow/example_dags/plugins/listener_plugin.py
[2025-12-24T17:41:13.034+0000] {processor.py:183} INFO - Processing /home/airflow/.local/lib/python3.8/site-packages/airflow/example_dags/plugins/listener_plugin.py took 0.024 seconds
[2025-12-24T17:41:43.386+0000] {processor.py:161} INFO - Started process (PID=14424) to work on /home/airflow/.local/lib/python3.8/site-packages/airflow/example_dags/plugins/listener_plugin.py
[2025-12-24T17:41:43.387+0000] {processor.py:830} INFO - Processing file /home/airflow/.local/lib/python3.8/site-packages/airflow/example_dags/plugins/listener_plugin.py for tasks to queue
[2025-12-24T17:41:43.388+0000] {logging_mixin.py:188} INFO - [2025-12-24T17:41:43.388+0000] {dagbag.py:538} INFO - Filling up the DagBag from /home/airflow/.local/lib/python3.8/site-packages/airflow/example_dags/plugins/listener_plugin.py
[2025-12-24T17:41:43.392+0000] {processor.py:842} WARNING - No viable dags retrieved from /home/airflow/.local/lib/python3.8/site-packages/airflow/example_dags/plugins/listener_plugin.py
[2025-12-24T17:41:43.409+0000] {processor.py:183} INFO - Processing /home/airflow/.local/lib/python3.8/site-packages/airflow/example_dags/plugins/listener_plugin.py took 0.027 seconds
[2025-12-24T17:42:13.566+0000] {processor.py:161} INFO - Started process (PID=14481) to work on /home/airflow/.local/lib/python3.8/site-packages/airflow/example_dags/plugins/listener_plugin.py
[2025-12-24T17:42:13.567+0000] {processor.py:830} INFO - Processing file /home/airflow/.local/lib/python3.8/site-packages/airflow/example_dags/plugins/listener_plugin.py for tasks to queue
[2025-12-24T17:42:13.569+0000] {logging_mixin.py:188} INFO - [2025-12-24T17:42:13.568+0000] {dagbag.py:538} INFO - Filling up the DagBag from /home/airflow/.local/lib/python3.8/site-packages/airflow/example_dags/plugins/listener_plugin.py
[2025-12-24T17:42:13.572+0000] {processor.py:842} WARNING - No viable dags retrieved from /home/airflow/.local/lib/python3.8/site-packages/airflow/example_dags/plugins/listener_plugin.py
[2025-12-24T17:42:13.586+0000] {processor.py:183} INFO - Processing /home/airflow/.local/lib/python3.8/site-packages/airflow/example_dags/plugins/listener_plugin.py took 0.024 seconds
[2025-12-24T17:42:43.840+0000] {processor.py:161} INFO - Started process (PID=14538) to work on /home/airflow/.local/lib/python3.8/site-packages/airflow/example_dags/plugins/listener_plugin.py
[2025-12-24T17:42:43.841+0000] {processor.py:830} INFO - Processing file /home/airflow/.local/lib/python3.8/site-packages/airflow/example_dags/plugins/listener_plugin.py for tasks to queue
[2025-12-24T17:42:43.843+0000] {logging_mixin.py:188} INFO - [2025-12-24T17:42:43.842+0000] {dagbag.py:538} INFO - Filling up the DagBag from /home/airflow/.local/lib/python3.8/site-packages/airflow/example_dags/plugins/listener_plugin.py
[2025-12-24T17:42:43.846+0000] {processor.py:842} WARNING - No viable dags retrieved from /home/airflow/.local/lib/python3.8/site-packages/airflow/example_dags/plugins/listener_plugin.py
[2025-12-24T17:42:43.860+0000] {processor.py:183} INFO - Processing /home/airflow/.local/lib/python3.8/site-packages/airflow/example_dags/plugins/listener_plugin.py took 0.022 seconds
[2025-12-24T17:43:14.376+0000] {processor.py:161} INFO - Started process (PID=14595) to work on /home/airflow/.local/lib/python3.8/site-packages/airflow/example_dags/plugins/listener_plugin.py
[2025-12-24T17:43:14.377+0000] {processor.py:830} INFO - Processing file /home/airflow/.local/lib/python3.8/site-packages/airflow/example_dags/plugins/listener_plugin.py for tasks to queue
[2025-12-24T17:43:14.378+0000] {logging_mixin.py:188} INFO - [2025-12-24T17:43:14.378+0000] {dagbag.py:538} INFO - Filling up the DagBag from /home/airflow/.local/lib/python3.8/site-packages/airflow/example_dags/plugins/listener_plugin.py
[2025-12-24T17:43:14.381+0000] {processor.py:842} WARNING - No viable dags retrieved from /home/airflow/.local/lib/python3.8/site-packages/airflow/example_dags/plugins/listener_plugin.py
[2025-12-24T17:43:14.395+0000] {processor.py:183} INFO - Processing /home/airflow/.local/lib/python3.8/site-packages/airflow/example_dags/plugins/listener_plugin.py took 0.023 seconds
[2025-12-24T17:43:44.617+0000] {processor.py:161} INFO - Started process (PID=14652) to work on /home/airflow/.local/lib/python3.8/site-packages/airflow/example_dags/plugins/listener_plugin.py
[2025-12-24T17:43:44.619+0000] {processor.py:830} INFO - Processing file /home/airflow/.local/lib/python3.8/site-packages/airflow/example_dags/plugins/listener_plugin.py for tasks to queue
[2025-12-24T17:43:44.620+0000] {logging_mixin.py:188} INFO - [2025-12-24T17:43:44.619+0000] {dagbag.py:538} INFO - Filling up the DagBag from /home/airflow/.local/lib/python3.8/site-packages/airflow/example_dags/plugins/listener_plugin.py
[2025-12-24T17:43:44.623+0000] {processor.py:842} WARNING - No viable dags retrieved from /home/airflow/.local/lib/python3.8/site-packages/airflow/example_dags/plugins/listener_plugin.py
[2025-12-24T17:43:44.637+0000] {processor.py:183} INFO - Processing /home/airflow/.local/lib/python3.8/site-packages/airflow/example_dags/plugins/listener_plugin.py took 0.024 seconds
[2025-12-24T17:44:14.907+0000] {processor.py:161} INFO - Started process (PID=14709) to work on /home/airflow/.local/lib/python3.8/site-packages/airflow/example_dags/plugins/listener_plugin.py
[2025-12-24T17:44:14.908+0000] {processor.py:830} INFO - Processing file /home/airflow/.local/lib/python3.8/site-packages/airflow/example_dags/plugins/listener_plugin.py for tasks to queue
[2025-12-24T17:44:14.909+0000] {logging_mixin.py:188} INFO - [2025-12-24T17:44:14.909+0000] {dagbag.py:538} INFO - Filling up the DagBag from /home/airflow/.local/lib/python3.8/site-packages/airflow/example_dags/plugins/listener_plugin.py
[2025-12-24T17:44:14.912+0000] {processor.py:842} WARNING - No viable dags retrieved from /home/airflow/.local/lib/python3.8/site-packages/airflow/example_dags/plugins/listener_plugin.py
[2025-12-24T17:44:14.928+0000] {processor.py:183} INFO - Processing /home/airflow/.local/lib/python3.8/site-packages/airflow/example_dags/plugins/listener_plugin.py took 0.025 seconds
[2025-12-24T17:44:45.481+0000] {processor.py:161} INFO - Started process (PID=14766) to work on /home/airflow/.local/lib/python3.8/site-packages/airflow/example_dags/plugins/listener_plugin.py
[2025-12-24T17:44:45.483+0000] {processor.py:830} INFO - Processing file /home/airflow/.local/lib/python3.8/site-packages/airflow/example_dags/plugins/listener_plugin.py for tasks to queue
[2025-12-24T17:44:45.484+0000] {logging_mixin.py:188} INFO - [2025-12-24T17:44:45.483+0000] {dagbag.py:538} INFO - Filling up the DagBag from /home/airflow/.local/lib/python3.8/site-packages/airflow/example_dags/plugins/listener_plugin.py
[2025-12-24T17:44:45.487+0000] {processor.py:842} WARNING - No viable dags retrieved from /home/airflow/.local/lib/python3.8/site-packages/airflow/example_dags/plugins/listener_plugin.py
[2025-12-24T17:44:45.500+0000] {processor.py:183} INFO - Processing /home/airflow/.local/lib/python3.8/site-packages/airflow/example_dags/plugins/listener_plugin.py took 0.024 seconds
[2025-12-24T17:45:15.938+0000] {processor.py:161} INFO - Started process (PID=14823) to work on /home/airflow/.local/lib/python3.8/site-packages/airflow/example_dags/plugins/listener_plugin.py
[2025-12-24T17:45:15.939+0000] {processor.py:830} INFO - Processing file /home/airflow/.local/lib/python3.8/site-packages/airflow/example_dags/plugins/listener_plugin.py for tasks to queue
[2025-12-24T17:45:15.940+0000] {logging_mixin.py:188} INFO - [2025-12-24T17:45:15.940+0000] {dagbag.py:538} INFO - Filling up the DagBag from /home/airflow/.local/lib/python3.8/site-packages/airflow/example_dags/plugins/listener_plugin.py
[2025-12-24T17:45:15.943+0000] {processor.py:842} WARNING - No viable dags retrieved from /home/airflow/.local/lib/python3.8/site-packages/airflow/example_dags/plugins/listener_plugin.py
[2025-12-24T17:45:15.959+0000] {processor.py:183} INFO - Processing /home/airflow/.local/lib/python3.8/site-packages/airflow/example_dags/plugins/listener_plugin.py took 0.025 seconds
[2025-12-24T17:45:46.908+0000] {processor.py:161} INFO - Started process (PID=14880) to work on /home/airflow/.local/lib/python3.8/site-packages/airflow/example_dags/plugins/listener_plugin.py
[2025-12-24T17:45:46.909+0000] {processor.py:830} INFO - Processing file /home/airflow/.local/lib/python3.8/site-packages/airflow/example_dags/plugins/listener_plugin.py for tasks to queue
[2025-12-24T17:45:46.910+0000] {logging_mixin.py:188} INFO - [2025-12-24T17:45:46.910+0000] {dagbag.py:538} INFO - Filling up the DagBag from /home/airflow/.local/lib/python3.8/site-packages/airflow/example_dags/plugins/listener_plugin.py
[2025-12-24T17:45:46.913+0000] {processor.py:842} WARNING - No viable dags retrieved from /home/airflow/.local/lib/python3.8/site-packages/airflow/example_dags/plugins/listener_plugin.py
[2025-12-24T17:45:46.929+0000] {processor.py:183} INFO - Processing /home/airflow/.local/lib/python3.8/site-packages/airflow/example_dags/plugins/listener_plugin.py took 0.026 seconds
[2025-12-24T17:46:17.333+0000] {processor.py:161} INFO - Started process (PID=14937) to work on /home/airflow/.local/lib/python3.8/site-packages/airflow/example_dags/plugins/listener_plugin.py
[2025-12-24T17:46:17.334+0000] {processor.py:830} INFO - Processing file /home/airflow/.local/lib/python3.8/site-packages/airflow/example_dags/plugins/listener_plugin.py for tasks to queue
[2025-12-24T17:46:17.335+0000] {logging_mixin.py:188} INFO - [2025-12-24T17:46:17.335+0000] {dagbag.py:538} INFO - Filling up the DagBag from /home/airflow/.local/lib/python3.8/site-packages/airflow/example_dags/plugins/listener_plugin.py
[2025-12-24T17:46:17.338+0000] {processor.py:842} WARNING - No viable dags retrieved from /home/airflow/.local/lib/python3.8/site-packages/airflow/example_dags/plugins/listener_plugin.py
[2025-12-24T17:46:17.352+0000] {processor.py:183} INFO - Processing /home/airflow/.local/lib/python3.8/site-packages/airflow/example_dags/plugins/listener_plugin.py took 0.023 seconds
[2025-12-24T17:46:47.410+0000] {processor.py:161} INFO - Started process (PID=14993) to work on /home/airflow/.local/lib/python3.8/site-packages/airflow/example_dags/plugins/listener_plugin.py
[2025-12-24T17:46:47.411+0000] {processor.py:830} INFO - Processing file /home/airflow/.local/lib/python3.8/site-packages/airflow/example_dags/plugins/listener_plugin.py for tasks to queue
[2025-12-24T17:46:47.412+0000] {logging_mixin.py:188} INFO - [2025-12-24T17:46:47.412+0000] {dagbag.py:538} INFO - Filling up the DagBag from /home/airflow/.local/lib/python3.8/site-packages/airflow/example_dags/plugins/listener_plugin.py
[2025-12-24T17:46:47.416+0000] {processor.py:842} WARNING - No viable dags retrieved from /home/airflow/.local/lib/python3.8/site-packages/airflow/example_dags/plugins/listener_plugin.py
[2025-12-24T17:46:47.430+0000] {processor.py:183} INFO - Processing /home/airflow/.local/lib/python3.8/site-packages/airflow/example_dags/plugins/listener_plugin.py took 0.024 seconds
[2025-12-24T17:47:17.478+0000] {processor.py:161} INFO - Started process (PID=15049) to work on /home/airflow/.local/lib/python3.8/site-packages/airflow/example_dags/plugins/listener_plugin.py
[2025-12-24T17:47:17.479+0000] {processor.py:830} INFO - Processing file /home/airflow/.local/lib/python3.8/site-packages/airflow/example_dags/plugins/listener_plugin.py for tasks to queue
[2025-12-24T17:47:17.480+0000] {logging_mixin.py:188} INFO - [2025-12-24T17:47:17.479+0000] {dagbag.py:538} INFO - Filling up the DagBag from /home/airflow/.local/lib/python3.8/site-packages/airflow/example_dags/plugins/listener_plugin.py
[2025-12-24T17:47:17.483+0000] {processor.py:842} WARNING - No viable dags retrieved from /home/airflow/.local/lib/python3.8/site-packages/airflow/example_dags/plugins/listener_plugin.py
[2025-12-24T17:47:17.496+0000] {processor.py:183} INFO - Processing /home/airflow/.local/lib/python3.8/site-packages/airflow/example_dags/plugins/listener_plugin.py took 0.022 seconds
[2025-12-24T17:47:48.046+0000] {processor.py:161} INFO - Started process (PID=15106) to work on /home/airflow/.local/lib/python3.8/site-packages/airflow/example_dags/plugins/listener_plugin.py
[2025-12-24T17:47:48.048+0000] {processor.py:830} INFO - Processing file /home/airflow/.local/lib/python3.8/site-packages/airflow/example_dags/plugins/listener_plugin.py for tasks to queue
[2025-12-24T17:47:48.049+0000] {logging_mixin.py:188} INFO - [2025-12-24T17:47:48.048+0000] {dagbag.py:538} INFO - Filling up the DagBag from /home/airflow/.local/lib/python3.8/site-packages/airflow/example_dags/plugins/listener_plugin.py
[2025-12-24T17:47:48.052+0000] {processor.py:842} WARNING - No viable dags retrieved from /home/airflow/.local/lib/python3.8/site-packages/airflow/example_dags/plugins/listener_plugin.py
[2025-12-24T17:47:48.065+0000] {processor.py:183} INFO - Processing /home/airflow/.local/lib/python3.8/site-packages/airflow/example_dags/plugins/listener_plugin.py took 0.022 seconds
[2025-12-24T17:48:19.029+0000] {processor.py:161} INFO - Started process (PID=15164) to work on /home/airflow/.local/lib/python3.8/site-packages/airflow/example_dags/plugins/listener_plugin.py
[2025-12-24T17:48:19.030+0000] {processor.py:830} INFO - Processing file /home/airflow/.local/lib/python3.8/site-packages/airflow/example_dags/plugins/listener_plugin.py for tasks to queue
[2025-12-24T17:48:19.031+0000] {logging_mixin.py:188} INFO - [2025-12-24T17:48:19.030+0000] {dagbag.py:538} INFO - Filling up the DagBag from /home/airflow/.local/lib/python3.8/site-packages/airflow/example_dags/plugins/listener_plugin.py
[2025-12-24T17:48:19.034+0000] {processor.py:842} WARNING - No viable dags retrieved from /home/airflow/.local/lib/python3.8/site-packages/airflow/example_dags/plugins/listener_plugin.py
[2025-12-24T17:48:19.048+0000] {processor.py:183} INFO - Processing /home/airflow/.local/lib/python3.8/site-packages/airflow/example_dags/plugins/listener_plugin.py took 0.023 seconds
[2025-12-24T17:48:49.726+0000] {processor.py:161} INFO - Started process (PID=15221) to work on /home/airflow/.local/lib/python3.8/site-packages/airflow/example_dags/plugins/listener_plugin.py
[2025-12-24T17:48:49.727+0000] {processor.py:830} INFO - Processing file /home/airflow/.local/lib/python3.8/site-packages/airflow/example_dags/plugins/listener_plugin.py for tasks to queue
[2025-12-24T17:48:49.729+0000] {logging_mixin.py:188} INFO - [2025-12-24T17:48:49.728+0000] {dagbag.py:538} INFO - Filling up the DagBag from /home/airflow/.local/lib/python3.8/site-packages/airflow/example_dags/plugins/listener_plugin.py
[2025-12-24T17:48:49.732+0000] {processor.py:842} WARNING - No viable dags retrieved from /home/airflow/.local/lib/python3.8/site-packages/airflow/example_dags/plugins/listener_plugin.py
[2025-12-24T17:48:49.748+0000] {processor.py:183} INFO - Processing /home/airflow/.local/lib/python3.8/site-packages/airflow/example_dags/plugins/listener_plugin.py took 0.028 seconds
[2025-12-24T17:49:20.216+0000] {processor.py:161} INFO - Started process (PID=15278) to work on /home/airflow/.local/lib/python3.8/site-packages/airflow/example_dags/plugins/listener_plugin.py
[2025-12-24T17:49:20.217+0000] {processor.py:830} INFO - Processing file /home/airflow/.local/lib/python3.8/site-packages/airflow/example_dags/plugins/listener_plugin.py for tasks to queue
[2025-12-24T17:49:20.218+0000] {logging_mixin.py:188} INFO - [2025-12-24T17:49:20.218+0000] {dagbag.py:538} INFO - Filling up the DagBag from /home/airflow/.local/lib/python3.8/site-packages/airflow/example_dags/plugins/listener_plugin.py
[2025-12-24T17:49:20.222+0000] {processor.py:842} WARNING - No viable dags retrieved from /home/airflow/.local/lib/python3.8/site-packages/airflow/example_dags/plugins/listener_plugin.py
[2025-12-24T17:49:20.238+0000] {processor.py:183} INFO - Processing /home/airflow/.local/lib/python3.8/site-packages/airflow/example_dags/plugins/listener_plugin.py took 0.026 seconds
[2025-12-24T17:49:50.374+0000] {processor.py:161} INFO - Started process (PID=15336) to work on /home/airflow/.local/lib/python3.8/site-packages/airflow/example_dags/plugins/listener_plugin.py
[2025-12-24T17:49:50.375+0000] {processor.py:830} INFO - Processing file /home/airflow/.local/lib/python3.8/site-packages/airflow/example_dags/plugins/listener_plugin.py for tasks to queue
[2025-12-24T17:49:50.376+0000] {logging_mixin.py:188} INFO - [2025-12-24T17:49:50.376+0000] {dagbag.py:538} INFO - Filling up the DagBag from /home/airflow/.local/lib/python3.8/site-packages/airflow/example_dags/plugins/listener_plugin.py
[2025-12-24T17:49:50.379+0000] {processor.py:842} WARNING - No viable dags retrieved from /home/airflow/.local/lib/python3.8/site-packages/airflow/example_dags/plugins/listener_plugin.py
[2025-12-24T17:49:50.394+0000] {processor.py:183} INFO - Processing /home/airflow/.local/lib/python3.8/site-packages/airflow/example_dags/plugins/listener_plugin.py took 0.023 seconds
[2025-12-24T17:50:20.871+0000] {processor.py:161} INFO - Started process (PID=15393) to work on /home/airflow/.local/lib/python3.8/site-packages/airflow/example_dags/plugins/listener_plugin.py
[2025-12-24T17:50:20.872+0000] {processor.py:830} INFO - Processing file /home/airflow/.local/lib/python3.8/site-packages/airflow/example_dags/plugins/listener_plugin.py for tasks to queue
[2025-12-24T17:50:20.873+0000] {logging_mixin.py:188} INFO - [2025-12-24T17:50:20.873+0000] {dagbag.py:538} INFO - Filling up the DagBag from /home/airflow/.local/lib/python3.8/site-packages/airflow/example_dags/plugins/listener_plugin.py
[2025-12-24T17:50:20.877+0000] {processor.py:842} WARNING - No viable dags retrieved from /home/airflow/.local/lib/python3.8/site-packages/airflow/example_dags/plugins/listener_plugin.py
[2025-12-24T17:50:20.891+0000] {processor.py:183} INFO - Processing /home/airflow/.local/lib/python3.8/site-packages/airflow/example_dags/plugins/listener_plugin.py took 0.026 seconds
[2025-12-24T17:50:51.078+0000] {processor.py:161} INFO - Started process (PID=15450) to work on /home/airflow/.local/lib/python3.8/site-packages/airflow/example_dags/plugins/listener_plugin.py
[2025-12-24T17:50:51.079+0000] {processor.py:830} INFO - Processing file /home/airflow/.local/lib/python3.8/site-packages/airflow/example_dags/plugins/listener_plugin.py for tasks to queue
[2025-12-24T17:50:51.081+0000] {logging_mixin.py:188} INFO - [2025-12-24T17:50:51.080+0000] {dagbag.py:538} INFO - Filling up the DagBag from /home/airflow/.local/lib/python3.8/site-packages/airflow/example_dags/plugins/listener_plugin.py
[2025-12-24T17:50:51.085+0000] {processor.py:842} WARNING - No viable dags retrieved from /home/airflow/.local/lib/python3.8/site-packages/airflow/example_dags/plugins/listener_plugin.py
[2025-12-24T17:50:51.101+0000] {processor.py:183} INFO - Processing /home/airflow/.local/lib/python3.8/site-packages/airflow/example_dags/plugins/listener_plugin.py took 0.028 seconds
[2025-12-24T17:51:21.620+0000] {processor.py:161} INFO - Started process (PID=15507) to work on /home/airflow/.local/lib/python3.8/site-packages/airflow/example_dags/plugins/listener_plugin.py
[2025-12-24T17:51:21.622+0000] {processor.py:830} INFO - Processing file /home/airflow/.local/lib/python3.8/site-packages/airflow/example_dags/plugins/listener_plugin.py for tasks to queue
[2025-12-24T17:51:21.623+0000] {logging_mixin.py:188} INFO - [2025-12-24T17:51:21.623+0000] {dagbag.py:538} INFO - Filling up the DagBag from /home/airflow/.local/lib/python3.8/site-packages/airflow/example_dags/plugins/listener_plugin.py
[2025-12-24T17:51:21.627+0000] {processor.py:842} WARNING - No viable dags retrieved from /home/airflow/.local/lib/python3.8/site-packages/airflow/example_dags/plugins/listener_plugin.py
[2025-12-24T17:51:21.644+0000] {processor.py:183} INFO - Processing /home/airflow/.local/lib/python3.8/site-packages/airflow/example_dags/plugins/listener_plugin.py took 0.029 seconds
[2025-12-24T17:51:51.882+0000] {processor.py:161} INFO - Started process (PID=15564) to work on /home/airflow/.local/lib/python3.8/site-packages/airflow/example_dags/plugins/listener_plugin.py
[2025-12-24T17:51:51.884+0000] {processor.py:830} INFO - Processing file /home/airflow/.local/lib/python3.8/site-packages/airflow/example_dags/plugins/listener_plugin.py for tasks to queue
[2025-12-24T17:51:51.885+0000] {logging_mixin.py:188} INFO - [2025-12-24T17:51:51.885+0000] {dagbag.py:538} INFO - Filling up the DagBag from /home/airflow/.local/lib/python3.8/site-packages/airflow/example_dags/plugins/listener_plugin.py
[2025-12-24T17:51:51.889+0000] {processor.py:842} WARNING - No viable dags retrieved from /home/airflow/.local/lib/python3.8/site-packages/airflow/example_dags/plugins/listener_plugin.py
[2025-12-24T17:51:51.904+0000] {processor.py:183} INFO - Processing /home/airflow/.local/lib/python3.8/site-packages/airflow/example_dags/plugins/listener_plugin.py took 0.027 seconds
[2025-12-24T17:52:22.884+0000] {processor.py:161} INFO - Started process (PID=15620) to work on /home/airflow/.local/lib/python3.8/site-packages/airflow/example_dags/plugins/listener_plugin.py
[2025-12-24T17:52:22.885+0000] {processor.py:830} INFO - Processing file /home/airflow/.local/lib/python3.8/site-packages/airflow/example_dags/plugins/listener_plugin.py for tasks to queue
[2025-12-24T17:52:22.886+0000] {logging_mixin.py:188} INFO - [2025-12-24T17:52:22.886+0000] {dagbag.py:538} INFO - Filling up the DagBag from /home/airflow/.local/lib/python3.8/site-packages/airflow/example_dags/plugins/listener_plugin.py
[2025-12-24T17:52:22.890+0000] {processor.py:842} WARNING - No viable dags retrieved from /home/airflow/.local/lib/python3.8/site-packages/airflow/example_dags/plugins/listener_plugin.py
[2025-12-24T17:52:22.906+0000] {processor.py:183} INFO - Processing /home/airflow/.local/lib/python3.8/site-packages/airflow/example_dags/plugins/listener_plugin.py took 0.026 seconds
[2025-12-24T17:52:53.176+0000] {processor.py:161} INFO - Started process (PID=15676) to work on /home/airflow/.local/lib/python3.8/site-packages/airflow/example_dags/plugins/listener_plugin.py
[2025-12-24T17:52:53.177+0000] {processor.py:830} INFO - Processing file /home/airflow/.local/lib/python3.8/site-packages/airflow/example_dags/plugins/listener_plugin.py for tasks to queue
[2025-12-24T17:52:53.179+0000] {logging_mixin.py:188} INFO - [2025-12-24T17:52:53.178+0000] {dagbag.py:538} INFO - Filling up the DagBag from /home/airflow/.local/lib/python3.8/site-packages/airflow/example_dags/plugins/listener_plugin.py
[2025-12-24T17:52:53.182+0000] {processor.py:842} WARNING - No viable dags retrieved from /home/airflow/.local/lib/python3.8/site-packages/airflow/example_dags/plugins/listener_plugin.py
[2025-12-24T17:52:53.213+0000] {processor.py:183} INFO - Processing /home/airflow/.local/lib/python3.8/site-packages/airflow/example_dags/plugins/listener_plugin.py took 0.041 seconds
[2025-12-24T17:53:23.612+0000] {processor.py:161} INFO - Started process (PID=15733) to work on /home/airflow/.local/lib/python3.8/site-packages/airflow/example_dags/plugins/listener_plugin.py
[2025-12-24T17:53:23.613+0000] {processor.py:830} INFO - Processing file /home/airflow/.local/lib/python3.8/site-packages/airflow/example_dags/plugins/listener_plugin.py for tasks to queue
[2025-12-24T17:53:23.614+0000] {logging_mixin.py:188} INFO - [2025-12-24T17:53:23.614+0000] {dagbag.py:538} INFO - Filling up the DagBag from /home/airflow/.local/lib/python3.8/site-packages/airflow/example_dags/plugins/listener_plugin.py
[2025-12-24T17:53:23.618+0000] {processor.py:842} WARNING - No viable dags retrieved from /home/airflow/.local/lib/python3.8/site-packages/airflow/example_dags/plugins/listener_plugin.py
[2025-12-24T17:53:23.634+0000] {processor.py:183} INFO - Processing /home/airflow/.local/lib/python3.8/site-packages/airflow/example_dags/plugins/listener_plugin.py took 0.026 seconds
[2025-12-24T17:53:53.822+0000] {processor.py:161} INFO - Started process (PID=15790) to work on /home/airflow/.local/lib/python3.8/site-packages/airflow/example_dags/plugins/listener_plugin.py
[2025-12-24T17:53:53.823+0000] {processor.py:830} INFO - Processing file /home/airflow/.local/lib/python3.8/site-packages/airflow/example_dags/plugins/listener_plugin.py for tasks to queue
[2025-12-24T17:53:53.824+0000] {logging_mixin.py:188} INFO - [2025-12-24T17:53:53.824+0000] {dagbag.py:538} INFO - Filling up the DagBag from /home/airflow/.local/lib/python3.8/site-packages/airflow/example_dags/plugins/listener_plugin.py
[2025-12-24T17:53:53.828+0000] {processor.py:842} WARNING - No viable dags retrieved from /home/airflow/.local/lib/python3.8/site-packages/airflow/example_dags/plugins/listener_plugin.py
[2025-12-24T17:53:53.845+0000] {processor.py:183} INFO - Processing /home/airflow/.local/lib/python3.8/site-packages/airflow/example_dags/plugins/listener_plugin.py took 0.027 seconds
[2025-12-24T17:54:23.992+0000] {processor.py:161} INFO - Started process (PID=15848) to work on /home/airflow/.local/lib/python3.8/site-packages/airflow/example_dags/plugins/listener_plugin.py
[2025-12-24T17:54:23.993+0000] {processor.py:830} INFO - Processing file /home/airflow/.local/lib/python3.8/site-packages/airflow/example_dags/plugins/listener_plugin.py for tasks to queue
[2025-12-24T17:54:23.994+0000] {logging_mixin.py:188} INFO - [2025-12-24T17:54:23.993+0000] {dagbag.py:538} INFO - Filling up the DagBag from /home/airflow/.local/lib/python3.8/site-packages/airflow/example_dags/plugins/listener_plugin.py
[2025-12-24T17:54:23.997+0000] {processor.py:842} WARNING - No viable dags retrieved from /home/airflow/.local/lib/python3.8/site-packages/airflow/example_dags/plugins/listener_plugin.py
[2025-12-24T17:54:24.013+0000] {processor.py:183} INFO - Processing /home/airflow/.local/lib/python3.8/site-packages/airflow/example_dags/plugins/listener_plugin.py took 0.025 seconds
[2025-12-24T17:54:54.266+0000] {processor.py:161} INFO - Started process (PID=15905) to work on /home/airflow/.local/lib/python3.8/site-packages/airflow/example_dags/plugins/listener_plugin.py
[2025-12-24T17:54:54.268+0000] {processor.py:830} INFO - Processing file /home/airflow/.local/lib/python3.8/site-packages/airflow/example_dags/plugins/listener_plugin.py for tasks to queue
[2025-12-24T17:54:54.271+0000] {logging_mixin.py:188} INFO - [2025-12-24T17:54:54.270+0000] {dagbag.py:538} INFO - Filling up the DagBag from /home/airflow/.local/lib/python3.8/site-packages/airflow/example_dags/plugins/listener_plugin.py
[2025-12-24T17:54:54.275+0000] {processor.py:842} WARNING - No viable dags retrieved from /home/airflow/.local/lib/python3.8/site-packages/airflow/example_dags/plugins/listener_plugin.py
[2025-12-24T17:54:54.292+0000] {processor.py:183} INFO - Processing /home/airflow/.local/lib/python3.8/site-packages/airflow/example_dags/plugins/listener_plugin.py took 0.030 seconds
[2025-12-24T17:55:24.767+0000] {processor.py:161} INFO - Started process (PID=15963) to work on /home/airflow/.local/lib/python3.8/site-packages/airflow/example_dags/plugins/listener_plugin.py
[2025-12-24T17:55:24.769+0000] {processor.py:830} INFO - Processing file /home/airflow/.local/lib/python3.8/site-packages/airflow/example_dags/plugins/listener_plugin.py for tasks to queue
[2025-12-24T17:55:24.770+0000] {logging_mixin.py:188} INFO - [2025-12-24T17:55:24.770+0000] {dagbag.py:538} INFO - Filling up the DagBag from /home/airflow/.local/lib/python3.8/site-packages/airflow/example_dags/plugins/listener_plugin.py
[2025-12-24T17:55:24.774+0000] {processor.py:842} WARNING - No viable dags retrieved from /home/airflow/.local/lib/python3.8/site-packages/airflow/example_dags/plugins/listener_plugin.py
[2025-12-24T17:55:24.791+0000] {processor.py:183} INFO - Processing /home/airflow/.local/lib/python3.8/site-packages/airflow/example_dags/plugins/listener_plugin.py took 0.029 seconds
[2025-12-24T17:55:55.450+0000] {processor.py:161} INFO - Started process (PID=16020) to work on /home/airflow/.local/lib/python3.8/site-packages/airflow/example_dags/plugins/listener_plugin.py
[2025-12-24T17:55:55.451+0000] {processor.py:830} INFO - Processing file /home/airflow/.local/lib/python3.8/site-packages/airflow/example_dags/plugins/listener_plugin.py for tasks to queue
[2025-12-24T17:55:55.452+0000] {logging_mixin.py:188} INFO - [2025-12-24T17:55:55.452+0000] {dagbag.py:538} INFO - Filling up the DagBag from /home/airflow/.local/lib/python3.8/site-packages/airflow/example_dags/plugins/listener_plugin.py
[2025-12-24T17:55:55.455+0000] {processor.py:842} WARNING - No viable dags retrieved from /home/airflow/.local/lib/python3.8/site-packages/airflow/example_dags/plugins/listener_plugin.py
[2025-12-24T17:55:55.469+0000] {processor.py:183} INFO - Processing /home/airflow/.local/lib/python3.8/site-packages/airflow/example_dags/plugins/listener_plugin.py took 0.022 seconds
[2025-12-24T17:56:26.204+0000] {processor.py:161} INFO - Started process (PID=16077) to work on /home/airflow/.local/lib/python3.8/site-packages/airflow/example_dags/plugins/listener_plugin.py
[2025-12-24T17:56:26.206+0000] {processor.py:830} INFO - Processing file /home/airflow/.local/lib/python3.8/site-packages/airflow/example_dags/plugins/listener_plugin.py for tasks to queue
[2025-12-24T17:56:26.207+0000] {logging_mixin.py:188} INFO - [2025-12-24T17:56:26.207+0000] {dagbag.py:538} INFO - Filling up the DagBag from /home/airflow/.local/lib/python3.8/site-packages/airflow/example_dags/plugins/listener_plugin.py
[2025-12-24T17:56:26.210+0000] {processor.py:842} WARNING - No viable dags retrieved from /home/airflow/.local/lib/python3.8/site-packages/airflow/example_dags/plugins/listener_plugin.py
[2025-12-24T17:56:26.224+0000] {processor.py:183} INFO - Processing /home/airflow/.local/lib/python3.8/site-packages/airflow/example_dags/plugins/listener_plugin.py took 0.023 seconds
[2025-12-24T17:56:56.842+0000] {processor.py:161} INFO - Started process (PID=16134) to work on /home/airflow/.local/lib/python3.8/site-packages/airflow/example_dags/plugins/listener_plugin.py
[2025-12-24T17:56:56.843+0000] {processor.py:830} INFO - Processing file /home/airflow/.local/lib/python3.8/site-packages/airflow/example_dags/plugins/listener_plugin.py for tasks to queue
[2025-12-24T17:56:56.844+0000] {logging_mixin.py:188} INFO - [2025-12-24T17:56:56.844+0000] {dagbag.py:538} INFO - Filling up the DagBag from /home/airflow/.local/lib/python3.8/site-packages/airflow/example_dags/plugins/listener_plugin.py
[2025-12-24T17:56:56.847+0000] {processor.py:842} WARNING - No viable dags retrieved from /home/airflow/.local/lib/python3.8/site-packages/airflow/example_dags/plugins/listener_plugin.py
[2025-12-24T17:56:56.862+0000] {processor.py:183} INFO - Processing /home/airflow/.local/lib/python3.8/site-packages/airflow/example_dags/plugins/listener_plugin.py took 0.024 seconds
[2025-12-24T17:57:27.918+0000] {processor.py:161} INFO - Started process (PID=16191) to work on /home/airflow/.local/lib/python3.8/site-packages/airflow/example_dags/plugins/listener_plugin.py
[2025-12-24T17:57:27.919+0000] {processor.py:830} INFO - Processing file /home/airflow/.local/lib/python3.8/site-packages/airflow/example_dags/plugins/listener_plugin.py for tasks to queue
[2025-12-24T17:57:27.921+0000] {logging_mixin.py:188} INFO - [2025-12-24T17:57:27.920+0000] {dagbag.py:538} INFO - Filling up the DagBag from /home/airflow/.local/lib/python3.8/site-packages/airflow/example_dags/plugins/listener_plugin.py
[2025-12-24T17:57:27.924+0000] {processor.py:842} WARNING - No viable dags retrieved from /home/airflow/.local/lib/python3.8/site-packages/airflow/example_dags/plugins/listener_plugin.py
[2025-12-24T17:57:27.943+0000] {processor.py:183} INFO - Processing /home/airflow/.local/lib/python3.8/site-packages/airflow/example_dags/plugins/listener_plugin.py took 0.029 seconds
[2025-12-24T17:57:58.078+0000] {processor.py:161} INFO - Started process (PID=16248) to work on /home/airflow/.local/lib/python3.8/site-packages/airflow/example_dags/plugins/listener_plugin.py
[2025-12-24T17:57:58.079+0000] {processor.py:830} INFO - Processing file /home/airflow/.local/lib/python3.8/site-packages/airflow/example_dags/plugins/listener_plugin.py for tasks to queue
[2025-12-24T17:57:58.081+0000] {logging_mixin.py:188} INFO - [2025-12-24T17:57:58.080+0000] {dagbag.py:538} INFO - Filling up the DagBag from /home/airflow/.local/lib/python3.8/site-packages/airflow/example_dags/plugins/listener_plugin.py
[2025-12-24T17:57:58.083+0000] {processor.py:842} WARNING - No viable dags retrieved from /home/airflow/.local/lib/python3.8/site-packages/airflow/example_dags/plugins/listener_plugin.py
[2025-12-24T17:57:58.098+0000] {processor.py:183} INFO - Processing /home/airflow/.local/lib/python3.8/site-packages/airflow/example_dags/plugins/listener_plugin.py took 0.024 seconds
[2025-12-24T17:58:28.514+0000] {processor.py:161} INFO - Started process (PID=16305) to work on /home/airflow/.local/lib/python3.8/site-packages/airflow/example_dags/plugins/listener_plugin.py
[2025-12-24T17:58:28.515+0000] {processor.py:830} INFO - Processing file /home/airflow/.local/lib/python3.8/site-packages/airflow/example_dags/plugins/listener_plugin.py for tasks to queue
[2025-12-24T17:58:28.517+0000] {logging_mixin.py:188} INFO - [2025-12-24T17:58:28.516+0000] {dagbag.py:538} INFO - Filling up the DagBag from /home/airflow/.local/lib/python3.8/site-packages/airflow/example_dags/plugins/listener_plugin.py
[2025-12-24T17:58:28.521+0000] {processor.py:842} WARNING - No viable dags retrieved from /home/airflow/.local/lib/python3.8/site-packages/airflow/example_dags/plugins/listener_plugin.py
[2025-12-24T17:58:28.538+0000] {processor.py:183} INFO - Processing /home/airflow/.local/lib/python3.8/site-packages/airflow/example_dags/plugins/listener_plugin.py took 0.028 seconds
[2025-12-24T17:58:59.539+0000] {processor.py:161} INFO - Started process (PID=16363) to work on /home/airflow/.local/lib/python3.8/site-packages/airflow/example_dags/plugins/listener_plugin.py
[2025-12-24T17:58:59.540+0000] {processor.py:830} INFO - Processing file /home/airflow/.local/lib/python3.8/site-packages/airflow/example_dags/plugins/listener_plugin.py for tasks to queue
[2025-12-24T17:58:59.541+0000] {logging_mixin.py:188} INFO - [2025-12-24T17:58:59.541+0000] {dagbag.py:538} INFO - Filling up the DagBag from /home/airflow/.local/lib/python3.8/site-packages/airflow/example_dags/plugins/listener_plugin.py
[2025-12-24T17:58:59.545+0000] {processor.py:842} WARNING - No viable dags retrieved from /home/airflow/.local/lib/python3.8/site-packages/airflow/example_dags/plugins/listener_plugin.py
[2025-12-24T17:58:59.560+0000] {processor.py:183} INFO - Processing /home/airflow/.local/lib/python3.8/site-packages/airflow/example_dags/plugins/listener_plugin.py took 0.025 seconds
[2025-12-24T17:59:29.982+0000] {processor.py:161} INFO - Started process (PID=16420) to work on /home/airflow/.local/lib/python3.8/site-packages/airflow/example_dags/plugins/listener_plugin.py
[2025-12-24T17:59:29.983+0000] {processor.py:830} INFO - Processing file /home/airflow/.local/lib/python3.8/site-packages/airflow/example_dags/plugins/listener_plugin.py for tasks to queue
[2025-12-24T17:59:29.984+0000] {logging_mixin.py:188} INFO - [2025-12-24T17:59:29.984+0000] {dagbag.py:538} INFO - Filling up the DagBag from /home/airflow/.local/lib/python3.8/site-packages/airflow/example_dags/plugins/listener_plugin.py
[2025-12-24T17:59:29.988+0000] {processor.py:842} WARNING - No viable dags retrieved from /home/airflow/.local/lib/python3.8/site-packages/airflow/example_dags/plugins/listener_plugin.py
[2025-12-24T17:59:30.003+0000] {processor.py:183} INFO - Processing /home/airflow/.local/lib/python3.8/site-packages/airflow/example_dags/plugins/listener_plugin.py took 0.025 seconds
[2025-12-24T18:00:00.172+0000] {processor.py:161} INFO - Started process (PID=16477) to work on /home/airflow/.local/lib/python3.8/site-packages/airflow/example_dags/plugins/listener_plugin.py
[2025-12-24T18:00:00.173+0000] {processor.py:830} INFO - Processing file /home/airflow/.local/lib/python3.8/site-packages/airflow/example_dags/plugins/listener_plugin.py for tasks to queue
[2025-12-24T18:00:00.174+0000] {logging_mixin.py:188} INFO - [2025-12-24T18:00:00.174+0000] {dagbag.py:538} INFO - Filling up the DagBag from /home/airflow/.local/lib/python3.8/site-packages/airflow/example_dags/plugins/listener_plugin.py
[2025-12-24T18:00:00.177+0000] {processor.py:842} WARNING - No viable dags retrieved from /home/airflow/.local/lib/python3.8/site-packages/airflow/example_dags/plugins/listener_plugin.py
[2025-12-24T18:00:00.192+0000] {processor.py:183} INFO - Processing /home/airflow/.local/lib/python3.8/site-packages/airflow/example_dags/plugins/listener_plugin.py took 0.024 seconds
[2025-12-24T18:00:30.369+0000] {processor.py:161} INFO - Started process (PID=16534) to work on /home/airflow/.local/lib/python3.8/site-packages/airflow/example_dags/plugins/listener_plugin.py
[2025-12-24T18:00:30.370+0000] {processor.py:830} INFO - Processing file /home/airflow/.local/lib/python3.8/site-packages/airflow/example_dags/plugins/listener_plugin.py for tasks to queue
[2025-12-24T18:00:30.371+0000] {logging_mixin.py:188} INFO - [2025-12-24T18:00:30.371+0000] {dagbag.py:538} INFO - Filling up the DagBag from /home/airflow/.local/lib/python3.8/site-packages/airflow/example_dags/plugins/listener_plugin.py
[2025-12-24T18:00:30.375+0000] {processor.py:842} WARNING - No viable dags retrieved from /home/airflow/.local/lib/python3.8/site-packages/airflow/example_dags/plugins/listener_plugin.py
[2025-12-24T18:00:30.389+0000] {processor.py:183} INFO - Processing /home/airflow/.local/lib/python3.8/site-packages/airflow/example_dags/plugins/listener_plugin.py took 0.025 seconds
[2025-12-24T18:01:00.645+0000] {processor.py:161} INFO - Started process (PID=16591) to work on /home/airflow/.local/lib/python3.8/site-packages/airflow/example_dags/plugins/listener_plugin.py
[2025-12-24T18:01:00.646+0000] {processor.py:830} INFO - Processing file /home/airflow/.local/lib/python3.8/site-packages/airflow/example_dags/plugins/listener_plugin.py for tasks to queue
[2025-12-24T18:01:00.647+0000] {logging_mixin.py:188} INFO - [2025-12-24T18:01:00.647+0000] {dagbag.py:538} INFO - Filling up the DagBag from /home/airflow/.local/lib/python3.8/site-packages/airflow/example_dags/plugins/listener_plugin.py
[2025-12-24T18:01:00.650+0000] {processor.py:842} WARNING - No viable dags retrieved from /home/airflow/.local/lib/python3.8/site-packages/airflow/example_dags/plugins/listener_plugin.py
[2025-12-24T18:01:00.666+0000] {processor.py:183} INFO - Processing /home/airflow/.local/lib/python3.8/site-packages/airflow/example_dags/plugins/listener_plugin.py took 0.025 seconds
[2025-12-24T18:01:30.882+0000] {processor.py:161} INFO - Started process (PID=16648) to work on /home/airflow/.local/lib/python3.8/site-packages/airflow/example_dags/plugins/listener_plugin.py
[2025-12-24T18:01:30.884+0000] {processor.py:830} INFO - Processing file /home/airflow/.local/lib/python3.8/site-packages/airflow/example_dags/plugins/listener_plugin.py for tasks to queue
[2025-12-24T18:01:30.885+0000] {logging_mixin.py:188} INFO - [2025-12-24T18:01:30.884+0000] {dagbag.py:538} INFO - Filling up the DagBag from /home/airflow/.local/lib/python3.8/site-packages/airflow/example_dags/plugins/listener_plugin.py
[2025-12-24T18:01:30.888+0000] {processor.py:842} WARNING - No viable dags retrieved from /home/airflow/.local/lib/python3.8/site-packages/airflow/example_dags/plugins/listener_plugin.py
[2025-12-24T18:01:30.901+0000] {processor.py:183} INFO - Processing /home/airflow/.local/lib/python3.8/site-packages/airflow/example_dags/plugins/listener_plugin.py took 0.023 seconds
[2025-12-24T18:02:01.209+0000] {processor.py:161} INFO - Started process (PID=16705) to work on /home/airflow/.local/lib/python3.8/site-packages/airflow/example_dags/plugins/listener_plugin.py
[2025-12-24T18:02:01.210+0000] {processor.py:830} INFO - Processing file /home/airflow/.local/lib/python3.8/site-packages/airflow/example_dags/plugins/listener_plugin.py for tasks to queue
[2025-12-24T18:02:01.211+0000] {logging_mixin.py:188} INFO - [2025-12-24T18:02:01.211+0000] {dagbag.py:538} INFO - Filling up the DagBag from /home/airflow/.local/lib/python3.8/site-packages/airflow/example_dags/plugins/listener_plugin.py
[2025-12-24T18:02:01.214+0000] {processor.py:842} WARNING - No viable dags retrieved from /home/airflow/.local/lib/python3.8/site-packages/airflow/example_dags/plugins/listener_plugin.py
[2025-12-24T18:02:01.228+0000] {processor.py:183} INFO - Processing /home/airflow/.local/lib/python3.8/site-packages/airflow/example_dags/plugins/listener_plugin.py took 0.023 seconds
[2025-12-24T18:02:31.545+0000] {processor.py:161} INFO - Started process (PID=16762) to work on /home/airflow/.local/lib/python3.8/site-packages/airflow/example_dags/plugins/listener_plugin.py
[2025-12-24T18:02:31.546+0000] {processor.py:830} INFO - Processing file /home/airflow/.local/lib/python3.8/site-packages/airflow/example_dags/plugins/listener_plugin.py for tasks to queue
[2025-12-24T18:02:31.547+0000] {logging_mixin.py:188} INFO - [2025-12-24T18:02:31.547+0000] {dagbag.py:538} INFO - Filling up the DagBag from /home/airflow/.local/lib/python3.8/site-packages/airflow/example_dags/plugins/listener_plugin.py
[2025-12-24T18:02:31.550+0000] {processor.py:842} WARNING - No viable dags retrieved from /home/airflow/.local/lib/python3.8/site-packages/airflow/example_dags/plugins/listener_plugin.py
[2025-12-24T18:02:31.564+0000] {processor.py:183} INFO - Processing /home/airflow/.local/lib/python3.8/site-packages/airflow/example_dags/plugins/listener_plugin.py took 0.024 seconds
[2025-12-24T18:03:01.785+0000] {processor.py:161} INFO - Started process (PID=16819) to work on /home/airflow/.local/lib/python3.8/site-packages/airflow/example_dags/plugins/listener_plugin.py
[2025-12-24T18:03:01.786+0000] {processor.py:830} INFO - Processing file /home/airflow/.local/lib/python3.8/site-packages/airflow/example_dags/plugins/listener_plugin.py for tasks to queue
[2025-12-24T18:03:01.788+0000] {logging_mixin.py:188} INFO - [2025-12-24T18:03:01.787+0000] {dagbag.py:538} INFO - Filling up the DagBag from /home/airflow/.local/lib/python3.8/site-packages/airflow/example_dags/plugins/listener_plugin.py
[2025-12-24T18:03:01.792+0000] {processor.py:842} WARNING - No viable dags retrieved from /home/airflow/.local/lib/python3.8/site-packages/airflow/example_dags/plugins/listener_plugin.py
[2025-12-24T18:03:01.806+0000] {processor.py:183} INFO - Processing /home/airflow/.local/lib/python3.8/site-packages/airflow/example_dags/plugins/listener_plugin.py took 0.025 seconds
[2025-12-24T18:03:32.204+0000] {processor.py:161} INFO - Started process (PID=16876) to work on /home/airflow/.local/lib/python3.8/site-packages/airflow/example_dags/plugins/listener_plugin.py
[2025-12-24T18:03:32.205+0000] {processor.py:830} INFO - Processing file /home/airflow/.local/lib/python3.8/site-packages/airflow/example_dags/plugins/listener_plugin.py for tasks to queue
[2025-12-24T18:03:32.206+0000] {logging_mixin.py:188} INFO - [2025-12-24T18:03:32.206+0000] {dagbag.py:538} INFO - Filling up the DagBag from /home/airflow/.local/lib/python3.8/site-packages/airflow/example_dags/plugins/listener_plugin.py
[2025-12-24T18:03:32.209+0000] {processor.py:842} WARNING - No viable dags retrieved from /home/airflow/.local/lib/python3.8/site-packages/airflow/example_dags/plugins/listener_plugin.py
[2025-12-24T18:03:32.223+0000] {processor.py:183} INFO - Processing /home/airflow/.local/lib/python3.8/site-packages/airflow/example_dags/plugins/listener_plugin.py took 0.023 seconds
[2025-12-24T18:04:02.540+0000] {processor.py:161} INFO - Started process (PID=16934) to work on /home/airflow/.local/lib/python3.8/site-packages/airflow/example_dags/plugins/listener_plugin.py
[2025-12-24T18:04:02.541+0000] {processor.py:830} INFO - Processing file /home/airflow/.local/lib/python3.8/site-packages/airflow/example_dags/plugins/listener_plugin.py for tasks to queue
[2025-12-24T18:04:02.543+0000] {logging_mixin.py:188} INFO - [2025-12-24T18:04:02.542+0000] {dagbag.py:538} INFO - Filling up the DagBag from /home/airflow/.local/lib/python3.8/site-packages/airflow/example_dags/plugins/listener_plugin.py
[2025-12-24T18:04:02.546+0000] {processor.py:842} WARNING - No viable dags retrieved from /home/airflow/.local/lib/python3.8/site-packages/airflow/example_dags/plugins/listener_plugin.py
[2025-12-24T18:04:02.562+0000] {processor.py:183} INFO - Processing /home/airflow/.local/lib/python3.8/site-packages/airflow/example_dags/plugins/listener_plugin.py took 0.027 seconds
[2025-12-24T18:04:32.763+0000] {processor.py:161} INFO - Started process (PID=16991) to work on /home/airflow/.local/lib/python3.8/site-packages/airflow/example_dags/plugins/listener_plugin.py
[2025-12-24T18:04:32.764+0000] {processor.py:830} INFO - Processing file /home/airflow/.local/lib/python3.8/site-packages/airflow/example_dags/plugins/listener_plugin.py for tasks to queue
[2025-12-24T18:04:32.765+0000] {logging_mixin.py:188} INFO - [2025-12-24T18:04:32.765+0000] {dagbag.py:538} INFO - Filling up the DagBag from /home/airflow/.local/lib/python3.8/site-packages/airflow/example_dags/plugins/listener_plugin.py
[2025-12-24T18:04:32.769+0000] {processor.py:842} WARNING - No viable dags retrieved from /home/airflow/.local/lib/python3.8/site-packages/airflow/example_dags/plugins/listener_plugin.py
[2025-12-24T18:04:32.784+0000] {processor.py:183} INFO - Processing /home/airflow/.local/lib/python3.8/site-packages/airflow/example_dags/plugins/listener_plugin.py took 0.025 seconds
[2025-12-24T18:05:03.018+0000] {processor.py:161} INFO - Started process (PID=17047) to work on /home/airflow/.local/lib/python3.8/site-packages/airflow/example_dags/plugins/listener_plugin.py
[2025-12-24T18:05:03.019+0000] {processor.py:830} INFO - Processing file /home/airflow/.local/lib/python3.8/site-packages/airflow/example_dags/plugins/listener_plugin.py for tasks to queue
[2025-12-24T18:05:03.020+0000] {logging_mixin.py:188} INFO - [2025-12-24T18:05:03.020+0000] {dagbag.py:538} INFO - Filling up the DagBag from /home/airflow/.local/lib/python3.8/site-packages/airflow/example_dags/plugins/listener_plugin.py
[2025-12-24T18:05:03.023+0000] {processor.py:842} WARNING - No viable dags retrieved from /home/airflow/.local/lib/python3.8/site-packages/airflow/example_dags/plugins/listener_plugin.py
[2025-12-24T18:05:03.039+0000] {processor.py:183} INFO - Processing /home/airflow/.local/lib/python3.8/site-packages/airflow/example_dags/plugins/listener_plugin.py took 0.024 seconds
[2025-12-24T18:05:33.755+0000] {processor.py:161} INFO - Started process (PID=17105) to work on /home/airflow/.local/lib/python3.8/site-packages/airflow/example_dags/plugins/listener_plugin.py
[2025-12-24T18:05:33.756+0000] {processor.py:830} INFO - Processing file /home/airflow/.local/lib/python3.8/site-packages/airflow/example_dags/plugins/listener_plugin.py for tasks to queue
[2025-12-24T18:05:33.757+0000] {logging_mixin.py:188} INFO - [2025-12-24T18:05:33.757+0000] {dagbag.py:538} INFO - Filling up the DagBag from /home/airflow/.local/lib/python3.8/site-packages/airflow/example_dags/plugins/listener_plugin.py
[2025-12-24T18:05:33.760+0000] {processor.py:842} WARNING - No viable dags retrieved from /home/airflow/.local/lib/python3.8/site-packages/airflow/example_dags/plugins/listener_plugin.py
[2025-12-24T18:05:33.773+0000] {processor.py:183} INFO - Processing /home/airflow/.local/lib/python3.8/site-packages/airflow/example_dags/plugins/listener_plugin.py took 0.021 seconds
[2025-12-24T18:06:04.018+0000] {processor.py:161} INFO - Started process (PID=17162) to work on /home/airflow/.local/lib/python3.8/site-packages/airflow/example_dags/plugins/listener_plugin.py
[2025-12-24T18:06:04.019+0000] {processor.py:830} INFO - Processing file /home/airflow/.local/lib/python3.8/site-packages/airflow/example_dags/plugins/listener_plugin.py for tasks to queue
[2025-12-24T18:06:04.020+0000] {logging_mixin.py:188} INFO - [2025-12-24T18:06:04.020+0000] {dagbag.py:538} INFO - Filling up the DagBag from /home/airflow/.local/lib/python3.8/site-packages/airflow/example_dags/plugins/listener_plugin.py
[2025-12-24T18:06:04.024+0000] {processor.py:842} WARNING - No viable dags retrieved from /home/airflow/.local/lib/python3.8/site-packages/airflow/example_dags/plugins/listener_plugin.py
[2025-12-24T18:06:04.041+0000] {processor.py:183} INFO - Processing /home/airflow/.local/lib/python3.8/site-packages/airflow/example_dags/plugins/listener_plugin.py took 0.027 seconds
[2025-12-24T18:06:35.099+0000] {processor.py:161} INFO - Started process (PID=17219) to work on /home/airflow/.local/lib/python3.8/site-packages/airflow/example_dags/plugins/listener_plugin.py
[2025-12-24T18:06:35.100+0000] {processor.py:830} INFO - Processing file /home/airflow/.local/lib/python3.8/site-packages/airflow/example_dags/plugins/listener_plugin.py for tasks to queue
[2025-12-24T18:06:35.101+0000] {logging_mixin.py:188} INFO - [2025-12-24T18:06:35.101+0000] {dagbag.py:538} INFO - Filling up the DagBag from /home/airflow/.local/lib/python3.8/site-packages/airflow/example_dags/plugins/listener_plugin.py
[2025-12-24T18:06:35.104+0000] {processor.py:842} WARNING - No viable dags retrieved from /home/airflow/.local/lib/python3.8/site-packages/airflow/example_dags/plugins/listener_plugin.py
[2025-12-24T18:06:35.124+0000] {processor.py:183} INFO - Processing /home/airflow/.local/lib/python3.8/site-packages/airflow/example_dags/plugins/listener_plugin.py took 0.031 seconds
[2025-12-24T18:07:05.371+0000] {processor.py:161} INFO - Started process (PID=17275) to work on /home/airflow/.local/lib/python3.8/site-packages/airflow/example_dags/plugins/listener_plugin.py
[2025-12-24T18:07:05.372+0000] {processor.py:830} INFO - Processing file /home/airflow/.local/lib/python3.8/site-packages/airflow/example_dags/plugins/listener_plugin.py for tasks to queue
[2025-12-24T18:07:05.374+0000] {logging_mixin.py:188} INFO - [2025-12-24T18:07:05.373+0000] {dagbag.py:538} INFO - Filling up the DagBag from /home/airflow/.local/lib/python3.8/site-packages/airflow/example_dags/plugins/listener_plugin.py
[2025-12-24T18:07:05.378+0000] {processor.py:842} WARNING - No viable dags retrieved from /home/airflow/.local/lib/python3.8/site-packages/airflow/example_dags/plugins/listener_plugin.py
[2025-12-24T18:07:05.395+0000] {processor.py:183} INFO - Processing /home/airflow/.local/lib/python3.8/site-packages/airflow/example_dags/plugins/listener_plugin.py took 0.029 seconds
[2025-12-24T18:07:35.612+0000] {processor.py:161} INFO - Started process (PID=17332) to work on /home/airflow/.local/lib/python3.8/site-packages/airflow/example_dags/plugins/listener_plugin.py
[2025-12-24T18:07:35.614+0000] {processor.py:830} INFO - Processing file /home/airflow/.local/lib/python3.8/site-packages/airflow/example_dags/plugins/listener_plugin.py for tasks to queue
[2025-12-24T18:07:35.615+0000] {logging_mixin.py:188} INFO - [2025-12-24T18:07:35.615+0000] {dagbag.py:538} INFO - Filling up the DagBag from /home/airflow/.local/lib/python3.8/site-packages/airflow/example_dags/plugins/listener_plugin.py
[2025-12-24T18:07:35.619+0000] {processor.py:842} WARNING - No viable dags retrieved from /home/airflow/.local/lib/python3.8/site-packages/airflow/example_dags/plugins/listener_plugin.py
[2025-12-24T18:07:35.635+0000] {processor.py:183} INFO - Processing /home/airflow/.local/lib/python3.8/site-packages/airflow/example_dags/plugins/listener_plugin.py took 0.027 seconds
[2025-12-24T18:08:05.733+0000] {processor.py:161} INFO - Started process (PID=17389) to work on /home/airflow/.local/lib/python3.8/site-packages/airflow/example_dags/plugins/listener_plugin.py
[2025-12-24T18:08:05.735+0000] {processor.py:830} INFO - Processing file /home/airflow/.local/lib/python3.8/site-packages/airflow/example_dags/plugins/listener_plugin.py for tasks to queue
[2025-12-24T18:08:05.736+0000] {logging_mixin.py:188} INFO - [2025-12-24T18:08:05.736+0000] {dagbag.py:538} INFO - Filling up the DagBag from /home/airflow/.local/lib/python3.8/site-packages/airflow/example_dags/plugins/listener_plugin.py
[2025-12-24T18:08:05.739+0000] {processor.py:842} WARNING - No viable dags retrieved from /home/airflow/.local/lib/python3.8/site-packages/airflow/example_dags/plugins/listener_plugin.py
[2025-12-24T18:08:05.753+0000] {processor.py:183} INFO - Processing /home/airflow/.local/lib/python3.8/site-packages/airflow/example_dags/plugins/listener_plugin.py took 0.023 seconds
[2025-12-24T18:08:36.178+0000] {processor.py:161} INFO - Started process (PID=17446) to work on /home/airflow/.local/lib/python3.8/site-packages/airflow/example_dags/plugins/listener_plugin.py
[2025-12-24T18:08:36.179+0000] {processor.py:830} INFO - Processing file /home/airflow/.local/lib/python3.8/site-packages/airflow/example_dags/plugins/listener_plugin.py for tasks to queue
[2025-12-24T18:08:36.180+0000] {logging_mixin.py:188} INFO - [2025-12-24T18:08:36.180+0000] {dagbag.py:538} INFO - Filling up the DagBag from /home/airflow/.local/lib/python3.8/site-packages/airflow/example_dags/plugins/listener_plugin.py
[2025-12-24T18:08:36.184+0000] {processor.py:842} WARNING - No viable dags retrieved from /home/airflow/.local/lib/python3.8/site-packages/airflow/example_dags/plugins/listener_plugin.py
[2025-12-24T18:08:36.199+0000] {processor.py:183} INFO - Processing /home/airflow/.local/lib/python3.8/site-packages/airflow/example_dags/plugins/listener_plugin.py took 0.025 seconds
[2025-12-24T18:09:06.366+0000] {processor.py:161} INFO - Started process (PID=17503) to work on /home/airflow/.local/lib/python3.8/site-packages/airflow/example_dags/plugins/listener_plugin.py
[2025-12-24T18:09:06.368+0000] {processor.py:830} INFO - Processing file /home/airflow/.local/lib/python3.8/site-packages/airflow/example_dags/plugins/listener_plugin.py for tasks to queue
[2025-12-24T18:09:06.370+0000] {logging_mixin.py:188} INFO - [2025-12-24T18:09:06.370+0000] {dagbag.py:538} INFO - Filling up the DagBag from /home/airflow/.local/lib/python3.8/site-packages/airflow/example_dags/plugins/listener_plugin.py
[2025-12-24T18:09:06.375+0000] {processor.py:842} WARNING - No viable dags retrieved from /home/airflow/.local/lib/python3.8/site-packages/airflow/example_dags/plugins/listener_plugin.py
[2025-12-24T18:09:06.392+0000] {processor.py:183} INFO - Processing /home/airflow/.local/lib/python3.8/site-packages/airflow/example_dags/plugins/listener_plugin.py took 0.029 seconds
[2025-12-24T18:09:36.658+0000] {processor.py:161} INFO - Started process (PID=17560) to work on /home/airflow/.local/lib/python3.8/site-packages/airflow/example_dags/plugins/listener_plugin.py
[2025-12-24T18:09:36.659+0000] {processor.py:830} INFO - Processing file /home/airflow/.local/lib/python3.8/site-packages/airflow/example_dags/plugins/listener_plugin.py for tasks to queue
[2025-12-24T18:09:36.661+0000] {logging_mixin.py:188} INFO - [2025-12-24T18:09:36.660+0000] {dagbag.py:538} INFO - Filling up the DagBag from /home/airflow/.local/lib/python3.8/site-packages/airflow/example_dags/plugins/listener_plugin.py
[2025-12-24T18:09:36.664+0000] {processor.py:842} WARNING - No viable dags retrieved from /home/airflow/.local/lib/python3.8/site-packages/airflow/example_dags/plugins/listener_plugin.py
[2025-12-24T18:09:36.678+0000] {processor.py:183} INFO - Processing /home/airflow/.local/lib/python3.8/site-packages/airflow/example_dags/plugins/listener_plugin.py took 0.024 seconds
[2025-12-24T18:10:06.888+0000] {processor.py:161} INFO - Started process (PID=17617) to work on /home/airflow/.local/lib/python3.8/site-packages/airflow/example_dags/plugins/listener_plugin.py
[2025-12-24T18:10:06.889+0000] {processor.py:830} INFO - Processing file /home/airflow/.local/lib/python3.8/site-packages/airflow/example_dags/plugins/listener_plugin.py for tasks to queue
[2025-12-24T18:10:06.890+0000] {logging_mixin.py:188} INFO - [2025-12-24T18:10:06.890+0000] {dagbag.py:538} INFO - Filling up the DagBag from /home/airflow/.local/lib/python3.8/site-packages/airflow/example_dags/plugins/listener_plugin.py
[2025-12-24T18:10:06.893+0000] {processor.py:842} WARNING - No viable dags retrieved from /home/airflow/.local/lib/python3.8/site-packages/airflow/example_dags/plugins/listener_plugin.py
[2025-12-24T18:10:06.908+0000] {processor.py:183} INFO - Processing /home/airflow/.local/lib/python3.8/site-packages/airflow/example_dags/plugins/listener_plugin.py took 0.024 seconds
[2025-12-24T18:10:37.084+0000] {processor.py:161} INFO - Started process (PID=17674) to work on /home/airflow/.local/lib/python3.8/site-packages/airflow/example_dags/plugins/listener_plugin.py
[2025-12-24T18:10:37.086+0000] {processor.py:830} INFO - Processing file /home/airflow/.local/lib/python3.8/site-packages/airflow/example_dags/plugins/listener_plugin.py for tasks to queue
[2025-12-24T18:10:37.087+0000] {logging_mixin.py:188} INFO - [2025-12-24T18:10:37.086+0000] {dagbag.py:538} INFO - Filling up the DagBag from /home/airflow/.local/lib/python3.8/site-packages/airflow/example_dags/plugins/listener_plugin.py
[2025-12-24T18:10:37.090+0000] {processor.py:842} WARNING - No viable dags retrieved from /home/airflow/.local/lib/python3.8/site-packages/airflow/example_dags/plugins/listener_plugin.py
[2025-12-24T18:10:37.106+0000] {processor.py:183} INFO - Processing /home/airflow/.local/lib/python3.8/site-packages/airflow/example_dags/plugins/listener_plugin.py took 0.026 seconds
[2025-12-24T18:11:07.290+0000] {processor.py:161} INFO - Started process (PID=17732) to work on /home/airflow/.local/lib/python3.8/site-packages/airflow/example_dags/plugins/listener_plugin.py
[2025-12-24T18:11:07.292+0000] {processor.py:830} INFO - Processing file /home/airflow/.local/lib/python3.8/site-packages/airflow/example_dags/plugins/listener_plugin.py for tasks to queue
[2025-12-24T18:11:07.293+0000] {logging_mixin.py:188} INFO - [2025-12-24T18:11:07.293+0000] {dagbag.py:538} INFO - Filling up the DagBag from /home/airflow/.local/lib/python3.8/site-packages/airflow/example_dags/plugins/listener_plugin.py
[2025-12-24T18:11:07.298+0000] {processor.py:842} WARNING - No viable dags retrieved from /home/airflow/.local/lib/python3.8/site-packages/airflow/example_dags/plugins/listener_plugin.py
[2025-12-24T18:11:07.316+0000] {processor.py:183} INFO - Processing /home/airflow/.local/lib/python3.8/site-packages/airflow/example_dags/plugins/listener_plugin.py took 0.030 seconds
[2025-12-24T18:11:37.382+0000] {processor.py:161} INFO - Started process (PID=17789) to work on /home/airflow/.local/lib/python3.8/site-packages/airflow/example_dags/plugins/listener_plugin.py
[2025-12-24T18:11:37.383+0000] {processor.py:830} INFO - Processing file /home/airflow/.local/lib/python3.8/site-packages/airflow/example_dags/plugins/listener_plugin.py for tasks to queue
[2025-12-24T18:11:37.384+0000] {logging_mixin.py:188} INFO - [2025-12-24T18:11:37.384+0000] {dagbag.py:538} INFO - Filling up the DagBag from /home/airflow/.local/lib/python3.8/site-packages/airflow/example_dags/plugins/listener_plugin.py
[2025-12-24T18:11:37.387+0000] {processor.py:842} WARNING - No viable dags retrieved from /home/airflow/.local/lib/python3.8/site-packages/airflow/example_dags/plugins/listener_plugin.py
[2025-12-24T18:11:37.402+0000] {processor.py:183} INFO - Processing /home/airflow/.local/lib/python3.8/site-packages/airflow/example_dags/plugins/listener_plugin.py took 0.024 seconds
[2025-12-24T18:12:07.746+0000] {processor.py:161} INFO - Started process (PID=17845) to work on /home/airflow/.local/lib/python3.8/site-packages/airflow/example_dags/plugins/listener_plugin.py
[2025-12-24T18:12:07.747+0000] {processor.py:830} INFO - Processing file /home/airflow/.local/lib/python3.8/site-packages/airflow/example_dags/plugins/listener_plugin.py for tasks to queue
[2025-12-24T18:12:07.748+0000] {logging_mixin.py:188} INFO - [2025-12-24T18:12:07.748+0000] {dagbag.py:538} INFO - Filling up the DagBag from /home/airflow/.local/lib/python3.8/site-packages/airflow/example_dags/plugins/listener_plugin.py
[2025-12-24T18:12:07.752+0000] {processor.py:842} WARNING - No viable dags retrieved from /home/airflow/.local/lib/python3.8/site-packages/airflow/example_dags/plugins/listener_plugin.py
[2025-12-24T18:12:07.769+0000] {processor.py:183} INFO - Processing /home/airflow/.local/lib/python3.8/site-packages/airflow/example_dags/plugins/listener_plugin.py took 0.029 seconds
[2025-12-24T18:12:38.128+0000] {processor.py:161} INFO - Started process (PID=17902) to work on /home/airflow/.local/lib/python3.8/site-packages/airflow/example_dags/plugins/listener_plugin.py
[2025-12-24T18:12:38.129+0000] {processor.py:830} INFO - Processing file /home/airflow/.local/lib/python3.8/site-packages/airflow/example_dags/plugins/listener_plugin.py for tasks to queue
[2025-12-24T18:12:38.130+0000] {logging_mixin.py:188} INFO - [2025-12-24T18:12:38.130+0000] {dagbag.py:538} INFO - Filling up the DagBag from /home/airflow/.local/lib/python3.8/site-packages/airflow/example_dags/plugins/listener_plugin.py
[2025-12-24T18:12:38.133+0000] {processor.py:842} WARNING - No viable dags retrieved from /home/airflow/.local/lib/python3.8/site-packages/airflow/example_dags/plugins/listener_plugin.py
[2025-12-24T18:12:38.148+0000] {processor.py:183} INFO - Processing /home/airflow/.local/lib/python3.8/site-packages/airflow/example_dags/plugins/listener_plugin.py took 0.024 seconds
[2025-12-24T18:13:08.479+0000] {processor.py:161} INFO - Started process (PID=17960) to work on /home/airflow/.local/lib/python3.8/site-packages/airflow/example_dags/plugins/listener_plugin.py
[2025-12-24T18:13:08.480+0000] {processor.py:830} INFO - Processing file /home/airflow/.local/lib/python3.8/site-packages/airflow/example_dags/plugins/listener_plugin.py for tasks to queue
[2025-12-24T18:13:08.482+0000] {logging_mixin.py:188} INFO - [2025-12-24T18:13:08.481+0000] {dagbag.py:538} INFO - Filling up the DagBag from /home/airflow/.local/lib/python3.8/site-packages/airflow/example_dags/plugins/listener_plugin.py
[2025-12-24T18:13:08.485+0000] {processor.py:842} WARNING - No viable dags retrieved from /home/airflow/.local/lib/python3.8/site-packages/airflow/example_dags/plugins/listener_plugin.py
[2025-12-24T18:13:08.500+0000] {processor.py:183} INFO - Processing /home/airflow/.local/lib/python3.8/site-packages/airflow/example_dags/plugins/listener_plugin.py took 0.026 seconds
[2025-12-24T18:13:39.108+0000] {processor.py:161} INFO - Started process (PID=18016) to work on /home/airflow/.local/lib/python3.8/site-packages/airflow/example_dags/plugins/listener_plugin.py
[2025-12-24T18:13:39.110+0000] {processor.py:830} INFO - Processing file /home/airflow/.local/lib/python3.8/site-packages/airflow/example_dags/plugins/listener_plugin.py for tasks to queue
[2025-12-24T18:13:39.113+0000] {logging_mixin.py:188} INFO - [2025-12-24T18:13:39.111+0000] {dagbag.py:538} INFO - Filling up the DagBag from /home/airflow/.local/lib/python3.8/site-packages/airflow/example_dags/plugins/listener_plugin.py
[2025-12-24T18:13:39.117+0000] {processor.py:842} WARNING - No viable dags retrieved from /home/airflow/.local/lib/python3.8/site-packages/airflow/example_dags/plugins/listener_plugin.py
[2025-12-24T18:13:39.136+0000] {processor.py:183} INFO - Processing /home/airflow/.local/lib/python3.8/site-packages/airflow/example_dags/plugins/listener_plugin.py took 0.033 seconds
[2025-12-24T18:14:09.592+0000] {processor.py:161} INFO - Started process (PID=18073) to work on /home/airflow/.local/lib/python3.8/site-packages/airflow/example_dags/plugins/listener_plugin.py
[2025-12-24T18:14:09.593+0000] {processor.py:830} INFO - Processing file /home/airflow/.local/lib/python3.8/site-packages/airflow/example_dags/plugins/listener_plugin.py for tasks to queue
[2025-12-24T18:14:09.595+0000] {logging_mixin.py:188} INFO - [2025-12-24T18:14:09.594+0000] {dagbag.py:538} INFO - Filling up the DagBag from /home/airflow/.local/lib/python3.8/site-packages/airflow/example_dags/plugins/listener_plugin.py
[2025-12-24T18:14:09.599+0000] {processor.py:842} WARNING - No viable dags retrieved from /home/airflow/.local/lib/python3.8/site-packages/airflow/example_dags/plugins/listener_plugin.py
[2025-12-24T18:14:09.615+0000] {processor.py:183} INFO - Processing /home/airflow/.local/lib/python3.8/site-packages/airflow/example_dags/plugins/listener_plugin.py took 0.027 seconds
[2025-12-24T18:14:39.750+0000] {processor.py:161} INFO - Started process (PID=18130) to work on /home/airflow/.local/lib/python3.8/site-packages/airflow/example_dags/plugins/listener_plugin.py
[2025-12-24T18:14:39.752+0000] {processor.py:830} INFO - Processing file /home/airflow/.local/lib/python3.8/site-packages/airflow/example_dags/plugins/listener_plugin.py for tasks to queue
[2025-12-24T18:14:39.753+0000] {logging_mixin.py:188} INFO - [2025-12-24T18:14:39.753+0000] {dagbag.py:538} INFO - Filling up the DagBag from /home/airflow/.local/lib/python3.8/site-packages/airflow/example_dags/plugins/listener_plugin.py
[2025-12-24T18:14:39.763+0000] {processor.py:842} WARNING - No viable dags retrieved from /home/airflow/.local/lib/python3.8/site-packages/airflow/example_dags/plugins/listener_plugin.py
[2025-12-24T18:14:39.783+0000] {processor.py:183} INFO - Processing /home/airflow/.local/lib/python3.8/site-packages/airflow/example_dags/plugins/listener_plugin.py took 0.037 seconds
[2025-12-24T18:15:10.044+0000] {processor.py:161} INFO - Started process (PID=18186) to work on /home/airflow/.local/lib/python3.8/site-packages/airflow/example_dags/plugins/listener_plugin.py
[2025-12-24T18:15:10.046+0000] {processor.py:830} INFO - Processing file /home/airflow/.local/lib/python3.8/site-packages/airflow/example_dags/plugins/listener_plugin.py for tasks to queue
[2025-12-24T18:15:10.047+0000] {logging_mixin.py:188} INFO - [2025-12-24T18:15:10.047+0000] {dagbag.py:538} INFO - Filling up the DagBag from /home/airflow/.local/lib/python3.8/site-packages/airflow/example_dags/plugins/listener_plugin.py
[2025-12-24T18:15:10.051+0000] {processor.py:842} WARNING - No viable dags retrieved from /home/airflow/.local/lib/python3.8/site-packages/airflow/example_dags/plugins/listener_plugin.py
[2025-12-24T18:15:10.073+0000] {processor.py:183} INFO - Processing /home/airflow/.local/lib/python3.8/site-packages/airflow/example_dags/plugins/listener_plugin.py took 0.035 seconds
[2025-12-24T18:15:40.453+0000] {processor.py:161} INFO - Started process (PID=18243) to work on /home/airflow/.local/lib/python3.8/site-packages/airflow/example_dags/plugins/listener_plugin.py
[2025-12-24T18:15:40.454+0000] {processor.py:830} INFO - Processing file /home/airflow/.local/lib/python3.8/site-packages/airflow/example_dags/plugins/listener_plugin.py for tasks to queue
[2025-12-24T18:15:40.455+0000] {logging_mixin.py:188} INFO - [2025-12-24T18:15:40.455+0000] {dagbag.py:538} INFO - Filling up the DagBag from /home/airflow/.local/lib/python3.8/site-packages/airflow/example_dags/plugins/listener_plugin.py
[2025-12-24T18:15:40.458+0000] {processor.py:842} WARNING - No viable dags retrieved from /home/airflow/.local/lib/python3.8/site-packages/airflow/example_dags/plugins/listener_plugin.py
[2025-12-24T18:15:40.474+0000] {processor.py:183} INFO - Processing /home/airflow/.local/lib/python3.8/site-packages/airflow/example_dags/plugins/listener_plugin.py took 0.025 seconds
[2025-12-24T18:16:10.606+0000] {processor.py:161} INFO - Started process (PID=18300) to work on /home/airflow/.local/lib/python3.8/site-packages/airflow/example_dags/plugins/listener_plugin.py
[2025-12-24T18:16:10.609+0000] {processor.py:830} INFO - Processing file /home/airflow/.local/lib/python3.8/site-packages/airflow/example_dags/plugins/listener_plugin.py for tasks to queue
[2025-12-24T18:16:10.611+0000] {logging_mixin.py:188} INFO - [2025-12-24T18:16:10.611+0000] {dagbag.py:538} INFO - Filling up the DagBag from /home/airflow/.local/lib/python3.8/site-packages/airflow/example_dags/plugins/listener_plugin.py
[2025-12-24T18:16:10.615+0000] {processor.py:842} WARNING - No viable dags retrieved from /home/airflow/.local/lib/python3.8/site-packages/airflow/example_dags/plugins/listener_plugin.py
[2025-12-24T18:16:10.633+0000] {processor.py:183} INFO - Processing /home/airflow/.local/lib/python3.8/site-packages/airflow/example_dags/plugins/listener_plugin.py took 0.033 seconds
[2025-12-24T18:16:41.050+0000] {processor.py:161} INFO - Started process (PID=18357) to work on /home/airflow/.local/lib/python3.8/site-packages/airflow/example_dags/plugins/listener_plugin.py
[2025-12-24T18:16:41.051+0000] {processor.py:830} INFO - Processing file /home/airflow/.local/lib/python3.8/site-packages/airflow/example_dags/plugins/listener_plugin.py for tasks to queue
[2025-12-24T18:16:41.053+0000] {logging_mixin.py:188} INFO - [2025-12-24T18:16:41.052+0000] {dagbag.py:538} INFO - Filling up the DagBag from /home/airflow/.local/lib/python3.8/site-packages/airflow/example_dags/plugins/listener_plugin.py
[2025-12-24T18:16:41.061+0000] {processor.py:842} WARNING - No viable dags retrieved from /home/airflow/.local/lib/python3.8/site-packages/airflow/example_dags/plugins/listener_plugin.py
[2025-12-24T18:16:41.084+0000] {processor.py:183} INFO - Processing /home/airflow/.local/lib/python3.8/site-packages/airflow/example_dags/plugins/listener_plugin.py took 0.040 seconds
[2025-12-24T18:17:11.185+0000] {processor.py:161} INFO - Started process (PID=18414) to work on /home/airflow/.local/lib/python3.8/site-packages/airflow/example_dags/plugins/listener_plugin.py
[2025-12-24T18:17:11.186+0000] {processor.py:830} INFO - Processing file /home/airflow/.local/lib/python3.8/site-packages/airflow/example_dags/plugins/listener_plugin.py for tasks to queue
[2025-12-24T18:17:11.187+0000] {logging_mixin.py:188} INFO - [2025-12-24T18:17:11.187+0000] {dagbag.py:538} INFO - Filling up the DagBag from /home/airflow/.local/lib/python3.8/site-packages/airflow/example_dags/plugins/listener_plugin.py
[2025-12-24T18:17:11.190+0000] {processor.py:842} WARNING - No viable dags retrieved from /home/airflow/.local/lib/python3.8/site-packages/airflow/example_dags/plugins/listener_plugin.py
[2025-12-24T18:17:11.206+0000] {processor.py:183} INFO - Processing /home/airflow/.local/lib/python3.8/site-packages/airflow/example_dags/plugins/listener_plugin.py took 0.025 seconds
[2025-12-24T18:17:41.415+0000] {processor.py:161} INFO - Started process (PID=18477) to work on /home/airflow/.local/lib/python3.8/site-packages/airflow/example_dags/plugins/listener_plugin.py
[2025-12-24T18:17:41.417+0000] {processor.py:830} INFO - Processing file /home/airflow/.local/lib/python3.8/site-packages/airflow/example_dags/plugins/listener_plugin.py for tasks to queue
[2025-12-24T18:17:41.418+0000] {logging_mixin.py:188} INFO - [2025-12-24T18:17:41.417+0000] {dagbag.py:538} INFO - Filling up the DagBag from /home/airflow/.local/lib/python3.8/site-packages/airflow/example_dags/plugins/listener_plugin.py
[2025-12-24T18:17:41.421+0000] {processor.py:842} WARNING - No viable dags retrieved from /home/airflow/.local/lib/python3.8/site-packages/airflow/example_dags/plugins/listener_plugin.py
[2025-12-24T18:17:41.438+0000] {processor.py:183} INFO - Processing /home/airflow/.local/lib/python3.8/site-packages/airflow/example_dags/plugins/listener_plugin.py took 0.027 seconds
[2025-12-24T18:18:11.625+0000] {processor.py:161} INFO - Started process (PID=18534) to work on /home/airflow/.local/lib/python3.8/site-packages/airflow/example_dags/plugins/listener_plugin.py
[2025-12-24T18:18:11.626+0000] {processor.py:830} INFO - Processing file /home/airflow/.local/lib/python3.8/site-packages/airflow/example_dags/plugins/listener_plugin.py for tasks to queue
[2025-12-24T18:18:11.627+0000] {logging_mixin.py:188} INFO - [2025-12-24T18:18:11.626+0000] {dagbag.py:538} INFO - Filling up the DagBag from /home/airflow/.local/lib/python3.8/site-packages/airflow/example_dags/plugins/listener_plugin.py
[2025-12-24T18:18:11.630+0000] {processor.py:842} WARNING - No viable dags retrieved from /home/airflow/.local/lib/python3.8/site-packages/airflow/example_dags/plugins/listener_plugin.py
[2025-12-24T18:18:11.645+0000] {processor.py:183} INFO - Processing /home/airflow/.local/lib/python3.8/site-packages/airflow/example_dags/plugins/listener_plugin.py took 0.024 seconds
[2025-12-24T18:18:42.058+0000] {processor.py:161} INFO - Started process (PID=18591) to work on /home/airflow/.local/lib/python3.8/site-packages/airflow/example_dags/plugins/listener_plugin.py
[2025-12-24T18:18:42.059+0000] {processor.py:830} INFO - Processing file /home/airflow/.local/lib/python3.8/site-packages/airflow/example_dags/plugins/listener_plugin.py for tasks to queue
[2025-12-24T18:18:42.060+0000] {logging_mixin.py:188} INFO - [2025-12-24T18:18:42.059+0000] {dagbag.py:538} INFO - Filling up the DagBag from /home/airflow/.local/lib/python3.8/site-packages/airflow/example_dags/plugins/listener_plugin.py
[2025-12-24T18:18:42.065+0000] {processor.py:842} WARNING - No viable dags retrieved from /home/airflow/.local/lib/python3.8/site-packages/airflow/example_dags/plugins/listener_plugin.py
[2025-12-24T18:18:42.082+0000] {processor.py:183} INFO - Processing /home/airflow/.local/lib/python3.8/site-packages/airflow/example_dags/plugins/listener_plugin.py took 0.028 seconds
[2025-12-24T18:19:12.536+0000] {processor.py:161} INFO - Started process (PID=18648) to work on /home/airflow/.local/lib/python3.8/site-packages/airflow/example_dags/plugins/listener_plugin.py
[2025-12-24T18:19:12.537+0000] {processor.py:830} INFO - Processing file /home/airflow/.local/lib/python3.8/site-packages/airflow/example_dags/plugins/listener_plugin.py for tasks to queue
[2025-12-24T18:19:12.538+0000] {logging_mixin.py:188} INFO - [2025-12-24T18:19:12.538+0000] {dagbag.py:538} INFO - Filling up the DagBag from /home/airflow/.local/lib/python3.8/site-packages/airflow/example_dags/plugins/listener_plugin.py
[2025-12-24T18:19:12.541+0000] {processor.py:842} WARNING - No viable dags retrieved from /home/airflow/.local/lib/python3.8/site-packages/airflow/example_dags/plugins/listener_plugin.py
[2025-12-24T18:19:12.557+0000] {processor.py:183} INFO - Processing /home/airflow/.local/lib/python3.8/site-packages/airflow/example_dags/plugins/listener_plugin.py took 0.025 seconds
[2025-12-24T18:19:42.827+0000] {processor.py:161} INFO - Started process (PID=18705) to work on /home/airflow/.local/lib/python3.8/site-packages/airflow/example_dags/plugins/listener_plugin.py
[2025-12-24T18:19:42.829+0000] {processor.py:830} INFO - Processing file /home/airflow/.local/lib/python3.8/site-packages/airflow/example_dags/plugins/listener_plugin.py for tasks to queue
[2025-12-24T18:19:42.830+0000] {logging_mixin.py:188} INFO - [2025-12-24T18:19:42.830+0000] {dagbag.py:538} INFO - Filling up the DagBag from /home/airflow/.local/lib/python3.8/site-packages/airflow/example_dags/plugins/listener_plugin.py
[2025-12-24T18:19:42.833+0000] {processor.py:842} WARNING - No viable dags retrieved from /home/airflow/.local/lib/python3.8/site-packages/airflow/example_dags/plugins/listener_plugin.py
[2025-12-24T18:19:42.849+0000] {processor.py:183} INFO - Processing /home/airflow/.local/lib/python3.8/site-packages/airflow/example_dags/plugins/listener_plugin.py took 0.025 seconds
[2025-12-24T18:20:13.134+0000] {processor.py:161} INFO - Started process (PID=18762) to work on /home/airflow/.local/lib/python3.8/site-packages/airflow/example_dags/plugins/listener_plugin.py
[2025-12-24T18:20:13.135+0000] {processor.py:830} INFO - Processing file /home/airflow/.local/lib/python3.8/site-packages/airflow/example_dags/plugins/listener_plugin.py for tasks to queue
[2025-12-24T18:20:13.136+0000] {logging_mixin.py:188} INFO - [2025-12-24T18:20:13.136+0000] {dagbag.py:538} INFO - Filling up the DagBag from /home/airflow/.local/lib/python3.8/site-packages/airflow/example_dags/plugins/listener_plugin.py
[2025-12-24T18:20:13.139+0000] {processor.py:842} WARNING - No viable dags retrieved from /home/airflow/.local/lib/python3.8/site-packages/airflow/example_dags/plugins/listener_plugin.py
[2025-12-24T18:20:13.155+0000] {processor.py:183} INFO - Processing /home/airflow/.local/lib/python3.8/site-packages/airflow/example_dags/plugins/listener_plugin.py took 0.025 seconds
[2025-12-24T18:20:43.238+0000] {processor.py:161} INFO - Started process (PID=18819) to work on /home/airflow/.local/lib/python3.8/site-packages/airflow/example_dags/plugins/listener_plugin.py
[2025-12-24T18:20:43.239+0000] {processor.py:830} INFO - Processing file /home/airflow/.local/lib/python3.8/site-packages/airflow/example_dags/plugins/listener_plugin.py for tasks to queue
[2025-12-24T18:20:43.240+0000] {logging_mixin.py:188} INFO - [2025-12-24T18:20:43.240+0000] {dagbag.py:538} INFO - Filling up the DagBag from /home/airflow/.local/lib/python3.8/site-packages/airflow/example_dags/plugins/listener_plugin.py
[2025-12-24T18:20:43.243+0000] {processor.py:842} WARNING - No viable dags retrieved from /home/airflow/.local/lib/python3.8/site-packages/airflow/example_dags/plugins/listener_plugin.py
[2025-12-24T18:20:43.258+0000] {processor.py:183} INFO - Processing /home/airflow/.local/lib/python3.8/site-packages/airflow/example_dags/plugins/listener_plugin.py took 0.024 seconds
[2025-12-24T18:21:13.887+0000] {processor.py:161} INFO - Started process (PID=18876) to work on /home/airflow/.local/lib/python3.8/site-packages/airflow/example_dags/plugins/listener_plugin.py
[2025-12-24T18:21:13.888+0000] {processor.py:830} INFO - Processing file /home/airflow/.local/lib/python3.8/site-packages/airflow/example_dags/plugins/listener_plugin.py for tasks to queue
[2025-12-24T18:21:13.889+0000] {logging_mixin.py:188} INFO - [2025-12-24T18:21:13.889+0000] {dagbag.py:538} INFO - Filling up the DagBag from /home/airflow/.local/lib/python3.8/site-packages/airflow/example_dags/plugins/listener_plugin.py
[2025-12-24T18:21:13.893+0000] {processor.py:842} WARNING - No viable dags retrieved from /home/airflow/.local/lib/python3.8/site-packages/airflow/example_dags/plugins/listener_plugin.py
[2025-12-24T18:21:13.908+0000] {processor.py:183} INFO - Processing /home/airflow/.local/lib/python3.8/site-packages/airflow/example_dags/plugins/listener_plugin.py took 0.025 seconds
[2025-12-24T18:21:44.020+0000] {processor.py:161} INFO - Started process (PID=18933) to work on /home/airflow/.local/lib/python3.8/site-packages/airflow/example_dags/plugins/listener_plugin.py
[2025-12-24T18:21:44.021+0000] {processor.py:830} INFO - Processing file /home/airflow/.local/lib/python3.8/site-packages/airflow/example_dags/plugins/listener_plugin.py for tasks to queue
[2025-12-24T18:21:44.022+0000] {logging_mixin.py:188} INFO - [2025-12-24T18:21:44.022+0000] {dagbag.py:538} INFO - Filling up the DagBag from /home/airflow/.local/lib/python3.8/site-packages/airflow/example_dags/plugins/listener_plugin.py
[2025-12-24T18:21:44.026+0000] {processor.py:842} WARNING - No viable dags retrieved from /home/airflow/.local/lib/python3.8/site-packages/airflow/example_dags/plugins/listener_plugin.py
[2025-12-24T18:21:44.041+0000] {processor.py:183} INFO - Processing /home/airflow/.local/lib/python3.8/site-packages/airflow/example_dags/plugins/listener_plugin.py took 0.025 seconds
[2025-12-24T18:22:14.283+0000] {processor.py:161} INFO - Started process (PID=18990) to work on /home/airflow/.local/lib/python3.8/site-packages/airflow/example_dags/plugins/listener_plugin.py
[2025-12-24T18:22:14.284+0000] {processor.py:830} INFO - Processing file /home/airflow/.local/lib/python3.8/site-packages/airflow/example_dags/plugins/listener_plugin.py for tasks to queue
[2025-12-24T18:22:14.285+0000] {logging_mixin.py:188} INFO - [2025-12-24T18:22:14.285+0000] {dagbag.py:538} INFO - Filling up the DagBag from /home/airflow/.local/lib/python3.8/site-packages/airflow/example_dags/plugins/listener_plugin.py
[2025-12-24T18:22:14.288+0000] {processor.py:842} WARNING - No viable dags retrieved from /home/airflow/.local/lib/python3.8/site-packages/airflow/example_dags/plugins/listener_plugin.py
[2025-12-24T18:22:14.303+0000] {processor.py:183} INFO - Processing /home/airflow/.local/lib/python3.8/site-packages/airflow/example_dags/plugins/listener_plugin.py took 0.025 seconds
[2025-12-24T18:22:44.565+0000] {processor.py:161} INFO - Started process (PID=19047) to work on /home/airflow/.local/lib/python3.8/site-packages/airflow/example_dags/plugins/listener_plugin.py
[2025-12-24T18:22:44.567+0000] {processor.py:830} INFO - Processing file /home/airflow/.local/lib/python3.8/site-packages/airflow/example_dags/plugins/listener_plugin.py for tasks to queue
[2025-12-24T18:22:44.568+0000] {logging_mixin.py:188} INFO - [2025-12-24T18:22:44.567+0000] {dagbag.py:538} INFO - Filling up the DagBag from /home/airflow/.local/lib/python3.8/site-packages/airflow/example_dags/plugins/listener_plugin.py
[2025-12-24T18:22:44.571+0000] {processor.py:842} WARNING - No viable dags retrieved from /home/airflow/.local/lib/python3.8/site-packages/airflow/example_dags/plugins/listener_plugin.py
[2025-12-24T18:22:44.586+0000] {processor.py:183} INFO - Processing /home/airflow/.local/lib/python3.8/site-packages/airflow/example_dags/plugins/listener_plugin.py took 0.025 seconds
[2025-12-24T18:23:14.722+0000] {processor.py:161} INFO - Started process (PID=19104) to work on /home/airflow/.local/lib/python3.8/site-packages/airflow/example_dags/plugins/listener_plugin.py
[2025-12-24T18:23:14.723+0000] {processor.py:830} INFO - Processing file /home/airflow/.local/lib/python3.8/site-packages/airflow/example_dags/plugins/listener_plugin.py for tasks to queue
[2025-12-24T18:23:14.724+0000] {logging_mixin.py:188} INFO - [2025-12-24T18:23:14.724+0000] {dagbag.py:538} INFO - Filling up the DagBag from /home/airflow/.local/lib/python3.8/site-packages/airflow/example_dags/plugins/listener_plugin.py
[2025-12-24T18:23:14.727+0000] {processor.py:842} WARNING - No viable dags retrieved from /home/airflow/.local/lib/python3.8/site-packages/airflow/example_dags/plugins/listener_plugin.py
[2025-12-24T18:23:14.741+0000] {processor.py:183} INFO - Processing /home/airflow/.local/lib/python3.8/site-packages/airflow/example_dags/plugins/listener_plugin.py took 0.022 seconds
[2025-12-24T18:23:44.982+0000] {processor.py:161} INFO - Started process (PID=19161) to work on /home/airflow/.local/lib/python3.8/site-packages/airflow/example_dags/plugins/listener_plugin.py
[2025-12-24T18:23:44.983+0000] {processor.py:830} INFO - Processing file /home/airflow/.local/lib/python3.8/site-packages/airflow/example_dags/plugins/listener_plugin.py for tasks to queue
[2025-12-24T18:23:44.984+0000] {logging_mixin.py:188} INFO - [2025-12-24T18:23:44.984+0000] {dagbag.py:538} INFO - Filling up the DagBag from /home/airflow/.local/lib/python3.8/site-packages/airflow/example_dags/plugins/listener_plugin.py
[2025-12-24T18:23:44.987+0000] {processor.py:842} WARNING - No viable dags retrieved from /home/airflow/.local/lib/python3.8/site-packages/airflow/example_dags/plugins/listener_plugin.py
[2025-12-24T18:23:45.002+0000] {processor.py:183} INFO - Processing /home/airflow/.local/lib/python3.8/site-packages/airflow/example_dags/plugins/listener_plugin.py took 0.024 seconds
[2025-12-24T18:24:15.197+0000] {processor.py:161} INFO - Started process (PID=19218) to work on /home/airflow/.local/lib/python3.8/site-packages/airflow/example_dags/plugins/listener_plugin.py
[2025-12-24T18:24:15.198+0000] {processor.py:830} INFO - Processing file /home/airflow/.local/lib/python3.8/site-packages/airflow/example_dags/plugins/listener_plugin.py for tasks to queue
[2025-12-24T18:24:15.200+0000] {logging_mixin.py:188} INFO - [2025-12-24T18:24:15.199+0000] {dagbag.py:538} INFO - Filling up the DagBag from /home/airflow/.local/lib/python3.8/site-packages/airflow/example_dags/plugins/listener_plugin.py
[2025-12-24T18:24:15.203+0000] {processor.py:842} WARNING - No viable dags retrieved from /home/airflow/.local/lib/python3.8/site-packages/airflow/example_dags/plugins/listener_plugin.py
[2025-12-24T18:24:15.224+0000] {processor.py:183} INFO - Processing /home/airflow/.local/lib/python3.8/site-packages/airflow/example_dags/plugins/listener_plugin.py took 0.031 seconds
[2025-12-24T18:24:45.418+0000] {processor.py:161} INFO - Started process (PID=19275) to work on /home/airflow/.local/lib/python3.8/site-packages/airflow/example_dags/plugins/listener_plugin.py
[2025-12-24T18:24:45.419+0000] {processor.py:830} INFO - Processing file /home/airflow/.local/lib/python3.8/site-packages/airflow/example_dags/plugins/listener_plugin.py for tasks to queue
[2025-12-24T18:24:45.420+0000] {logging_mixin.py:188} INFO - [2025-12-24T18:24:45.420+0000] {dagbag.py:538} INFO - Filling up the DagBag from /home/airflow/.local/lib/python3.8/site-packages/airflow/example_dags/plugins/listener_plugin.py
[2025-12-24T18:24:45.423+0000] {processor.py:842} WARNING - No viable dags retrieved from /home/airflow/.local/lib/python3.8/site-packages/airflow/example_dags/plugins/listener_plugin.py
[2025-12-24T18:24:45.440+0000] {processor.py:183} INFO - Processing /home/airflow/.local/lib/python3.8/site-packages/airflow/example_dags/plugins/listener_plugin.py took 0.025 seconds
[2025-12-24T18:25:15.928+0000] {processor.py:161} INFO - Started process (PID=19332) to work on /home/airflow/.local/lib/python3.8/site-packages/airflow/example_dags/plugins/listener_plugin.py
[2025-12-24T18:25:15.929+0000] {processor.py:830} INFO - Processing file /home/airflow/.local/lib/python3.8/site-packages/airflow/example_dags/plugins/listener_plugin.py for tasks to queue
[2025-12-24T18:25:15.930+0000] {logging_mixin.py:188} INFO - [2025-12-24T18:25:15.930+0000] {dagbag.py:538} INFO - Filling up the DagBag from /home/airflow/.local/lib/python3.8/site-packages/airflow/example_dags/plugins/listener_plugin.py
[2025-12-24T18:25:15.934+0000] {processor.py:842} WARNING - No viable dags retrieved from /home/airflow/.local/lib/python3.8/site-packages/airflow/example_dags/plugins/listener_plugin.py
[2025-12-24T18:25:15.950+0000] {processor.py:183} INFO - Processing /home/airflow/.local/lib/python3.8/site-packages/airflow/example_dags/plugins/listener_plugin.py took 0.025 seconds
[2025-12-24T18:25:46.327+0000] {processor.py:161} INFO - Started process (PID=19389) to work on /home/airflow/.local/lib/python3.8/site-packages/airflow/example_dags/plugins/listener_plugin.py
[2025-12-24T18:25:46.328+0000] {processor.py:830} INFO - Processing file /home/airflow/.local/lib/python3.8/site-packages/airflow/example_dags/plugins/listener_plugin.py for tasks to queue
[2025-12-24T18:25:46.329+0000] {logging_mixin.py:188} INFO - [2025-12-24T18:25:46.329+0000] {dagbag.py:538} INFO - Filling up the DagBag from /home/airflow/.local/lib/python3.8/site-packages/airflow/example_dags/plugins/listener_plugin.py
[2025-12-24T18:25:46.332+0000] {processor.py:842} WARNING - No viable dags retrieved from /home/airflow/.local/lib/python3.8/site-packages/airflow/example_dags/plugins/listener_plugin.py
[2025-12-24T18:25:46.348+0000] {processor.py:183} INFO - Processing /home/airflow/.local/lib/python3.8/site-packages/airflow/example_dags/plugins/listener_plugin.py took 0.025 seconds
[2025-12-24T18:26:16.630+0000] {processor.py:161} INFO - Started process (PID=19446) to work on /home/airflow/.local/lib/python3.8/site-packages/airflow/example_dags/plugins/listener_plugin.py
[2025-12-24T18:26:16.631+0000] {processor.py:830} INFO - Processing file /home/airflow/.local/lib/python3.8/site-packages/airflow/example_dags/plugins/listener_plugin.py for tasks to queue
[2025-12-24T18:26:16.633+0000] {logging_mixin.py:188} INFO - [2025-12-24T18:26:16.633+0000] {dagbag.py:538} INFO - Filling up the DagBag from /home/airflow/.local/lib/python3.8/site-packages/airflow/example_dags/plugins/listener_plugin.py
[2025-12-24T18:26:16.636+0000] {processor.py:842} WARNING - No viable dags retrieved from /home/airflow/.local/lib/python3.8/site-packages/airflow/example_dags/plugins/listener_plugin.py
[2025-12-24T18:26:16.652+0000] {processor.py:183} INFO - Processing /home/airflow/.local/lib/python3.8/site-packages/airflow/example_dags/plugins/listener_plugin.py took 0.025 seconds
[2025-12-24T18:26:46.823+0000] {processor.py:161} INFO - Started process (PID=19503) to work on /home/airflow/.local/lib/python3.8/site-packages/airflow/example_dags/plugins/listener_plugin.py
[2025-12-24T18:26:46.824+0000] {processor.py:830} INFO - Processing file /home/airflow/.local/lib/python3.8/site-packages/airflow/example_dags/plugins/listener_plugin.py for tasks to queue
[2025-12-24T18:26:46.826+0000] {logging_mixin.py:188} INFO - [2025-12-24T18:26:46.825+0000] {dagbag.py:538} INFO - Filling up the DagBag from /home/airflow/.local/lib/python3.8/site-packages/airflow/example_dags/plugins/listener_plugin.py
[2025-12-24T18:26:46.830+0000] {processor.py:842} WARNING - No viable dags retrieved from /home/airflow/.local/lib/python3.8/site-packages/airflow/example_dags/plugins/listener_plugin.py
[2025-12-24T18:26:46.847+0000] {processor.py:183} INFO - Processing /home/airflow/.local/lib/python3.8/site-packages/airflow/example_dags/plugins/listener_plugin.py took 0.029 seconds
[2025-12-24T18:27:17.083+0000] {processor.py:161} INFO - Started process (PID=19560) to work on /home/airflow/.local/lib/python3.8/site-packages/airflow/example_dags/plugins/listener_plugin.py
[2025-12-24T18:27:17.084+0000] {processor.py:830} INFO - Processing file /home/airflow/.local/lib/python3.8/site-packages/airflow/example_dags/plugins/listener_plugin.py for tasks to queue
[2025-12-24T18:27:17.085+0000] {logging_mixin.py:188} INFO - [2025-12-24T18:27:17.085+0000] {dagbag.py:538} INFO - Filling up the DagBag from /home/airflow/.local/lib/python3.8/site-packages/airflow/example_dags/plugins/listener_plugin.py
[2025-12-24T18:27:17.088+0000] {processor.py:842} WARNING - No viable dags retrieved from /home/airflow/.local/lib/python3.8/site-packages/airflow/example_dags/plugins/listener_plugin.py
[2025-12-24T18:27:17.103+0000] {processor.py:183} INFO - Processing /home/airflow/.local/lib/python3.8/site-packages/airflow/example_dags/plugins/listener_plugin.py took 0.024 seconds
[2025-12-24T18:27:47.318+0000] {processor.py:161} INFO - Started process (PID=19617) to work on /home/airflow/.local/lib/python3.8/site-packages/airflow/example_dags/plugins/listener_plugin.py
[2025-12-24T18:27:47.319+0000] {processor.py:830} INFO - Processing file /home/airflow/.local/lib/python3.8/site-packages/airflow/example_dags/plugins/listener_plugin.py for tasks to queue
[2025-12-24T18:27:47.320+0000] {logging_mixin.py:188} INFO - [2025-12-24T18:27:47.320+0000] {dagbag.py:538} INFO - Filling up the DagBag from /home/airflow/.local/lib/python3.8/site-packages/airflow/example_dags/plugins/listener_plugin.py
[2025-12-24T18:27:47.323+0000] {processor.py:842} WARNING - No viable dags retrieved from /home/airflow/.local/lib/python3.8/site-packages/airflow/example_dags/plugins/listener_plugin.py
[2025-12-24T18:27:47.337+0000] {processor.py:183} INFO - Processing /home/airflow/.local/lib/python3.8/site-packages/airflow/example_dags/plugins/listener_plugin.py took 0.023 seconds
[2025-12-24T18:28:17.969+0000] {processor.py:161} INFO - Started process (PID=19674) to work on /home/airflow/.local/lib/python3.8/site-packages/airflow/example_dags/plugins/listener_plugin.py
[2025-12-24T18:28:17.970+0000] {processor.py:830} INFO - Processing file /home/airflow/.local/lib/python3.8/site-packages/airflow/example_dags/plugins/listener_plugin.py for tasks to queue
[2025-12-24T18:28:17.971+0000] {logging_mixin.py:188} INFO - [2025-12-24T18:28:17.971+0000] {dagbag.py:538} INFO - Filling up the DagBag from /home/airflow/.local/lib/python3.8/site-packages/airflow/example_dags/plugins/listener_plugin.py
[2025-12-24T18:28:17.974+0000] {processor.py:842} WARNING - No viable dags retrieved from /home/airflow/.local/lib/python3.8/site-packages/airflow/example_dags/plugins/listener_plugin.py
[2025-12-24T18:28:17.990+0000] {processor.py:183} INFO - Processing /home/airflow/.local/lib/python3.8/site-packages/airflow/example_dags/plugins/listener_plugin.py took 0.025 seconds
[2025-12-24T18:28:48.196+0000] {processor.py:161} INFO - Started process (PID=19731) to work on /home/airflow/.local/lib/python3.8/site-packages/airflow/example_dags/plugins/listener_plugin.py
[2025-12-24T18:28:48.197+0000] {processor.py:830} INFO - Processing file /home/airflow/.local/lib/python3.8/site-packages/airflow/example_dags/plugins/listener_plugin.py for tasks to queue
[2025-12-24T18:28:48.199+0000] {logging_mixin.py:188} INFO - [2025-12-24T18:28:48.199+0000] {dagbag.py:538} INFO - Filling up the DagBag from /home/airflow/.local/lib/python3.8/site-packages/airflow/example_dags/plugins/listener_plugin.py
[2025-12-24T18:28:48.203+0000] {processor.py:842} WARNING - No viable dags retrieved from /home/airflow/.local/lib/python3.8/site-packages/airflow/example_dags/plugins/listener_plugin.py
[2025-12-24T18:28:48.221+0000] {processor.py:183} INFO - Processing /home/airflow/.local/lib/python3.8/site-packages/airflow/example_dags/plugins/listener_plugin.py took 0.029 seconds
[2025-12-24T18:29:18.574+0000] {processor.py:161} INFO - Started process (PID=19787) to work on /home/airflow/.local/lib/python3.8/site-packages/airflow/example_dags/plugins/listener_plugin.py
[2025-12-24T18:29:18.575+0000] {processor.py:830} INFO - Processing file /home/airflow/.local/lib/python3.8/site-packages/airflow/example_dags/plugins/listener_plugin.py for tasks to queue
[2025-12-24T18:29:18.577+0000] {logging_mixin.py:188} INFO - [2025-12-24T18:29:18.576+0000] {dagbag.py:538} INFO - Filling up the DagBag from /home/airflow/.local/lib/python3.8/site-packages/airflow/example_dags/plugins/listener_plugin.py
[2025-12-24T18:29:18.580+0000] {processor.py:842} WARNING - No viable dags retrieved from /home/airflow/.local/lib/python3.8/site-packages/airflow/example_dags/plugins/listener_plugin.py
[2025-12-24T18:29:18.595+0000] {processor.py:183} INFO - Processing /home/airflow/.local/lib/python3.8/site-packages/airflow/example_dags/plugins/listener_plugin.py took 0.025 seconds
[2025-12-24T18:29:48.992+0000] {processor.py:161} INFO - Started process (PID=19843) to work on /home/airflow/.local/lib/python3.8/site-packages/airflow/example_dags/plugins/listener_plugin.py
[2025-12-24T18:29:48.993+0000] {processor.py:830} INFO - Processing file /home/airflow/.local/lib/python3.8/site-packages/airflow/example_dags/plugins/listener_plugin.py for tasks to queue
[2025-12-24T18:29:48.994+0000] {logging_mixin.py:188} INFO - [2025-12-24T18:29:48.994+0000] {dagbag.py:538} INFO - Filling up the DagBag from /home/airflow/.local/lib/python3.8/site-packages/airflow/example_dags/plugins/listener_plugin.py
[2025-12-24T18:29:48.997+0000] {processor.py:842} WARNING - No viable dags retrieved from /home/airflow/.local/lib/python3.8/site-packages/airflow/example_dags/plugins/listener_plugin.py
[2025-12-24T18:29:49.013+0000] {processor.py:183} INFO - Processing /home/airflow/.local/lib/python3.8/site-packages/airflow/example_dags/plugins/listener_plugin.py took 0.025 seconds
[2025-12-24T18:30:19.238+0000] {processor.py:161} INFO - Started process (PID=19900) to work on /home/airflow/.local/lib/python3.8/site-packages/airflow/example_dags/plugins/listener_plugin.py
[2025-12-24T18:30:19.239+0000] {processor.py:830} INFO - Processing file /home/airflow/.local/lib/python3.8/site-packages/airflow/example_dags/plugins/listener_plugin.py for tasks to queue
[2025-12-24T18:30:19.240+0000] {logging_mixin.py:188} INFO - [2025-12-24T18:30:19.240+0000] {dagbag.py:538} INFO - Filling up the DagBag from /home/airflow/.local/lib/python3.8/site-packages/airflow/example_dags/plugins/listener_plugin.py
[2025-12-24T18:30:19.244+0000] {processor.py:842} WARNING - No viable dags retrieved from /home/airflow/.local/lib/python3.8/site-packages/airflow/example_dags/plugins/listener_plugin.py
[2025-12-24T18:30:19.264+0000] {processor.py:183} INFO - Processing /home/airflow/.local/lib/python3.8/site-packages/airflow/example_dags/plugins/listener_plugin.py took 0.030 seconds
[2025-12-24T18:30:49.514+0000] {processor.py:161} INFO - Started process (PID=19957) to work on /home/airflow/.local/lib/python3.8/site-packages/airflow/example_dags/plugins/listener_plugin.py
[2025-12-24T18:30:49.515+0000] {processor.py:830} INFO - Processing file /home/airflow/.local/lib/python3.8/site-packages/airflow/example_dags/plugins/listener_plugin.py for tasks to queue
[2025-12-24T18:30:49.516+0000] {logging_mixin.py:188} INFO - [2025-12-24T18:30:49.516+0000] {dagbag.py:538} INFO - Filling up the DagBag from /home/airflow/.local/lib/python3.8/site-packages/airflow/example_dags/plugins/listener_plugin.py
[2025-12-24T18:30:49.520+0000] {processor.py:842} WARNING - No viable dags retrieved from /home/airflow/.local/lib/python3.8/site-packages/airflow/example_dags/plugins/listener_plugin.py
[2025-12-24T18:30:49.533+0000] {processor.py:183} INFO - Processing /home/airflow/.local/lib/python3.8/site-packages/airflow/example_dags/plugins/listener_plugin.py took 0.023 seconds
[2025-12-24T18:31:19.719+0000] {processor.py:161} INFO - Started process (PID=20013) to work on /home/airflow/.local/lib/python3.8/site-packages/airflow/example_dags/plugins/listener_plugin.py
[2025-12-24T18:31:19.720+0000] {processor.py:830} INFO - Processing file /home/airflow/.local/lib/python3.8/site-packages/airflow/example_dags/plugins/listener_plugin.py for tasks to queue
[2025-12-24T18:31:19.721+0000] {logging_mixin.py:188} INFO - [2025-12-24T18:31:19.721+0000] {dagbag.py:538} INFO - Filling up the DagBag from /home/airflow/.local/lib/python3.8/site-packages/airflow/example_dags/plugins/listener_plugin.py
[2025-12-24T18:31:19.725+0000] {processor.py:842} WARNING - No viable dags retrieved from /home/airflow/.local/lib/python3.8/site-packages/airflow/example_dags/plugins/listener_plugin.py
[2025-12-24T18:31:19.739+0000] {processor.py:183} INFO - Processing /home/airflow/.local/lib/python3.8/site-packages/airflow/example_dags/plugins/listener_plugin.py took 0.024 seconds
[2025-12-24T18:31:50.191+0000] {processor.py:161} INFO - Started process (PID=20070) to work on /home/airflow/.local/lib/python3.8/site-packages/airflow/example_dags/plugins/listener_plugin.py
[2025-12-24T18:31:50.193+0000] {processor.py:830} INFO - Processing file /home/airflow/.local/lib/python3.8/site-packages/airflow/example_dags/plugins/listener_plugin.py for tasks to queue
[2025-12-24T18:31:50.194+0000] {logging_mixin.py:188} INFO - [2025-12-24T18:31:50.193+0000] {dagbag.py:538} INFO - Filling up the DagBag from /home/airflow/.local/lib/python3.8/site-packages/airflow/example_dags/plugins/listener_plugin.py
[2025-12-24T18:31:50.197+0000] {processor.py:842} WARNING - No viable dags retrieved from /home/airflow/.local/lib/python3.8/site-packages/airflow/example_dags/plugins/listener_plugin.py
[2025-12-24T18:31:50.211+0000] {processor.py:183} INFO - Processing /home/airflow/.local/lib/python3.8/site-packages/airflow/example_dags/plugins/listener_plugin.py took 0.023 seconds
[2025-12-24T18:32:21.260+0000] {processor.py:161} INFO - Started process (PID=20127) to work on /home/airflow/.local/lib/python3.8/site-packages/airflow/example_dags/plugins/listener_plugin.py
[2025-12-24T18:32:21.261+0000] {processor.py:830} INFO - Processing file /home/airflow/.local/lib/python3.8/site-packages/airflow/example_dags/plugins/listener_plugin.py for tasks to queue
[2025-12-24T18:32:21.262+0000] {logging_mixin.py:188} INFO - [2025-12-24T18:32:21.262+0000] {dagbag.py:538} INFO - Filling up the DagBag from /home/airflow/.local/lib/python3.8/site-packages/airflow/example_dags/plugins/listener_plugin.py
[2025-12-24T18:32:21.266+0000] {processor.py:842} WARNING - No viable dags retrieved from /home/airflow/.local/lib/python3.8/site-packages/airflow/example_dags/plugins/listener_plugin.py
[2025-12-24T18:32:21.283+0000] {processor.py:183} INFO - Processing /home/airflow/.local/lib/python3.8/site-packages/airflow/example_dags/plugins/listener_plugin.py took 0.027 seconds
[2025-12-24T18:32:51.568+0000] {processor.py:161} INFO - Started process (PID=20183) to work on /home/airflow/.local/lib/python3.8/site-packages/airflow/example_dags/plugins/listener_plugin.py
[2025-12-24T18:32:51.569+0000] {processor.py:830} INFO - Processing file /home/airflow/.local/lib/python3.8/site-packages/airflow/example_dags/plugins/listener_plugin.py for tasks to queue
[2025-12-24T18:32:51.570+0000] {logging_mixin.py:188} INFO - [2025-12-24T18:32:51.570+0000] {dagbag.py:538} INFO - Filling up the DagBag from /home/airflow/.local/lib/python3.8/site-packages/airflow/example_dags/plugins/listener_plugin.py
[2025-12-24T18:32:51.574+0000] {processor.py:842} WARNING - No viable dags retrieved from /home/airflow/.local/lib/python3.8/site-packages/airflow/example_dags/plugins/listener_plugin.py
[2025-12-24T18:32:51.594+0000] {processor.py:183} INFO - Processing /home/airflow/.local/lib/python3.8/site-packages/airflow/example_dags/plugins/listener_plugin.py took 0.031 seconds
[2025-12-24T18:33:22.155+0000] {processor.py:161} INFO - Started process (PID=20240) to work on /home/airflow/.local/lib/python3.8/site-packages/airflow/example_dags/plugins/listener_plugin.py
[2025-12-24T18:33:22.156+0000] {processor.py:830} INFO - Processing file /home/airflow/.local/lib/python3.8/site-packages/airflow/example_dags/plugins/listener_plugin.py for tasks to queue
[2025-12-24T18:33:22.157+0000] {logging_mixin.py:188} INFO - [2025-12-24T18:33:22.157+0000] {dagbag.py:538} INFO - Filling up the DagBag from /home/airflow/.local/lib/python3.8/site-packages/airflow/example_dags/plugins/listener_plugin.py
[2025-12-24T18:33:22.160+0000] {processor.py:842} WARNING - No viable dags retrieved from /home/airflow/.local/lib/python3.8/site-packages/airflow/example_dags/plugins/listener_plugin.py
[2025-12-24T18:33:22.175+0000] {processor.py:183} INFO - Processing /home/airflow/.local/lib/python3.8/site-packages/airflow/example_dags/plugins/listener_plugin.py took 0.024 seconds
[2025-12-24T18:33:52.588+0000] {processor.py:161} INFO - Started process (PID=20297) to work on /home/airflow/.local/lib/python3.8/site-packages/airflow/example_dags/plugins/listener_plugin.py
[2025-12-24T18:33:52.589+0000] {processor.py:830} INFO - Processing file /home/airflow/.local/lib/python3.8/site-packages/airflow/example_dags/plugins/listener_plugin.py for tasks to queue
[2025-12-24T18:33:52.591+0000] {logging_mixin.py:188} INFO - [2025-12-24T18:33:52.590+0000] {dagbag.py:538} INFO - Filling up the DagBag from /home/airflow/.local/lib/python3.8/site-packages/airflow/example_dags/plugins/listener_plugin.py
[2025-12-24T18:33:52.594+0000] {processor.py:842} WARNING - No viable dags retrieved from /home/airflow/.local/lib/python3.8/site-packages/airflow/example_dags/plugins/listener_plugin.py
[2025-12-24T18:33:52.608+0000] {processor.py:183} INFO - Processing /home/airflow/.local/lib/python3.8/site-packages/airflow/example_dags/plugins/listener_plugin.py took 0.024 seconds
[2025-12-24T18:34:23.001+0000] {processor.py:161} INFO - Started process (PID=20354) to work on /home/airflow/.local/lib/python3.8/site-packages/airflow/example_dags/plugins/listener_plugin.py
[2025-12-24T18:34:23.003+0000] {processor.py:830} INFO - Processing file /home/airflow/.local/lib/python3.8/site-packages/airflow/example_dags/plugins/listener_plugin.py for tasks to queue
[2025-12-24T18:34:23.004+0000] {logging_mixin.py:188} INFO - [2025-12-24T18:34:23.004+0000] {dagbag.py:538} INFO - Filling up the DagBag from /home/airflow/.local/lib/python3.8/site-packages/airflow/example_dags/plugins/listener_plugin.py
[2025-12-24T18:34:23.007+0000] {processor.py:842} WARNING - No viable dags retrieved from /home/airflow/.local/lib/python3.8/site-packages/airflow/example_dags/plugins/listener_plugin.py
[2025-12-24T18:34:23.025+0000] {processor.py:183} INFO - Processing /home/airflow/.local/lib/python3.8/site-packages/airflow/example_dags/plugins/listener_plugin.py took 0.028 seconds
[2025-12-24T18:34:53.473+0000] {processor.py:161} INFO - Started process (PID=20411) to work on /home/airflow/.local/lib/python3.8/site-packages/airflow/example_dags/plugins/listener_plugin.py
[2025-12-24T18:34:53.474+0000] {processor.py:830} INFO - Processing file /home/airflow/.local/lib/python3.8/site-packages/airflow/example_dags/plugins/listener_plugin.py for tasks to queue
[2025-12-24T18:34:53.475+0000] {logging_mixin.py:188} INFO - [2025-12-24T18:34:53.475+0000] {dagbag.py:538} INFO - Filling up the DagBag from /home/airflow/.local/lib/python3.8/site-packages/airflow/example_dags/plugins/listener_plugin.py
[2025-12-24T18:34:53.480+0000] {processor.py:842} WARNING - No viable dags retrieved from /home/airflow/.local/lib/python3.8/site-packages/airflow/example_dags/plugins/listener_plugin.py
[2025-12-24T18:34:53.496+0000] {processor.py:183} INFO - Processing /home/airflow/.local/lib/python3.8/site-packages/airflow/example_dags/plugins/listener_plugin.py took 0.026 seconds
[2025-12-24T18:35:23.954+0000] {processor.py:161} INFO - Started process (PID=20468) to work on /home/airflow/.local/lib/python3.8/site-packages/airflow/example_dags/plugins/listener_plugin.py
[2025-12-24T18:35:23.955+0000] {processor.py:830} INFO - Processing file /home/airflow/.local/lib/python3.8/site-packages/airflow/example_dags/plugins/listener_plugin.py for tasks to queue
[2025-12-24T18:35:23.956+0000] {logging_mixin.py:188} INFO - [2025-12-24T18:35:23.956+0000] {dagbag.py:538} INFO - Filling up the DagBag from /home/airflow/.local/lib/python3.8/site-packages/airflow/example_dags/plugins/listener_plugin.py
[2025-12-24T18:35:23.959+0000] {processor.py:842} WARNING - No viable dags retrieved from /home/airflow/.local/lib/python3.8/site-packages/airflow/example_dags/plugins/listener_plugin.py
[2025-12-24T18:35:23.973+0000] {processor.py:183} INFO - Processing /home/airflow/.local/lib/python3.8/site-packages/airflow/example_dags/plugins/listener_plugin.py took 0.023 seconds
[2025-12-24T18:35:54.353+0000] {processor.py:161} INFO - Started process (PID=20525) to work on /home/airflow/.local/lib/python3.8/site-packages/airflow/example_dags/plugins/listener_plugin.py
[2025-12-24T18:35:54.354+0000] {processor.py:830} INFO - Processing file /home/airflow/.local/lib/python3.8/site-packages/airflow/example_dags/plugins/listener_plugin.py for tasks to queue
[2025-12-24T18:35:54.355+0000] {logging_mixin.py:188} INFO - [2025-12-24T18:35:54.355+0000] {dagbag.py:538} INFO - Filling up the DagBag from /home/airflow/.local/lib/python3.8/site-packages/airflow/example_dags/plugins/listener_plugin.py
[2025-12-24T18:35:54.359+0000] {processor.py:842} WARNING - No viable dags retrieved from /home/airflow/.local/lib/python3.8/site-packages/airflow/example_dags/plugins/listener_plugin.py
[2025-12-24T18:35:54.373+0000] {processor.py:183} INFO - Processing /home/airflow/.local/lib/python3.8/site-packages/airflow/example_dags/plugins/listener_plugin.py took 0.024 seconds
[2025-12-24T18:36:24.571+0000] {processor.py:161} INFO - Started process (PID=20582) to work on /home/airflow/.local/lib/python3.8/site-packages/airflow/example_dags/plugins/listener_plugin.py
[2025-12-24T18:36:24.572+0000] {processor.py:830} INFO - Processing file /home/airflow/.local/lib/python3.8/site-packages/airflow/example_dags/plugins/listener_plugin.py for tasks to queue
[2025-12-24T18:36:24.573+0000] {logging_mixin.py:188} INFO - [2025-12-24T18:36:24.573+0000] {dagbag.py:538} INFO - Filling up the DagBag from /home/airflow/.local/lib/python3.8/site-packages/airflow/example_dags/plugins/listener_plugin.py
[2025-12-24T18:36:24.576+0000] {processor.py:842} WARNING - No viable dags retrieved from /home/airflow/.local/lib/python3.8/site-packages/airflow/example_dags/plugins/listener_plugin.py
[2025-12-24T18:36:24.591+0000] {processor.py:183} INFO - Processing /home/airflow/.local/lib/python3.8/site-packages/airflow/example_dags/plugins/listener_plugin.py took 0.023 seconds
[2025-12-24T18:36:55.116+0000] {processor.py:161} INFO - Started process (PID=20638) to work on /home/airflow/.local/lib/python3.8/site-packages/airflow/example_dags/plugins/listener_plugin.py
[2025-12-24T18:36:55.117+0000] {processor.py:830} INFO - Processing file /home/airflow/.local/lib/python3.8/site-packages/airflow/example_dags/plugins/listener_plugin.py for tasks to queue
[2025-12-24T18:36:55.119+0000] {logging_mixin.py:188} INFO - [2025-12-24T18:36:55.119+0000] {dagbag.py:538} INFO - Filling up the DagBag from /home/airflow/.local/lib/python3.8/site-packages/airflow/example_dags/plugins/listener_plugin.py
[2025-12-24T18:36:55.123+0000] {processor.py:842} WARNING - No viable dags retrieved from /home/airflow/.local/lib/python3.8/site-packages/airflow/example_dags/plugins/listener_plugin.py
[2025-12-24T18:36:55.142+0000] {processor.py:183} INFO - Processing /home/airflow/.local/lib/python3.8/site-packages/airflow/example_dags/plugins/listener_plugin.py took 0.032 seconds
[2025-12-24T18:37:25.286+0000] {processor.py:161} INFO - Started process (PID=20695) to work on /home/airflow/.local/lib/python3.8/site-packages/airflow/example_dags/plugins/listener_plugin.py
[2025-12-24T18:37:25.287+0000] {processor.py:830} INFO - Processing file /home/airflow/.local/lib/python3.8/site-packages/airflow/example_dags/plugins/listener_plugin.py for tasks to queue
[2025-12-24T18:37:25.294+0000] {logging_mixin.py:188} INFO - [2025-12-24T18:37:25.294+0000] {dagbag.py:538} INFO - Filling up the DagBag from /home/airflow/.local/lib/python3.8/site-packages/airflow/example_dags/plugins/listener_plugin.py
[2025-12-24T18:37:25.298+0000] {processor.py:842} WARNING - No viable dags retrieved from /home/airflow/.local/lib/python3.8/site-packages/airflow/example_dags/plugins/listener_plugin.py
[2025-12-24T18:37:25.316+0000] {processor.py:183} INFO - Processing /home/airflow/.local/lib/python3.8/site-packages/airflow/example_dags/plugins/listener_plugin.py took 0.034 seconds
[2025-12-24T18:37:55.453+0000] {processor.py:161} INFO - Started process (PID=20752) to work on /home/airflow/.local/lib/python3.8/site-packages/airflow/example_dags/plugins/listener_plugin.py
[2025-12-24T18:37:55.455+0000] {processor.py:830} INFO - Processing file /home/airflow/.local/lib/python3.8/site-packages/airflow/example_dags/plugins/listener_plugin.py for tasks to queue
[2025-12-24T18:37:55.456+0000] {logging_mixin.py:188} INFO - [2025-12-24T18:37:55.456+0000] {dagbag.py:538} INFO - Filling up the DagBag from /home/airflow/.local/lib/python3.8/site-packages/airflow/example_dags/plugins/listener_plugin.py
[2025-12-24T18:37:55.460+0000] {processor.py:842} WARNING - No viable dags retrieved from /home/airflow/.local/lib/python3.8/site-packages/airflow/example_dags/plugins/listener_plugin.py
[2025-12-24T18:37:55.478+0000] {processor.py:183} INFO - Processing /home/airflow/.local/lib/python3.8/site-packages/airflow/example_dags/plugins/listener_plugin.py took 0.030 seconds
[2025-12-24T18:38:25.878+0000] {processor.py:161} INFO - Started process (PID=20809) to work on /home/airflow/.local/lib/python3.8/site-packages/airflow/example_dags/plugins/listener_plugin.py
[2025-12-24T18:38:25.879+0000] {processor.py:830} INFO - Processing file /home/airflow/.local/lib/python3.8/site-packages/airflow/example_dags/plugins/listener_plugin.py for tasks to queue
[2025-12-24T18:38:25.881+0000] {logging_mixin.py:188} INFO - [2025-12-24T18:38:25.880+0000] {dagbag.py:538} INFO - Filling up the DagBag from /home/airflow/.local/lib/python3.8/site-packages/airflow/example_dags/plugins/listener_plugin.py
[2025-12-24T18:38:25.886+0000] {processor.py:842} WARNING - No viable dags retrieved from /home/airflow/.local/lib/python3.8/site-packages/airflow/example_dags/plugins/listener_plugin.py
[2025-12-24T18:38:25.902+0000] {processor.py:183} INFO - Processing /home/airflow/.local/lib/python3.8/site-packages/airflow/example_dags/plugins/listener_plugin.py took 0.031 seconds
[2025-12-24T18:38:56.384+0000] {processor.py:161} INFO - Started process (PID=20866) to work on /home/airflow/.local/lib/python3.8/site-packages/airflow/example_dags/plugins/listener_plugin.py
[2025-12-24T18:38:56.385+0000] {processor.py:830} INFO - Processing file /home/airflow/.local/lib/python3.8/site-packages/airflow/example_dags/plugins/listener_plugin.py for tasks to queue
[2025-12-24T18:38:56.386+0000] {logging_mixin.py:188} INFO - [2025-12-24T18:38:56.386+0000] {dagbag.py:538} INFO - Filling up the DagBag from /home/airflow/.local/lib/python3.8/site-packages/airflow/example_dags/plugins/listener_plugin.py
[2025-12-24T18:38:56.389+0000] {processor.py:842} WARNING - No viable dags retrieved from /home/airflow/.local/lib/python3.8/site-packages/airflow/example_dags/plugins/listener_plugin.py
[2025-12-24T18:38:56.403+0000] {processor.py:183} INFO - Processing /home/airflow/.local/lib/python3.8/site-packages/airflow/example_dags/plugins/listener_plugin.py took 0.024 seconds
[2025-12-24T18:39:26.553+0000] {processor.py:161} INFO - Started process (PID=20923) to work on /home/airflow/.local/lib/python3.8/site-packages/airflow/example_dags/plugins/listener_plugin.py
[2025-12-24T18:39:26.554+0000] {processor.py:830} INFO - Processing file /home/airflow/.local/lib/python3.8/site-packages/airflow/example_dags/plugins/listener_plugin.py for tasks to queue
[2025-12-24T18:39:26.555+0000] {logging_mixin.py:188} INFO - [2025-12-24T18:39:26.554+0000] {dagbag.py:538} INFO - Filling up the DagBag from /home/airflow/.local/lib/python3.8/site-packages/airflow/example_dags/plugins/listener_plugin.py
[2025-12-24T18:39:26.558+0000] {processor.py:842} WARNING - No viable dags retrieved from /home/airflow/.local/lib/python3.8/site-packages/airflow/example_dags/plugins/listener_plugin.py
[2025-12-24T18:39:26.573+0000] {processor.py:183} INFO - Processing /home/airflow/.local/lib/python3.8/site-packages/airflow/example_dags/plugins/listener_plugin.py took 0.024 seconds
[2025-12-24T18:39:56.950+0000] {processor.py:161} INFO - Started process (PID=20980) to work on /home/airflow/.local/lib/python3.8/site-packages/airflow/example_dags/plugins/listener_plugin.py
[2025-12-24T18:39:56.952+0000] {processor.py:830} INFO - Processing file /home/airflow/.local/lib/python3.8/site-packages/airflow/example_dags/plugins/listener_plugin.py for tasks to queue
[2025-12-24T18:39:56.953+0000] {logging_mixin.py:188} INFO - [2025-12-24T18:39:56.953+0000] {dagbag.py:538} INFO - Filling up the DagBag from /home/airflow/.local/lib/python3.8/site-packages/airflow/example_dags/plugins/listener_plugin.py
[2025-12-24T18:39:56.956+0000] {processor.py:842} WARNING - No viable dags retrieved from /home/airflow/.local/lib/python3.8/site-packages/airflow/example_dags/plugins/listener_plugin.py
[2025-12-24T18:39:56.971+0000] {processor.py:183} INFO - Processing /home/airflow/.local/lib/python3.8/site-packages/airflow/example_dags/plugins/listener_plugin.py took 0.025 seconds
[2025-12-24T18:40:27.120+0000] {processor.py:161} INFO - Started process (PID=21037) to work on /home/airflow/.local/lib/python3.8/site-packages/airflow/example_dags/plugins/listener_plugin.py
[2025-12-24T18:40:27.121+0000] {processor.py:830} INFO - Processing file /home/airflow/.local/lib/python3.8/site-packages/airflow/example_dags/plugins/listener_plugin.py for tasks to queue
[2025-12-24T18:40:27.122+0000] {logging_mixin.py:188} INFO - [2025-12-24T18:40:27.122+0000] {dagbag.py:538} INFO - Filling up the DagBag from /home/airflow/.local/lib/python3.8/site-packages/airflow/example_dags/plugins/listener_plugin.py
[2025-12-24T18:40:27.126+0000] {processor.py:842} WARNING - No viable dags retrieved from /home/airflow/.local/lib/python3.8/site-packages/airflow/example_dags/plugins/listener_plugin.py
[2025-12-24T18:40:27.143+0000] {processor.py:183} INFO - Processing /home/airflow/.local/lib/python3.8/site-packages/airflow/example_dags/plugins/listener_plugin.py took 0.027 seconds
[2025-12-24T18:40:57.235+0000] {processor.py:161} INFO - Started process (PID=21094) to work on /home/airflow/.local/lib/python3.8/site-packages/airflow/example_dags/plugins/listener_plugin.py
[2025-12-24T18:40:57.236+0000] {processor.py:830} INFO - Processing file /home/airflow/.local/lib/python3.8/site-packages/airflow/example_dags/plugins/listener_plugin.py for tasks to queue
[2025-12-24T18:40:57.237+0000] {logging_mixin.py:188} INFO - [2025-12-24T18:40:57.237+0000] {dagbag.py:538} INFO - Filling up the DagBag from /home/airflow/.local/lib/python3.8/site-packages/airflow/example_dags/plugins/listener_plugin.py
[2025-12-24T18:40:57.240+0000] {processor.py:842} WARNING - No viable dags retrieved from /home/airflow/.local/lib/python3.8/site-packages/airflow/example_dags/plugins/listener_plugin.py
[2025-12-24T18:40:57.255+0000] {processor.py:183} INFO - Processing /home/airflow/.local/lib/python3.8/site-packages/airflow/example_dags/plugins/listener_plugin.py took 0.025 seconds
[2025-12-24T18:41:27.509+0000] {processor.py:161} INFO - Started process (PID=21151) to work on /home/airflow/.local/lib/python3.8/site-packages/airflow/example_dags/plugins/listener_plugin.py
[2025-12-24T18:41:27.510+0000] {processor.py:830} INFO - Processing file /home/airflow/.local/lib/python3.8/site-packages/airflow/example_dags/plugins/listener_plugin.py for tasks to queue
[2025-12-24T18:41:27.511+0000] {logging_mixin.py:188} INFO - [2025-12-24T18:41:27.511+0000] {dagbag.py:538} INFO - Filling up the DagBag from /home/airflow/.local/lib/python3.8/site-packages/airflow/example_dags/plugins/listener_plugin.py
[2025-12-24T18:41:27.514+0000] {processor.py:842} WARNING - No viable dags retrieved from /home/airflow/.local/lib/python3.8/site-packages/airflow/example_dags/plugins/listener_plugin.py
[2025-12-24T18:41:27.528+0000] {processor.py:183} INFO - Processing /home/airflow/.local/lib/python3.8/site-packages/airflow/example_dags/plugins/listener_plugin.py took 0.023 seconds
[2025-12-24T18:41:57.780+0000] {processor.py:161} INFO - Started process (PID=21208) to work on /home/airflow/.local/lib/python3.8/site-packages/airflow/example_dags/plugins/listener_plugin.py
[2025-12-24T18:41:57.781+0000] {processor.py:830} INFO - Processing file /home/airflow/.local/lib/python3.8/site-packages/airflow/example_dags/plugins/listener_plugin.py for tasks to queue
[2025-12-24T18:41:57.785+0000] {logging_mixin.py:188} INFO - [2025-12-24T18:41:57.784+0000] {dagbag.py:538} INFO - Filling up the DagBag from /home/airflow/.local/lib/python3.8/site-packages/airflow/example_dags/plugins/listener_plugin.py
[2025-12-24T18:41:57.788+0000] {processor.py:842} WARNING - No viable dags retrieved from /home/airflow/.local/lib/python3.8/site-packages/airflow/example_dags/plugins/listener_plugin.py
[2025-12-24T18:41:57.801+0000] {processor.py:183} INFO - Processing /home/airflow/.local/lib/python3.8/site-packages/airflow/example_dags/plugins/listener_plugin.py took 0.026 seconds
[2025-12-24T18:42:28.227+0000] {processor.py:161} INFO - Started process (PID=21265) to work on /home/airflow/.local/lib/python3.8/site-packages/airflow/example_dags/plugins/listener_plugin.py
[2025-12-24T18:42:28.228+0000] {processor.py:830} INFO - Processing file /home/airflow/.local/lib/python3.8/site-packages/airflow/example_dags/plugins/listener_plugin.py for tasks to queue
[2025-12-24T18:42:28.229+0000] {logging_mixin.py:188} INFO - [2025-12-24T18:42:28.229+0000] {dagbag.py:538} INFO - Filling up the DagBag from /home/airflow/.local/lib/python3.8/site-packages/airflow/example_dags/plugins/listener_plugin.py
[2025-12-24T18:42:28.232+0000] {processor.py:842} WARNING - No viable dags retrieved from /home/airflow/.local/lib/python3.8/site-packages/airflow/example_dags/plugins/listener_plugin.py
[2025-12-24T18:42:28.248+0000] {processor.py:183} INFO - Processing /home/airflow/.local/lib/python3.8/site-packages/airflow/example_dags/plugins/listener_plugin.py took 0.024 seconds
[2025-12-24T18:42:58.514+0000] {processor.py:161} INFO - Started process (PID=21322) to work on /home/airflow/.local/lib/python3.8/site-packages/airflow/example_dags/plugins/listener_plugin.py
[2025-12-24T18:42:58.515+0000] {processor.py:830} INFO - Processing file /home/airflow/.local/lib/python3.8/site-packages/airflow/example_dags/plugins/listener_plugin.py for tasks to queue
[2025-12-24T18:42:58.516+0000] {logging_mixin.py:188} INFO - [2025-12-24T18:42:58.516+0000] {dagbag.py:538} INFO - Filling up the DagBag from /home/airflow/.local/lib/python3.8/site-packages/airflow/example_dags/plugins/listener_plugin.py
[2025-12-24T18:42:58.519+0000] {processor.py:842} WARNING - No viable dags retrieved from /home/airflow/.local/lib/python3.8/site-packages/airflow/example_dags/plugins/listener_plugin.py
[2025-12-24T18:42:58.535+0000] {processor.py:183} INFO - Processing /home/airflow/.local/lib/python3.8/site-packages/airflow/example_dags/plugins/listener_plugin.py took 0.024 seconds
[2025-12-24T18:43:28.825+0000] {processor.py:161} INFO - Started process (PID=21379) to work on /home/airflow/.local/lib/python3.8/site-packages/airflow/example_dags/plugins/listener_plugin.py
[2025-12-24T18:43:28.826+0000] {processor.py:830} INFO - Processing file /home/airflow/.local/lib/python3.8/site-packages/airflow/example_dags/plugins/listener_plugin.py for tasks to queue
[2025-12-24T18:43:28.827+0000] {logging_mixin.py:188} INFO - [2025-12-24T18:43:28.827+0000] {dagbag.py:538} INFO - Filling up the DagBag from /home/airflow/.local/lib/python3.8/site-packages/airflow/example_dags/plugins/listener_plugin.py
[2025-12-24T18:43:28.830+0000] {processor.py:842} WARNING - No viable dags retrieved from /home/airflow/.local/lib/python3.8/site-packages/airflow/example_dags/plugins/listener_plugin.py
[2025-12-24T18:43:28.846+0000] {processor.py:183} INFO - Processing /home/airflow/.local/lib/python3.8/site-packages/airflow/example_dags/plugins/listener_plugin.py took 0.024 seconds
[2025-12-24T18:43:59.385+0000] {processor.py:161} INFO - Started process (PID=21435) to work on /home/airflow/.local/lib/python3.8/site-packages/airflow/example_dags/plugins/listener_plugin.py
[2025-12-24T18:43:59.386+0000] {processor.py:830} INFO - Processing file /home/airflow/.local/lib/python3.8/site-packages/airflow/example_dags/plugins/listener_plugin.py for tasks to queue
[2025-12-24T18:43:59.388+0000] {logging_mixin.py:188} INFO - [2025-12-24T18:43:59.387+0000] {dagbag.py:538} INFO - Filling up the DagBag from /home/airflow/.local/lib/python3.8/site-packages/airflow/example_dags/plugins/listener_plugin.py
[2025-12-24T18:43:59.390+0000] {processor.py:842} WARNING - No viable dags retrieved from /home/airflow/.local/lib/python3.8/site-packages/airflow/example_dags/plugins/listener_plugin.py
[2025-12-24T18:43:59.404+0000] {processor.py:183} INFO - Processing /home/airflow/.local/lib/python3.8/site-packages/airflow/example_dags/plugins/listener_plugin.py took 0.023 seconds
[2025-12-24T18:44:29.604+0000] {processor.py:161} INFO - Started process (PID=21492) to work on /home/airflow/.local/lib/python3.8/site-packages/airflow/example_dags/plugins/listener_plugin.py
[2025-12-24T18:44:29.605+0000] {processor.py:830} INFO - Processing file /home/airflow/.local/lib/python3.8/site-packages/airflow/example_dags/plugins/listener_plugin.py for tasks to queue
[2025-12-24T18:44:29.606+0000] {logging_mixin.py:188} INFO - [2025-12-24T18:44:29.605+0000] {dagbag.py:538} INFO - Filling up the DagBag from /home/airflow/.local/lib/python3.8/site-packages/airflow/example_dags/plugins/listener_plugin.py
[2025-12-24T18:44:29.609+0000] {processor.py:842} WARNING - No viable dags retrieved from /home/airflow/.local/lib/python3.8/site-packages/airflow/example_dags/plugins/listener_plugin.py
[2025-12-24T18:44:29.623+0000] {processor.py:183} INFO - Processing /home/airflow/.local/lib/python3.8/site-packages/airflow/example_dags/plugins/listener_plugin.py took 0.023 seconds
[2025-12-24T18:44:59.828+0000] {processor.py:161} INFO - Started process (PID=21549) to work on /home/airflow/.local/lib/python3.8/site-packages/airflow/example_dags/plugins/listener_plugin.py
[2025-12-24T18:44:59.829+0000] {processor.py:830} INFO - Processing file /home/airflow/.local/lib/python3.8/site-packages/airflow/example_dags/plugins/listener_plugin.py for tasks to queue
[2025-12-24T18:44:59.830+0000] {logging_mixin.py:188} INFO - [2025-12-24T18:44:59.830+0000] {dagbag.py:538} INFO - Filling up the DagBag from /home/airflow/.local/lib/python3.8/site-packages/airflow/example_dags/plugins/listener_plugin.py
[2025-12-24T18:44:59.833+0000] {processor.py:842} WARNING - No viable dags retrieved from /home/airflow/.local/lib/python3.8/site-packages/airflow/example_dags/plugins/listener_plugin.py
[2025-12-24T18:44:59.848+0000] {processor.py:183} INFO - Processing /home/airflow/.local/lib/python3.8/site-packages/airflow/example_dags/plugins/listener_plugin.py took 0.023 seconds
[2025-12-24T18:45:30.723+0000] {processor.py:161} INFO - Started process (PID=21606) to work on /home/airflow/.local/lib/python3.8/site-packages/airflow/example_dags/plugins/listener_plugin.py
[2025-12-24T18:45:30.724+0000] {processor.py:830} INFO - Processing file /home/airflow/.local/lib/python3.8/site-packages/airflow/example_dags/plugins/listener_plugin.py for tasks to queue
[2025-12-24T18:45:30.725+0000] {logging_mixin.py:188} INFO - [2025-12-24T18:45:30.725+0000] {dagbag.py:538} INFO - Filling up the DagBag from /home/airflow/.local/lib/python3.8/site-packages/airflow/example_dags/plugins/listener_plugin.py
[2025-12-24T18:45:30.728+0000] {processor.py:842} WARNING - No viable dags retrieved from /home/airflow/.local/lib/python3.8/site-packages/airflow/example_dags/plugins/listener_plugin.py
[2025-12-24T18:45:30.743+0000] {processor.py:183} INFO - Processing /home/airflow/.local/lib/python3.8/site-packages/airflow/example_dags/plugins/listener_plugin.py took 0.024 seconds
[2025-12-24T18:46:01.064+0000] {processor.py:161} INFO - Started process (PID=21663) to work on /home/airflow/.local/lib/python3.8/site-packages/airflow/example_dags/plugins/listener_plugin.py
[2025-12-24T18:46:01.065+0000] {processor.py:830} INFO - Processing file /home/airflow/.local/lib/python3.8/site-packages/airflow/example_dags/plugins/listener_plugin.py for tasks to queue
[2025-12-24T18:46:01.066+0000] {logging_mixin.py:188} INFO - [2025-12-24T18:46:01.066+0000] {dagbag.py:538} INFO - Filling up the DagBag from /home/airflow/.local/lib/python3.8/site-packages/airflow/example_dags/plugins/listener_plugin.py
[2025-12-24T18:46:01.069+0000] {processor.py:842} WARNING - No viable dags retrieved from /home/airflow/.local/lib/python3.8/site-packages/airflow/example_dags/plugins/listener_plugin.py
[2025-12-24T18:46:01.082+0000] {processor.py:183} INFO - Processing /home/airflow/.local/lib/python3.8/site-packages/airflow/example_dags/plugins/listener_plugin.py took 0.022 seconds
[2025-12-24T18:46:31.324+0000] {processor.py:161} INFO - Started process (PID=21720) to work on /home/airflow/.local/lib/python3.8/site-packages/airflow/example_dags/plugins/listener_plugin.py
[2025-12-24T18:46:31.326+0000] {processor.py:830} INFO - Processing file /home/airflow/.local/lib/python3.8/site-packages/airflow/example_dags/plugins/listener_plugin.py for tasks to queue
[2025-12-24T18:46:31.327+0000] {logging_mixin.py:188} INFO - [2025-12-24T18:46:31.327+0000] {dagbag.py:538} INFO - Filling up the DagBag from /home/airflow/.local/lib/python3.8/site-packages/airflow/example_dags/plugins/listener_plugin.py
[2025-12-24T18:46:31.331+0000] {processor.py:842} WARNING - No viable dags retrieved from /home/airflow/.local/lib/python3.8/site-packages/airflow/example_dags/plugins/listener_plugin.py
[2025-12-24T18:46:31.348+0000] {processor.py:183} INFO - Processing /home/airflow/.local/lib/python3.8/site-packages/airflow/example_dags/plugins/listener_plugin.py took 0.027 seconds
[2025-12-24T18:47:01.542+0000] {processor.py:161} INFO - Started process (PID=21777) to work on /home/airflow/.local/lib/python3.8/site-packages/airflow/example_dags/plugins/listener_plugin.py
[2025-12-24T18:47:01.543+0000] {processor.py:830} INFO - Processing file /home/airflow/.local/lib/python3.8/site-packages/airflow/example_dags/plugins/listener_plugin.py for tasks to queue
[2025-12-24T18:47:01.545+0000] {logging_mixin.py:188} INFO - [2025-12-24T18:47:01.544+0000] {dagbag.py:538} INFO - Filling up the DagBag from /home/airflow/.local/lib/python3.8/site-packages/airflow/example_dags/plugins/listener_plugin.py
[2025-12-24T18:47:01.549+0000] {processor.py:842} WARNING - No viable dags retrieved from /home/airflow/.local/lib/python3.8/site-packages/airflow/example_dags/plugins/listener_plugin.py
[2025-12-24T18:47:01.568+0000] {processor.py:183} INFO - Processing /home/airflow/.local/lib/python3.8/site-packages/airflow/example_dags/plugins/listener_plugin.py took 0.031 seconds
[2025-12-24T18:47:31.767+0000] {processor.py:161} INFO - Started process (PID=21834) to work on /home/airflow/.local/lib/python3.8/site-packages/airflow/example_dags/plugins/listener_plugin.py
[2025-12-24T18:47:31.768+0000] {processor.py:830} INFO - Processing file /home/airflow/.local/lib/python3.8/site-packages/airflow/example_dags/plugins/listener_plugin.py for tasks to queue
[2025-12-24T18:47:31.769+0000] {logging_mixin.py:188} INFO - [2025-12-24T18:47:31.769+0000] {dagbag.py:538} INFO - Filling up the DagBag from /home/airflow/.local/lib/python3.8/site-packages/airflow/example_dags/plugins/listener_plugin.py
[2025-12-24T18:47:31.773+0000] {processor.py:842} WARNING - No viable dags retrieved from /home/airflow/.local/lib/python3.8/site-packages/airflow/example_dags/plugins/listener_plugin.py
[2025-12-24T18:47:31.789+0000] {processor.py:183} INFO - Processing /home/airflow/.local/lib/python3.8/site-packages/airflow/example_dags/plugins/listener_plugin.py took 0.025 seconds
[2025-12-24T18:48:02.092+0000] {processor.py:161} INFO - Started process (PID=21891) to work on /home/airflow/.local/lib/python3.8/site-packages/airflow/example_dags/plugins/listener_plugin.py
[2025-12-24T18:48:02.093+0000] {processor.py:830} INFO - Processing file /home/airflow/.local/lib/python3.8/site-packages/airflow/example_dags/plugins/listener_plugin.py for tasks to queue
[2025-12-24T18:48:02.094+0000] {logging_mixin.py:188} INFO - [2025-12-24T18:48:02.094+0000] {dagbag.py:538} INFO - Filling up the DagBag from /home/airflow/.local/lib/python3.8/site-packages/airflow/example_dags/plugins/listener_plugin.py
[2025-12-24T18:48:02.097+0000] {processor.py:842} WARNING - No viable dags retrieved from /home/airflow/.local/lib/python3.8/site-packages/airflow/example_dags/plugins/listener_plugin.py
[2025-12-24T18:48:02.117+0000] {processor.py:183} INFO - Processing /home/airflow/.local/lib/python3.8/site-packages/airflow/example_dags/plugins/listener_plugin.py took 0.029 seconds
[2025-12-24T18:48:32.343+0000] {processor.py:161} INFO - Started process (PID=21948) to work on /home/airflow/.local/lib/python3.8/site-packages/airflow/example_dags/plugins/listener_plugin.py
[2025-12-24T18:48:32.345+0000] {processor.py:830} INFO - Processing file /home/airflow/.local/lib/python3.8/site-packages/airflow/example_dags/plugins/listener_plugin.py for tasks to queue
[2025-12-24T18:48:32.346+0000] {logging_mixin.py:188} INFO - [2025-12-24T18:48:32.345+0000] {dagbag.py:538} INFO - Filling up the DagBag from /home/airflow/.local/lib/python3.8/site-packages/airflow/example_dags/plugins/listener_plugin.py
[2025-12-24T18:48:32.349+0000] {processor.py:842} WARNING - No viable dags retrieved from /home/airflow/.local/lib/python3.8/site-packages/airflow/example_dags/plugins/listener_plugin.py
[2025-12-24T18:48:32.364+0000] {processor.py:183} INFO - Processing /home/airflow/.local/lib/python3.8/site-packages/airflow/example_dags/plugins/listener_plugin.py took 0.024 seconds
[2025-12-24T18:49:02.832+0000] {processor.py:161} INFO - Started process (PID=22005) to work on /home/airflow/.local/lib/python3.8/site-packages/airflow/example_dags/plugins/listener_plugin.py
[2025-12-24T18:49:02.833+0000] {processor.py:830} INFO - Processing file /home/airflow/.local/lib/python3.8/site-packages/airflow/example_dags/plugins/listener_plugin.py for tasks to queue
[2025-12-24T18:49:02.834+0000] {logging_mixin.py:188} INFO - [2025-12-24T18:49:02.834+0000] {dagbag.py:538} INFO - Filling up the DagBag from /home/airflow/.local/lib/python3.8/site-packages/airflow/example_dags/plugins/listener_plugin.py
[2025-12-24T18:49:02.837+0000] {processor.py:842} WARNING - No viable dags retrieved from /home/airflow/.local/lib/python3.8/site-packages/airflow/example_dags/plugins/listener_plugin.py
[2025-12-24T18:49:02.852+0000] {processor.py:183} INFO - Processing /home/airflow/.local/lib/python3.8/site-packages/airflow/example_dags/plugins/listener_plugin.py took 0.023 seconds
[2025-12-24T18:49:33.428+0000] {processor.py:161} INFO - Started process (PID=22062) to work on /home/airflow/.local/lib/python3.8/site-packages/airflow/example_dags/plugins/listener_plugin.py
[2025-12-24T18:49:33.429+0000] {processor.py:830} INFO - Processing file /home/airflow/.local/lib/python3.8/site-packages/airflow/example_dags/plugins/listener_plugin.py for tasks to queue
[2025-12-24T18:49:33.430+0000] {logging_mixin.py:188} INFO - [2025-12-24T18:49:33.430+0000] {dagbag.py:538} INFO - Filling up the DagBag from /home/airflow/.local/lib/python3.8/site-packages/airflow/example_dags/plugins/listener_plugin.py
[2025-12-24T18:49:33.433+0000] {processor.py:842} WARNING - No viable dags retrieved from /home/airflow/.local/lib/python3.8/site-packages/airflow/example_dags/plugins/listener_plugin.py
[2025-12-24T18:49:33.449+0000] {processor.py:183} INFO - Processing /home/airflow/.local/lib/python3.8/site-packages/airflow/example_dags/plugins/listener_plugin.py took 0.024 seconds
[2025-12-24T18:50:03.608+0000] {processor.py:161} INFO - Started process (PID=22119) to work on /home/airflow/.local/lib/python3.8/site-packages/airflow/example_dags/plugins/listener_plugin.py
[2025-12-24T18:50:03.610+0000] {processor.py:830} INFO - Processing file /home/airflow/.local/lib/python3.8/site-packages/airflow/example_dags/plugins/listener_plugin.py for tasks to queue
[2025-12-24T18:50:03.611+0000] {logging_mixin.py:188} INFO - [2025-12-24T18:50:03.611+0000] {dagbag.py:538} INFO - Filling up the DagBag from /home/airflow/.local/lib/python3.8/site-packages/airflow/example_dags/plugins/listener_plugin.py
[2025-12-24T18:50:03.615+0000] {processor.py:842} WARNING - No viable dags retrieved from /home/airflow/.local/lib/python3.8/site-packages/airflow/example_dags/plugins/listener_plugin.py
[2025-12-24T18:50:03.630+0000] {processor.py:183} INFO - Processing /home/airflow/.local/lib/python3.8/site-packages/airflow/example_dags/plugins/listener_plugin.py took 0.025 seconds
[2025-12-24T18:50:33.845+0000] {processor.py:161} INFO - Started process (PID=22175) to work on /home/airflow/.local/lib/python3.8/site-packages/airflow/example_dags/plugins/listener_plugin.py
[2025-12-24T18:50:33.847+0000] {processor.py:830} INFO - Processing file /home/airflow/.local/lib/python3.8/site-packages/airflow/example_dags/plugins/listener_plugin.py for tasks to queue
[2025-12-24T18:50:33.849+0000] {logging_mixin.py:188} INFO - [2025-12-24T18:50:33.848+0000] {dagbag.py:538} INFO - Filling up the DagBag from /home/airflow/.local/lib/python3.8/site-packages/airflow/example_dags/plugins/listener_plugin.py
[2025-12-24T18:50:33.854+0000] {processor.py:842} WARNING - No viable dags retrieved from /home/airflow/.local/lib/python3.8/site-packages/airflow/example_dags/plugins/listener_plugin.py
[2025-12-24T18:50:33.870+0000] {processor.py:183} INFO - Processing /home/airflow/.local/lib/python3.8/site-packages/airflow/example_dags/plugins/listener_plugin.py took 0.031 seconds
[2025-12-24T18:51:04.331+0000] {processor.py:161} INFO - Started process (PID=22233) to work on /home/airflow/.local/lib/python3.8/site-packages/airflow/example_dags/plugins/listener_plugin.py
[2025-12-24T18:51:04.333+0000] {processor.py:830} INFO - Processing file /home/airflow/.local/lib/python3.8/site-packages/airflow/example_dags/plugins/listener_plugin.py for tasks to queue
[2025-12-24T18:51:04.334+0000] {logging_mixin.py:188} INFO - [2025-12-24T18:51:04.334+0000] {dagbag.py:538} INFO - Filling up the DagBag from /home/airflow/.local/lib/python3.8/site-packages/airflow/example_dags/plugins/listener_plugin.py
[2025-12-24T18:51:04.339+0000] {processor.py:842} WARNING - No viable dags retrieved from /home/airflow/.local/lib/python3.8/site-packages/airflow/example_dags/plugins/listener_plugin.py
[2025-12-24T18:51:04.355+0000] {processor.py:183} INFO - Processing /home/airflow/.local/lib/python3.8/site-packages/airflow/example_dags/plugins/listener_plugin.py took 0.029 seconds
[2025-12-24T18:51:35.070+0000] {processor.py:161} INFO - Started process (PID=22291) to work on /home/airflow/.local/lib/python3.8/site-packages/airflow/example_dags/plugins/listener_plugin.py
[2025-12-24T18:51:35.071+0000] {processor.py:830} INFO - Processing file /home/airflow/.local/lib/python3.8/site-packages/airflow/example_dags/plugins/listener_plugin.py for tasks to queue
[2025-12-24T18:51:35.073+0000] {logging_mixin.py:188} INFO - [2025-12-24T18:51:35.072+0000] {dagbag.py:538} INFO - Filling up the DagBag from /home/airflow/.local/lib/python3.8/site-packages/airflow/example_dags/plugins/listener_plugin.py
[2025-12-24T18:51:35.076+0000] {processor.py:842} WARNING - No viable dags retrieved from /home/airflow/.local/lib/python3.8/site-packages/airflow/example_dags/plugins/listener_plugin.py
[2025-12-24T18:51:35.093+0000] {processor.py:183} INFO - Processing /home/airflow/.local/lib/python3.8/site-packages/airflow/example_dags/plugins/listener_plugin.py took 0.028 seconds
[2025-12-24T18:52:05.228+0000] {processor.py:161} INFO - Started process (PID=22348) to work on /home/airflow/.local/lib/python3.8/site-packages/airflow/example_dags/plugins/listener_plugin.py
[2025-12-24T18:52:05.229+0000] {processor.py:830} INFO - Processing file /home/airflow/.local/lib/python3.8/site-packages/airflow/example_dags/plugins/listener_plugin.py for tasks to queue
[2025-12-24T18:52:05.230+0000] {logging_mixin.py:188} INFO - [2025-12-24T18:52:05.229+0000] {dagbag.py:538} INFO - Filling up the DagBag from /home/airflow/.local/lib/python3.8/site-packages/airflow/example_dags/plugins/listener_plugin.py
[2025-12-24T18:52:05.233+0000] {processor.py:842} WARNING - No viable dags retrieved from /home/airflow/.local/lib/python3.8/site-packages/airflow/example_dags/plugins/listener_plugin.py
[2025-12-24T18:52:05.246+0000] {processor.py:183} INFO - Processing /home/airflow/.local/lib/python3.8/site-packages/airflow/example_dags/plugins/listener_plugin.py took 0.021 seconds
[2025-12-24T18:52:36.208+0000] {processor.py:161} INFO - Started process (PID=22405) to work on /home/airflow/.local/lib/python3.8/site-packages/airflow/example_dags/plugins/listener_plugin.py
[2025-12-24T18:52:36.209+0000] {processor.py:830} INFO - Processing file /home/airflow/.local/lib/python3.8/site-packages/airflow/example_dags/plugins/listener_plugin.py for tasks to queue
[2025-12-24T18:52:36.211+0000] {logging_mixin.py:188} INFO - [2025-12-24T18:52:36.210+0000] {dagbag.py:538} INFO - Filling up the DagBag from /home/airflow/.local/lib/python3.8/site-packages/airflow/example_dags/plugins/listener_plugin.py
[2025-12-24T18:52:36.215+0000] {processor.py:842} WARNING - No viable dags retrieved from /home/airflow/.local/lib/python3.8/site-packages/airflow/example_dags/plugins/listener_plugin.py
[2025-12-24T18:52:36.235+0000] {processor.py:183} INFO - Processing /home/airflow/.local/lib/python3.8/site-packages/airflow/example_dags/plugins/listener_plugin.py took 0.033 seconds
[2025-12-24T18:53:06.844+0000] {processor.py:161} INFO - Started process (PID=22461) to work on /home/airflow/.local/lib/python3.8/site-packages/airflow/example_dags/plugins/listener_plugin.py
[2025-12-24T18:53:06.845+0000] {processor.py:830} INFO - Processing file /home/airflow/.local/lib/python3.8/site-packages/airflow/example_dags/plugins/listener_plugin.py for tasks to queue
[2025-12-24T18:53:06.846+0000] {logging_mixin.py:188} INFO - [2025-12-24T18:53:06.846+0000] {dagbag.py:538} INFO - Filling up the DagBag from /home/airflow/.local/lib/python3.8/site-packages/airflow/example_dags/plugins/listener_plugin.py
[2025-12-24T18:53:06.849+0000] {processor.py:842} WARNING - No viable dags retrieved from /home/airflow/.local/lib/python3.8/site-packages/airflow/example_dags/plugins/listener_plugin.py
[2025-12-24T18:53:06.864+0000] {processor.py:183} INFO - Processing /home/airflow/.local/lib/python3.8/site-packages/airflow/example_dags/plugins/listener_plugin.py took 0.024 seconds
[2025-12-24T18:53:36.981+0000] {processor.py:161} INFO - Started process (PID=22518) to work on /home/airflow/.local/lib/python3.8/site-packages/airflow/example_dags/plugins/listener_plugin.py
[2025-12-24T18:53:36.982+0000] {processor.py:830} INFO - Processing file /home/airflow/.local/lib/python3.8/site-packages/airflow/example_dags/plugins/listener_plugin.py for tasks to queue
[2025-12-24T18:53:36.983+0000] {logging_mixin.py:188} INFO - [2025-12-24T18:53:36.982+0000] {dagbag.py:538} INFO - Filling up the DagBag from /home/airflow/.local/lib/python3.8/site-packages/airflow/example_dags/plugins/listener_plugin.py
[2025-12-24T18:53:36.986+0000] {processor.py:842} WARNING - No viable dags retrieved from /home/airflow/.local/lib/python3.8/site-packages/airflow/example_dags/plugins/listener_plugin.py
[2025-12-24T18:53:37.000+0000] {processor.py:183} INFO - Processing /home/airflow/.local/lib/python3.8/site-packages/airflow/example_dags/plugins/listener_plugin.py took 0.023 seconds
[2025-12-24T18:54:07.268+0000] {processor.py:161} INFO - Started process (PID=22575) to work on /home/airflow/.local/lib/python3.8/site-packages/airflow/example_dags/plugins/listener_plugin.py
[2025-12-24T18:54:07.270+0000] {processor.py:830} INFO - Processing file /home/airflow/.local/lib/python3.8/site-packages/airflow/example_dags/plugins/listener_plugin.py for tasks to queue
[2025-12-24T18:54:07.271+0000] {logging_mixin.py:188} INFO - [2025-12-24T18:54:07.270+0000] {dagbag.py:538} INFO - Filling up the DagBag from /home/airflow/.local/lib/python3.8/site-packages/airflow/example_dags/plugins/listener_plugin.py
[2025-12-24T18:54:07.274+0000] {processor.py:842} WARNING - No viable dags retrieved from /home/airflow/.local/lib/python3.8/site-packages/airflow/example_dags/plugins/listener_plugin.py
[2025-12-24T18:54:07.290+0000] {processor.py:183} INFO - Processing /home/airflow/.local/lib/python3.8/site-packages/airflow/example_dags/plugins/listener_plugin.py took 0.025 seconds
[2025-12-24T18:54:37.856+0000] {processor.py:161} INFO - Started process (PID=22632) to work on /home/airflow/.local/lib/python3.8/site-packages/airflow/example_dags/plugins/listener_plugin.py
[2025-12-24T18:54:37.857+0000] {processor.py:830} INFO - Processing file /home/airflow/.local/lib/python3.8/site-packages/airflow/example_dags/plugins/listener_plugin.py for tasks to queue
[2025-12-24T18:54:37.858+0000] {logging_mixin.py:188} INFO - [2025-12-24T18:54:37.858+0000] {dagbag.py:538} INFO - Filling up the DagBag from /home/airflow/.local/lib/python3.8/site-packages/airflow/example_dags/plugins/listener_plugin.py
[2025-12-24T18:54:37.861+0000] {processor.py:842} WARNING - No viable dags retrieved from /home/airflow/.local/lib/python3.8/site-packages/airflow/example_dags/plugins/listener_plugin.py
[2025-12-24T18:54:37.876+0000] {processor.py:183} INFO - Processing /home/airflow/.local/lib/python3.8/site-packages/airflow/example_dags/plugins/listener_plugin.py took 0.024 seconds
[2025-12-24T18:55:08.295+0000] {processor.py:161} INFO - Started process (PID=22689) to work on /home/airflow/.local/lib/python3.8/site-packages/airflow/example_dags/plugins/listener_plugin.py
[2025-12-24T18:55:08.296+0000] {processor.py:830} INFO - Processing file /home/airflow/.local/lib/python3.8/site-packages/airflow/example_dags/plugins/listener_plugin.py for tasks to queue
[2025-12-24T18:55:08.297+0000] {logging_mixin.py:188} INFO - [2025-12-24T18:55:08.297+0000] {dagbag.py:538} INFO - Filling up the DagBag from /home/airflow/.local/lib/python3.8/site-packages/airflow/example_dags/plugins/listener_plugin.py
[2025-12-24T18:55:08.301+0000] {processor.py:842} WARNING - No viable dags retrieved from /home/airflow/.local/lib/python3.8/site-packages/airflow/example_dags/plugins/listener_plugin.py
[2025-12-24T18:55:08.318+0000] {processor.py:183} INFO - Processing /home/airflow/.local/lib/python3.8/site-packages/airflow/example_dags/plugins/listener_plugin.py took 0.027 seconds
[2025-12-24T18:55:38.608+0000] {processor.py:161} INFO - Started process (PID=22746) to work on /home/airflow/.local/lib/python3.8/site-packages/airflow/example_dags/plugins/listener_plugin.py
[2025-12-24T18:55:38.610+0000] {processor.py:830} INFO - Processing file /home/airflow/.local/lib/python3.8/site-packages/airflow/example_dags/plugins/listener_plugin.py for tasks to queue
[2025-12-24T18:55:38.611+0000] {logging_mixin.py:188} INFO - [2025-12-24T18:55:38.611+0000] {dagbag.py:538} INFO - Filling up the DagBag from /home/airflow/.local/lib/python3.8/site-packages/airflow/example_dags/plugins/listener_plugin.py
[2025-12-24T18:55:38.616+0000] {processor.py:842} WARNING - No viable dags retrieved from /home/airflow/.local/lib/python3.8/site-packages/airflow/example_dags/plugins/listener_plugin.py
[2025-12-24T18:55:38.638+0000] {processor.py:183} INFO - Processing /home/airflow/.local/lib/python3.8/site-packages/airflow/example_dags/plugins/listener_plugin.py took 0.034 seconds
[2025-12-24T18:56:08.875+0000] {processor.py:161} INFO - Started process (PID=22803) to work on /home/airflow/.local/lib/python3.8/site-packages/airflow/example_dags/plugins/listener_plugin.py
[2025-12-24T18:56:08.876+0000] {processor.py:830} INFO - Processing file /home/airflow/.local/lib/python3.8/site-packages/airflow/example_dags/plugins/listener_plugin.py for tasks to queue
[2025-12-24T18:56:08.877+0000] {logging_mixin.py:188} INFO - [2025-12-24T18:56:08.877+0000] {dagbag.py:538} INFO - Filling up the DagBag from /home/airflow/.local/lib/python3.8/site-packages/airflow/example_dags/plugins/listener_plugin.py
[2025-12-24T18:56:08.880+0000] {processor.py:842} WARNING - No viable dags retrieved from /home/airflow/.local/lib/python3.8/site-packages/airflow/example_dags/plugins/listener_plugin.py
[2025-12-24T18:56:08.895+0000] {processor.py:183} INFO - Processing /home/airflow/.local/lib/python3.8/site-packages/airflow/example_dags/plugins/listener_plugin.py took 0.024 seconds
[2025-12-24T18:56:39.125+0000] {processor.py:161} INFO - Started process (PID=22859) to work on /home/airflow/.local/lib/python3.8/site-packages/airflow/example_dags/plugins/listener_plugin.py
[2025-12-24T18:56:39.127+0000] {processor.py:830} INFO - Processing file /home/airflow/.local/lib/python3.8/site-packages/airflow/example_dags/plugins/listener_plugin.py for tasks to queue
[2025-12-24T18:56:39.127+0000] {logging_mixin.py:188} INFO - [2025-12-24T18:56:39.127+0000] {dagbag.py:538} INFO - Filling up the DagBag from /home/airflow/.local/lib/python3.8/site-packages/airflow/example_dags/plugins/listener_plugin.py
[2025-12-24T18:56:39.130+0000] {processor.py:842} WARNING - No viable dags retrieved from /home/airflow/.local/lib/python3.8/site-packages/airflow/example_dags/plugins/listener_plugin.py
[2025-12-24T18:56:39.145+0000] {processor.py:183} INFO - Processing /home/airflow/.local/lib/python3.8/site-packages/airflow/example_dags/plugins/listener_plugin.py took 0.023 seconds
[2025-12-24T18:57:09.618+0000] {processor.py:161} INFO - Started process (PID=22917) to work on /home/airflow/.local/lib/python3.8/site-packages/airflow/example_dags/plugins/listener_plugin.py
[2025-12-24T18:57:09.619+0000] {processor.py:830} INFO - Processing file /home/airflow/.local/lib/python3.8/site-packages/airflow/example_dags/plugins/listener_plugin.py for tasks to queue
[2025-12-24T18:57:09.620+0000] {logging_mixin.py:188} INFO - [2025-12-24T18:57:09.620+0000] {dagbag.py:538} INFO - Filling up the DagBag from /home/airflow/.local/lib/python3.8/site-packages/airflow/example_dags/plugins/listener_plugin.py
[2025-12-24T18:57:09.624+0000] {processor.py:842} WARNING - No viable dags retrieved from /home/airflow/.local/lib/python3.8/site-packages/airflow/example_dags/plugins/listener_plugin.py
[2025-12-24T18:57:09.639+0000] {processor.py:183} INFO - Processing /home/airflow/.local/lib/python3.8/site-packages/airflow/example_dags/plugins/listener_plugin.py took 0.025 seconds
[2025-12-24T18:57:40.507+0000] {processor.py:161} INFO - Started process (PID=22974) to work on /home/airflow/.local/lib/python3.8/site-packages/airflow/example_dags/plugins/listener_plugin.py
[2025-12-24T18:57:40.509+0000] {processor.py:830} INFO - Processing file /home/airflow/.local/lib/python3.8/site-packages/airflow/example_dags/plugins/listener_plugin.py for tasks to queue
[2025-12-24T18:57:40.510+0000] {logging_mixin.py:188} INFO - [2025-12-24T18:57:40.510+0000] {dagbag.py:538} INFO - Filling up the DagBag from /home/airflow/.local/lib/python3.8/site-packages/airflow/example_dags/plugins/listener_plugin.py
[2025-12-24T18:57:40.513+0000] {processor.py:842} WARNING - No viable dags retrieved from /home/airflow/.local/lib/python3.8/site-packages/airflow/example_dags/plugins/listener_plugin.py
[2025-12-24T18:57:40.530+0000] {processor.py:183} INFO - Processing /home/airflow/.local/lib/python3.8/site-packages/airflow/example_dags/plugins/listener_plugin.py took 0.027 seconds
[2025-12-24T18:58:10.715+0000] {processor.py:161} INFO - Started process (PID=23031) to work on /home/airflow/.local/lib/python3.8/site-packages/airflow/example_dags/plugins/listener_plugin.py
[2025-12-24T18:58:10.716+0000] {processor.py:830} INFO - Processing file /home/airflow/.local/lib/python3.8/site-packages/airflow/example_dags/plugins/listener_plugin.py for tasks to queue
[2025-12-24T18:58:10.717+0000] {logging_mixin.py:188} INFO - [2025-12-24T18:58:10.717+0000] {dagbag.py:538} INFO - Filling up the DagBag from /home/airflow/.local/lib/python3.8/site-packages/airflow/example_dags/plugins/listener_plugin.py
[2025-12-24T18:58:10.720+0000] {processor.py:842} WARNING - No viable dags retrieved from /home/airflow/.local/lib/python3.8/site-packages/airflow/example_dags/plugins/listener_plugin.py
[2025-12-24T18:58:10.735+0000] {processor.py:183} INFO - Processing /home/airflow/.local/lib/python3.8/site-packages/airflow/example_dags/plugins/listener_plugin.py took 0.023 seconds
[2025-12-24T18:58:41.383+0000] {processor.py:161} INFO - Started process (PID=23088) to work on /home/airflow/.local/lib/python3.8/site-packages/airflow/example_dags/plugins/listener_plugin.py
[2025-12-24T18:58:41.386+0000] {processor.py:830} INFO - Processing file /home/airflow/.local/lib/python3.8/site-packages/airflow/example_dags/plugins/listener_plugin.py for tasks to queue
[2025-12-24T18:58:41.388+0000] {logging_mixin.py:188} INFO - [2025-12-24T18:58:41.387+0000] {dagbag.py:538} INFO - Filling up the DagBag from /home/airflow/.local/lib/python3.8/site-packages/airflow/example_dags/plugins/listener_plugin.py
[2025-12-24T18:58:41.392+0000] {processor.py:842} WARNING - No viable dags retrieved from /home/airflow/.local/lib/python3.8/site-packages/airflow/example_dags/plugins/listener_plugin.py
[2025-12-24T18:58:41.407+0000] {processor.py:183} INFO - Processing /home/airflow/.local/lib/python3.8/site-packages/airflow/example_dags/plugins/listener_plugin.py took 0.027 seconds
[2025-12-24T18:59:11.741+0000] {processor.py:161} INFO - Started process (PID=23145) to work on /home/airflow/.local/lib/python3.8/site-packages/airflow/example_dags/plugins/listener_plugin.py
[2025-12-24T18:59:11.742+0000] {processor.py:830} INFO - Processing file /home/airflow/.local/lib/python3.8/site-packages/airflow/example_dags/plugins/listener_plugin.py for tasks to queue
[2025-12-24T18:59:11.743+0000] {logging_mixin.py:188} INFO - [2025-12-24T18:59:11.743+0000] {dagbag.py:538} INFO - Filling up the DagBag from /home/airflow/.local/lib/python3.8/site-packages/airflow/example_dags/plugins/listener_plugin.py
[2025-12-24T18:59:11.746+0000] {processor.py:842} WARNING - No viable dags retrieved from /home/airflow/.local/lib/python3.8/site-packages/airflow/example_dags/plugins/listener_plugin.py
[2025-12-24T18:59:11.763+0000] {processor.py:183} INFO - Processing /home/airflow/.local/lib/python3.8/site-packages/airflow/example_dags/plugins/listener_plugin.py took 0.025 seconds
[2025-12-24T18:59:42.098+0000] {processor.py:161} INFO - Started process (PID=23202) to work on /home/airflow/.local/lib/python3.8/site-packages/airflow/example_dags/plugins/listener_plugin.py
[2025-12-24T18:59:42.099+0000] {processor.py:830} INFO - Processing file /home/airflow/.local/lib/python3.8/site-packages/airflow/example_dags/plugins/listener_plugin.py for tasks to queue
[2025-12-24T18:59:42.101+0000] {logging_mixin.py:188} INFO - [2025-12-24T18:59:42.100+0000] {dagbag.py:538} INFO - Filling up the DagBag from /home/airflow/.local/lib/python3.8/site-packages/airflow/example_dags/plugins/listener_plugin.py
[2025-12-24T18:59:42.105+0000] {processor.py:842} WARNING - No viable dags retrieved from /home/airflow/.local/lib/python3.8/site-packages/airflow/example_dags/plugins/listener_plugin.py
[2025-12-24T18:59:42.122+0000] {processor.py:183} INFO - Processing /home/airflow/.local/lib/python3.8/site-packages/airflow/example_dags/plugins/listener_plugin.py took 0.028 seconds
[2025-12-24T19:00:12.252+0000] {processor.py:161} INFO - Started process (PID=23258) to work on /home/airflow/.local/lib/python3.8/site-packages/airflow/example_dags/plugins/listener_plugin.py
[2025-12-24T19:00:12.254+0000] {processor.py:830} INFO - Processing file /home/airflow/.local/lib/python3.8/site-packages/airflow/example_dags/plugins/listener_plugin.py for tasks to queue
[2025-12-24T19:00:12.255+0000] {logging_mixin.py:188} INFO - [2025-12-24T19:00:12.254+0000] {dagbag.py:538} INFO - Filling up the DagBag from /home/airflow/.local/lib/python3.8/site-packages/airflow/example_dags/plugins/listener_plugin.py
[2025-12-24T19:00:12.259+0000] {processor.py:842} WARNING - No viable dags retrieved from /home/airflow/.local/lib/python3.8/site-packages/airflow/example_dags/plugins/listener_plugin.py
[2025-12-24T19:00:12.284+0000] {processor.py:183} INFO - Processing /home/airflow/.local/lib/python3.8/site-packages/airflow/example_dags/plugins/listener_plugin.py took 0.039 seconds
[2025-12-24T19:00:43.388+0000] {processor.py:161} INFO - Started process (PID=23316) to work on /home/airflow/.local/lib/python3.8/site-packages/airflow/example_dags/plugins/listener_plugin.py
[2025-12-24T19:00:43.389+0000] {processor.py:830} INFO - Processing file /home/airflow/.local/lib/python3.8/site-packages/airflow/example_dags/plugins/listener_plugin.py for tasks to queue
[2025-12-24T19:00:43.390+0000] {logging_mixin.py:188} INFO - [2025-12-24T19:00:43.390+0000] {dagbag.py:538} INFO - Filling up the DagBag from /home/airflow/.local/lib/python3.8/site-packages/airflow/example_dags/plugins/listener_plugin.py
[2025-12-24T19:00:43.393+0000] {processor.py:842} WARNING - No viable dags retrieved from /home/airflow/.local/lib/python3.8/site-packages/airflow/example_dags/plugins/listener_plugin.py
[2025-12-24T19:00:43.407+0000] {processor.py:183} INFO - Processing /home/airflow/.local/lib/python3.8/site-packages/airflow/example_dags/plugins/listener_plugin.py took 0.022 seconds
[2025-12-24T19:01:14.541+0000] {processor.py:161} INFO - Started process (PID=23373) to work on /home/airflow/.local/lib/python3.8/site-packages/airflow/example_dags/plugins/listener_plugin.py
[2025-12-24T19:01:14.543+0000] {processor.py:830} INFO - Processing file /home/airflow/.local/lib/python3.8/site-packages/airflow/example_dags/plugins/listener_plugin.py for tasks to queue
[2025-12-24T19:01:14.544+0000] {logging_mixin.py:188} INFO - [2025-12-24T19:01:14.544+0000] {dagbag.py:538} INFO - Filling up the DagBag from /home/airflow/.local/lib/python3.8/site-packages/airflow/example_dags/plugins/listener_plugin.py
[2025-12-24T19:01:14.548+0000] {processor.py:842} WARNING - No viable dags retrieved from /home/airflow/.local/lib/python3.8/site-packages/airflow/example_dags/plugins/listener_plugin.py
[2025-12-24T19:01:14.563+0000] {processor.py:183} INFO - Processing /home/airflow/.local/lib/python3.8/site-packages/airflow/example_dags/plugins/listener_plugin.py took 0.026 seconds
[2025-12-24T19:01:44.925+0000] {processor.py:161} INFO - Started process (PID=23430) to work on /home/airflow/.local/lib/python3.8/site-packages/airflow/example_dags/plugins/listener_plugin.py
[2025-12-24T19:01:44.927+0000] {processor.py:830} INFO - Processing file /home/airflow/.local/lib/python3.8/site-packages/airflow/example_dags/plugins/listener_plugin.py for tasks to queue
[2025-12-24T19:01:44.928+0000] {logging_mixin.py:188} INFO - [2025-12-24T19:01:44.927+0000] {dagbag.py:538} INFO - Filling up the DagBag from /home/airflow/.local/lib/python3.8/site-packages/airflow/example_dags/plugins/listener_plugin.py
[2025-12-24T19:01:44.931+0000] {processor.py:842} WARNING - No viable dags retrieved from /home/airflow/.local/lib/python3.8/site-packages/airflow/example_dags/plugins/listener_plugin.py
[2025-12-24T19:01:44.945+0000] {processor.py:183} INFO - Processing /home/airflow/.local/lib/python3.8/site-packages/airflow/example_dags/plugins/listener_plugin.py took 0.024 seconds
[2025-12-24T19:02:15.044+0000] {processor.py:161} INFO - Started process (PID=23485) to work on /home/airflow/.local/lib/python3.8/site-packages/airflow/example_dags/plugins/listener_plugin.py
[2025-12-24T19:02:15.045+0000] {processor.py:830} INFO - Processing file /home/airflow/.local/lib/python3.8/site-packages/airflow/example_dags/plugins/listener_plugin.py for tasks to queue
[2025-12-24T19:02:15.046+0000] {logging_mixin.py:188} INFO - [2025-12-24T19:02:15.046+0000] {dagbag.py:538} INFO - Filling up the DagBag from /home/airflow/.local/lib/python3.8/site-packages/airflow/example_dags/plugins/listener_plugin.py
[2025-12-24T19:02:15.049+0000] {processor.py:842} WARNING - No viable dags retrieved from /home/airflow/.local/lib/python3.8/site-packages/airflow/example_dags/plugins/listener_plugin.py
[2025-12-24T19:02:15.065+0000] {processor.py:183} INFO - Processing /home/airflow/.local/lib/python3.8/site-packages/airflow/example_dags/plugins/listener_plugin.py took 0.025 seconds
[2025-12-24T19:02:45.220+0000] {processor.py:161} INFO - Started process (PID=23540) to work on /home/airflow/.local/lib/python3.8/site-packages/airflow/example_dags/plugins/listener_plugin.py
[2025-12-24T19:02:45.221+0000] {processor.py:830} INFO - Processing file /home/airflow/.local/lib/python3.8/site-packages/airflow/example_dags/plugins/listener_plugin.py for tasks to queue
[2025-12-24T19:02:45.222+0000] {logging_mixin.py:188} INFO - [2025-12-24T19:02:45.222+0000] {dagbag.py:538} INFO - Filling up the DagBag from /home/airflow/.local/lib/python3.8/site-packages/airflow/example_dags/plugins/listener_plugin.py
[2025-12-24T19:02:45.225+0000] {processor.py:842} WARNING - No viable dags retrieved from /home/airflow/.local/lib/python3.8/site-packages/airflow/example_dags/plugins/listener_plugin.py
[2025-12-24T19:02:45.240+0000] {processor.py:183} INFO - Processing /home/airflow/.local/lib/python3.8/site-packages/airflow/example_dags/plugins/listener_plugin.py took 0.024 seconds
[2025-12-24T19:03:15.541+0000] {processor.py:161} INFO - Started process (PID=23597) to work on /home/airflow/.local/lib/python3.8/site-packages/airflow/example_dags/plugins/listener_plugin.py
[2025-12-24T19:03:15.543+0000] {processor.py:830} INFO - Processing file /home/airflow/.local/lib/python3.8/site-packages/airflow/example_dags/plugins/listener_plugin.py for tasks to queue
[2025-12-24T19:03:15.544+0000] {logging_mixin.py:188} INFO - [2025-12-24T19:03:15.544+0000] {dagbag.py:538} INFO - Filling up the DagBag from /home/airflow/.local/lib/python3.8/site-packages/airflow/example_dags/plugins/listener_plugin.py
[2025-12-24T19:03:15.549+0000] {processor.py:842} WARNING - No viable dags retrieved from /home/airflow/.local/lib/python3.8/site-packages/airflow/example_dags/plugins/listener_plugin.py
[2025-12-24T19:03:15.565+0000] {processor.py:183} INFO - Processing /home/airflow/.local/lib/python3.8/site-packages/airflow/example_dags/plugins/listener_plugin.py took 0.027 seconds
[2025-12-24T19:03:45.770+0000] {processor.py:161} INFO - Started process (PID=23654) to work on /home/airflow/.local/lib/python3.8/site-packages/airflow/example_dags/plugins/listener_plugin.py
[2025-12-24T19:03:45.771+0000] {processor.py:830} INFO - Processing file /home/airflow/.local/lib/python3.8/site-packages/airflow/example_dags/plugins/listener_plugin.py for tasks to queue
[2025-12-24T19:03:45.772+0000] {logging_mixin.py:188} INFO - [2025-12-24T19:03:45.772+0000] {dagbag.py:538} INFO - Filling up the DagBag from /home/airflow/.local/lib/python3.8/site-packages/airflow/example_dags/plugins/listener_plugin.py
[2025-12-24T19:03:45.775+0000] {processor.py:842} WARNING - No viable dags retrieved from /home/airflow/.local/lib/python3.8/site-packages/airflow/example_dags/plugins/listener_plugin.py
[2025-12-24T19:03:45.792+0000] {processor.py:183} INFO - Processing /home/airflow/.local/lib/python3.8/site-packages/airflow/example_dags/plugins/listener_plugin.py took 0.025 seconds
[2025-12-24T19:04:15.969+0000] {processor.py:161} INFO - Started process (PID=23711) to work on /home/airflow/.local/lib/python3.8/site-packages/airflow/example_dags/plugins/listener_plugin.py
[2025-12-24T19:04:15.970+0000] {processor.py:830} INFO - Processing file /home/airflow/.local/lib/python3.8/site-packages/airflow/example_dags/plugins/listener_plugin.py for tasks to queue
[2025-12-24T19:04:15.971+0000] {logging_mixin.py:188} INFO - [2025-12-24T19:04:15.971+0000] {dagbag.py:538} INFO - Filling up the DagBag from /home/airflow/.local/lib/python3.8/site-packages/airflow/example_dags/plugins/listener_plugin.py
[2025-12-24T19:04:15.974+0000] {processor.py:842} WARNING - No viable dags retrieved from /home/airflow/.local/lib/python3.8/site-packages/airflow/example_dags/plugins/listener_plugin.py
[2025-12-24T19:04:15.988+0000] {processor.py:183} INFO - Processing /home/airflow/.local/lib/python3.8/site-packages/airflow/example_dags/plugins/listener_plugin.py took 0.023 seconds
[2025-12-24T19:04:46.178+0000] {processor.py:161} INFO - Started process (PID=23768) to work on /home/airflow/.local/lib/python3.8/site-packages/airflow/example_dags/plugins/listener_plugin.py
[2025-12-24T19:04:46.179+0000] {processor.py:830} INFO - Processing file /home/airflow/.local/lib/python3.8/site-packages/airflow/example_dags/plugins/listener_plugin.py for tasks to queue
[2025-12-24T19:04:46.181+0000] {logging_mixin.py:188} INFO - [2025-12-24T19:04:46.180+0000] {dagbag.py:538} INFO - Filling up the DagBag from /home/airflow/.local/lib/python3.8/site-packages/airflow/example_dags/plugins/listener_plugin.py
[2025-12-24T19:04:46.185+0000] {processor.py:842} WARNING - No viable dags retrieved from /home/airflow/.local/lib/python3.8/site-packages/airflow/example_dags/plugins/listener_plugin.py
[2025-12-24T19:04:46.204+0000] {processor.py:183} INFO - Processing /home/airflow/.local/lib/python3.8/site-packages/airflow/example_dags/plugins/listener_plugin.py took 0.031 seconds
[2025-12-24T19:05:16.322+0000] {processor.py:161} INFO - Started process (PID=23825) to work on /home/airflow/.local/lib/python3.8/site-packages/airflow/example_dags/plugins/listener_plugin.py
[2025-12-24T19:05:16.323+0000] {processor.py:830} INFO - Processing file /home/airflow/.local/lib/python3.8/site-packages/airflow/example_dags/plugins/listener_plugin.py for tasks to queue
[2025-12-24T19:05:16.324+0000] {logging_mixin.py:188} INFO - [2025-12-24T19:05:16.324+0000] {dagbag.py:538} INFO - Filling up the DagBag from /home/airflow/.local/lib/python3.8/site-packages/airflow/example_dags/plugins/listener_plugin.py
[2025-12-24T19:05:16.327+0000] {processor.py:842} WARNING - No viable dags retrieved from /home/airflow/.local/lib/python3.8/site-packages/airflow/example_dags/plugins/listener_plugin.py
[2025-12-24T19:05:16.341+0000] {processor.py:183} INFO - Processing /home/airflow/.local/lib/python3.8/site-packages/airflow/example_dags/plugins/listener_plugin.py took 0.023 seconds
[2025-12-24T19:05:46.677+0000] {processor.py:161} INFO - Started process (PID=23882) to work on /home/airflow/.local/lib/python3.8/site-packages/airflow/example_dags/plugins/listener_plugin.py
[2025-12-24T19:05:46.678+0000] {processor.py:830} INFO - Processing file /home/airflow/.local/lib/python3.8/site-packages/airflow/example_dags/plugins/listener_plugin.py for tasks to queue
[2025-12-24T19:05:46.679+0000] {logging_mixin.py:188} INFO - [2025-12-24T19:05:46.679+0000] {dagbag.py:538} INFO - Filling up the DagBag from /home/airflow/.local/lib/python3.8/site-packages/airflow/example_dags/plugins/listener_plugin.py
[2025-12-24T19:05:46.682+0000] {processor.py:842} WARNING - No viable dags retrieved from /home/airflow/.local/lib/python3.8/site-packages/airflow/example_dags/plugins/listener_plugin.py
[2025-12-24T19:05:46.696+0000] {processor.py:183} INFO - Processing /home/airflow/.local/lib/python3.8/site-packages/airflow/example_dags/plugins/listener_plugin.py took 0.024 seconds
[2025-12-24T19:06:16.928+0000] {processor.py:161} INFO - Started process (PID=23939) to work on /home/airflow/.local/lib/python3.8/site-packages/airflow/example_dags/plugins/listener_plugin.py
[2025-12-24T19:06:16.929+0000] {processor.py:830} INFO - Processing file /home/airflow/.local/lib/python3.8/site-packages/airflow/example_dags/plugins/listener_plugin.py for tasks to queue
[2025-12-24T19:06:16.930+0000] {logging_mixin.py:188} INFO - [2025-12-24T19:06:16.930+0000] {dagbag.py:538} INFO - Filling up the DagBag from /home/airflow/.local/lib/python3.8/site-packages/airflow/example_dags/plugins/listener_plugin.py
[2025-12-24T19:06:16.933+0000] {processor.py:842} WARNING - No viable dags retrieved from /home/airflow/.local/lib/python3.8/site-packages/airflow/example_dags/plugins/listener_plugin.py
[2025-12-24T19:06:16.949+0000] {processor.py:183} INFO - Processing /home/airflow/.local/lib/python3.8/site-packages/airflow/example_dags/plugins/listener_plugin.py took 0.025 seconds
[2025-12-24T19:06:47.126+0000] {processor.py:161} INFO - Started process (PID=23996) to work on /home/airflow/.local/lib/python3.8/site-packages/airflow/example_dags/plugins/listener_plugin.py
[2025-12-24T19:06:47.128+0000] {processor.py:830} INFO - Processing file /home/airflow/.local/lib/python3.8/site-packages/airflow/example_dags/plugins/listener_plugin.py for tasks to queue
[2025-12-24T19:06:47.129+0000] {logging_mixin.py:188} INFO - [2025-12-24T19:06:47.129+0000] {dagbag.py:538} INFO - Filling up the DagBag from /home/airflow/.local/lib/python3.8/site-packages/airflow/example_dags/plugins/listener_plugin.py
[2025-12-24T19:06:47.133+0000] {processor.py:842} WARNING - No viable dags retrieved from /home/airflow/.local/lib/python3.8/site-packages/airflow/example_dags/plugins/listener_plugin.py
[2025-12-24T19:06:47.151+0000] {processor.py:183} INFO - Processing /home/airflow/.local/lib/python3.8/site-packages/airflow/example_dags/plugins/listener_plugin.py took 0.029 seconds
[2025-12-24T19:07:18.093+0000] {processor.py:161} INFO - Started process (PID=24059) to work on /home/airflow/.local/lib/python3.8/site-packages/airflow/example_dags/plugins/listener_plugin.py
[2025-12-24T19:07:18.094+0000] {processor.py:830} INFO - Processing file /home/airflow/.local/lib/python3.8/site-packages/airflow/example_dags/plugins/listener_plugin.py for tasks to queue
[2025-12-24T19:07:18.095+0000] {logging_mixin.py:188} INFO - [2025-12-24T19:07:18.095+0000] {dagbag.py:538} INFO - Filling up the DagBag from /home/airflow/.local/lib/python3.8/site-packages/airflow/example_dags/plugins/listener_plugin.py
[2025-12-24T19:07:18.099+0000] {processor.py:842} WARNING - No viable dags retrieved from /home/airflow/.local/lib/python3.8/site-packages/airflow/example_dags/plugins/listener_plugin.py
[2025-12-24T19:07:18.115+0000] {processor.py:183} INFO - Processing /home/airflow/.local/lib/python3.8/site-packages/airflow/example_dags/plugins/listener_plugin.py took 0.026 seconds
[2025-12-24T19:07:48.309+0000] {processor.py:161} INFO - Started process (PID=24116) to work on /home/airflow/.local/lib/python3.8/site-packages/airflow/example_dags/plugins/listener_plugin.py
[2025-12-24T19:07:48.310+0000] {processor.py:830} INFO - Processing file /home/airflow/.local/lib/python3.8/site-packages/airflow/example_dags/plugins/listener_plugin.py for tasks to queue
[2025-12-24T19:07:48.312+0000] {logging_mixin.py:188} INFO - [2025-12-24T19:07:48.311+0000] {dagbag.py:538} INFO - Filling up the DagBag from /home/airflow/.local/lib/python3.8/site-packages/airflow/example_dags/plugins/listener_plugin.py
[2025-12-24T19:07:48.315+0000] {processor.py:842} WARNING - No viable dags retrieved from /home/airflow/.local/lib/python3.8/site-packages/airflow/example_dags/plugins/listener_plugin.py
[2025-12-24T19:07:48.329+0000] {processor.py:183} INFO - Processing /home/airflow/.local/lib/python3.8/site-packages/airflow/example_dags/plugins/listener_plugin.py took 0.023 seconds
[2025-12-24T19:08:18.408+0000] {processor.py:161} INFO - Started process (PID=24173) to work on /home/airflow/.local/lib/python3.8/site-packages/airflow/example_dags/plugins/listener_plugin.py
[2025-12-24T19:08:18.409+0000] {processor.py:830} INFO - Processing file /home/airflow/.local/lib/python3.8/site-packages/airflow/example_dags/plugins/listener_plugin.py for tasks to queue
[2025-12-24T19:08:18.410+0000] {logging_mixin.py:188} INFO - [2025-12-24T19:08:18.410+0000] {dagbag.py:538} INFO - Filling up the DagBag from /home/airflow/.local/lib/python3.8/site-packages/airflow/example_dags/plugins/listener_plugin.py
[2025-12-24T19:08:18.413+0000] {processor.py:842} WARNING - No viable dags retrieved from /home/airflow/.local/lib/python3.8/site-packages/airflow/example_dags/plugins/listener_plugin.py
[2025-12-24T19:08:18.430+0000] {processor.py:183} INFO - Processing /home/airflow/.local/lib/python3.8/site-packages/airflow/example_dags/plugins/listener_plugin.py took 0.026 seconds
[2025-12-24T19:08:48.749+0000] {processor.py:161} INFO - Started process (PID=24230) to work on /home/airflow/.local/lib/python3.8/site-packages/airflow/example_dags/plugins/listener_plugin.py
[2025-12-24T19:08:48.751+0000] {processor.py:830} INFO - Processing file /home/airflow/.local/lib/python3.8/site-packages/airflow/example_dags/plugins/listener_plugin.py for tasks to queue
[2025-12-24T19:08:48.753+0000] {logging_mixin.py:188} INFO - [2025-12-24T19:08:48.752+0000] {dagbag.py:538} INFO - Filling up the DagBag from /home/airflow/.local/lib/python3.8/site-packages/airflow/example_dags/plugins/listener_plugin.py
[2025-12-24T19:08:48.757+0000] {processor.py:842} WARNING - No viable dags retrieved from /home/airflow/.local/lib/python3.8/site-packages/airflow/example_dags/plugins/listener_plugin.py
[2025-12-24T19:08:48.775+0000] {processor.py:183} INFO - Processing /home/airflow/.local/lib/python3.8/site-packages/airflow/example_dags/plugins/listener_plugin.py took 0.031 seconds
[2025-12-24T19:09:18.990+0000] {processor.py:161} INFO - Started process (PID=24287) to work on /home/airflow/.local/lib/python3.8/site-packages/airflow/example_dags/plugins/listener_plugin.py
[2025-12-24T19:09:18.991+0000] {processor.py:830} INFO - Processing file /home/airflow/.local/lib/python3.8/site-packages/airflow/example_dags/plugins/listener_plugin.py for tasks to queue
[2025-12-24T19:09:18.992+0000] {logging_mixin.py:188} INFO - [2025-12-24T19:09:18.992+0000] {dagbag.py:538} INFO - Filling up the DagBag from /home/airflow/.local/lib/python3.8/site-packages/airflow/example_dags/plugins/listener_plugin.py
[2025-12-24T19:09:18.996+0000] {processor.py:842} WARNING - No viable dags retrieved from /home/airflow/.local/lib/python3.8/site-packages/airflow/example_dags/plugins/listener_plugin.py
[2025-12-24T19:09:19.011+0000] {processor.py:183} INFO - Processing /home/airflow/.local/lib/python3.8/site-packages/airflow/example_dags/plugins/listener_plugin.py took 0.024 seconds
[2025-12-24T19:09:49.130+0000] {processor.py:161} INFO - Started process (PID=24344) to work on /home/airflow/.local/lib/python3.8/site-packages/airflow/example_dags/plugins/listener_plugin.py
[2025-12-24T19:09:49.131+0000] {processor.py:830} INFO - Processing file /home/airflow/.local/lib/python3.8/site-packages/airflow/example_dags/plugins/listener_plugin.py for tasks to queue
[2025-12-24T19:09:49.132+0000] {logging_mixin.py:188} INFO - [2025-12-24T19:09:49.131+0000] {dagbag.py:538} INFO - Filling up the DagBag from /home/airflow/.local/lib/python3.8/site-packages/airflow/example_dags/plugins/listener_plugin.py
[2025-12-24T19:09:49.135+0000] {processor.py:842} WARNING - No viable dags retrieved from /home/airflow/.local/lib/python3.8/site-packages/airflow/example_dags/plugins/listener_plugin.py
[2025-12-24T19:09:49.150+0000] {processor.py:183} INFO - Processing /home/airflow/.local/lib/python3.8/site-packages/airflow/example_dags/plugins/listener_plugin.py took 0.024 seconds
[2025-12-24T19:10:19.484+0000] {processor.py:161} INFO - Started process (PID=24401) to work on /home/airflow/.local/lib/python3.8/site-packages/airflow/example_dags/plugins/listener_plugin.py
[2025-12-24T19:10:19.486+0000] {processor.py:830} INFO - Processing file /home/airflow/.local/lib/python3.8/site-packages/airflow/example_dags/plugins/listener_plugin.py for tasks to queue
[2025-12-24T19:10:19.487+0000] {logging_mixin.py:188} INFO - [2025-12-24T19:10:19.486+0000] {dagbag.py:538} INFO - Filling up the DagBag from /home/airflow/.local/lib/python3.8/site-packages/airflow/example_dags/plugins/listener_plugin.py
[2025-12-24T19:10:19.490+0000] {processor.py:842} WARNING - No viable dags retrieved from /home/airflow/.local/lib/python3.8/site-packages/airflow/example_dags/plugins/listener_plugin.py
[2025-12-24T19:10:19.505+0000] {processor.py:183} INFO - Processing /home/airflow/.local/lib/python3.8/site-packages/airflow/example_dags/plugins/listener_plugin.py took 0.024 seconds
[2025-12-24T19:10:49.674+0000] {processor.py:161} INFO - Started process (PID=24458) to work on /home/airflow/.local/lib/python3.8/site-packages/airflow/example_dags/plugins/listener_plugin.py
[2025-12-24T19:10:49.676+0000] {processor.py:830} INFO - Processing file /home/airflow/.local/lib/python3.8/site-packages/airflow/example_dags/plugins/listener_plugin.py for tasks to queue
[2025-12-24T19:10:49.677+0000] {logging_mixin.py:188} INFO - [2025-12-24T19:10:49.677+0000] {dagbag.py:538} INFO - Filling up the DagBag from /home/airflow/.local/lib/python3.8/site-packages/airflow/example_dags/plugins/listener_plugin.py
[2025-12-24T19:10:49.681+0000] {processor.py:842} WARNING - No viable dags retrieved from /home/airflow/.local/lib/python3.8/site-packages/airflow/example_dags/plugins/listener_plugin.py
[2025-12-24T19:10:49.695+0000] {processor.py:183} INFO - Processing /home/airflow/.local/lib/python3.8/site-packages/airflow/example_dags/plugins/listener_plugin.py took 0.025 seconds
[2025-12-24T19:11:20.188+0000] {processor.py:161} INFO - Started process (PID=24515) to work on /home/airflow/.local/lib/python3.8/site-packages/airflow/example_dags/plugins/listener_plugin.py
[2025-12-24T19:11:20.190+0000] {processor.py:830} INFO - Processing file /home/airflow/.local/lib/python3.8/site-packages/airflow/example_dags/plugins/listener_plugin.py for tasks to queue
[2025-12-24T19:11:20.191+0000] {logging_mixin.py:188} INFO - [2025-12-24T19:11:20.190+0000] {dagbag.py:538} INFO - Filling up the DagBag from /home/airflow/.local/lib/python3.8/site-packages/airflow/example_dags/plugins/listener_plugin.py
[2025-12-24T19:11:20.196+0000] {processor.py:842} WARNING - No viable dags retrieved from /home/airflow/.local/lib/python3.8/site-packages/airflow/example_dags/plugins/listener_plugin.py
[2025-12-24T19:11:20.214+0000] {processor.py:183} INFO - Processing /home/airflow/.local/lib/python3.8/site-packages/airflow/example_dags/plugins/listener_plugin.py took 0.030 seconds
[2025-12-24T19:11:50.579+0000] {processor.py:161} INFO - Started process (PID=24572) to work on /home/airflow/.local/lib/python3.8/site-packages/airflow/example_dags/plugins/listener_plugin.py
[2025-12-24T19:11:50.580+0000] {processor.py:830} INFO - Processing file /home/airflow/.local/lib/python3.8/site-packages/airflow/example_dags/plugins/listener_plugin.py for tasks to queue
[2025-12-24T19:11:50.581+0000] {logging_mixin.py:188} INFO - [2025-12-24T19:11:50.581+0000] {dagbag.py:538} INFO - Filling up the DagBag from /home/airflow/.local/lib/python3.8/site-packages/airflow/example_dags/plugins/listener_plugin.py
[2025-12-24T19:11:50.584+0000] {processor.py:842} WARNING - No viable dags retrieved from /home/airflow/.local/lib/python3.8/site-packages/airflow/example_dags/plugins/listener_plugin.py
[2025-12-24T19:11:50.597+0000] {processor.py:183} INFO - Processing /home/airflow/.local/lib/python3.8/site-packages/airflow/example_dags/plugins/listener_plugin.py took 0.022 seconds
[2025-12-24T19:12:20.947+0000] {processor.py:161} INFO - Started process (PID=24629) to work on /home/airflow/.local/lib/python3.8/site-packages/airflow/example_dags/plugins/listener_plugin.py
[2025-12-24T19:12:20.949+0000] {processor.py:830} INFO - Processing file /home/airflow/.local/lib/python3.8/site-packages/airflow/example_dags/plugins/listener_plugin.py for tasks to queue
[2025-12-24T19:12:20.951+0000] {logging_mixin.py:188} INFO - [2025-12-24T19:12:20.950+0000] {dagbag.py:538} INFO - Filling up the DagBag from /home/airflow/.local/lib/python3.8/site-packages/airflow/example_dags/plugins/listener_plugin.py
[2025-12-24T19:12:20.955+0000] {processor.py:842} WARNING - No viable dags retrieved from /home/airflow/.local/lib/python3.8/site-packages/airflow/example_dags/plugins/listener_plugin.py
[2025-12-24T19:12:20.975+0000] {processor.py:183} INFO - Processing /home/airflow/.local/lib/python3.8/site-packages/airflow/example_dags/plugins/listener_plugin.py took 0.034 seconds
[2025-12-24T19:12:51.323+0000] {processor.py:161} INFO - Started process (PID=24686) to work on /home/airflow/.local/lib/python3.8/site-packages/airflow/example_dags/plugins/listener_plugin.py
[2025-12-24T19:12:51.325+0000] {processor.py:830} INFO - Processing file /home/airflow/.local/lib/python3.8/site-packages/airflow/example_dags/plugins/listener_plugin.py for tasks to queue
[2025-12-24T19:12:51.326+0000] {logging_mixin.py:188} INFO - [2025-12-24T19:12:51.326+0000] {dagbag.py:538} INFO - Filling up the DagBag from /home/airflow/.local/lib/python3.8/site-packages/airflow/example_dags/plugins/listener_plugin.py
[2025-12-24T19:12:51.331+0000] {processor.py:842} WARNING - No viable dags retrieved from /home/airflow/.local/lib/python3.8/site-packages/airflow/example_dags/plugins/listener_plugin.py
[2025-12-24T19:12:51.352+0000] {processor.py:183} INFO - Processing /home/airflow/.local/lib/python3.8/site-packages/airflow/example_dags/plugins/listener_plugin.py took 0.036 seconds
[2025-12-24T19:13:21.771+0000] {processor.py:161} INFO - Started process (PID=24743) to work on /home/airflow/.local/lib/python3.8/site-packages/airflow/example_dags/plugins/listener_plugin.py
[2025-12-24T19:13:21.772+0000] {processor.py:830} INFO - Processing file /home/airflow/.local/lib/python3.8/site-packages/airflow/example_dags/plugins/listener_plugin.py for tasks to queue
[2025-12-24T19:13:21.773+0000] {logging_mixin.py:188} INFO - [2025-12-24T19:13:21.773+0000] {dagbag.py:538} INFO - Filling up the DagBag from /home/airflow/.local/lib/python3.8/site-packages/airflow/example_dags/plugins/listener_plugin.py
[2025-12-24T19:13:21.776+0000] {processor.py:842} WARNING - No viable dags retrieved from /home/airflow/.local/lib/python3.8/site-packages/airflow/example_dags/plugins/listener_plugin.py
[2025-12-24T19:13:21.791+0000] {processor.py:183} INFO - Processing /home/airflow/.local/lib/python3.8/site-packages/airflow/example_dags/plugins/listener_plugin.py took 0.023 seconds
[2025-12-24T19:13:52.402+0000] {processor.py:161} INFO - Started process (PID=24800) to work on /home/airflow/.local/lib/python3.8/site-packages/airflow/example_dags/plugins/listener_plugin.py
[2025-12-24T19:13:52.404+0000] {processor.py:830} INFO - Processing file /home/airflow/.local/lib/python3.8/site-packages/airflow/example_dags/plugins/listener_plugin.py for tasks to queue
[2025-12-24T19:13:52.405+0000] {logging_mixin.py:188} INFO - [2025-12-24T19:13:52.405+0000] {dagbag.py:538} INFO - Filling up the DagBag from /home/airflow/.local/lib/python3.8/site-packages/airflow/example_dags/plugins/listener_plugin.py
[2025-12-24T19:13:52.408+0000] {processor.py:842} WARNING - No viable dags retrieved from /home/airflow/.local/lib/python3.8/site-packages/airflow/example_dags/plugins/listener_plugin.py
[2025-12-24T19:13:52.426+0000] {processor.py:183} INFO - Processing /home/airflow/.local/lib/python3.8/site-packages/airflow/example_dags/plugins/listener_plugin.py took 0.028 seconds
[2025-12-24T19:14:22.633+0000] {processor.py:161} INFO - Started process (PID=24857) to work on /home/airflow/.local/lib/python3.8/site-packages/airflow/example_dags/plugins/listener_plugin.py
[2025-12-24T19:14:22.634+0000] {processor.py:830} INFO - Processing file /home/airflow/.local/lib/python3.8/site-packages/airflow/example_dags/plugins/listener_plugin.py for tasks to queue
[2025-12-24T19:14:22.635+0000] {logging_mixin.py:188} INFO - [2025-12-24T19:14:22.635+0000] {dagbag.py:538} INFO - Filling up the DagBag from /home/airflow/.local/lib/python3.8/site-packages/airflow/example_dags/plugins/listener_plugin.py
[2025-12-24T19:14:22.638+0000] {processor.py:842} WARNING - No viable dags retrieved from /home/airflow/.local/lib/python3.8/site-packages/airflow/example_dags/plugins/listener_plugin.py
[2025-12-24T19:14:22.655+0000] {processor.py:183} INFO - Processing /home/airflow/.local/lib/python3.8/site-packages/airflow/example_dags/plugins/listener_plugin.py took 0.025 seconds
[2025-12-24T19:14:53.050+0000] {processor.py:161} INFO - Started process (PID=24914) to work on /home/airflow/.local/lib/python3.8/site-packages/airflow/example_dags/plugins/listener_plugin.py
[2025-12-24T19:14:53.051+0000] {processor.py:830} INFO - Processing file /home/airflow/.local/lib/python3.8/site-packages/airflow/example_dags/plugins/listener_plugin.py for tasks to queue
[2025-12-24T19:14:53.052+0000] {logging_mixin.py:188} INFO - [2025-12-24T19:14:53.052+0000] {dagbag.py:538} INFO - Filling up the DagBag from /home/airflow/.local/lib/python3.8/site-packages/airflow/example_dags/plugins/listener_plugin.py
[2025-12-24T19:14:53.055+0000] {processor.py:842} WARNING - No viable dags retrieved from /home/airflow/.local/lib/python3.8/site-packages/airflow/example_dags/plugins/listener_plugin.py
[2025-12-24T19:14:53.070+0000] {processor.py:183} INFO - Processing /home/airflow/.local/lib/python3.8/site-packages/airflow/example_dags/plugins/listener_plugin.py took 0.023 seconds
[2025-12-24T19:15:23.300+0000] {processor.py:161} INFO - Started process (PID=24971) to work on /home/airflow/.local/lib/python3.8/site-packages/airflow/example_dags/plugins/listener_plugin.py
[2025-12-24T19:15:23.301+0000] {processor.py:830} INFO - Processing file /home/airflow/.local/lib/python3.8/site-packages/airflow/example_dags/plugins/listener_plugin.py for tasks to queue
[2025-12-24T19:15:23.302+0000] {logging_mixin.py:188} INFO - [2025-12-24T19:15:23.302+0000] {dagbag.py:538} INFO - Filling up the DagBag from /home/airflow/.local/lib/python3.8/site-packages/airflow/example_dags/plugins/listener_plugin.py
[2025-12-24T19:15:23.305+0000] {processor.py:842} WARNING - No viable dags retrieved from /home/airflow/.local/lib/python3.8/site-packages/airflow/example_dags/plugins/listener_plugin.py
[2025-12-24T19:15:23.320+0000] {processor.py:183} INFO - Processing /home/airflow/.local/lib/python3.8/site-packages/airflow/example_dags/plugins/listener_plugin.py took 0.024 seconds
[2025-12-24T19:15:53.609+0000] {processor.py:161} INFO - Started process (PID=25028) to work on /home/airflow/.local/lib/python3.8/site-packages/airflow/example_dags/plugins/listener_plugin.py
[2025-12-24T19:15:53.610+0000] {processor.py:830} INFO - Processing file /home/airflow/.local/lib/python3.8/site-packages/airflow/example_dags/plugins/listener_plugin.py for tasks to queue
[2025-12-24T19:15:53.612+0000] {logging_mixin.py:188} INFO - [2025-12-24T19:15:53.611+0000] {dagbag.py:538} INFO - Filling up the DagBag from /home/airflow/.local/lib/python3.8/site-packages/airflow/example_dags/plugins/listener_plugin.py
[2025-12-24T19:15:53.615+0000] {processor.py:842} WARNING - No viable dags retrieved from /home/airflow/.local/lib/python3.8/site-packages/airflow/example_dags/plugins/listener_plugin.py
[2025-12-24T19:15:53.632+0000] {processor.py:183} INFO - Processing /home/airflow/.local/lib/python3.8/site-packages/airflow/example_dags/plugins/listener_plugin.py took 0.027 seconds
[2025-12-24T19:16:23.933+0000] {processor.py:161} INFO - Started process (PID=25085) to work on /home/airflow/.local/lib/python3.8/site-packages/airflow/example_dags/plugins/listener_plugin.py
[2025-12-24T19:16:23.934+0000] {processor.py:830} INFO - Processing file /home/airflow/.local/lib/python3.8/site-packages/airflow/example_dags/plugins/listener_plugin.py for tasks to queue
[2025-12-24T19:16:23.935+0000] {logging_mixin.py:188} INFO - [2025-12-24T19:16:23.935+0000] {dagbag.py:538} INFO - Filling up the DagBag from /home/airflow/.local/lib/python3.8/site-packages/airflow/example_dags/plugins/listener_plugin.py
[2025-12-24T19:16:23.938+0000] {processor.py:842} WARNING - No viable dags retrieved from /home/airflow/.local/lib/python3.8/site-packages/airflow/example_dags/plugins/listener_plugin.py
[2025-12-24T19:16:23.953+0000] {processor.py:183} INFO - Processing /home/airflow/.local/lib/python3.8/site-packages/airflow/example_dags/plugins/listener_plugin.py took 0.024 seconds
[2025-12-24T19:16:54.447+0000] {processor.py:161} INFO - Started process (PID=25142) to work on /home/airflow/.local/lib/python3.8/site-packages/airflow/example_dags/plugins/listener_plugin.py
[2025-12-24T19:16:54.448+0000] {processor.py:830} INFO - Processing file /home/airflow/.local/lib/python3.8/site-packages/airflow/example_dags/plugins/listener_plugin.py for tasks to queue
[2025-12-24T19:16:54.449+0000] {logging_mixin.py:188} INFO - [2025-12-24T19:16:54.448+0000] {dagbag.py:538} INFO - Filling up the DagBag from /home/airflow/.local/lib/python3.8/site-packages/airflow/example_dags/plugins/listener_plugin.py
[2025-12-24T19:16:54.451+0000] {processor.py:842} WARNING - No viable dags retrieved from /home/airflow/.local/lib/python3.8/site-packages/airflow/example_dags/plugins/listener_plugin.py
[2025-12-24T19:16:54.467+0000] {processor.py:183} INFO - Processing /home/airflow/.local/lib/python3.8/site-packages/airflow/example_dags/plugins/listener_plugin.py took 0.024 seconds
[2025-12-24T19:17:24.816+0000] {processor.py:161} INFO - Started process (PID=25199) to work on /home/airflow/.local/lib/python3.8/site-packages/airflow/example_dags/plugins/listener_plugin.py
[2025-12-24T19:17:24.818+0000] {processor.py:830} INFO - Processing file /home/airflow/.local/lib/python3.8/site-packages/airflow/example_dags/plugins/listener_plugin.py for tasks to queue
[2025-12-24T19:17:24.819+0000] {logging_mixin.py:188} INFO - [2025-12-24T19:17:24.818+0000] {dagbag.py:538} INFO - Filling up the DagBag from /home/airflow/.local/lib/python3.8/site-packages/airflow/example_dags/plugins/listener_plugin.py
[2025-12-24T19:17:24.822+0000] {processor.py:842} WARNING - No viable dags retrieved from /home/airflow/.local/lib/python3.8/site-packages/airflow/example_dags/plugins/listener_plugin.py
[2025-12-24T19:17:24.837+0000] {processor.py:183} INFO - Processing /home/airflow/.local/lib/python3.8/site-packages/airflow/example_dags/plugins/listener_plugin.py took 0.025 seconds
[2025-12-24T19:17:55.026+0000] {processor.py:161} INFO - Started process (PID=25257) to work on /home/airflow/.local/lib/python3.8/site-packages/airflow/example_dags/plugins/listener_plugin.py
[2025-12-24T19:17:55.027+0000] {processor.py:830} INFO - Processing file /home/airflow/.local/lib/python3.8/site-packages/airflow/example_dags/plugins/listener_plugin.py for tasks to queue
[2025-12-24T19:17:55.028+0000] {logging_mixin.py:188} INFO - [2025-12-24T19:17:55.028+0000] {dagbag.py:538} INFO - Filling up the DagBag from /home/airflow/.local/lib/python3.8/site-packages/airflow/example_dags/plugins/listener_plugin.py
[2025-12-24T19:17:55.033+0000] {processor.py:842} WARNING - No viable dags retrieved from /home/airflow/.local/lib/python3.8/site-packages/airflow/example_dags/plugins/listener_plugin.py
[2025-12-24T19:17:55.053+0000] {processor.py:183} INFO - Processing /home/airflow/.local/lib/python3.8/site-packages/airflow/example_dags/plugins/listener_plugin.py took 0.031 seconds
[2025-12-24T19:18:25.320+0000] {processor.py:161} INFO - Started process (PID=25314) to work on /home/airflow/.local/lib/python3.8/site-packages/airflow/example_dags/plugins/listener_plugin.py
[2025-12-24T19:18:25.322+0000] {processor.py:830} INFO - Processing file /home/airflow/.local/lib/python3.8/site-packages/airflow/example_dags/plugins/listener_plugin.py for tasks to queue
[2025-12-24T19:18:25.323+0000] {logging_mixin.py:188} INFO - [2025-12-24T19:18:25.322+0000] {dagbag.py:538} INFO - Filling up the DagBag from /home/airflow/.local/lib/python3.8/site-packages/airflow/example_dags/plugins/listener_plugin.py
[2025-12-24T19:18:25.326+0000] {processor.py:842} WARNING - No viable dags retrieved from /home/airflow/.local/lib/python3.8/site-packages/airflow/example_dags/plugins/listener_plugin.py
[2025-12-24T19:18:25.343+0000] {processor.py:183} INFO - Processing /home/airflow/.local/lib/python3.8/site-packages/airflow/example_dags/plugins/listener_plugin.py took 0.027 seconds
[2025-12-24T19:18:55.938+0000] {processor.py:161} INFO - Started process (PID=25371) to work on /home/airflow/.local/lib/python3.8/site-packages/airflow/example_dags/plugins/listener_plugin.py
[2025-12-24T19:18:55.940+0000] {processor.py:830} INFO - Processing file /home/airflow/.local/lib/python3.8/site-packages/airflow/example_dags/plugins/listener_plugin.py for tasks to queue
[2025-12-24T19:18:55.941+0000] {logging_mixin.py:188} INFO - [2025-12-24T19:18:55.941+0000] {dagbag.py:538} INFO - Filling up the DagBag from /home/airflow/.local/lib/python3.8/site-packages/airflow/example_dags/plugins/listener_plugin.py
[2025-12-24T19:18:55.944+0000] {processor.py:842} WARNING - No viable dags retrieved from /home/airflow/.local/lib/python3.8/site-packages/airflow/example_dags/plugins/listener_plugin.py
[2025-12-24T19:18:55.960+0000] {processor.py:183} INFO - Processing /home/airflow/.local/lib/python3.8/site-packages/airflow/example_dags/plugins/listener_plugin.py took 0.025 seconds
[2025-12-24T19:19:26.305+0000] {processor.py:161} INFO - Started process (PID=25428) to work on /home/airflow/.local/lib/python3.8/site-packages/airflow/example_dags/plugins/listener_plugin.py
[2025-12-24T19:19:26.306+0000] {processor.py:830} INFO - Processing file /home/airflow/.local/lib/python3.8/site-packages/airflow/example_dags/plugins/listener_plugin.py for tasks to queue
[2025-12-24T19:19:26.307+0000] {logging_mixin.py:188} INFO - [2025-12-24T19:19:26.307+0000] {dagbag.py:538} INFO - Filling up the DagBag from /home/airflow/.local/lib/python3.8/site-packages/airflow/example_dags/plugins/listener_plugin.py
[2025-12-24T19:19:26.310+0000] {processor.py:842} WARNING - No viable dags retrieved from /home/airflow/.local/lib/python3.8/site-packages/airflow/example_dags/plugins/listener_plugin.py
[2025-12-24T19:19:26.324+0000] {processor.py:183} INFO - Processing /home/airflow/.local/lib/python3.8/site-packages/airflow/example_dags/plugins/listener_plugin.py took 0.022 seconds
[2025-12-24T19:19:56.739+0000] {processor.py:161} INFO - Started process (PID=25485) to work on /home/airflow/.local/lib/python3.8/site-packages/airflow/example_dags/plugins/listener_plugin.py
[2025-12-24T19:19:56.740+0000] {processor.py:830} INFO - Processing file /home/airflow/.local/lib/python3.8/site-packages/airflow/example_dags/plugins/listener_plugin.py for tasks to queue
[2025-12-24T19:19:56.741+0000] {logging_mixin.py:188} INFO - [2025-12-24T19:19:56.740+0000] {dagbag.py:538} INFO - Filling up the DagBag from /home/airflow/.local/lib/python3.8/site-packages/airflow/example_dags/plugins/listener_plugin.py
[2025-12-24T19:19:56.744+0000] {processor.py:842} WARNING - No viable dags retrieved from /home/airflow/.local/lib/python3.8/site-packages/airflow/example_dags/plugins/listener_plugin.py
[2025-12-24T19:19:56.759+0000] {processor.py:183} INFO - Processing /home/airflow/.local/lib/python3.8/site-packages/airflow/example_dags/plugins/listener_plugin.py took 0.024 seconds
[2025-12-24T19:20:27.483+0000] {processor.py:161} INFO - Started process (PID=25542) to work on /home/airflow/.local/lib/python3.8/site-packages/airflow/example_dags/plugins/listener_plugin.py
[2025-12-24T19:20:27.485+0000] {processor.py:830} INFO - Processing file /home/airflow/.local/lib/python3.8/site-packages/airflow/example_dags/plugins/listener_plugin.py for tasks to queue
[2025-12-24T19:20:27.486+0000] {logging_mixin.py:188} INFO - [2025-12-24T19:20:27.486+0000] {dagbag.py:538} INFO - Filling up the DagBag from /home/airflow/.local/lib/python3.8/site-packages/airflow/example_dags/plugins/listener_plugin.py
[2025-12-24T19:20:27.490+0000] {processor.py:842} WARNING - No viable dags retrieved from /home/airflow/.local/lib/python3.8/site-packages/airflow/example_dags/plugins/listener_plugin.py
[2025-12-24T19:20:27.506+0000] {processor.py:183} INFO - Processing /home/airflow/.local/lib/python3.8/site-packages/airflow/example_dags/plugins/listener_plugin.py took 0.027 seconds
[2025-12-24T19:20:57.713+0000] {processor.py:161} INFO - Started process (PID=25599) to work on /home/airflow/.local/lib/python3.8/site-packages/airflow/example_dags/plugins/listener_plugin.py
[2025-12-24T19:20:57.714+0000] {processor.py:830} INFO - Processing file /home/airflow/.local/lib/python3.8/site-packages/airflow/example_dags/plugins/listener_plugin.py for tasks to queue
[2025-12-24T19:20:57.716+0000] {logging_mixin.py:188} INFO - [2025-12-24T19:20:57.715+0000] {dagbag.py:538} INFO - Filling up the DagBag from /home/airflow/.local/lib/python3.8/site-packages/airflow/example_dags/plugins/listener_plugin.py
[2025-12-24T19:20:57.720+0000] {processor.py:842} WARNING - No viable dags retrieved from /home/airflow/.local/lib/python3.8/site-packages/airflow/example_dags/plugins/listener_plugin.py
[2025-12-24T19:20:57.736+0000] {processor.py:183} INFO - Processing /home/airflow/.local/lib/python3.8/site-packages/airflow/example_dags/plugins/listener_plugin.py took 0.027 seconds
[2025-12-24T19:21:28.561+0000] {processor.py:161} INFO - Started process (PID=25656) to work on /home/airflow/.local/lib/python3.8/site-packages/airflow/example_dags/plugins/listener_plugin.py
[2025-12-24T19:21:28.563+0000] {processor.py:830} INFO - Processing file /home/airflow/.local/lib/python3.8/site-packages/airflow/example_dags/plugins/listener_plugin.py for tasks to queue
[2025-12-24T19:21:28.564+0000] {logging_mixin.py:188} INFO - [2025-12-24T19:21:28.564+0000] {dagbag.py:538} INFO - Filling up the DagBag from /home/airflow/.local/lib/python3.8/site-packages/airflow/example_dags/plugins/listener_plugin.py
[2025-12-24T19:21:28.570+0000] {processor.py:842} WARNING - No viable dags retrieved from /home/airflow/.local/lib/python3.8/site-packages/airflow/example_dags/plugins/listener_plugin.py
[2025-12-24T19:21:28.592+0000] {processor.py:183} INFO - Processing /home/airflow/.local/lib/python3.8/site-packages/airflow/example_dags/plugins/listener_plugin.py took 0.037 seconds
[2025-12-24T19:21:59.103+0000] {processor.py:161} INFO - Started process (PID=25719) to work on /home/airflow/.local/lib/python3.8/site-packages/airflow/example_dags/plugins/listener_plugin.py
[2025-12-24T19:21:59.104+0000] {processor.py:830} INFO - Processing file /home/airflow/.local/lib/python3.8/site-packages/airflow/example_dags/plugins/listener_plugin.py for tasks to queue
[2025-12-24T19:21:59.106+0000] {logging_mixin.py:188} INFO - [2025-12-24T19:21:59.105+0000] {dagbag.py:538} INFO - Filling up the DagBag from /home/airflow/.local/lib/python3.8/site-packages/airflow/example_dags/plugins/listener_plugin.py
[2025-12-24T19:21:59.110+0000] {processor.py:842} WARNING - No viable dags retrieved from /home/airflow/.local/lib/python3.8/site-packages/airflow/example_dags/plugins/listener_plugin.py
[2025-12-24T19:21:59.127+0000] {processor.py:183} INFO - Processing /home/airflow/.local/lib/python3.8/site-packages/airflow/example_dags/plugins/listener_plugin.py took 0.028 seconds
[2025-12-24T19:22:29.853+0000] {processor.py:161} INFO - Started process (PID=25782) to work on /home/airflow/.local/lib/python3.8/site-packages/airflow/example_dags/plugins/listener_plugin.py
[2025-12-24T19:22:29.854+0000] {processor.py:830} INFO - Processing file /home/airflow/.local/lib/python3.8/site-packages/airflow/example_dags/plugins/listener_plugin.py for tasks to queue
[2025-12-24T19:22:29.856+0000] {logging_mixin.py:188} INFO - [2025-12-24T19:22:29.855+0000] {dagbag.py:538} INFO - Filling up the DagBag from /home/airflow/.local/lib/python3.8/site-packages/airflow/example_dags/plugins/listener_plugin.py
[2025-12-24T19:22:29.859+0000] {processor.py:842} WARNING - No viable dags retrieved from /home/airflow/.local/lib/python3.8/site-packages/airflow/example_dags/plugins/listener_plugin.py
[2025-12-24T19:22:29.875+0000] {processor.py:183} INFO - Processing /home/airflow/.local/lib/python3.8/site-packages/airflow/example_dags/plugins/listener_plugin.py took 0.027 seconds
[2025-12-24T19:23:00.474+0000] {processor.py:161} INFO - Started process (PID=25839) to work on /home/airflow/.local/lib/python3.8/site-packages/airflow/example_dags/plugins/listener_plugin.py
[2025-12-24T19:23:00.475+0000] {processor.py:830} INFO - Processing file /home/airflow/.local/lib/python3.8/site-packages/airflow/example_dags/plugins/listener_plugin.py for tasks to queue
[2025-12-24T19:23:00.476+0000] {logging_mixin.py:188} INFO - [2025-12-24T19:23:00.476+0000] {dagbag.py:538} INFO - Filling up the DagBag from /home/airflow/.local/lib/python3.8/site-packages/airflow/example_dags/plugins/listener_plugin.py
[2025-12-24T19:23:00.479+0000] {processor.py:842} WARNING - No viable dags retrieved from /home/airflow/.local/lib/python3.8/site-packages/airflow/example_dags/plugins/listener_plugin.py
[2025-12-24T19:23:00.494+0000] {processor.py:183} INFO - Processing /home/airflow/.local/lib/python3.8/site-packages/airflow/example_dags/plugins/listener_plugin.py took 0.023 seconds
[2025-12-24T19:23:30.669+0000] {processor.py:161} INFO - Started process (PID=25900) to work on /home/airflow/.local/lib/python3.8/site-packages/airflow/example_dags/plugins/listener_plugin.py
[2025-12-24T19:23:30.671+0000] {processor.py:830} INFO - Processing file /home/airflow/.local/lib/python3.8/site-packages/airflow/example_dags/plugins/listener_plugin.py for tasks to queue
[2025-12-24T19:23:30.672+0000] {logging_mixin.py:188} INFO - [2025-12-24T19:23:30.671+0000] {dagbag.py:538} INFO - Filling up the DagBag from /home/airflow/.local/lib/python3.8/site-packages/airflow/example_dags/plugins/listener_plugin.py
[2025-12-24T19:23:30.675+0000] {processor.py:842} WARNING - No viable dags retrieved from /home/airflow/.local/lib/python3.8/site-packages/airflow/example_dags/plugins/listener_plugin.py
[2025-12-24T19:23:30.689+0000] {processor.py:183} INFO - Processing /home/airflow/.local/lib/python3.8/site-packages/airflow/example_dags/plugins/listener_plugin.py took 0.024 seconds
[2025-12-24T19:24:01.060+0000] {processor.py:161} INFO - Started process (PID=25957) to work on /home/airflow/.local/lib/python3.8/site-packages/airflow/example_dags/plugins/listener_plugin.py
[2025-12-24T19:24:01.061+0000] {processor.py:830} INFO - Processing file /home/airflow/.local/lib/python3.8/site-packages/airflow/example_dags/plugins/listener_plugin.py for tasks to queue
[2025-12-24T19:24:01.062+0000] {logging_mixin.py:188} INFO - [2025-12-24T19:24:01.062+0000] {dagbag.py:538} INFO - Filling up the DagBag from /home/airflow/.local/lib/python3.8/site-packages/airflow/example_dags/plugins/listener_plugin.py
[2025-12-24T19:24:01.065+0000] {processor.py:842} WARNING - No viable dags retrieved from /home/airflow/.local/lib/python3.8/site-packages/airflow/example_dags/plugins/listener_plugin.py
[2025-12-24T19:24:01.080+0000] {processor.py:183} INFO - Processing /home/airflow/.local/lib/python3.8/site-packages/airflow/example_dags/plugins/listener_plugin.py took 0.024 seconds
[2025-12-24T19:24:31.510+0000] {processor.py:161} INFO - Started process (PID=26014) to work on /home/airflow/.local/lib/python3.8/site-packages/airflow/example_dags/plugins/listener_plugin.py
[2025-12-24T19:24:31.511+0000] {processor.py:830} INFO - Processing file /home/airflow/.local/lib/python3.8/site-packages/airflow/example_dags/plugins/listener_plugin.py for tasks to queue
[2025-12-24T19:24:31.512+0000] {logging_mixin.py:188} INFO - [2025-12-24T19:24:31.512+0000] {dagbag.py:538} INFO - Filling up the DagBag from /home/airflow/.local/lib/python3.8/site-packages/airflow/example_dags/plugins/listener_plugin.py
[2025-12-24T19:24:31.515+0000] {processor.py:842} WARNING - No viable dags retrieved from /home/airflow/.local/lib/python3.8/site-packages/airflow/example_dags/plugins/listener_plugin.py
[2025-12-24T19:24:31.530+0000] {processor.py:183} INFO - Processing /home/airflow/.local/lib/python3.8/site-packages/airflow/example_dags/plugins/listener_plugin.py took 0.024 seconds
[2025-12-24T19:25:01.880+0000] {processor.py:161} INFO - Started process (PID=26071) to work on /home/airflow/.local/lib/python3.8/site-packages/airflow/example_dags/plugins/listener_plugin.py
[2025-12-24T19:25:01.881+0000] {processor.py:830} INFO - Processing file /home/airflow/.local/lib/python3.8/site-packages/airflow/example_dags/plugins/listener_plugin.py for tasks to queue
[2025-12-24T19:25:01.882+0000] {logging_mixin.py:188} INFO - [2025-12-24T19:25:01.882+0000] {dagbag.py:538} INFO - Filling up the DagBag from /home/airflow/.local/lib/python3.8/site-packages/airflow/example_dags/plugins/listener_plugin.py
[2025-12-24T19:25:01.885+0000] {processor.py:842} WARNING - No viable dags retrieved from /home/airflow/.local/lib/python3.8/site-packages/airflow/example_dags/plugins/listener_plugin.py
[2025-12-24T19:25:01.901+0000] {processor.py:183} INFO - Processing /home/airflow/.local/lib/python3.8/site-packages/airflow/example_dags/plugins/listener_plugin.py took 0.024 seconds
[2025-12-24T19:25:32.204+0000] {processor.py:161} INFO - Started process (PID=26128) to work on /home/airflow/.local/lib/python3.8/site-packages/airflow/example_dags/plugins/listener_plugin.py
[2025-12-24T19:25:32.206+0000] {processor.py:830} INFO - Processing file /home/airflow/.local/lib/python3.8/site-packages/airflow/example_dags/plugins/listener_plugin.py for tasks to queue
[2025-12-24T19:25:32.206+0000] {logging_mixin.py:188} INFO - [2025-12-24T19:25:32.206+0000] {dagbag.py:538} INFO - Filling up the DagBag from /home/airflow/.local/lib/python3.8/site-packages/airflow/example_dags/plugins/listener_plugin.py
[2025-12-24T19:25:32.209+0000] {processor.py:842} WARNING - No viable dags retrieved from /home/airflow/.local/lib/python3.8/site-packages/airflow/example_dags/plugins/listener_plugin.py
[2025-12-24T19:25:32.223+0000] {processor.py:183} INFO - Processing /home/airflow/.local/lib/python3.8/site-packages/airflow/example_dags/plugins/listener_plugin.py took 0.023 seconds
[2025-12-24T19:26:02.477+0000] {processor.py:161} INFO - Started process (PID=26185) to work on /home/airflow/.local/lib/python3.8/site-packages/airflow/example_dags/plugins/listener_plugin.py
[2025-12-24T19:26:02.478+0000] {processor.py:830} INFO - Processing file /home/airflow/.local/lib/python3.8/site-packages/airflow/example_dags/plugins/listener_plugin.py for tasks to queue
[2025-12-24T19:26:02.479+0000] {logging_mixin.py:188} INFO - [2025-12-24T19:26:02.479+0000] {dagbag.py:538} INFO - Filling up the DagBag from /home/airflow/.local/lib/python3.8/site-packages/airflow/example_dags/plugins/listener_plugin.py
[2025-12-24T19:26:02.484+0000] {processor.py:842} WARNING - No viable dags retrieved from /home/airflow/.local/lib/python3.8/site-packages/airflow/example_dags/plugins/listener_plugin.py
[2025-12-24T19:26:02.502+0000] {processor.py:183} INFO - Processing /home/airflow/.local/lib/python3.8/site-packages/airflow/example_dags/plugins/listener_plugin.py took 0.030 seconds
[2025-12-24T19:26:32.872+0000] {processor.py:161} INFO - Started process (PID=26242) to work on /home/airflow/.local/lib/python3.8/site-packages/airflow/example_dags/plugins/listener_plugin.py
[2025-12-24T19:26:32.873+0000] {processor.py:830} INFO - Processing file /home/airflow/.local/lib/python3.8/site-packages/airflow/example_dags/plugins/listener_plugin.py for tasks to queue
[2025-12-24T19:26:32.875+0000] {logging_mixin.py:188} INFO - [2025-12-24T19:26:32.874+0000] {dagbag.py:538} INFO - Filling up the DagBag from /home/airflow/.local/lib/python3.8/site-packages/airflow/example_dags/plugins/listener_plugin.py
[2025-12-24T19:26:32.878+0000] {processor.py:842} WARNING - No viable dags retrieved from /home/airflow/.local/lib/python3.8/site-packages/airflow/example_dags/plugins/listener_plugin.py
[2025-12-24T19:26:32.892+0000] {processor.py:183} INFO - Processing /home/airflow/.local/lib/python3.8/site-packages/airflow/example_dags/plugins/listener_plugin.py took 0.023 seconds
[2025-12-24T19:27:03.116+0000] {processor.py:161} INFO - Started process (PID=26299) to work on /home/airflow/.local/lib/python3.8/site-packages/airflow/example_dags/plugins/listener_plugin.py
[2025-12-24T19:27:03.117+0000] {processor.py:830} INFO - Processing file /home/airflow/.local/lib/python3.8/site-packages/airflow/example_dags/plugins/listener_plugin.py for tasks to queue
[2025-12-24T19:27:03.118+0000] {logging_mixin.py:188} INFO - [2025-12-24T19:27:03.118+0000] {dagbag.py:538} INFO - Filling up the DagBag from /home/airflow/.local/lib/python3.8/site-packages/airflow/example_dags/plugins/listener_plugin.py
[2025-12-24T19:27:03.121+0000] {processor.py:842} WARNING - No viable dags retrieved from /home/airflow/.local/lib/python3.8/site-packages/airflow/example_dags/plugins/listener_plugin.py
[2025-12-24T19:27:03.135+0000] {processor.py:183} INFO - Processing /home/airflow/.local/lib/python3.8/site-packages/airflow/example_dags/plugins/listener_plugin.py took 0.022 seconds
[2025-12-24T19:27:33.506+0000] {processor.py:161} INFO - Started process (PID=26356) to work on /home/airflow/.local/lib/python3.8/site-packages/airflow/example_dags/plugins/listener_plugin.py
[2025-12-24T19:27:33.507+0000] {processor.py:830} INFO - Processing file /home/airflow/.local/lib/python3.8/site-packages/airflow/example_dags/plugins/listener_plugin.py for tasks to queue
[2025-12-24T19:27:33.509+0000] {logging_mixin.py:188} INFO - [2025-12-24T19:27:33.508+0000] {dagbag.py:538} INFO - Filling up the DagBag from /home/airflow/.local/lib/python3.8/site-packages/airflow/example_dags/plugins/listener_plugin.py
[2025-12-24T19:27:33.512+0000] {processor.py:842} WARNING - No viable dags retrieved from /home/airflow/.local/lib/python3.8/site-packages/airflow/example_dags/plugins/listener_plugin.py
[2025-12-24T19:27:33.526+0000] {processor.py:183} INFO - Processing /home/airflow/.local/lib/python3.8/site-packages/airflow/example_dags/plugins/listener_plugin.py took 0.024 seconds
[2025-12-24T19:28:04.015+0000] {processor.py:161} INFO - Started process (PID=26412) to work on /home/airflow/.local/lib/python3.8/site-packages/airflow/example_dags/plugins/listener_plugin.py
[2025-12-24T19:28:04.016+0000] {processor.py:830} INFO - Processing file /home/airflow/.local/lib/python3.8/site-packages/airflow/example_dags/plugins/listener_plugin.py for tasks to queue
[2025-12-24T19:28:04.017+0000] {logging_mixin.py:188} INFO - [2025-12-24T19:28:04.017+0000] {dagbag.py:538} INFO - Filling up the DagBag from /home/airflow/.local/lib/python3.8/site-packages/airflow/example_dags/plugins/listener_plugin.py
[2025-12-24T19:28:04.020+0000] {processor.py:842} WARNING - No viable dags retrieved from /home/airflow/.local/lib/python3.8/site-packages/airflow/example_dags/plugins/listener_plugin.py
[2025-12-24T19:28:04.037+0000] {processor.py:183} INFO - Processing /home/airflow/.local/lib/python3.8/site-packages/airflow/example_dags/plugins/listener_plugin.py took 0.025 seconds
[2025-12-24T19:28:34.229+0000] {processor.py:161} INFO - Started process (PID=26469) to work on /home/airflow/.local/lib/python3.8/site-packages/airflow/example_dags/plugins/listener_plugin.py
[2025-12-24T19:28:34.230+0000] {processor.py:830} INFO - Processing file /home/airflow/.local/lib/python3.8/site-packages/airflow/example_dags/plugins/listener_plugin.py for tasks to queue
[2025-12-24T19:28:34.231+0000] {logging_mixin.py:188} INFO - [2025-12-24T19:28:34.231+0000] {dagbag.py:538} INFO - Filling up the DagBag from /home/airflow/.local/lib/python3.8/site-packages/airflow/example_dags/plugins/listener_plugin.py
[2025-12-24T19:28:34.235+0000] {processor.py:842} WARNING - No viable dags retrieved from /home/airflow/.local/lib/python3.8/site-packages/airflow/example_dags/plugins/listener_plugin.py
[2025-12-24T19:28:34.250+0000] {processor.py:183} INFO - Processing /home/airflow/.local/lib/python3.8/site-packages/airflow/example_dags/plugins/listener_plugin.py took 0.025 seconds
[2025-12-24T19:29:04.587+0000] {processor.py:161} INFO - Started process (PID=26526) to work on /home/airflow/.local/lib/python3.8/site-packages/airflow/example_dags/plugins/listener_plugin.py
[2025-12-24T19:29:04.588+0000] {processor.py:830} INFO - Processing file /home/airflow/.local/lib/python3.8/site-packages/airflow/example_dags/plugins/listener_plugin.py for tasks to queue
[2025-12-24T19:29:04.589+0000] {logging_mixin.py:188} INFO - [2025-12-24T19:29:04.589+0000] {dagbag.py:538} INFO - Filling up the DagBag from /home/airflow/.local/lib/python3.8/site-packages/airflow/example_dags/plugins/listener_plugin.py
[2025-12-24T19:29:04.592+0000] {processor.py:842} WARNING - No viable dags retrieved from /home/airflow/.local/lib/python3.8/site-packages/airflow/example_dags/plugins/listener_plugin.py
[2025-12-24T19:29:04.607+0000] {processor.py:183} INFO - Processing /home/airflow/.local/lib/python3.8/site-packages/airflow/example_dags/plugins/listener_plugin.py took 0.023 seconds
[2025-12-24T19:29:35.022+0000] {processor.py:161} INFO - Started process (PID=26583) to work on /home/airflow/.local/lib/python3.8/site-packages/airflow/example_dags/plugins/listener_plugin.py
[2025-12-24T19:29:35.023+0000] {processor.py:830} INFO - Processing file /home/airflow/.local/lib/python3.8/site-packages/airflow/example_dags/plugins/listener_plugin.py for tasks to queue
[2025-12-24T19:29:35.024+0000] {logging_mixin.py:188} INFO - [2025-12-24T19:29:35.024+0000] {dagbag.py:538} INFO - Filling up the DagBag from /home/airflow/.local/lib/python3.8/site-packages/airflow/example_dags/plugins/listener_plugin.py
[2025-12-24T19:29:35.027+0000] {processor.py:842} WARNING - No viable dags retrieved from /home/airflow/.local/lib/python3.8/site-packages/airflow/example_dags/plugins/listener_plugin.py
[2025-12-24T19:29:35.042+0000] {processor.py:183} INFO - Processing /home/airflow/.local/lib/python3.8/site-packages/airflow/example_dags/plugins/listener_plugin.py took 0.023 seconds
[2025-12-24T19:30:05.343+0000] {processor.py:161} INFO - Started process (PID=26640) to work on /home/airflow/.local/lib/python3.8/site-packages/airflow/example_dags/plugins/listener_plugin.py
[2025-12-24T19:30:05.345+0000] {processor.py:830} INFO - Processing file /home/airflow/.local/lib/python3.8/site-packages/airflow/example_dags/plugins/listener_plugin.py for tasks to queue
[2025-12-24T19:30:05.346+0000] {logging_mixin.py:188} INFO - [2025-12-24T19:30:05.345+0000] {dagbag.py:538} INFO - Filling up the DagBag from /home/airflow/.local/lib/python3.8/site-packages/airflow/example_dags/plugins/listener_plugin.py
[2025-12-24T19:30:05.348+0000] {processor.py:842} WARNING - No viable dags retrieved from /home/airflow/.local/lib/python3.8/site-packages/airflow/example_dags/plugins/listener_plugin.py
[2025-12-24T19:30:05.364+0000] {processor.py:183} INFO - Processing /home/airflow/.local/lib/python3.8/site-packages/airflow/example_dags/plugins/listener_plugin.py took 0.025 seconds
[2025-12-24T19:30:35.768+0000] {processor.py:161} INFO - Started process (PID=26697) to work on /home/airflow/.local/lib/python3.8/site-packages/airflow/example_dags/plugins/listener_plugin.py
[2025-12-24T19:30:35.769+0000] {processor.py:830} INFO - Processing file /home/airflow/.local/lib/python3.8/site-packages/airflow/example_dags/plugins/listener_plugin.py for tasks to queue
[2025-12-24T19:30:35.770+0000] {logging_mixin.py:188} INFO - [2025-12-24T19:30:35.770+0000] {dagbag.py:538} INFO - Filling up the DagBag from /home/airflow/.local/lib/python3.8/site-packages/airflow/example_dags/plugins/listener_plugin.py
[2025-12-24T19:30:35.774+0000] {processor.py:842} WARNING - No viable dags retrieved from /home/airflow/.local/lib/python3.8/site-packages/airflow/example_dags/plugins/listener_plugin.py
[2025-12-24T19:30:35.790+0000] {processor.py:183} INFO - Processing /home/airflow/.local/lib/python3.8/site-packages/airflow/example_dags/plugins/listener_plugin.py took 0.026 seconds
[2025-12-24T19:31:06.091+0000] {processor.py:161} INFO - Started process (PID=26753) to work on /home/airflow/.local/lib/python3.8/site-packages/airflow/example_dags/plugins/listener_plugin.py
[2025-12-24T19:31:06.092+0000] {processor.py:830} INFO - Processing file /home/airflow/.local/lib/python3.8/site-packages/airflow/example_dags/plugins/listener_plugin.py for tasks to queue
[2025-12-24T19:31:06.094+0000] {logging_mixin.py:188} INFO - [2025-12-24T19:31:06.093+0000] {dagbag.py:538} INFO - Filling up the DagBag from /home/airflow/.local/lib/python3.8/site-packages/airflow/example_dags/plugins/listener_plugin.py
[2025-12-24T19:31:06.097+0000] {processor.py:842} WARNING - No viable dags retrieved from /home/airflow/.local/lib/python3.8/site-packages/airflow/example_dags/plugins/listener_plugin.py
[2025-12-24T19:31:06.114+0000] {processor.py:183} INFO - Processing /home/airflow/.local/lib/python3.8/site-packages/airflow/example_dags/plugins/listener_plugin.py took 0.027 seconds
[2025-12-24T19:31:36.260+0000] {processor.py:161} INFO - Started process (PID=26810) to work on /home/airflow/.local/lib/python3.8/site-packages/airflow/example_dags/plugins/listener_plugin.py
[2025-12-24T19:31:36.262+0000] {processor.py:830} INFO - Processing file /home/airflow/.local/lib/python3.8/site-packages/airflow/example_dags/plugins/listener_plugin.py for tasks to queue
[2025-12-24T19:31:36.263+0000] {logging_mixin.py:188} INFO - [2025-12-24T19:31:36.262+0000] {dagbag.py:538} INFO - Filling up the DagBag from /home/airflow/.local/lib/python3.8/site-packages/airflow/example_dags/plugins/listener_plugin.py
[2025-12-24T19:31:36.266+0000] {processor.py:842} WARNING - No viable dags retrieved from /home/airflow/.local/lib/python3.8/site-packages/airflow/example_dags/plugins/listener_plugin.py
[2025-12-24T19:31:36.281+0000] {processor.py:183} INFO - Processing /home/airflow/.local/lib/python3.8/site-packages/airflow/example_dags/plugins/listener_plugin.py took 0.024 seconds
[2025-12-24T19:32:06.867+0000] {processor.py:161} INFO - Started process (PID=26867) to work on /home/airflow/.local/lib/python3.8/site-packages/airflow/example_dags/plugins/listener_plugin.py
[2025-12-24T19:32:06.869+0000] {processor.py:830} INFO - Processing file /home/airflow/.local/lib/python3.8/site-packages/airflow/example_dags/plugins/listener_plugin.py for tasks to queue
[2025-12-24T19:32:06.870+0000] {logging_mixin.py:188} INFO - [2025-12-24T19:32:06.869+0000] {dagbag.py:538} INFO - Filling up the DagBag from /home/airflow/.local/lib/python3.8/site-packages/airflow/example_dags/plugins/listener_plugin.py
[2025-12-24T19:32:06.873+0000] {processor.py:842} WARNING - No viable dags retrieved from /home/airflow/.local/lib/python3.8/site-packages/airflow/example_dags/plugins/listener_plugin.py
[2025-12-24T19:32:06.888+0000] {processor.py:183} INFO - Processing /home/airflow/.local/lib/python3.8/site-packages/airflow/example_dags/plugins/listener_plugin.py took 0.024 seconds
[2025-12-24T19:32:37.166+0000] {processor.py:161} INFO - Started process (PID=26924) to work on /home/airflow/.local/lib/python3.8/site-packages/airflow/example_dags/plugins/listener_plugin.py
[2025-12-24T19:32:37.167+0000] {processor.py:830} INFO - Processing file /home/airflow/.local/lib/python3.8/site-packages/airflow/example_dags/plugins/listener_plugin.py for tasks to queue
[2025-12-24T19:32:37.169+0000] {logging_mixin.py:188} INFO - [2025-12-24T19:32:37.168+0000] {dagbag.py:538} INFO - Filling up the DagBag from /home/airflow/.local/lib/python3.8/site-packages/airflow/example_dags/plugins/listener_plugin.py
[2025-12-24T19:32:37.172+0000] {processor.py:842} WARNING - No viable dags retrieved from /home/airflow/.local/lib/python3.8/site-packages/airflow/example_dags/plugins/listener_plugin.py
[2025-12-24T19:32:37.189+0000] {processor.py:183} INFO - Processing /home/airflow/.local/lib/python3.8/site-packages/airflow/example_dags/plugins/listener_plugin.py took 0.027 seconds
[2025-12-24T19:33:07.678+0000] {processor.py:161} INFO - Started process (PID=26981) to work on /home/airflow/.local/lib/python3.8/site-packages/airflow/example_dags/plugins/listener_plugin.py
[2025-12-24T19:33:07.679+0000] {processor.py:830} INFO - Processing file /home/airflow/.local/lib/python3.8/site-packages/airflow/example_dags/plugins/listener_plugin.py for tasks to queue
[2025-12-24T19:33:07.680+0000] {logging_mixin.py:188} INFO - [2025-12-24T19:33:07.680+0000] {dagbag.py:538} INFO - Filling up the DagBag from /home/airflow/.local/lib/python3.8/site-packages/airflow/example_dags/plugins/listener_plugin.py
[2025-12-24T19:33:07.683+0000] {processor.py:842} WARNING - No viable dags retrieved from /home/airflow/.local/lib/python3.8/site-packages/airflow/example_dags/plugins/listener_plugin.py
[2025-12-24T19:33:07.699+0000] {processor.py:183} INFO - Processing /home/airflow/.local/lib/python3.8/site-packages/airflow/example_dags/plugins/listener_plugin.py took 0.025 seconds
[2025-12-24T19:33:37.849+0000] {processor.py:161} INFO - Started process (PID=27038) to work on /home/airflow/.local/lib/python3.8/site-packages/airflow/example_dags/plugins/listener_plugin.py
[2025-12-24T19:33:37.850+0000] {processor.py:830} INFO - Processing file /home/airflow/.local/lib/python3.8/site-packages/airflow/example_dags/plugins/listener_plugin.py for tasks to queue
[2025-12-24T19:33:37.851+0000] {logging_mixin.py:188} INFO - [2025-12-24T19:33:37.850+0000] {dagbag.py:538} INFO - Filling up the DagBag from /home/airflow/.local/lib/python3.8/site-packages/airflow/example_dags/plugins/listener_plugin.py
[2025-12-24T19:33:37.854+0000] {processor.py:842} WARNING - No viable dags retrieved from /home/airflow/.local/lib/python3.8/site-packages/airflow/example_dags/plugins/listener_plugin.py
[2025-12-24T19:33:37.867+0000] {processor.py:183} INFO - Processing /home/airflow/.local/lib/python3.8/site-packages/airflow/example_dags/plugins/listener_plugin.py took 0.022 seconds
[2025-12-24T19:34:08.228+0000] {processor.py:161} INFO - Started process (PID=27096) to work on /home/airflow/.local/lib/python3.8/site-packages/airflow/example_dags/plugins/listener_plugin.py
[2025-12-24T19:34:08.229+0000] {processor.py:830} INFO - Processing file /home/airflow/.local/lib/python3.8/site-packages/airflow/example_dags/plugins/listener_plugin.py for tasks to queue
[2025-12-24T19:34:08.230+0000] {logging_mixin.py:188} INFO - [2025-12-24T19:34:08.230+0000] {dagbag.py:538} INFO - Filling up the DagBag from /home/airflow/.local/lib/python3.8/site-packages/airflow/example_dags/plugins/listener_plugin.py
[2025-12-24T19:34:08.233+0000] {processor.py:842} WARNING - No viable dags retrieved from /home/airflow/.local/lib/python3.8/site-packages/airflow/example_dags/plugins/listener_plugin.py
[2025-12-24T19:34:08.247+0000] {processor.py:183} INFO - Processing /home/airflow/.local/lib/python3.8/site-packages/airflow/example_dags/plugins/listener_plugin.py took 0.023 seconds
[2025-12-24T19:34:38.750+0000] {processor.py:161} INFO - Started process (PID=27153) to work on /home/airflow/.local/lib/python3.8/site-packages/airflow/example_dags/plugins/listener_plugin.py
[2025-12-24T19:34:38.751+0000] {processor.py:830} INFO - Processing file /home/airflow/.local/lib/python3.8/site-packages/airflow/example_dags/plugins/listener_plugin.py for tasks to queue
[2025-12-24T19:34:38.753+0000] {logging_mixin.py:188} INFO - [2025-12-24T19:34:38.752+0000] {dagbag.py:538} INFO - Filling up the DagBag from /home/airflow/.local/lib/python3.8/site-packages/airflow/example_dags/plugins/listener_plugin.py
[2025-12-24T19:34:38.756+0000] {processor.py:842} WARNING - No viable dags retrieved from /home/airflow/.local/lib/python3.8/site-packages/airflow/example_dags/plugins/listener_plugin.py
[2025-12-24T19:34:38.770+0000] {processor.py:183} INFO - Processing /home/airflow/.local/lib/python3.8/site-packages/airflow/example_dags/plugins/listener_plugin.py took 0.025 seconds
[2025-12-24T19:35:09.394+0000] {processor.py:161} INFO - Started process (PID=27210) to work on /home/airflow/.local/lib/python3.8/site-packages/airflow/example_dags/plugins/listener_plugin.py
[2025-12-24T19:35:09.395+0000] {processor.py:830} INFO - Processing file /home/airflow/.local/lib/python3.8/site-packages/airflow/example_dags/plugins/listener_plugin.py for tasks to queue
[2025-12-24T19:35:09.396+0000] {logging_mixin.py:188} INFO - [2025-12-24T19:35:09.396+0000] {dagbag.py:538} INFO - Filling up the DagBag from /home/airflow/.local/lib/python3.8/site-packages/airflow/example_dags/plugins/listener_plugin.py
[2025-12-24T19:35:09.399+0000] {processor.py:842} WARNING - No viable dags retrieved from /home/airflow/.local/lib/python3.8/site-packages/airflow/example_dags/plugins/listener_plugin.py
[2025-12-24T19:35:09.416+0000] {processor.py:183} INFO - Processing /home/airflow/.local/lib/python3.8/site-packages/airflow/example_dags/plugins/listener_plugin.py took 0.026 seconds
[2025-12-24T19:35:39.977+0000] {processor.py:161} INFO - Started process (PID=27267) to work on /home/airflow/.local/lib/python3.8/site-packages/airflow/example_dags/plugins/listener_plugin.py
[2025-12-24T19:35:39.978+0000] {processor.py:830} INFO - Processing file /home/airflow/.local/lib/python3.8/site-packages/airflow/example_dags/plugins/listener_plugin.py for tasks to queue
[2025-12-24T19:35:39.979+0000] {logging_mixin.py:188} INFO - [2025-12-24T19:35:39.979+0000] {dagbag.py:538} INFO - Filling up the DagBag from /home/airflow/.local/lib/python3.8/site-packages/airflow/example_dags/plugins/listener_plugin.py
[2025-12-24T19:35:39.982+0000] {processor.py:842} WARNING - No viable dags retrieved from /home/airflow/.local/lib/python3.8/site-packages/airflow/example_dags/plugins/listener_plugin.py
[2025-12-24T19:35:39.997+0000] {processor.py:183} INFO - Processing /home/airflow/.local/lib/python3.8/site-packages/airflow/example_dags/plugins/listener_plugin.py took 0.024 seconds
[2025-12-24T19:36:10.615+0000] {processor.py:161} INFO - Started process (PID=27324) to work on /home/airflow/.local/lib/python3.8/site-packages/airflow/example_dags/plugins/listener_plugin.py
[2025-12-24T19:36:10.616+0000] {processor.py:830} INFO - Processing file /home/airflow/.local/lib/python3.8/site-packages/airflow/example_dags/plugins/listener_plugin.py for tasks to queue
[2025-12-24T19:36:10.617+0000] {logging_mixin.py:188} INFO - [2025-12-24T19:36:10.616+0000] {dagbag.py:538} INFO - Filling up the DagBag from /home/airflow/.local/lib/python3.8/site-packages/airflow/example_dags/plugins/listener_plugin.py
[2025-12-24T19:36:10.620+0000] {processor.py:842} WARNING - No viable dags retrieved from /home/airflow/.local/lib/python3.8/site-packages/airflow/example_dags/plugins/listener_plugin.py
[2025-12-24T19:36:10.634+0000] {processor.py:183} INFO - Processing /home/airflow/.local/lib/python3.8/site-packages/airflow/example_dags/plugins/listener_plugin.py took 0.023 seconds
[2025-12-24T19:36:41.238+0000] {processor.py:161} INFO - Started process (PID=27381) to work on /home/airflow/.local/lib/python3.8/site-packages/airflow/example_dags/plugins/listener_plugin.py
[2025-12-24T19:36:41.240+0000] {processor.py:830} INFO - Processing file /home/airflow/.local/lib/python3.8/site-packages/airflow/example_dags/plugins/listener_plugin.py for tasks to queue
[2025-12-24T19:36:41.241+0000] {logging_mixin.py:188} INFO - [2025-12-24T19:36:41.240+0000] {dagbag.py:538} INFO - Filling up the DagBag from /home/airflow/.local/lib/python3.8/site-packages/airflow/example_dags/plugins/listener_plugin.py
[2025-12-24T19:36:41.244+0000] {processor.py:842} WARNING - No viable dags retrieved from /home/airflow/.local/lib/python3.8/site-packages/airflow/example_dags/plugins/listener_plugin.py
[2025-12-24T19:36:41.258+0000] {processor.py:183} INFO - Processing /home/airflow/.local/lib/python3.8/site-packages/airflow/example_dags/plugins/listener_plugin.py took 0.024 seconds
[2025-12-24T19:37:12.227+0000] {processor.py:161} INFO - Started process (PID=27438) to work on /home/airflow/.local/lib/python3.8/site-packages/airflow/example_dags/plugins/listener_plugin.py
[2025-12-24T19:37:12.228+0000] {processor.py:830} INFO - Processing file /home/airflow/.local/lib/python3.8/site-packages/airflow/example_dags/plugins/listener_plugin.py for tasks to queue
[2025-12-24T19:37:12.230+0000] {logging_mixin.py:188} INFO - [2025-12-24T19:37:12.229+0000] {dagbag.py:538} INFO - Filling up the DagBag from /home/airflow/.local/lib/python3.8/site-packages/airflow/example_dags/plugins/listener_plugin.py
[2025-12-24T19:37:12.233+0000] {processor.py:842} WARNING - No viable dags retrieved from /home/airflow/.local/lib/python3.8/site-packages/airflow/example_dags/plugins/listener_plugin.py
[2025-12-24T19:37:12.250+0000] {processor.py:183} INFO - Processing /home/airflow/.local/lib/python3.8/site-packages/airflow/example_dags/plugins/listener_plugin.py took 0.028 seconds
[2025-12-24T19:37:42.659+0000] {processor.py:161} INFO - Started process (PID=27495) to work on /home/airflow/.local/lib/python3.8/site-packages/airflow/example_dags/plugins/listener_plugin.py
[2025-12-24T19:37:42.660+0000] {processor.py:830} INFO - Processing file /home/airflow/.local/lib/python3.8/site-packages/airflow/example_dags/plugins/listener_plugin.py for tasks to queue
[2025-12-24T19:37:42.661+0000] {logging_mixin.py:188} INFO - [2025-12-24T19:37:42.661+0000] {dagbag.py:538} INFO - Filling up the DagBag from /home/airflow/.local/lib/python3.8/site-packages/airflow/example_dags/plugins/listener_plugin.py
[2025-12-24T19:37:42.664+0000] {processor.py:842} WARNING - No viable dags retrieved from /home/airflow/.local/lib/python3.8/site-packages/airflow/example_dags/plugins/listener_plugin.py
[2025-12-24T19:37:42.680+0000] {processor.py:183} INFO - Processing /home/airflow/.local/lib/python3.8/site-packages/airflow/example_dags/plugins/listener_plugin.py took 0.024 seconds
[2025-12-24T19:38:13.294+0000] {processor.py:161} INFO - Started process (PID=27552) to work on /home/airflow/.local/lib/python3.8/site-packages/airflow/example_dags/plugins/listener_plugin.py
[2025-12-24T19:38:13.295+0000] {processor.py:830} INFO - Processing file /home/airflow/.local/lib/python3.8/site-packages/airflow/example_dags/plugins/listener_plugin.py for tasks to queue
[2025-12-24T19:38:13.296+0000] {logging_mixin.py:188} INFO - [2025-12-24T19:38:13.296+0000] {dagbag.py:538} INFO - Filling up the DagBag from /home/airflow/.local/lib/python3.8/site-packages/airflow/example_dags/plugins/listener_plugin.py
[2025-12-24T19:38:13.300+0000] {processor.py:842} WARNING - No viable dags retrieved from /home/airflow/.local/lib/python3.8/site-packages/airflow/example_dags/plugins/listener_plugin.py
[2025-12-24T19:38:13.316+0000] {processor.py:183} INFO - Processing /home/airflow/.local/lib/python3.8/site-packages/airflow/example_dags/plugins/listener_plugin.py took 0.025 seconds
[2025-12-24T19:38:43.529+0000] {processor.py:161} INFO - Started process (PID=27610) to work on /home/airflow/.local/lib/python3.8/site-packages/airflow/example_dags/plugins/listener_plugin.py
[2025-12-24T19:38:43.531+0000] {processor.py:830} INFO - Processing file /home/airflow/.local/lib/python3.8/site-packages/airflow/example_dags/plugins/listener_plugin.py for tasks to queue
[2025-12-24T19:38:43.532+0000] {logging_mixin.py:188} INFO - [2025-12-24T19:38:43.532+0000] {dagbag.py:538} INFO - Filling up the DagBag from /home/airflow/.local/lib/python3.8/site-packages/airflow/example_dags/plugins/listener_plugin.py
[2025-12-24T19:38:43.536+0000] {processor.py:842} WARNING - No viable dags retrieved from /home/airflow/.local/lib/python3.8/site-packages/airflow/example_dags/plugins/listener_plugin.py
[2025-12-24T19:38:43.554+0000] {processor.py:183} INFO - Processing /home/airflow/.local/lib/python3.8/site-packages/airflow/example_dags/plugins/listener_plugin.py took 0.030 seconds
[2025-12-24T19:39:14.031+0000] {processor.py:161} INFO - Started process (PID=27667) to work on /home/airflow/.local/lib/python3.8/site-packages/airflow/example_dags/plugins/listener_plugin.py
[2025-12-24T19:39:14.032+0000] {processor.py:830} INFO - Processing file /home/airflow/.local/lib/python3.8/site-packages/airflow/example_dags/plugins/listener_plugin.py for tasks to queue
[2025-12-24T19:39:14.033+0000] {logging_mixin.py:188} INFO - [2025-12-24T19:39:14.033+0000] {dagbag.py:538} INFO - Filling up the DagBag from /home/airflow/.local/lib/python3.8/site-packages/airflow/example_dags/plugins/listener_plugin.py
[2025-12-24T19:39:14.037+0000] {processor.py:842} WARNING - No viable dags retrieved from /home/airflow/.local/lib/python3.8/site-packages/airflow/example_dags/plugins/listener_plugin.py
[2025-12-24T19:39:14.052+0000] {processor.py:183} INFO - Processing /home/airflow/.local/lib/python3.8/site-packages/airflow/example_dags/plugins/listener_plugin.py took 0.025 seconds
[2025-12-24T19:39:44.683+0000] {processor.py:161} INFO - Started process (PID=27724) to work on /home/airflow/.local/lib/python3.8/site-packages/airflow/example_dags/plugins/listener_plugin.py
[2025-12-24T19:39:44.685+0000] {processor.py:830} INFO - Processing file /home/airflow/.local/lib/python3.8/site-packages/airflow/example_dags/plugins/listener_plugin.py for tasks to queue
[2025-12-24T19:39:44.686+0000] {logging_mixin.py:188} INFO - [2025-12-24T19:39:44.685+0000] {dagbag.py:538} INFO - Filling up the DagBag from /home/airflow/.local/lib/python3.8/site-packages/airflow/example_dags/plugins/listener_plugin.py
[2025-12-24T19:39:44.689+0000] {processor.py:842} WARNING - No viable dags retrieved from /home/airflow/.local/lib/python3.8/site-packages/airflow/example_dags/plugins/listener_plugin.py
[2025-12-24T19:39:44.702+0000] {processor.py:183} INFO - Processing /home/airflow/.local/lib/python3.8/site-packages/airflow/example_dags/plugins/listener_plugin.py took 0.022 seconds
[2025-12-24T19:40:14.744+0000] {processor.py:161} INFO - Started process (PID=27781) to work on /home/airflow/.local/lib/python3.8/site-packages/airflow/example_dags/plugins/listener_plugin.py
[2025-12-24T19:40:14.745+0000] {processor.py:830} INFO - Processing file /home/airflow/.local/lib/python3.8/site-packages/airflow/example_dags/plugins/listener_plugin.py for tasks to queue
[2025-12-24T19:40:14.746+0000] {logging_mixin.py:188} INFO - [2025-12-24T19:40:14.746+0000] {dagbag.py:538} INFO - Filling up the DagBag from /home/airflow/.local/lib/python3.8/site-packages/airflow/example_dags/plugins/listener_plugin.py
[2025-12-24T19:40:14.749+0000] {processor.py:842} WARNING - No viable dags retrieved from /home/airflow/.local/lib/python3.8/site-packages/airflow/example_dags/plugins/listener_plugin.py
[2025-12-24T19:40:14.763+0000] {processor.py:183} INFO - Processing /home/airflow/.local/lib/python3.8/site-packages/airflow/example_dags/plugins/listener_plugin.py took 0.023 seconds
[2025-12-24T19:40:45.527+0000] {processor.py:161} INFO - Started process (PID=27837) to work on /home/airflow/.local/lib/python3.8/site-packages/airflow/example_dags/plugins/listener_plugin.py
[2025-12-24T19:40:45.528+0000] {processor.py:830} INFO - Processing file /home/airflow/.local/lib/python3.8/site-packages/airflow/example_dags/plugins/listener_plugin.py for tasks to queue
[2025-12-24T19:40:45.529+0000] {logging_mixin.py:188} INFO - [2025-12-24T19:40:45.529+0000] {dagbag.py:538} INFO - Filling up the DagBag from /home/airflow/.local/lib/python3.8/site-packages/airflow/example_dags/plugins/listener_plugin.py
[2025-12-24T19:40:45.532+0000] {processor.py:842} WARNING - No viable dags retrieved from /home/airflow/.local/lib/python3.8/site-packages/airflow/example_dags/plugins/listener_plugin.py
[2025-12-24T19:40:45.548+0000] {processor.py:183} INFO - Processing /home/airflow/.local/lib/python3.8/site-packages/airflow/example_dags/plugins/listener_plugin.py took 0.024 seconds
[2025-12-24T19:41:16.020+0000] {processor.py:161} INFO - Started process (PID=27894) to work on /home/airflow/.local/lib/python3.8/site-packages/airflow/example_dags/plugins/listener_plugin.py
[2025-12-24T19:41:16.022+0000] {processor.py:830} INFO - Processing file /home/airflow/.local/lib/python3.8/site-packages/airflow/example_dags/plugins/listener_plugin.py for tasks to queue
[2025-12-24T19:41:16.023+0000] {logging_mixin.py:188} INFO - [2025-12-24T19:41:16.023+0000] {dagbag.py:538} INFO - Filling up the DagBag from /home/airflow/.local/lib/python3.8/site-packages/airflow/example_dags/plugins/listener_plugin.py
[2025-12-24T19:41:16.029+0000] {processor.py:842} WARNING - No viable dags retrieved from /home/airflow/.local/lib/python3.8/site-packages/airflow/example_dags/plugins/listener_plugin.py
[2025-12-24T19:41:16.048+0000] {processor.py:183} INFO - Processing /home/airflow/.local/lib/python3.8/site-packages/airflow/example_dags/plugins/listener_plugin.py took 0.033 seconds
[2025-12-24T19:41:46.178+0000] {processor.py:161} INFO - Started process (PID=27950) to work on /home/airflow/.local/lib/python3.8/site-packages/airflow/example_dags/plugins/listener_plugin.py
[2025-12-24T19:41:46.180+0000] {processor.py:830} INFO - Processing file /home/airflow/.local/lib/python3.8/site-packages/airflow/example_dags/plugins/listener_plugin.py for tasks to queue
[2025-12-24T19:41:46.182+0000] {logging_mixin.py:188} INFO - [2025-12-24T19:41:46.181+0000] {dagbag.py:538} INFO - Filling up the DagBag from /home/airflow/.local/lib/python3.8/site-packages/airflow/example_dags/plugins/listener_plugin.py
[2025-12-24T19:41:46.191+0000] {processor.py:842} WARNING - No viable dags retrieved from /home/airflow/.local/lib/python3.8/site-packages/airflow/example_dags/plugins/listener_plugin.py
[2025-12-24T19:41:46.211+0000] {processor.py:183} INFO - Processing /home/airflow/.local/lib/python3.8/site-packages/airflow/example_dags/plugins/listener_plugin.py took 0.036 seconds
[2025-12-24T19:42:17.175+0000] {processor.py:161} INFO - Started process (PID=28009) to work on /home/airflow/.local/lib/python3.8/site-packages/airflow/example_dags/plugins/listener_plugin.py
[2025-12-24T19:42:17.176+0000] {processor.py:830} INFO - Processing file /home/airflow/.local/lib/python3.8/site-packages/airflow/example_dags/plugins/listener_plugin.py for tasks to queue
[2025-12-24T19:42:17.177+0000] {logging_mixin.py:188} INFO - [2025-12-24T19:42:17.177+0000] {dagbag.py:538} INFO - Filling up the DagBag from /home/airflow/.local/lib/python3.8/site-packages/airflow/example_dags/plugins/listener_plugin.py
[2025-12-24T19:42:17.181+0000] {processor.py:842} WARNING - No viable dags retrieved from /home/airflow/.local/lib/python3.8/site-packages/airflow/example_dags/plugins/listener_plugin.py
[2025-12-24T19:42:17.194+0000] {processor.py:183} INFO - Processing /home/airflow/.local/lib/python3.8/site-packages/airflow/example_dags/plugins/listener_plugin.py took 0.024 seconds
[2025-12-24T19:42:47.690+0000] {processor.py:161} INFO - Started process (PID=28066) to work on /home/airflow/.local/lib/python3.8/site-packages/airflow/example_dags/plugins/listener_plugin.py
[2025-12-24T19:42:47.691+0000] {processor.py:830} INFO - Processing file /home/airflow/.local/lib/python3.8/site-packages/airflow/example_dags/plugins/listener_plugin.py for tasks to queue
[2025-12-24T19:42:47.693+0000] {logging_mixin.py:188} INFO - [2025-12-24T19:42:47.692+0000] {dagbag.py:538} INFO - Filling up the DagBag from /home/airflow/.local/lib/python3.8/site-packages/airflow/example_dags/plugins/listener_plugin.py
[2025-12-24T19:42:47.696+0000] {processor.py:842} WARNING - No viable dags retrieved from /home/airflow/.local/lib/python3.8/site-packages/airflow/example_dags/plugins/listener_plugin.py
[2025-12-24T19:42:47.709+0000] {processor.py:183} INFO - Processing /home/airflow/.local/lib/python3.8/site-packages/airflow/example_dags/plugins/listener_plugin.py took 0.023 seconds
[2025-12-24T19:43:18.054+0000] {processor.py:161} INFO - Started process (PID=28123) to work on /home/airflow/.local/lib/python3.8/site-packages/airflow/example_dags/plugins/listener_plugin.py
[2025-12-24T19:43:18.056+0000] {processor.py:830} INFO - Processing file /home/airflow/.local/lib/python3.8/site-packages/airflow/example_dags/plugins/listener_plugin.py for tasks to queue
[2025-12-24T19:43:18.057+0000] {logging_mixin.py:188} INFO - [2025-12-24T19:43:18.057+0000] {dagbag.py:538} INFO - Filling up the DagBag from /home/airflow/.local/lib/python3.8/site-packages/airflow/example_dags/plugins/listener_plugin.py
[2025-12-24T19:43:18.060+0000] {processor.py:842} WARNING - No viable dags retrieved from /home/airflow/.local/lib/python3.8/site-packages/airflow/example_dags/plugins/listener_plugin.py
[2025-12-24T19:43:18.075+0000] {processor.py:183} INFO - Processing /home/airflow/.local/lib/python3.8/site-packages/airflow/example_dags/plugins/listener_plugin.py took 0.024 seconds
[2025-12-24T19:43:48.423+0000] {processor.py:161} INFO - Started process (PID=28180) to work on /home/airflow/.local/lib/python3.8/site-packages/airflow/example_dags/plugins/listener_plugin.py
[2025-12-24T19:43:48.424+0000] {processor.py:830} INFO - Processing file /home/airflow/.local/lib/python3.8/site-packages/airflow/example_dags/plugins/listener_plugin.py for tasks to queue
[2025-12-24T19:43:48.425+0000] {logging_mixin.py:188} INFO - [2025-12-24T19:43:48.425+0000] {dagbag.py:538} INFO - Filling up the DagBag from /home/airflow/.local/lib/python3.8/site-packages/airflow/example_dags/plugins/listener_plugin.py
[2025-12-24T19:43:48.429+0000] {processor.py:842} WARNING - No viable dags retrieved from /home/airflow/.local/lib/python3.8/site-packages/airflow/example_dags/plugins/listener_plugin.py
[2025-12-24T19:43:48.443+0000] {processor.py:183} INFO - Processing /home/airflow/.local/lib/python3.8/site-packages/airflow/example_dags/plugins/listener_plugin.py took 0.024 seconds
[2025-12-24T19:44:18.848+0000] {processor.py:161} INFO - Started process (PID=28237) to work on /home/airflow/.local/lib/python3.8/site-packages/airflow/example_dags/plugins/listener_plugin.py
[2025-12-24T19:44:18.850+0000] {processor.py:830} INFO - Processing file /home/airflow/.local/lib/python3.8/site-packages/airflow/example_dags/plugins/listener_plugin.py for tasks to queue
[2025-12-24T19:44:18.851+0000] {logging_mixin.py:188} INFO - [2025-12-24T19:44:18.850+0000] {dagbag.py:538} INFO - Filling up the DagBag from /home/airflow/.local/lib/python3.8/site-packages/airflow/example_dags/plugins/listener_plugin.py
[2025-12-24T19:44:18.854+0000] {processor.py:842} WARNING - No viable dags retrieved from /home/airflow/.local/lib/python3.8/site-packages/airflow/example_dags/plugins/listener_plugin.py
[2025-12-24T19:44:18.869+0000] {processor.py:183} INFO - Processing /home/airflow/.local/lib/python3.8/site-packages/airflow/example_dags/plugins/listener_plugin.py took 0.024 seconds
[2025-12-24T19:44:49.424+0000] {processor.py:161} INFO - Started process (PID=28294) to work on /home/airflow/.local/lib/python3.8/site-packages/airflow/example_dags/plugins/listener_plugin.py
[2025-12-24T19:44:49.425+0000] {processor.py:830} INFO - Processing file /home/airflow/.local/lib/python3.8/site-packages/airflow/example_dags/plugins/listener_plugin.py for tasks to queue
[2025-12-24T19:44:49.427+0000] {logging_mixin.py:188} INFO - [2025-12-24T19:44:49.427+0000] {dagbag.py:538} INFO - Filling up the DagBag from /home/airflow/.local/lib/python3.8/site-packages/airflow/example_dags/plugins/listener_plugin.py
[2025-12-24T19:44:49.430+0000] {processor.py:842} WARNING - No viable dags retrieved from /home/airflow/.local/lib/python3.8/site-packages/airflow/example_dags/plugins/listener_plugin.py
[2025-12-24T19:44:49.445+0000] {processor.py:183} INFO - Processing /home/airflow/.local/lib/python3.8/site-packages/airflow/example_dags/plugins/listener_plugin.py took 0.024 seconds
[2025-12-24T19:45:20.464+0000] {processor.py:161} INFO - Started process (PID=28351) to work on /home/airflow/.local/lib/python3.8/site-packages/airflow/example_dags/plugins/listener_plugin.py
[2025-12-24T19:45:20.465+0000] {processor.py:830} INFO - Processing file /home/airflow/.local/lib/python3.8/site-packages/airflow/example_dags/plugins/listener_plugin.py for tasks to queue
[2025-12-24T19:45:20.466+0000] {logging_mixin.py:188} INFO - [2025-12-24T19:45:20.466+0000] {dagbag.py:538} INFO - Filling up the DagBag from /home/airflow/.local/lib/python3.8/site-packages/airflow/example_dags/plugins/listener_plugin.py
[2025-12-24T19:45:20.470+0000] {processor.py:842} WARNING - No viable dags retrieved from /home/airflow/.local/lib/python3.8/site-packages/airflow/example_dags/plugins/listener_plugin.py
[2025-12-24T19:45:20.489+0000] {processor.py:183} INFO - Processing /home/airflow/.local/lib/python3.8/site-packages/airflow/example_dags/plugins/listener_plugin.py took 0.029 seconds
[2025-12-24T19:45:50.705+0000] {processor.py:161} INFO - Started process (PID=28408) to work on /home/airflow/.local/lib/python3.8/site-packages/airflow/example_dags/plugins/listener_plugin.py
[2025-12-24T19:45:50.707+0000] {processor.py:830} INFO - Processing file /home/airflow/.local/lib/python3.8/site-packages/airflow/example_dags/plugins/listener_plugin.py for tasks to queue
[2025-12-24T19:45:50.708+0000] {logging_mixin.py:188} INFO - [2025-12-24T19:45:50.707+0000] {dagbag.py:538} INFO - Filling up the DagBag from /home/airflow/.local/lib/python3.8/site-packages/airflow/example_dags/plugins/listener_plugin.py
[2025-12-24T19:45:50.711+0000] {processor.py:842} WARNING - No viable dags retrieved from /home/airflow/.local/lib/python3.8/site-packages/airflow/example_dags/plugins/listener_plugin.py
[2025-12-24T19:45:50.725+0000] {processor.py:183} INFO - Processing /home/airflow/.local/lib/python3.8/site-packages/airflow/example_dags/plugins/listener_plugin.py took 0.023 seconds
[2025-12-24T19:46:21.128+0000] {processor.py:161} INFO - Started process (PID=28465) to work on /home/airflow/.local/lib/python3.8/site-packages/airflow/example_dags/plugins/listener_plugin.py
[2025-12-24T19:46:21.130+0000] {processor.py:830} INFO - Processing file /home/airflow/.local/lib/python3.8/site-packages/airflow/example_dags/plugins/listener_plugin.py for tasks to queue
[2025-12-24T19:46:21.131+0000] {logging_mixin.py:188} INFO - [2025-12-24T19:46:21.131+0000] {dagbag.py:538} INFO - Filling up the DagBag from /home/airflow/.local/lib/python3.8/site-packages/airflow/example_dags/plugins/listener_plugin.py
[2025-12-24T19:46:21.135+0000] {processor.py:842} WARNING - No viable dags retrieved from /home/airflow/.local/lib/python3.8/site-packages/airflow/example_dags/plugins/listener_plugin.py
[2025-12-24T19:46:21.153+0000] {processor.py:183} INFO - Processing /home/airflow/.local/lib/python3.8/site-packages/airflow/example_dags/plugins/listener_plugin.py took 0.029 seconds
[2025-12-24T19:46:51.805+0000] {processor.py:161} INFO - Started process (PID=28522) to work on /home/airflow/.local/lib/python3.8/site-packages/airflow/example_dags/plugins/listener_plugin.py
[2025-12-24T19:46:51.806+0000] {processor.py:830} INFO - Processing file /home/airflow/.local/lib/python3.8/site-packages/airflow/example_dags/plugins/listener_plugin.py for tasks to queue
[2025-12-24T19:46:51.807+0000] {logging_mixin.py:188} INFO - [2025-12-24T19:46:51.807+0000] {dagbag.py:538} INFO - Filling up the DagBag from /home/airflow/.local/lib/python3.8/site-packages/airflow/example_dags/plugins/listener_plugin.py
[2025-12-24T19:46:51.811+0000] {processor.py:842} WARNING - No viable dags retrieved from /home/airflow/.local/lib/python3.8/site-packages/airflow/example_dags/plugins/listener_plugin.py
[2025-12-24T19:46:51.826+0000] {processor.py:183} INFO - Processing /home/airflow/.local/lib/python3.8/site-packages/airflow/example_dags/plugins/listener_plugin.py took 0.025 seconds
[2025-12-24T19:47:21.975+0000] {processor.py:161} INFO - Started process (PID=28578) to work on /home/airflow/.local/lib/python3.8/site-packages/airflow/example_dags/plugins/listener_plugin.py
[2025-12-24T19:47:21.977+0000] {processor.py:830} INFO - Processing file /home/airflow/.local/lib/python3.8/site-packages/airflow/example_dags/plugins/listener_plugin.py for tasks to queue
[2025-12-24T19:47:21.978+0000] {logging_mixin.py:188} INFO - [2025-12-24T19:47:21.977+0000] {dagbag.py:538} INFO - Filling up the DagBag from /home/airflow/.local/lib/python3.8/site-packages/airflow/example_dags/plugins/listener_plugin.py
[2025-12-24T19:47:21.981+0000] {processor.py:842} WARNING - No viable dags retrieved from /home/airflow/.local/lib/python3.8/site-packages/airflow/example_dags/plugins/listener_plugin.py
[2025-12-24T19:47:21.997+0000] {processor.py:183} INFO - Processing /home/airflow/.local/lib/python3.8/site-packages/airflow/example_dags/plugins/listener_plugin.py took 0.025 seconds
[2025-12-24T19:47:52.347+0000] {processor.py:161} INFO - Started process (PID=28635) to work on /home/airflow/.local/lib/python3.8/site-packages/airflow/example_dags/plugins/listener_plugin.py
[2025-12-24T19:47:52.348+0000] {processor.py:830} INFO - Processing file /home/airflow/.local/lib/python3.8/site-packages/airflow/example_dags/plugins/listener_plugin.py for tasks to queue
[2025-12-24T19:47:52.349+0000] {logging_mixin.py:188} INFO - [2025-12-24T19:47:52.349+0000] {dagbag.py:538} INFO - Filling up the DagBag from /home/airflow/.local/lib/python3.8/site-packages/airflow/example_dags/plugins/listener_plugin.py
[2025-12-24T19:47:52.354+0000] {processor.py:842} WARNING - No viable dags retrieved from /home/airflow/.local/lib/python3.8/site-packages/airflow/example_dags/plugins/listener_plugin.py
[2025-12-24T19:47:52.385+0000] {processor.py:183} INFO - Processing /home/airflow/.local/lib/python3.8/site-packages/airflow/example_dags/plugins/listener_plugin.py took 0.042 seconds
[2025-12-24T19:48:22.800+0000] {processor.py:161} INFO - Started process (PID=28698) to work on /home/airflow/.local/lib/python3.8/site-packages/airflow/example_dags/plugins/listener_plugin.py
[2025-12-24T19:48:22.801+0000] {processor.py:830} INFO - Processing file /home/airflow/.local/lib/python3.8/site-packages/airflow/example_dags/plugins/listener_plugin.py for tasks to queue
[2025-12-24T19:48:22.802+0000] {logging_mixin.py:188} INFO - [2025-12-24T19:48:22.802+0000] {dagbag.py:538} INFO - Filling up the DagBag from /home/airflow/.local/lib/python3.8/site-packages/airflow/example_dags/plugins/listener_plugin.py
[2025-12-24T19:48:22.806+0000] {processor.py:842} WARNING - No viable dags retrieved from /home/airflow/.local/lib/python3.8/site-packages/airflow/example_dags/plugins/listener_plugin.py
[2025-12-24T19:48:22.819+0000] {processor.py:183} INFO - Processing /home/airflow/.local/lib/python3.8/site-packages/airflow/example_dags/plugins/listener_plugin.py took 0.023 seconds
[2025-12-24T19:48:53.143+0000] {processor.py:161} INFO - Started process (PID=28755) to work on /home/airflow/.local/lib/python3.8/site-packages/airflow/example_dags/plugins/listener_plugin.py
[2025-12-24T19:48:53.144+0000] {processor.py:830} INFO - Processing file /home/airflow/.local/lib/python3.8/site-packages/airflow/example_dags/plugins/listener_plugin.py for tasks to queue
[2025-12-24T19:48:53.146+0000] {logging_mixin.py:188} INFO - [2025-12-24T19:48:53.145+0000] {dagbag.py:538} INFO - Filling up the DagBag from /home/airflow/.local/lib/python3.8/site-packages/airflow/example_dags/plugins/listener_plugin.py
[2025-12-24T19:48:53.149+0000] {processor.py:842} WARNING - No viable dags retrieved from /home/airflow/.local/lib/python3.8/site-packages/airflow/example_dags/plugins/listener_plugin.py
[2025-12-24T19:48:53.162+0000] {processor.py:183} INFO - Processing /home/airflow/.local/lib/python3.8/site-packages/airflow/example_dags/plugins/listener_plugin.py took 0.023 seconds
[2025-12-24T19:49:23.547+0000] {processor.py:161} INFO - Started process (PID=28812) to work on /home/airflow/.local/lib/python3.8/site-packages/airflow/example_dags/plugins/listener_plugin.py
[2025-12-24T19:49:23.548+0000] {processor.py:830} INFO - Processing file /home/airflow/.local/lib/python3.8/site-packages/airflow/example_dags/plugins/listener_plugin.py for tasks to queue
[2025-12-24T19:49:23.549+0000] {logging_mixin.py:188} INFO - [2025-12-24T19:49:23.549+0000] {dagbag.py:538} INFO - Filling up the DagBag from /home/airflow/.local/lib/python3.8/site-packages/airflow/example_dags/plugins/listener_plugin.py
[2025-12-24T19:49:23.553+0000] {processor.py:842} WARNING - No viable dags retrieved from /home/airflow/.local/lib/python3.8/site-packages/airflow/example_dags/plugins/listener_plugin.py
[2025-12-24T19:49:23.568+0000] {processor.py:183} INFO - Processing /home/airflow/.local/lib/python3.8/site-packages/airflow/example_dags/plugins/listener_plugin.py took 0.025 seconds
[2025-12-24T19:49:53.862+0000] {processor.py:161} INFO - Started process (PID=28869) to work on /home/airflow/.local/lib/python3.8/site-packages/airflow/example_dags/plugins/listener_plugin.py
[2025-12-24T19:49:53.863+0000] {processor.py:830} INFO - Processing file /home/airflow/.local/lib/python3.8/site-packages/airflow/example_dags/plugins/listener_plugin.py for tasks to queue
[2025-12-24T19:49:53.865+0000] {logging_mixin.py:188} INFO - [2025-12-24T19:49:53.864+0000] {dagbag.py:538} INFO - Filling up the DagBag from /home/airflow/.local/lib/python3.8/site-packages/airflow/example_dags/plugins/listener_plugin.py
[2025-12-24T19:49:53.868+0000] {processor.py:842} WARNING - No viable dags retrieved from /home/airflow/.local/lib/python3.8/site-packages/airflow/example_dags/plugins/listener_plugin.py
[2025-12-24T19:49:53.882+0000] {processor.py:183} INFO - Processing /home/airflow/.local/lib/python3.8/site-packages/airflow/example_dags/plugins/listener_plugin.py took 0.023 seconds
[2025-12-24T19:50:24.387+0000] {processor.py:161} INFO - Started process (PID=28926) to work on /home/airflow/.local/lib/python3.8/site-packages/airflow/example_dags/plugins/listener_plugin.py
[2025-12-24T19:50:24.388+0000] {processor.py:830} INFO - Processing file /home/airflow/.local/lib/python3.8/site-packages/airflow/example_dags/plugins/listener_plugin.py for tasks to queue
[2025-12-24T19:50:24.390+0000] {logging_mixin.py:188} INFO - [2025-12-24T19:50:24.389+0000] {dagbag.py:538} INFO - Filling up the DagBag from /home/airflow/.local/lib/python3.8/site-packages/airflow/example_dags/plugins/listener_plugin.py
[2025-12-24T19:50:24.394+0000] {processor.py:842} WARNING - No viable dags retrieved from /home/airflow/.local/lib/python3.8/site-packages/airflow/example_dags/plugins/listener_plugin.py
[2025-12-24T19:50:24.413+0000] {processor.py:183} INFO - Processing /home/airflow/.local/lib/python3.8/site-packages/airflow/example_dags/plugins/listener_plugin.py took 0.030 seconds
[2025-12-24T19:50:54.984+0000] {processor.py:161} INFO - Started process (PID=28983) to work on /home/airflow/.local/lib/python3.8/site-packages/airflow/example_dags/plugins/listener_plugin.py
[2025-12-24T19:50:54.985+0000] {processor.py:830} INFO - Processing file /home/airflow/.local/lib/python3.8/site-packages/airflow/example_dags/plugins/listener_plugin.py for tasks to queue
[2025-12-24T19:50:54.986+0000] {logging_mixin.py:188} INFO - [2025-12-24T19:50:54.985+0000] {dagbag.py:538} INFO - Filling up the DagBag from /home/airflow/.local/lib/python3.8/site-packages/airflow/example_dags/plugins/listener_plugin.py
[2025-12-24T19:50:54.989+0000] {processor.py:842} WARNING - No viable dags retrieved from /home/airflow/.local/lib/python3.8/site-packages/airflow/example_dags/plugins/listener_plugin.py
[2025-12-24T19:50:55.002+0000] {processor.py:183} INFO - Processing /home/airflow/.local/lib/python3.8/site-packages/airflow/example_dags/plugins/listener_plugin.py took 0.022 seconds
[2025-12-24T19:51:25.219+0000] {processor.py:161} INFO - Started process (PID=29040) to work on /home/airflow/.local/lib/python3.8/site-packages/airflow/example_dags/plugins/listener_plugin.py
[2025-12-24T19:51:25.220+0000] {processor.py:830} INFO - Processing file /home/airflow/.local/lib/python3.8/site-packages/airflow/example_dags/plugins/listener_plugin.py for tasks to queue
[2025-12-24T19:51:25.221+0000] {logging_mixin.py:188} INFO - [2025-12-24T19:51:25.221+0000] {dagbag.py:538} INFO - Filling up the DagBag from /home/airflow/.local/lib/python3.8/site-packages/airflow/example_dags/plugins/listener_plugin.py
[2025-12-24T19:51:25.225+0000] {processor.py:842} WARNING - No viable dags retrieved from /home/airflow/.local/lib/python3.8/site-packages/airflow/example_dags/plugins/listener_plugin.py
[2025-12-24T19:51:25.239+0000] {processor.py:183} INFO - Processing /home/airflow/.local/lib/python3.8/site-packages/airflow/example_dags/plugins/listener_plugin.py took 0.024 seconds
[2025-12-24T19:51:56.132+0000] {processor.py:161} INFO - Started process (PID=29097) to work on /home/airflow/.local/lib/python3.8/site-packages/airflow/example_dags/plugins/listener_plugin.py
[2025-12-24T19:51:56.133+0000] {processor.py:830} INFO - Processing file /home/airflow/.local/lib/python3.8/site-packages/airflow/example_dags/plugins/listener_plugin.py for tasks to queue
[2025-12-24T19:51:56.135+0000] {logging_mixin.py:188} INFO - [2025-12-24T19:51:56.134+0000] {dagbag.py:538} INFO - Filling up the DagBag from /home/airflow/.local/lib/python3.8/site-packages/airflow/example_dags/plugins/listener_plugin.py
[2025-12-24T19:51:56.139+0000] {processor.py:842} WARNING - No viable dags retrieved from /home/airflow/.local/lib/python3.8/site-packages/airflow/example_dags/plugins/listener_plugin.py
[2025-12-24T19:51:56.156+0000] {processor.py:183} INFO - Processing /home/airflow/.local/lib/python3.8/site-packages/airflow/example_dags/plugins/listener_plugin.py took 0.028 seconds
[2025-12-24T19:52:27.170+0000] {processor.py:161} INFO - Started process (PID=29154) to work on /home/airflow/.local/lib/python3.8/site-packages/airflow/example_dags/plugins/listener_plugin.py
[2025-12-24T19:52:27.171+0000] {processor.py:830} INFO - Processing file /home/airflow/.local/lib/python3.8/site-packages/airflow/example_dags/plugins/listener_plugin.py for tasks to queue
[2025-12-24T19:52:27.172+0000] {logging_mixin.py:188} INFO - [2025-12-24T19:52:27.172+0000] {dagbag.py:538} INFO - Filling up the DagBag from /home/airflow/.local/lib/python3.8/site-packages/airflow/example_dags/plugins/listener_plugin.py
[2025-12-24T19:52:27.177+0000] {processor.py:842} WARNING - No viable dags retrieved from /home/airflow/.local/lib/python3.8/site-packages/airflow/example_dags/plugins/listener_plugin.py
[2025-12-24T19:52:27.192+0000] {processor.py:183} INFO - Processing /home/airflow/.local/lib/python3.8/site-packages/airflow/example_dags/plugins/listener_plugin.py took 0.026 seconds
[2025-12-24T19:52:57.593+0000] {processor.py:161} INFO - Started process (PID=29211) to work on /home/airflow/.local/lib/python3.8/site-packages/airflow/example_dags/plugins/listener_plugin.py
[2025-12-24T19:52:57.594+0000] {processor.py:830} INFO - Processing file /home/airflow/.local/lib/python3.8/site-packages/airflow/example_dags/plugins/listener_plugin.py for tasks to queue
[2025-12-24T19:52:57.595+0000] {logging_mixin.py:188} INFO - [2025-12-24T19:52:57.595+0000] {dagbag.py:538} INFO - Filling up the DagBag from /home/airflow/.local/lib/python3.8/site-packages/airflow/example_dags/plugins/listener_plugin.py
[2025-12-24T19:52:57.599+0000] {processor.py:842} WARNING - No viable dags retrieved from /home/airflow/.local/lib/python3.8/site-packages/airflow/example_dags/plugins/listener_plugin.py
[2025-12-24T19:52:57.615+0000] {processor.py:183} INFO - Processing /home/airflow/.local/lib/python3.8/site-packages/airflow/example_dags/plugins/listener_plugin.py took 0.026 seconds
[2025-12-24T19:53:28.556+0000] {processor.py:161} INFO - Started process (PID=29268) to work on /home/airflow/.local/lib/python3.8/site-packages/airflow/example_dags/plugins/listener_plugin.py
[2025-12-24T19:53:28.559+0000] {processor.py:830} INFO - Processing file /home/airflow/.local/lib/python3.8/site-packages/airflow/example_dags/plugins/listener_plugin.py for tasks to queue
[2025-12-24T19:53:28.567+0000] {logging_mixin.py:188} INFO - [2025-12-24T19:53:28.567+0000] {dagbag.py:538} INFO - Filling up the DagBag from /home/airflow/.local/lib/python3.8/site-packages/airflow/example_dags/plugins/listener_plugin.py
[2025-12-24T19:53:28.572+0000] {processor.py:842} WARNING - No viable dags retrieved from /home/airflow/.local/lib/python3.8/site-packages/airflow/example_dags/plugins/listener_plugin.py
[2025-12-24T19:53:28.599+0000] {processor.py:183} INFO - Processing /home/airflow/.local/lib/python3.8/site-packages/airflow/example_dags/plugins/listener_plugin.py took 0.049 seconds
[2025-12-24T19:53:59.481+0000] {processor.py:161} INFO - Started process (PID=29325) to work on /home/airflow/.local/lib/python3.8/site-packages/airflow/example_dags/plugins/listener_plugin.py
[2025-12-24T19:53:59.483+0000] {processor.py:830} INFO - Processing file /home/airflow/.local/lib/python3.8/site-packages/airflow/example_dags/plugins/listener_plugin.py for tasks to queue
[2025-12-24T19:53:59.484+0000] {logging_mixin.py:188} INFO - [2025-12-24T19:53:59.483+0000] {dagbag.py:538} INFO - Filling up the DagBag from /home/airflow/.local/lib/python3.8/site-packages/airflow/example_dags/plugins/listener_plugin.py
[2025-12-24T19:53:59.488+0000] {processor.py:842} WARNING - No viable dags retrieved from /home/airflow/.local/lib/python3.8/site-packages/airflow/example_dags/plugins/listener_plugin.py
[2025-12-24T19:53:59.506+0000] {processor.py:183} INFO - Processing /home/airflow/.local/lib/python3.8/site-packages/airflow/example_dags/plugins/listener_plugin.py took 0.030 seconds
[2025-12-24T19:54:30.170+0000] {processor.py:161} INFO - Started process (PID=29382) to work on /home/airflow/.local/lib/python3.8/site-packages/airflow/example_dags/plugins/listener_plugin.py
[2025-12-24T19:54:30.171+0000] {processor.py:830} INFO - Processing file /home/airflow/.local/lib/python3.8/site-packages/airflow/example_dags/plugins/listener_plugin.py for tasks to queue
[2025-12-24T19:54:30.173+0000] {logging_mixin.py:188} INFO - [2025-12-24T19:54:30.172+0000] {dagbag.py:538} INFO - Filling up the DagBag from /home/airflow/.local/lib/python3.8/site-packages/airflow/example_dags/plugins/listener_plugin.py
[2025-12-24T19:54:30.177+0000] {processor.py:842} WARNING - No viable dags retrieved from /home/airflow/.local/lib/python3.8/site-packages/airflow/example_dags/plugins/listener_plugin.py
[2025-12-24T19:54:30.193+0000] {processor.py:183} INFO - Processing /home/airflow/.local/lib/python3.8/site-packages/airflow/example_dags/plugins/listener_plugin.py took 0.026 seconds
[2025-12-24T19:55:00.512+0000] {processor.py:161} INFO - Started process (PID=29439) to work on /home/airflow/.local/lib/python3.8/site-packages/airflow/example_dags/plugins/listener_plugin.py
[2025-12-24T19:55:00.514+0000] {processor.py:830} INFO - Processing file /home/airflow/.local/lib/python3.8/site-packages/airflow/example_dags/plugins/listener_plugin.py for tasks to queue
[2025-12-24T19:55:00.515+0000] {logging_mixin.py:188} INFO - [2025-12-24T19:55:00.515+0000] {dagbag.py:538} INFO - Filling up the DagBag from /home/airflow/.local/lib/python3.8/site-packages/airflow/example_dags/plugins/listener_plugin.py
[2025-12-24T19:55:00.519+0000] {processor.py:842} WARNING - No viable dags retrieved from /home/airflow/.local/lib/python3.8/site-packages/airflow/example_dags/plugins/listener_plugin.py
[2025-12-24T19:55:00.532+0000] {processor.py:183} INFO - Processing /home/airflow/.local/lib/python3.8/site-packages/airflow/example_dags/plugins/listener_plugin.py took 0.024 seconds
[2025-12-24T19:55:30.903+0000] {processor.py:161} INFO - Started process (PID=29496) to work on /home/airflow/.local/lib/python3.8/site-packages/airflow/example_dags/plugins/listener_plugin.py
[2025-12-24T19:55:30.904+0000] {processor.py:830} INFO - Processing file /home/airflow/.local/lib/python3.8/site-packages/airflow/example_dags/plugins/listener_plugin.py for tasks to queue
[2025-12-24T19:55:30.906+0000] {logging_mixin.py:188} INFO - [2025-12-24T19:55:30.905+0000] {dagbag.py:538} INFO - Filling up the DagBag from /home/airflow/.local/lib/python3.8/site-packages/airflow/example_dags/plugins/listener_plugin.py
[2025-12-24T19:55:30.910+0000] {processor.py:842} WARNING - No viable dags retrieved from /home/airflow/.local/lib/python3.8/site-packages/airflow/example_dags/plugins/listener_plugin.py
[2025-12-24T19:55:30.928+0000] {processor.py:183} INFO - Processing /home/airflow/.local/lib/python3.8/site-packages/airflow/example_dags/plugins/listener_plugin.py took 0.029 seconds
[2025-12-24T19:56:01.071+0000] {processor.py:161} INFO - Started process (PID=29553) to work on /home/airflow/.local/lib/python3.8/site-packages/airflow/example_dags/plugins/listener_plugin.py
[2025-12-24T19:56:01.072+0000] {processor.py:830} INFO - Processing file /home/airflow/.local/lib/python3.8/site-packages/airflow/example_dags/plugins/listener_plugin.py for tasks to queue
[2025-12-24T19:56:01.073+0000] {logging_mixin.py:188} INFO - [2025-12-24T19:56:01.073+0000] {dagbag.py:538} INFO - Filling up the DagBag from /home/airflow/.local/lib/python3.8/site-packages/airflow/example_dags/plugins/listener_plugin.py
[2025-12-24T19:56:01.077+0000] {processor.py:842} WARNING - No viable dags retrieved from /home/airflow/.local/lib/python3.8/site-packages/airflow/example_dags/plugins/listener_plugin.py
[2025-12-24T19:56:01.092+0000] {processor.py:183} INFO - Processing /home/airflow/.local/lib/python3.8/site-packages/airflow/example_dags/plugins/listener_plugin.py took 0.024 seconds
[2025-12-24T19:56:31.742+0000] {processor.py:161} INFO - Started process (PID=29610) to work on /home/airflow/.local/lib/python3.8/site-packages/airflow/example_dags/plugins/listener_plugin.py
[2025-12-24T19:56:31.744+0000] {processor.py:830} INFO - Processing file /home/airflow/.local/lib/python3.8/site-packages/airflow/example_dags/plugins/listener_plugin.py for tasks to queue
[2025-12-24T19:56:31.747+0000] {logging_mixin.py:188} INFO - [2025-12-24T19:56:31.747+0000] {dagbag.py:538} INFO - Filling up the DagBag from /home/airflow/.local/lib/python3.8/site-packages/airflow/example_dags/plugins/listener_plugin.py
[2025-12-24T19:56:31.751+0000] {processor.py:842} WARNING - No viable dags retrieved from /home/airflow/.local/lib/python3.8/site-packages/airflow/example_dags/plugins/listener_plugin.py
[2025-12-24T19:56:31.764+0000] {processor.py:183} INFO - Processing /home/airflow/.local/lib/python3.8/site-packages/airflow/example_dags/plugins/listener_plugin.py took 0.025 seconds
[2025-12-24T19:57:02.107+0000] {processor.py:161} INFO - Started process (PID=29667) to work on /home/airflow/.local/lib/python3.8/site-packages/airflow/example_dags/plugins/listener_plugin.py
[2025-12-24T19:57:02.108+0000] {processor.py:830} INFO - Processing file /home/airflow/.local/lib/python3.8/site-packages/airflow/example_dags/plugins/listener_plugin.py for tasks to queue
[2025-12-24T19:57:02.110+0000] {logging_mixin.py:188} INFO - [2025-12-24T19:57:02.109+0000] {dagbag.py:538} INFO - Filling up the DagBag from /home/airflow/.local/lib/python3.8/site-packages/airflow/example_dags/plugins/listener_plugin.py
[2025-12-24T19:57:02.116+0000] {processor.py:842} WARNING - No viable dags retrieved from /home/airflow/.local/lib/python3.8/site-packages/airflow/example_dags/plugins/listener_plugin.py
[2025-12-24T19:57:02.137+0000] {processor.py:183} INFO - Processing /home/airflow/.local/lib/python3.8/site-packages/airflow/example_dags/plugins/listener_plugin.py took 0.035 seconds
[2025-12-24T19:57:32.347+0000] {processor.py:161} INFO - Started process (PID=29724) to work on /home/airflow/.local/lib/python3.8/site-packages/airflow/example_dags/plugins/listener_plugin.py
[2025-12-24T19:57:32.348+0000] {processor.py:830} INFO - Processing file /home/airflow/.local/lib/python3.8/site-packages/airflow/example_dags/plugins/listener_plugin.py for tasks to queue
[2025-12-24T19:57:32.349+0000] {logging_mixin.py:188} INFO - [2025-12-24T19:57:32.349+0000] {dagbag.py:538} INFO - Filling up the DagBag from /home/airflow/.local/lib/python3.8/site-packages/airflow/example_dags/plugins/listener_plugin.py
[2025-12-24T19:57:32.352+0000] {processor.py:842} WARNING - No viable dags retrieved from /home/airflow/.local/lib/python3.8/site-packages/airflow/example_dags/plugins/listener_plugin.py
[2025-12-24T19:57:32.366+0000] {processor.py:183} INFO - Processing /home/airflow/.local/lib/python3.8/site-packages/airflow/example_dags/plugins/listener_plugin.py took 0.023 seconds
[2025-12-24T19:58:02.669+0000] {processor.py:161} INFO - Started process (PID=29781) to work on /home/airflow/.local/lib/python3.8/site-packages/airflow/example_dags/plugins/listener_plugin.py
[2025-12-24T19:58:02.670+0000] {processor.py:830} INFO - Processing file /home/airflow/.local/lib/python3.8/site-packages/airflow/example_dags/plugins/listener_plugin.py for tasks to queue
[2025-12-24T19:58:02.672+0000] {logging_mixin.py:188} INFO - [2025-12-24T19:58:02.671+0000] {dagbag.py:538} INFO - Filling up the DagBag from /home/airflow/.local/lib/python3.8/site-packages/airflow/example_dags/plugins/listener_plugin.py
[2025-12-24T19:58:02.675+0000] {processor.py:842} WARNING - No viable dags retrieved from /home/airflow/.local/lib/python3.8/site-packages/airflow/example_dags/plugins/listener_plugin.py
[2025-12-24T19:58:02.696+0000] {processor.py:183} INFO - Processing /home/airflow/.local/lib/python3.8/site-packages/airflow/example_dags/plugins/listener_plugin.py took 0.031 seconds
[2025-12-24T19:58:33.049+0000] {processor.py:161} INFO - Started process (PID=29838) to work on /home/airflow/.local/lib/python3.8/site-packages/airflow/example_dags/plugins/listener_plugin.py
[2025-12-24T19:58:33.050+0000] {processor.py:830} INFO - Processing file /home/airflow/.local/lib/python3.8/site-packages/airflow/example_dags/plugins/listener_plugin.py for tasks to queue
[2025-12-24T19:58:33.051+0000] {logging_mixin.py:188} INFO - [2025-12-24T19:58:33.051+0000] {dagbag.py:538} INFO - Filling up the DagBag from /home/airflow/.local/lib/python3.8/site-packages/airflow/example_dags/plugins/listener_plugin.py
[2025-12-24T19:58:33.054+0000] {processor.py:842} WARNING - No viable dags retrieved from /home/airflow/.local/lib/python3.8/site-packages/airflow/example_dags/plugins/listener_plugin.py
[2025-12-24T19:58:33.067+0000] {processor.py:183} INFO - Processing /home/airflow/.local/lib/python3.8/site-packages/airflow/example_dags/plugins/listener_plugin.py took 0.022 seconds
[2025-12-24T19:59:03.363+0000] {processor.py:161} INFO - Started process (PID=29895) to work on /home/airflow/.local/lib/python3.8/site-packages/airflow/example_dags/plugins/listener_plugin.py
[2025-12-24T19:59:03.364+0000] {processor.py:830} INFO - Processing file /home/airflow/.local/lib/python3.8/site-packages/airflow/example_dags/plugins/listener_plugin.py for tasks to queue
[2025-12-24T19:59:03.365+0000] {logging_mixin.py:188} INFO - [2025-12-24T19:59:03.365+0000] {dagbag.py:538} INFO - Filling up the DagBag from /home/airflow/.local/lib/python3.8/site-packages/airflow/example_dags/plugins/listener_plugin.py
[2025-12-24T19:59:03.368+0000] {processor.py:842} WARNING - No viable dags retrieved from /home/airflow/.local/lib/python3.8/site-packages/airflow/example_dags/plugins/listener_plugin.py
[2025-12-24T19:59:03.381+0000] {processor.py:183} INFO - Processing /home/airflow/.local/lib/python3.8/site-packages/airflow/example_dags/plugins/listener_plugin.py took 0.022 seconds
[2025-12-24T19:59:33.680+0000] {processor.py:161} INFO - Started process (PID=29952) to work on /home/airflow/.local/lib/python3.8/site-packages/airflow/example_dags/plugins/listener_plugin.py
[2025-12-24T19:59:33.681+0000] {processor.py:830} INFO - Processing file /home/airflow/.local/lib/python3.8/site-packages/airflow/example_dags/plugins/listener_plugin.py for tasks to queue
[2025-12-24T19:59:33.682+0000] {logging_mixin.py:188} INFO - [2025-12-24T19:59:33.682+0000] {dagbag.py:538} INFO - Filling up the DagBag from /home/airflow/.local/lib/python3.8/site-packages/airflow/example_dags/plugins/listener_plugin.py
[2025-12-24T19:59:33.685+0000] {processor.py:842} WARNING - No viable dags retrieved from /home/airflow/.local/lib/python3.8/site-packages/airflow/example_dags/plugins/listener_plugin.py
[2025-12-24T19:59:33.700+0000] {processor.py:183} INFO - Processing /home/airflow/.local/lib/python3.8/site-packages/airflow/example_dags/plugins/listener_plugin.py took 0.024 seconds
[2025-12-24T20:00:03.923+0000] {processor.py:161} INFO - Started process (PID=30009) to work on /home/airflow/.local/lib/python3.8/site-packages/airflow/example_dags/plugins/listener_plugin.py
[2025-12-24T20:00:03.925+0000] {processor.py:830} INFO - Processing file /home/airflow/.local/lib/python3.8/site-packages/airflow/example_dags/plugins/listener_plugin.py for tasks to queue
[2025-12-24T20:00:03.926+0000] {logging_mixin.py:188} INFO - [2025-12-24T20:00:03.925+0000] {dagbag.py:538} INFO - Filling up the DagBag from /home/airflow/.local/lib/python3.8/site-packages/airflow/example_dags/plugins/listener_plugin.py
[2025-12-24T20:00:03.929+0000] {processor.py:842} WARNING - No viable dags retrieved from /home/airflow/.local/lib/python3.8/site-packages/airflow/example_dags/plugins/listener_plugin.py
[2025-12-24T20:00:03.943+0000] {processor.py:183} INFO - Processing /home/airflow/.local/lib/python3.8/site-packages/airflow/example_dags/plugins/listener_plugin.py took 0.024 seconds
[2025-12-24T20:00:34.402+0000] {processor.py:161} INFO - Started process (PID=30066) to work on /home/airflow/.local/lib/python3.8/site-packages/airflow/example_dags/plugins/listener_plugin.py
[2025-12-24T20:00:34.404+0000] {processor.py:830} INFO - Processing file /home/airflow/.local/lib/python3.8/site-packages/airflow/example_dags/plugins/listener_plugin.py for tasks to queue
[2025-12-24T20:00:34.405+0000] {logging_mixin.py:188} INFO - [2025-12-24T20:00:34.404+0000] {dagbag.py:538} INFO - Filling up the DagBag from /home/airflow/.local/lib/python3.8/site-packages/airflow/example_dags/plugins/listener_plugin.py
[2025-12-24T20:00:34.408+0000] {processor.py:842} WARNING - No viable dags retrieved from /home/airflow/.local/lib/python3.8/site-packages/airflow/example_dags/plugins/listener_plugin.py
[2025-12-24T20:00:34.425+0000] {processor.py:183} INFO - Processing /home/airflow/.local/lib/python3.8/site-packages/airflow/example_dags/plugins/listener_plugin.py took 0.027 seconds
[2025-12-24T20:01:04.570+0000] {processor.py:161} INFO - Started process (PID=30123) to work on /home/airflow/.local/lib/python3.8/site-packages/airflow/example_dags/plugins/listener_plugin.py
[2025-12-24T20:01:04.571+0000] {processor.py:830} INFO - Processing file /home/airflow/.local/lib/python3.8/site-packages/airflow/example_dags/plugins/listener_plugin.py for tasks to queue
[2025-12-24T20:01:04.572+0000] {logging_mixin.py:188} INFO - [2025-12-24T20:01:04.572+0000] {dagbag.py:538} INFO - Filling up the DagBag from /home/airflow/.local/lib/python3.8/site-packages/airflow/example_dags/plugins/listener_plugin.py
[2025-12-24T20:01:04.575+0000] {processor.py:842} WARNING - No viable dags retrieved from /home/airflow/.local/lib/python3.8/site-packages/airflow/example_dags/plugins/listener_plugin.py
[2025-12-24T20:01:04.591+0000] {processor.py:183} INFO - Processing /home/airflow/.local/lib/python3.8/site-packages/airflow/example_dags/plugins/listener_plugin.py took 0.025 seconds
[2025-12-24T20:01:34.832+0000] {processor.py:161} INFO - Started process (PID=30180) to work on /home/airflow/.local/lib/python3.8/site-packages/airflow/example_dags/plugins/listener_plugin.py
[2025-12-24T20:01:34.833+0000] {processor.py:830} INFO - Processing file /home/airflow/.local/lib/python3.8/site-packages/airflow/example_dags/plugins/listener_plugin.py for tasks to queue
[2025-12-24T20:01:34.834+0000] {logging_mixin.py:188} INFO - [2025-12-24T20:01:34.834+0000] {dagbag.py:538} INFO - Filling up the DagBag from /home/airflow/.local/lib/python3.8/site-packages/airflow/example_dags/plugins/listener_plugin.py
[2025-12-24T20:01:34.838+0000] {processor.py:842} WARNING - No viable dags retrieved from /home/airflow/.local/lib/python3.8/site-packages/airflow/example_dags/plugins/listener_plugin.py
[2025-12-24T20:01:34.852+0000] {processor.py:183} INFO - Processing /home/airflow/.local/lib/python3.8/site-packages/airflow/example_dags/plugins/listener_plugin.py took 0.024 seconds
[2025-12-24T20:02:06.313+0000] {processor.py:161} INFO - Started process (PID=30237) to work on /home/airflow/.local/lib/python3.8/site-packages/airflow/example_dags/plugins/listener_plugin.py
[2025-12-24T20:02:06.324+0000] {processor.py:830} INFO - Processing file /home/airflow/.local/lib/python3.8/site-packages/airflow/example_dags/plugins/listener_plugin.py for tasks to queue
[2025-12-24T20:02:06.339+0000] {logging_mixin.py:188} INFO - [2025-12-24T20:02:06.334+0000] {dagbag.py:538} INFO - Filling up the DagBag from /home/airflow/.local/lib/python3.8/site-packages/airflow/example_dags/plugins/listener_plugin.py
[2025-12-24T20:02:06.392+0000] {processor.py:842} WARNING - No viable dags retrieved from /home/airflow/.local/lib/python3.8/site-packages/airflow/example_dags/plugins/listener_plugin.py
[2025-12-24T20:02:06.491+0000] {processor.py:183} INFO - Processing /home/airflow/.local/lib/python3.8/site-packages/airflow/example_dags/plugins/listener_plugin.py took 0.217 seconds
[2025-12-24T20:02:37.369+0000] {processor.py:161} INFO - Started process (PID=30301) to work on /home/airflow/.local/lib/python3.8/site-packages/airflow/example_dags/plugins/listener_plugin.py
[2025-12-24T20:02:37.370+0000] {processor.py:830} INFO - Processing file /home/airflow/.local/lib/python3.8/site-packages/airflow/example_dags/plugins/listener_plugin.py for tasks to queue
[2025-12-24T20:02:37.372+0000] {logging_mixin.py:188} INFO - [2025-12-24T20:02:37.371+0000] {dagbag.py:538} INFO - Filling up the DagBag from /home/airflow/.local/lib/python3.8/site-packages/airflow/example_dags/plugins/listener_plugin.py
[2025-12-24T20:02:37.375+0000] {processor.py:842} WARNING - No viable dags retrieved from /home/airflow/.local/lib/python3.8/site-packages/airflow/example_dags/plugins/listener_plugin.py
[2025-12-24T20:02:37.390+0000] {processor.py:183} INFO - Processing /home/airflow/.local/lib/python3.8/site-packages/airflow/example_dags/plugins/listener_plugin.py took 0.025 seconds
[2025-12-24T20:03:08.298+0000] {processor.py:161} INFO - Started process (PID=30365) to work on /home/airflow/.local/lib/python3.8/site-packages/airflow/example_dags/plugins/listener_plugin.py
[2025-12-24T20:03:08.299+0000] {processor.py:830} INFO - Processing file /home/airflow/.local/lib/python3.8/site-packages/airflow/example_dags/plugins/listener_plugin.py for tasks to queue
[2025-12-24T20:03:08.300+0000] {logging_mixin.py:188} INFO - [2025-12-24T20:03:08.300+0000] {dagbag.py:538} INFO - Filling up the DagBag from /home/airflow/.local/lib/python3.8/site-packages/airflow/example_dags/plugins/listener_plugin.py
[2025-12-24T20:03:08.304+0000] {processor.py:842} WARNING - No viable dags retrieved from /home/airflow/.local/lib/python3.8/site-packages/airflow/example_dags/plugins/listener_plugin.py
[2025-12-24T20:03:08.320+0000] {processor.py:183} INFO - Processing /home/airflow/.local/lib/python3.8/site-packages/airflow/example_dags/plugins/listener_plugin.py took 0.026 seconds
[2025-12-24T20:03:38.637+0000] {processor.py:161} INFO - Started process (PID=30424) to work on /home/airflow/.local/lib/python3.8/site-packages/airflow/example_dags/plugins/listener_plugin.py
[2025-12-24T20:03:38.638+0000] {processor.py:830} INFO - Processing file /home/airflow/.local/lib/python3.8/site-packages/airflow/example_dags/plugins/listener_plugin.py for tasks to queue
[2025-12-24T20:03:38.639+0000] {logging_mixin.py:188} INFO - [2025-12-24T20:03:38.639+0000] {dagbag.py:538} INFO - Filling up the DagBag from /home/airflow/.local/lib/python3.8/site-packages/airflow/example_dags/plugins/listener_plugin.py
[2025-12-24T20:03:38.642+0000] {processor.py:842} WARNING - No viable dags retrieved from /home/airflow/.local/lib/python3.8/site-packages/airflow/example_dags/plugins/listener_plugin.py
[2025-12-24T20:03:38.658+0000] {processor.py:183} INFO - Processing /home/airflow/.local/lib/python3.8/site-packages/airflow/example_dags/plugins/listener_plugin.py took 0.025 seconds
[2025-12-24T20:04:08.838+0000] {processor.py:161} INFO - Started process (PID=30481) to work on /home/airflow/.local/lib/python3.8/site-packages/airflow/example_dags/plugins/listener_plugin.py
[2025-12-24T20:04:08.840+0000] {processor.py:830} INFO - Processing file /home/airflow/.local/lib/python3.8/site-packages/airflow/example_dags/plugins/listener_plugin.py for tasks to queue
[2025-12-24T20:04:08.841+0000] {logging_mixin.py:188} INFO - [2025-12-24T20:04:08.840+0000] {dagbag.py:538} INFO - Filling up the DagBag from /home/airflow/.local/lib/python3.8/site-packages/airflow/example_dags/plugins/listener_plugin.py
[2025-12-24T20:04:08.844+0000] {processor.py:842} WARNING - No viable dags retrieved from /home/airflow/.local/lib/python3.8/site-packages/airflow/example_dags/plugins/listener_plugin.py
[2025-12-24T20:04:08.860+0000] {processor.py:183} INFO - Processing /home/airflow/.local/lib/python3.8/site-packages/airflow/example_dags/plugins/listener_plugin.py took 0.026 seconds
[2025-12-24T20:04:39.373+0000] {processor.py:161} INFO - Started process (PID=30538) to work on /home/airflow/.local/lib/python3.8/site-packages/airflow/example_dags/plugins/listener_plugin.py
[2025-12-24T20:04:39.374+0000] {processor.py:830} INFO - Processing file /home/airflow/.local/lib/python3.8/site-packages/airflow/example_dags/plugins/listener_plugin.py for tasks to queue
[2025-12-24T20:04:39.375+0000] {logging_mixin.py:188} INFO - [2025-12-24T20:04:39.375+0000] {dagbag.py:538} INFO - Filling up the DagBag from /home/airflow/.local/lib/python3.8/site-packages/airflow/example_dags/plugins/listener_plugin.py
[2025-12-24T20:04:39.379+0000] {processor.py:842} WARNING - No viable dags retrieved from /home/airflow/.local/lib/python3.8/site-packages/airflow/example_dags/plugins/listener_plugin.py
[2025-12-24T20:04:39.394+0000] {processor.py:183} INFO - Processing /home/airflow/.local/lib/python3.8/site-packages/airflow/example_dags/plugins/listener_plugin.py took 0.024 seconds
[2025-12-24T20:05:09.578+0000] {processor.py:161} INFO - Started process (PID=30595) to work on /home/airflow/.local/lib/python3.8/site-packages/airflow/example_dags/plugins/listener_plugin.py
[2025-12-24T20:05:09.580+0000] {processor.py:830} INFO - Processing file /home/airflow/.local/lib/python3.8/site-packages/airflow/example_dags/plugins/listener_plugin.py for tasks to queue
[2025-12-24T20:05:09.581+0000] {logging_mixin.py:188} INFO - [2025-12-24T20:05:09.580+0000] {dagbag.py:538} INFO - Filling up the DagBag from /home/airflow/.local/lib/python3.8/site-packages/airflow/example_dags/plugins/listener_plugin.py
[2025-12-24T20:05:09.584+0000] {processor.py:842} WARNING - No viable dags retrieved from /home/airflow/.local/lib/python3.8/site-packages/airflow/example_dags/plugins/listener_plugin.py
[2025-12-24T20:05:09.600+0000] {processor.py:183} INFO - Processing /home/airflow/.local/lib/python3.8/site-packages/airflow/example_dags/plugins/listener_plugin.py took 0.026 seconds
[2025-12-24T20:05:39.941+0000] {processor.py:161} INFO - Started process (PID=30652) to work on /home/airflow/.local/lib/python3.8/site-packages/airflow/example_dags/plugins/listener_plugin.py
[2025-12-24T20:05:39.942+0000] {processor.py:830} INFO - Processing file /home/airflow/.local/lib/python3.8/site-packages/airflow/example_dags/plugins/listener_plugin.py for tasks to queue
[2025-12-24T20:05:39.944+0000] {logging_mixin.py:188} INFO - [2025-12-24T20:05:39.943+0000] {dagbag.py:538} INFO - Filling up the DagBag from /home/airflow/.local/lib/python3.8/site-packages/airflow/example_dags/plugins/listener_plugin.py
[2025-12-24T20:05:39.948+0000] {processor.py:842} WARNING - No viable dags retrieved from /home/airflow/.local/lib/python3.8/site-packages/airflow/example_dags/plugins/listener_plugin.py
[2025-12-24T20:05:39.964+0000] {processor.py:183} INFO - Processing /home/airflow/.local/lib/python3.8/site-packages/airflow/example_dags/plugins/listener_plugin.py took 0.026 seconds
[2025-12-24T20:06:10.202+0000] {processor.py:161} INFO - Started process (PID=30709) to work on /home/airflow/.local/lib/python3.8/site-packages/airflow/example_dags/plugins/listener_plugin.py
[2025-12-24T20:06:10.203+0000] {processor.py:830} INFO - Processing file /home/airflow/.local/lib/python3.8/site-packages/airflow/example_dags/plugins/listener_plugin.py for tasks to queue
[2025-12-24T20:06:10.204+0000] {logging_mixin.py:188} INFO - [2025-12-24T20:06:10.203+0000] {dagbag.py:538} INFO - Filling up the DagBag from /home/airflow/.local/lib/python3.8/site-packages/airflow/example_dags/plugins/listener_plugin.py
[2025-12-24T20:06:10.207+0000] {processor.py:842} WARNING - No viable dags retrieved from /home/airflow/.local/lib/python3.8/site-packages/airflow/example_dags/plugins/listener_plugin.py
[2025-12-24T20:06:10.219+0000] {processor.py:183} INFO - Processing /home/airflow/.local/lib/python3.8/site-packages/airflow/example_dags/plugins/listener_plugin.py took 0.021 seconds
[2025-12-24T20:06:40.613+0000] {processor.py:161} INFO - Started process (PID=30766) to work on /home/airflow/.local/lib/python3.8/site-packages/airflow/example_dags/plugins/listener_plugin.py
[2025-12-24T20:06:40.614+0000] {processor.py:830} INFO - Processing file /home/airflow/.local/lib/python3.8/site-packages/airflow/example_dags/plugins/listener_plugin.py for tasks to queue
[2025-12-24T20:06:40.615+0000] {logging_mixin.py:188} INFO - [2025-12-24T20:06:40.615+0000] {dagbag.py:538} INFO - Filling up the DagBag from /home/airflow/.local/lib/python3.8/site-packages/airflow/example_dags/plugins/listener_plugin.py
[2025-12-24T20:06:40.618+0000] {processor.py:842} WARNING - No viable dags retrieved from /home/airflow/.local/lib/python3.8/site-packages/airflow/example_dags/plugins/listener_plugin.py
[2025-12-24T20:06:40.632+0000] {processor.py:183} INFO - Processing /home/airflow/.local/lib/python3.8/site-packages/airflow/example_dags/plugins/listener_plugin.py took 0.022 seconds
[2025-12-24T20:07:11.419+0000] {processor.py:161} INFO - Started process (PID=30823) to work on /home/airflow/.local/lib/python3.8/site-packages/airflow/example_dags/plugins/listener_plugin.py
[2025-12-24T20:07:11.428+0000] {processor.py:830} INFO - Processing file /home/airflow/.local/lib/python3.8/site-packages/airflow/example_dags/plugins/listener_plugin.py for tasks to queue
[2025-12-24T20:07:11.430+0000] {logging_mixin.py:188} INFO - [2025-12-24T20:07:11.430+0000] {dagbag.py:538} INFO - Filling up the DagBag from /home/airflow/.local/lib/python3.8/site-packages/airflow/example_dags/plugins/listener_plugin.py
[2025-12-24T20:07:11.444+0000] {processor.py:842} WARNING - No viable dags retrieved from /home/airflow/.local/lib/python3.8/site-packages/airflow/example_dags/plugins/listener_plugin.py
[2025-12-24T20:07:11.466+0000] {processor.py:183} INFO - Processing /home/airflow/.local/lib/python3.8/site-packages/airflow/example_dags/plugins/listener_plugin.py took 0.053 seconds
[2025-12-24T20:07:42.359+0000] {processor.py:161} INFO - Started process (PID=30880) to work on /home/airflow/.local/lib/python3.8/site-packages/airflow/example_dags/plugins/listener_plugin.py
[2025-12-24T20:07:42.360+0000] {processor.py:830} INFO - Processing file /home/airflow/.local/lib/python3.8/site-packages/airflow/example_dags/plugins/listener_plugin.py for tasks to queue
[2025-12-24T20:07:42.361+0000] {logging_mixin.py:188} INFO - [2025-12-24T20:07:42.361+0000] {dagbag.py:538} INFO - Filling up the DagBag from /home/airflow/.local/lib/python3.8/site-packages/airflow/example_dags/plugins/listener_plugin.py
[2025-12-24T20:07:42.365+0000] {processor.py:842} WARNING - No viable dags retrieved from /home/airflow/.local/lib/python3.8/site-packages/airflow/example_dags/plugins/listener_plugin.py
[2025-12-24T20:07:42.380+0000] {processor.py:183} INFO - Processing /home/airflow/.local/lib/python3.8/site-packages/airflow/example_dags/plugins/listener_plugin.py took 0.024 seconds
[2025-12-24T20:08:13.306+0000] {processor.py:161} INFO - Started process (PID=30937) to work on /home/airflow/.local/lib/python3.8/site-packages/airflow/example_dags/plugins/listener_plugin.py
[2025-12-24T20:08:13.307+0000] {processor.py:830} INFO - Processing file /home/airflow/.local/lib/python3.8/site-packages/airflow/example_dags/plugins/listener_plugin.py for tasks to queue
[2025-12-24T20:08:13.308+0000] {logging_mixin.py:188} INFO - [2025-12-24T20:08:13.308+0000] {dagbag.py:538} INFO - Filling up the DagBag from /home/airflow/.local/lib/python3.8/site-packages/airflow/example_dags/plugins/listener_plugin.py
[2025-12-24T20:08:13.311+0000] {processor.py:842} WARNING - No viable dags retrieved from /home/airflow/.local/lib/python3.8/site-packages/airflow/example_dags/plugins/listener_plugin.py
[2025-12-24T20:08:13.324+0000] {processor.py:183} INFO - Processing /home/airflow/.local/lib/python3.8/site-packages/airflow/example_dags/plugins/listener_plugin.py took 0.022 seconds
[2025-12-24T20:08:43.867+0000] {processor.py:161} INFO - Started process (PID=30994) to work on /home/airflow/.local/lib/python3.8/site-packages/airflow/example_dags/plugins/listener_plugin.py
[2025-12-24T20:08:43.869+0000] {processor.py:830} INFO - Processing file /home/airflow/.local/lib/python3.8/site-packages/airflow/example_dags/plugins/listener_plugin.py for tasks to queue
[2025-12-24T20:08:43.871+0000] {logging_mixin.py:188} INFO - [2025-12-24T20:08:43.870+0000] {dagbag.py:538} INFO - Filling up the DagBag from /home/airflow/.local/lib/python3.8/site-packages/airflow/example_dags/plugins/listener_plugin.py
[2025-12-24T20:08:43.876+0000] {processor.py:842} WARNING - No viable dags retrieved from /home/airflow/.local/lib/python3.8/site-packages/airflow/example_dags/plugins/listener_plugin.py
[2025-12-24T20:08:43.899+0000] {processor.py:183} INFO - Processing /home/airflow/.local/lib/python3.8/site-packages/airflow/example_dags/plugins/listener_plugin.py took 0.036 seconds
[2025-12-24T20:09:14.899+0000] {processor.py:161} INFO - Started process (PID=31051) to work on /home/airflow/.local/lib/python3.8/site-packages/airflow/example_dags/plugins/listener_plugin.py
[2025-12-24T20:09:14.900+0000] {processor.py:830} INFO - Processing file /home/airflow/.local/lib/python3.8/site-packages/airflow/example_dags/plugins/listener_plugin.py for tasks to queue
[2025-12-24T20:09:14.902+0000] {logging_mixin.py:188} INFO - [2025-12-24T20:09:14.901+0000] {dagbag.py:538} INFO - Filling up the DagBag from /home/airflow/.local/lib/python3.8/site-packages/airflow/example_dags/plugins/listener_plugin.py
[2025-12-24T20:09:14.905+0000] {processor.py:842} WARNING - No viable dags retrieved from /home/airflow/.local/lib/python3.8/site-packages/airflow/example_dags/plugins/listener_plugin.py
[2025-12-24T20:09:14.922+0000] {processor.py:183} INFO - Processing /home/airflow/.local/lib/python3.8/site-packages/airflow/example_dags/plugins/listener_plugin.py took 0.027 seconds
[2025-12-24T20:09:45.238+0000] {processor.py:161} INFO - Started process (PID=31108) to work on /home/airflow/.local/lib/python3.8/site-packages/airflow/example_dags/plugins/listener_plugin.py
[2025-12-24T20:09:45.239+0000] {processor.py:830} INFO - Processing file /home/airflow/.local/lib/python3.8/site-packages/airflow/example_dags/plugins/listener_plugin.py for tasks to queue
[2025-12-24T20:09:45.240+0000] {logging_mixin.py:188} INFO - [2025-12-24T20:09:45.240+0000] {dagbag.py:538} INFO - Filling up the DagBag from /home/airflow/.local/lib/python3.8/site-packages/airflow/example_dags/plugins/listener_plugin.py
[2025-12-24T20:09:45.243+0000] {processor.py:842} WARNING - No viable dags retrieved from /home/airflow/.local/lib/python3.8/site-packages/airflow/example_dags/plugins/listener_plugin.py
[2025-12-24T20:09:45.260+0000] {processor.py:183} INFO - Processing /home/airflow/.local/lib/python3.8/site-packages/airflow/example_dags/plugins/listener_plugin.py took 0.025 seconds
[2025-12-24T20:10:15.424+0000] {processor.py:161} INFO - Started process (PID=31165) to work on /home/airflow/.local/lib/python3.8/site-packages/airflow/example_dags/plugins/listener_plugin.py
[2025-12-24T20:10:15.425+0000] {processor.py:830} INFO - Processing file /home/airflow/.local/lib/python3.8/site-packages/airflow/example_dags/plugins/listener_plugin.py for tasks to queue
[2025-12-24T20:10:15.427+0000] {logging_mixin.py:188} INFO - [2025-12-24T20:10:15.426+0000] {dagbag.py:538} INFO - Filling up the DagBag from /home/airflow/.local/lib/python3.8/site-packages/airflow/example_dags/plugins/listener_plugin.py
[2025-12-24T20:10:15.432+0000] {processor.py:842} WARNING - No viable dags retrieved from /home/airflow/.local/lib/python3.8/site-packages/airflow/example_dags/plugins/listener_plugin.py
[2025-12-24T20:10:15.449+0000] {processor.py:183} INFO - Processing /home/airflow/.local/lib/python3.8/site-packages/airflow/example_dags/plugins/listener_plugin.py took 0.029 seconds
[2025-12-24T20:10:45.537+0000] {processor.py:161} INFO - Started process (PID=31222) to work on /home/airflow/.local/lib/python3.8/site-packages/airflow/example_dags/plugins/listener_plugin.py
[2025-12-24T20:10:45.539+0000] {processor.py:830} INFO - Processing file /home/airflow/.local/lib/python3.8/site-packages/airflow/example_dags/plugins/listener_plugin.py for tasks to queue
[2025-12-24T20:10:45.540+0000] {logging_mixin.py:188} INFO - [2025-12-24T20:10:45.539+0000] {dagbag.py:538} INFO - Filling up the DagBag from /home/airflow/.local/lib/python3.8/site-packages/airflow/example_dags/plugins/listener_plugin.py
[2025-12-24T20:10:45.543+0000] {processor.py:842} WARNING - No viable dags retrieved from /home/airflow/.local/lib/python3.8/site-packages/airflow/example_dags/plugins/listener_plugin.py
[2025-12-24T20:10:45.561+0000] {processor.py:183} INFO - Processing /home/airflow/.local/lib/python3.8/site-packages/airflow/example_dags/plugins/listener_plugin.py took 0.030 seconds
[2025-12-24T20:11:16.125+0000] {processor.py:161} INFO - Started process (PID=31279) to work on /home/airflow/.local/lib/python3.8/site-packages/airflow/example_dags/plugins/listener_plugin.py
[2025-12-24T20:11:16.126+0000] {processor.py:830} INFO - Processing file /home/airflow/.local/lib/python3.8/site-packages/airflow/example_dags/plugins/listener_plugin.py for tasks to queue
[2025-12-24T20:11:16.127+0000] {logging_mixin.py:188} INFO - [2025-12-24T20:11:16.127+0000] {dagbag.py:538} INFO - Filling up the DagBag from /home/airflow/.local/lib/python3.8/site-packages/airflow/example_dags/plugins/listener_plugin.py
[2025-12-24T20:11:16.131+0000] {processor.py:842} WARNING - No viable dags retrieved from /home/airflow/.local/lib/python3.8/site-packages/airflow/example_dags/plugins/listener_plugin.py
[2025-12-24T20:11:16.149+0000] {processor.py:183} INFO - Processing /home/airflow/.local/lib/python3.8/site-packages/airflow/example_dags/plugins/listener_plugin.py took 0.029 seconds
[2025-12-24T20:11:46.799+0000] {processor.py:161} INFO - Started process (PID=31336) to work on /home/airflow/.local/lib/python3.8/site-packages/airflow/example_dags/plugins/listener_plugin.py
[2025-12-24T20:11:46.800+0000] {processor.py:830} INFO - Processing file /home/airflow/.local/lib/python3.8/site-packages/airflow/example_dags/plugins/listener_plugin.py for tasks to queue
[2025-12-24T20:11:46.802+0000] {logging_mixin.py:188} INFO - [2025-12-24T20:11:46.801+0000] {dagbag.py:538} INFO - Filling up the DagBag from /home/airflow/.local/lib/python3.8/site-packages/airflow/example_dags/plugins/listener_plugin.py
[2025-12-24T20:11:46.805+0000] {processor.py:842} WARNING - No viable dags retrieved from /home/airflow/.local/lib/python3.8/site-packages/airflow/example_dags/plugins/listener_plugin.py
[2025-12-24T20:11:46.822+0000] {processor.py:183} INFO - Processing /home/airflow/.local/lib/python3.8/site-packages/airflow/example_dags/plugins/listener_plugin.py took 0.027 seconds
[2025-12-24T20:12:17.098+0000] {processor.py:161} INFO - Started process (PID=31397) to work on /home/airflow/.local/lib/python3.8/site-packages/airflow/example_dags/plugins/listener_plugin.py
[2025-12-24T20:12:17.099+0000] {processor.py:830} INFO - Processing file /home/airflow/.local/lib/python3.8/site-packages/airflow/example_dags/plugins/listener_plugin.py for tasks to queue
[2025-12-24T20:12:17.101+0000] {logging_mixin.py:188} INFO - [2025-12-24T20:12:17.100+0000] {dagbag.py:538} INFO - Filling up the DagBag from /home/airflow/.local/lib/python3.8/site-packages/airflow/example_dags/plugins/listener_plugin.py
[2025-12-24T20:12:17.105+0000] {processor.py:842} WARNING - No viable dags retrieved from /home/airflow/.local/lib/python3.8/site-packages/airflow/example_dags/plugins/listener_plugin.py
[2025-12-24T20:12:17.124+0000] {processor.py:183} INFO - Processing /home/airflow/.local/lib/python3.8/site-packages/airflow/example_dags/plugins/listener_plugin.py took 0.031 seconds
[2025-12-24T20:12:47.742+0000] {processor.py:161} INFO - Started process (PID=31454) to work on /home/airflow/.local/lib/python3.8/site-packages/airflow/example_dags/plugins/listener_plugin.py
[2025-12-24T20:12:47.744+0000] {processor.py:830} INFO - Processing file /home/airflow/.local/lib/python3.8/site-packages/airflow/example_dags/plugins/listener_plugin.py for tasks to queue
[2025-12-24T20:12:47.745+0000] {logging_mixin.py:188} INFO - [2025-12-24T20:12:47.745+0000] {dagbag.py:538} INFO - Filling up the DagBag from /home/airflow/.local/lib/python3.8/site-packages/airflow/example_dags/plugins/listener_plugin.py
[2025-12-24T20:12:47.749+0000] {processor.py:842} WARNING - No viable dags retrieved from /home/airflow/.local/lib/python3.8/site-packages/airflow/example_dags/plugins/listener_plugin.py
[2025-12-24T20:12:47.765+0000] {processor.py:183} INFO - Processing /home/airflow/.local/lib/python3.8/site-packages/airflow/example_dags/plugins/listener_plugin.py took 0.026 seconds
[2025-12-24T20:13:17.924+0000] {processor.py:161} INFO - Started process (PID=31511) to work on /home/airflow/.local/lib/python3.8/site-packages/airflow/example_dags/plugins/listener_plugin.py
[2025-12-24T20:13:17.925+0000] {processor.py:830} INFO - Processing file /home/airflow/.local/lib/python3.8/site-packages/airflow/example_dags/plugins/listener_plugin.py for tasks to queue
[2025-12-24T20:13:17.926+0000] {logging_mixin.py:188} INFO - [2025-12-24T20:13:17.926+0000] {dagbag.py:538} INFO - Filling up the DagBag from /home/airflow/.local/lib/python3.8/site-packages/airflow/example_dags/plugins/listener_plugin.py
[2025-12-24T20:13:17.929+0000] {processor.py:842} WARNING - No viable dags retrieved from /home/airflow/.local/lib/python3.8/site-packages/airflow/example_dags/plugins/listener_plugin.py
[2025-12-24T20:13:17.944+0000] {processor.py:183} INFO - Processing /home/airflow/.local/lib/python3.8/site-packages/airflow/example_dags/plugins/listener_plugin.py took 0.024 seconds
[2025-12-24T20:13:48.125+0000] {processor.py:161} INFO - Started process (PID=31567) to work on /home/airflow/.local/lib/python3.8/site-packages/airflow/example_dags/plugins/listener_plugin.py
[2025-12-24T20:13:48.126+0000] {processor.py:830} INFO - Processing file /home/airflow/.local/lib/python3.8/site-packages/airflow/example_dags/plugins/listener_plugin.py for tasks to queue
[2025-12-24T20:13:48.127+0000] {logging_mixin.py:188} INFO - [2025-12-24T20:13:48.126+0000] {dagbag.py:538} INFO - Filling up the DagBag from /home/airflow/.local/lib/python3.8/site-packages/airflow/example_dags/plugins/listener_plugin.py
[2025-12-24T20:13:48.130+0000] {processor.py:842} WARNING - No viable dags retrieved from /home/airflow/.local/lib/python3.8/site-packages/airflow/example_dags/plugins/listener_plugin.py
[2025-12-24T20:13:48.145+0000] {processor.py:183} INFO - Processing /home/airflow/.local/lib/python3.8/site-packages/airflow/example_dags/plugins/listener_plugin.py took 0.024 seconds
[2025-12-24T20:14:18.423+0000] {processor.py:161} INFO - Started process (PID=31624) to work on /home/airflow/.local/lib/python3.8/site-packages/airflow/example_dags/plugins/listener_plugin.py
[2025-12-24T20:14:18.425+0000] {processor.py:830} INFO - Processing file /home/airflow/.local/lib/python3.8/site-packages/airflow/example_dags/plugins/listener_plugin.py for tasks to queue
[2025-12-24T20:14:18.426+0000] {logging_mixin.py:188} INFO - [2025-12-24T20:14:18.426+0000] {dagbag.py:538} INFO - Filling up the DagBag from /home/airflow/.local/lib/python3.8/site-packages/airflow/example_dags/plugins/listener_plugin.py
[2025-12-24T20:14:18.430+0000] {processor.py:842} WARNING - No viable dags retrieved from /home/airflow/.local/lib/python3.8/site-packages/airflow/example_dags/plugins/listener_plugin.py
[2025-12-24T20:14:18.446+0000] {processor.py:183} INFO - Processing /home/airflow/.local/lib/python3.8/site-packages/airflow/example_dags/plugins/listener_plugin.py took 0.028 seconds
[2025-12-24T20:14:48.807+0000] {processor.py:161} INFO - Started process (PID=31681) to work on /home/airflow/.local/lib/python3.8/site-packages/airflow/example_dags/plugins/listener_plugin.py
[2025-12-24T20:14:48.809+0000] {processor.py:830} INFO - Processing file /home/airflow/.local/lib/python3.8/site-packages/airflow/example_dags/plugins/listener_plugin.py for tasks to queue
[2025-12-24T20:14:48.810+0000] {logging_mixin.py:188} INFO - [2025-12-24T20:14:48.810+0000] {dagbag.py:538} INFO - Filling up the DagBag from /home/airflow/.local/lib/python3.8/site-packages/airflow/example_dags/plugins/listener_plugin.py
[2025-12-24T20:14:48.816+0000] {processor.py:842} WARNING - No viable dags retrieved from /home/airflow/.local/lib/python3.8/site-packages/airflow/example_dags/plugins/listener_plugin.py
[2025-12-24T20:14:48.834+0000] {processor.py:183} INFO - Processing /home/airflow/.local/lib/python3.8/site-packages/airflow/example_dags/plugins/listener_plugin.py took 0.032 seconds
[2025-12-24T20:15:19.276+0000] {processor.py:161} INFO - Started process (PID=31738) to work on /home/airflow/.local/lib/python3.8/site-packages/airflow/example_dags/plugins/listener_plugin.py
[2025-12-24T20:15:19.278+0000] {processor.py:830} INFO - Processing file /home/airflow/.local/lib/python3.8/site-packages/airflow/example_dags/plugins/listener_plugin.py for tasks to queue
[2025-12-24T20:15:19.279+0000] {logging_mixin.py:188} INFO - [2025-12-24T20:15:19.279+0000] {dagbag.py:538} INFO - Filling up the DagBag from /home/airflow/.local/lib/python3.8/site-packages/airflow/example_dags/plugins/listener_plugin.py
[2025-12-24T20:15:19.283+0000] {processor.py:842} WARNING - No viable dags retrieved from /home/airflow/.local/lib/python3.8/site-packages/airflow/example_dags/plugins/listener_plugin.py
[2025-12-24T20:15:19.303+0000] {processor.py:183} INFO - Processing /home/airflow/.local/lib/python3.8/site-packages/airflow/example_dags/plugins/listener_plugin.py took 0.030 seconds
[2025-12-24T20:15:49.356+0000] {processor.py:161} INFO - Started process (PID=31794) to work on /home/airflow/.local/lib/python3.8/site-packages/airflow/example_dags/plugins/listener_plugin.py
[2025-12-24T20:15:49.357+0000] {processor.py:830} INFO - Processing file /home/airflow/.local/lib/python3.8/site-packages/airflow/example_dags/plugins/listener_plugin.py for tasks to queue
[2025-12-24T20:15:49.358+0000] {logging_mixin.py:188} INFO - [2025-12-24T20:15:49.358+0000] {dagbag.py:538} INFO - Filling up the DagBag from /home/airflow/.local/lib/python3.8/site-packages/airflow/example_dags/plugins/listener_plugin.py
[2025-12-24T20:15:49.361+0000] {processor.py:842} WARNING - No viable dags retrieved from /home/airflow/.local/lib/python3.8/site-packages/airflow/example_dags/plugins/listener_plugin.py
[2025-12-24T20:15:49.379+0000] {processor.py:183} INFO - Processing /home/airflow/.local/lib/python3.8/site-packages/airflow/example_dags/plugins/listener_plugin.py took 0.027 seconds
[2025-12-24T20:16:19.567+0000] {processor.py:161} INFO - Started process (PID=31851) to work on /home/airflow/.local/lib/python3.8/site-packages/airflow/example_dags/plugins/listener_plugin.py
[2025-12-24T20:16:19.569+0000] {processor.py:830} INFO - Processing file /home/airflow/.local/lib/python3.8/site-packages/airflow/example_dags/plugins/listener_plugin.py for tasks to queue
[2025-12-24T20:16:19.570+0000] {logging_mixin.py:188} INFO - [2025-12-24T20:16:19.569+0000] {dagbag.py:538} INFO - Filling up the DagBag from /home/airflow/.local/lib/python3.8/site-packages/airflow/example_dags/plugins/listener_plugin.py
[2025-12-24T20:16:19.575+0000] {processor.py:842} WARNING - No viable dags retrieved from /home/airflow/.local/lib/python3.8/site-packages/airflow/example_dags/plugins/listener_plugin.py
[2025-12-24T20:16:19.590+0000] {processor.py:183} INFO - Processing /home/airflow/.local/lib/python3.8/site-packages/airflow/example_dags/plugins/listener_plugin.py took 0.028 seconds
[2025-12-24T20:16:50.228+0000] {processor.py:161} INFO - Started process (PID=31909) to work on /home/airflow/.local/lib/python3.8/site-packages/airflow/example_dags/plugins/listener_plugin.py
[2025-12-24T20:16:50.229+0000] {processor.py:830} INFO - Processing file /home/airflow/.local/lib/python3.8/site-packages/airflow/example_dags/plugins/listener_plugin.py for tasks to queue
[2025-12-24T20:16:50.231+0000] {logging_mixin.py:188} INFO - [2025-12-24T20:16:50.230+0000] {dagbag.py:538} INFO - Filling up the DagBag from /home/airflow/.local/lib/python3.8/site-packages/airflow/example_dags/plugins/listener_plugin.py
[2025-12-24T20:16:50.234+0000] {processor.py:842} WARNING - No viable dags retrieved from /home/airflow/.local/lib/python3.8/site-packages/airflow/example_dags/plugins/listener_plugin.py
[2025-12-24T20:16:50.249+0000] {processor.py:183} INFO - Processing /home/airflow/.local/lib/python3.8/site-packages/airflow/example_dags/plugins/listener_plugin.py took 0.024 seconds
[2025-12-24T20:17:20.540+0000] {processor.py:161} INFO - Started process (PID=31967) to work on /home/airflow/.local/lib/python3.8/site-packages/airflow/example_dags/plugins/listener_plugin.py
[2025-12-24T20:17:20.541+0000] {processor.py:830} INFO - Processing file /home/airflow/.local/lib/python3.8/site-packages/airflow/example_dags/plugins/listener_plugin.py for tasks to queue
[2025-12-24T20:17:20.542+0000] {logging_mixin.py:188} INFO - [2025-12-24T20:17:20.542+0000] {dagbag.py:538} INFO - Filling up the DagBag from /home/airflow/.local/lib/python3.8/site-packages/airflow/example_dags/plugins/listener_plugin.py
[2025-12-24T20:17:20.545+0000] {processor.py:842} WARNING - No viable dags retrieved from /home/airflow/.local/lib/python3.8/site-packages/airflow/example_dags/plugins/listener_plugin.py
[2025-12-24T20:17:20.559+0000] {processor.py:183} INFO - Processing /home/airflow/.local/lib/python3.8/site-packages/airflow/example_dags/plugins/listener_plugin.py took 0.024 seconds
[2025-12-24T20:17:51.317+0000] {processor.py:161} INFO - Started process (PID=32024) to work on /home/airflow/.local/lib/python3.8/site-packages/airflow/example_dags/plugins/listener_plugin.py
[2025-12-24T20:17:51.318+0000] {processor.py:830} INFO - Processing file /home/airflow/.local/lib/python3.8/site-packages/airflow/example_dags/plugins/listener_plugin.py for tasks to queue
[2025-12-24T20:17:51.319+0000] {logging_mixin.py:188} INFO - [2025-12-24T20:17:51.319+0000] {dagbag.py:538} INFO - Filling up the DagBag from /home/airflow/.local/lib/python3.8/site-packages/airflow/example_dags/plugins/listener_plugin.py
[2025-12-24T20:17:51.322+0000] {processor.py:842} WARNING - No viable dags retrieved from /home/airflow/.local/lib/python3.8/site-packages/airflow/example_dags/plugins/listener_plugin.py
[2025-12-24T20:17:51.337+0000] {processor.py:183} INFO - Processing /home/airflow/.local/lib/python3.8/site-packages/airflow/example_dags/plugins/listener_plugin.py took 0.024 seconds
[2025-12-24T20:18:21.942+0000] {processor.py:161} INFO - Started process (PID=32081) to work on /home/airflow/.local/lib/python3.8/site-packages/airflow/example_dags/plugins/listener_plugin.py
[2025-12-24T20:18:21.943+0000] {processor.py:830} INFO - Processing file /home/airflow/.local/lib/python3.8/site-packages/airflow/example_dags/plugins/listener_plugin.py for tasks to queue
[2025-12-24T20:18:21.944+0000] {logging_mixin.py:188} INFO - [2025-12-24T20:18:21.944+0000] {dagbag.py:538} INFO - Filling up the DagBag from /home/airflow/.local/lib/python3.8/site-packages/airflow/example_dags/plugins/listener_plugin.py
[2025-12-24T20:18:21.948+0000] {processor.py:842} WARNING - No viable dags retrieved from /home/airflow/.local/lib/python3.8/site-packages/airflow/example_dags/plugins/listener_plugin.py
[2025-12-24T20:18:21.963+0000] {processor.py:183} INFO - Processing /home/airflow/.local/lib/python3.8/site-packages/airflow/example_dags/plugins/listener_plugin.py took 0.025 seconds
[2025-12-24T20:18:52.562+0000] {processor.py:161} INFO - Started process (PID=32138) to work on /home/airflow/.local/lib/python3.8/site-packages/airflow/example_dags/plugins/listener_plugin.py
[2025-12-24T20:18:52.563+0000] {processor.py:830} INFO - Processing file /home/airflow/.local/lib/python3.8/site-packages/airflow/example_dags/plugins/listener_plugin.py for tasks to queue
[2025-12-24T20:18:52.565+0000] {logging_mixin.py:188} INFO - [2025-12-24T20:18:52.564+0000] {dagbag.py:538} INFO - Filling up the DagBag from /home/airflow/.local/lib/python3.8/site-packages/airflow/example_dags/plugins/listener_plugin.py
[2025-12-24T20:18:52.568+0000] {processor.py:842} WARNING - No viable dags retrieved from /home/airflow/.local/lib/python3.8/site-packages/airflow/example_dags/plugins/listener_plugin.py
[2025-12-24T20:18:52.582+0000] {processor.py:183} INFO - Processing /home/airflow/.local/lib/python3.8/site-packages/airflow/example_dags/plugins/listener_plugin.py took 0.024 seconds
[2025-12-24T20:19:23.457+0000] {processor.py:161} INFO - Started process (PID=32195) to work on /home/airflow/.local/lib/python3.8/site-packages/airflow/example_dags/plugins/listener_plugin.py
[2025-12-24T20:19:23.458+0000] {processor.py:830} INFO - Processing file /home/airflow/.local/lib/python3.8/site-packages/airflow/example_dags/plugins/listener_plugin.py for tasks to queue
[2025-12-24T20:19:23.460+0000] {logging_mixin.py:188} INFO - [2025-12-24T20:19:23.459+0000] {dagbag.py:538} INFO - Filling up the DagBag from /home/airflow/.local/lib/python3.8/site-packages/airflow/example_dags/plugins/listener_plugin.py
[2025-12-24T20:19:23.463+0000] {processor.py:842} WARNING - No viable dags retrieved from /home/airflow/.local/lib/python3.8/site-packages/airflow/example_dags/plugins/listener_plugin.py
[2025-12-24T20:19:23.480+0000] {processor.py:183} INFO - Processing /home/airflow/.local/lib/python3.8/site-packages/airflow/example_dags/plugins/listener_plugin.py took 0.028 seconds
[2025-12-24T20:19:54.017+0000] {processor.py:161} INFO - Started process (PID=32252) to work on /home/airflow/.local/lib/python3.8/site-packages/airflow/example_dags/plugins/listener_plugin.py
[2025-12-24T20:19:54.018+0000] {processor.py:830} INFO - Processing file /home/airflow/.local/lib/python3.8/site-packages/airflow/example_dags/plugins/listener_plugin.py for tasks to queue
[2025-12-24T20:19:54.019+0000] {logging_mixin.py:188} INFO - [2025-12-24T20:19:54.019+0000] {dagbag.py:538} INFO - Filling up the DagBag from /home/airflow/.local/lib/python3.8/site-packages/airflow/example_dags/plugins/listener_plugin.py
[2025-12-24T20:19:54.023+0000] {processor.py:842} WARNING - No viable dags retrieved from /home/airflow/.local/lib/python3.8/site-packages/airflow/example_dags/plugins/listener_plugin.py
[2025-12-24T20:19:54.040+0000] {processor.py:183} INFO - Processing /home/airflow/.local/lib/python3.8/site-packages/airflow/example_dags/plugins/listener_plugin.py took 0.027 seconds
[2025-12-24T20:20:24.905+0000] {processor.py:161} INFO - Started process (PID=32309) to work on /home/airflow/.local/lib/python3.8/site-packages/airflow/example_dags/plugins/listener_plugin.py
[2025-12-24T20:20:24.907+0000] {processor.py:830} INFO - Processing file /home/airflow/.local/lib/python3.8/site-packages/airflow/example_dags/plugins/listener_plugin.py for tasks to queue
[2025-12-24T20:20:24.908+0000] {logging_mixin.py:188} INFO - [2025-12-24T20:20:24.908+0000] {dagbag.py:538} INFO - Filling up the DagBag from /home/airflow/.local/lib/python3.8/site-packages/airflow/example_dags/plugins/listener_plugin.py
[2025-12-24T20:20:24.911+0000] {processor.py:842} WARNING - No viable dags retrieved from /home/airflow/.local/lib/python3.8/site-packages/airflow/example_dags/plugins/listener_plugin.py
[2025-12-24T20:20:24.925+0000] {processor.py:183} INFO - Processing /home/airflow/.local/lib/python3.8/site-packages/airflow/example_dags/plugins/listener_plugin.py took 0.025 seconds
[2025-12-24T20:20:55.246+0000] {processor.py:161} INFO - Started process (PID=32365) to work on /home/airflow/.local/lib/python3.8/site-packages/airflow/example_dags/plugins/listener_plugin.py
[2025-12-24T20:20:55.247+0000] {processor.py:830} INFO - Processing file /home/airflow/.local/lib/python3.8/site-packages/airflow/example_dags/plugins/listener_plugin.py for tasks to queue
[2025-12-24T20:20:55.249+0000] {logging_mixin.py:188} INFO - [2025-12-24T20:20:55.248+0000] {dagbag.py:538} INFO - Filling up the DagBag from /home/airflow/.local/lib/python3.8/site-packages/airflow/example_dags/plugins/listener_plugin.py
[2025-12-24T20:20:55.252+0000] {processor.py:842} WARNING - No viable dags retrieved from /home/airflow/.local/lib/python3.8/site-packages/airflow/example_dags/plugins/listener_plugin.py
[2025-12-24T20:20:55.265+0000] {processor.py:183} INFO - Processing /home/airflow/.local/lib/python3.8/site-packages/airflow/example_dags/plugins/listener_plugin.py took 0.023 seconds
[2025-12-24T20:21:25.483+0000] {processor.py:161} INFO - Started process (PID=32422) to work on /home/airflow/.local/lib/python3.8/site-packages/airflow/example_dags/plugins/listener_plugin.py
[2025-12-24T20:21:25.484+0000] {processor.py:830} INFO - Processing file /home/airflow/.local/lib/python3.8/site-packages/airflow/example_dags/plugins/listener_plugin.py for tasks to queue
[2025-12-24T20:21:25.485+0000] {logging_mixin.py:188} INFO - [2025-12-24T20:21:25.485+0000] {dagbag.py:538} INFO - Filling up the DagBag from /home/airflow/.local/lib/python3.8/site-packages/airflow/example_dags/plugins/listener_plugin.py
[2025-12-24T20:21:25.488+0000] {processor.py:842} WARNING - No viable dags retrieved from /home/airflow/.local/lib/python3.8/site-packages/airflow/example_dags/plugins/listener_plugin.py
[2025-12-24T20:21:25.501+0000] {processor.py:183} INFO - Processing /home/airflow/.local/lib/python3.8/site-packages/airflow/example_dags/plugins/listener_plugin.py took 0.023 seconds
[2025-12-24T20:21:55.938+0000] {processor.py:161} INFO - Started process (PID=32479) to work on /home/airflow/.local/lib/python3.8/site-packages/airflow/example_dags/plugins/listener_plugin.py
[2025-12-24T20:21:55.939+0000] {processor.py:830} INFO - Processing file /home/airflow/.local/lib/python3.8/site-packages/airflow/example_dags/plugins/listener_plugin.py for tasks to queue
[2025-12-24T20:21:55.940+0000] {logging_mixin.py:188} INFO - [2025-12-24T20:21:55.940+0000] {dagbag.py:538} INFO - Filling up the DagBag from /home/airflow/.local/lib/python3.8/site-packages/airflow/example_dags/plugins/listener_plugin.py
[2025-12-24T20:21:55.943+0000] {processor.py:842} WARNING - No viable dags retrieved from /home/airflow/.local/lib/python3.8/site-packages/airflow/example_dags/plugins/listener_plugin.py
[2025-12-24T20:21:55.958+0000] {processor.py:183} INFO - Processing /home/airflow/.local/lib/python3.8/site-packages/airflow/example_dags/plugins/listener_plugin.py took 0.024 seconds
[2025-12-24T20:22:26.481+0000] {processor.py:161} INFO - Started process (PID=32536) to work on /home/airflow/.local/lib/python3.8/site-packages/airflow/example_dags/plugins/listener_plugin.py
[2025-12-24T20:22:26.483+0000] {processor.py:830} INFO - Processing file /home/airflow/.local/lib/python3.8/site-packages/airflow/example_dags/plugins/listener_plugin.py for tasks to queue
[2025-12-24T20:22:26.484+0000] {logging_mixin.py:188} INFO - [2025-12-24T20:22:26.484+0000] {dagbag.py:538} INFO - Filling up the DagBag from /home/airflow/.local/lib/python3.8/site-packages/airflow/example_dags/plugins/listener_plugin.py
[2025-12-24T20:22:26.488+0000] {processor.py:842} WARNING - No viable dags retrieved from /home/airflow/.local/lib/python3.8/site-packages/airflow/example_dags/plugins/listener_plugin.py
[2025-12-24T20:22:26.502+0000] {processor.py:183} INFO - Processing /home/airflow/.local/lib/python3.8/site-packages/airflow/example_dags/plugins/listener_plugin.py took 0.025 seconds
[2025-12-24T20:22:56.778+0000] {processor.py:161} INFO - Started process (PID=32593) to work on /home/airflow/.local/lib/python3.8/site-packages/airflow/example_dags/plugins/listener_plugin.py
[2025-12-24T20:22:56.780+0000] {processor.py:830} INFO - Processing file /home/airflow/.local/lib/python3.8/site-packages/airflow/example_dags/plugins/listener_plugin.py for tasks to queue
[2025-12-24T20:22:56.781+0000] {logging_mixin.py:188} INFO - [2025-12-24T20:22:56.780+0000] {dagbag.py:538} INFO - Filling up the DagBag from /home/airflow/.local/lib/python3.8/site-packages/airflow/example_dags/plugins/listener_plugin.py
[2025-12-24T20:22:56.785+0000] {processor.py:842} WARNING - No viable dags retrieved from /home/airflow/.local/lib/python3.8/site-packages/airflow/example_dags/plugins/listener_plugin.py
[2025-12-24T20:22:56.801+0000] {processor.py:183} INFO - Processing /home/airflow/.local/lib/python3.8/site-packages/airflow/example_dags/plugins/listener_plugin.py took 0.027 seconds
[2025-12-24T20:23:27.183+0000] {processor.py:161} INFO - Started process (PID=32657) to work on /home/airflow/.local/lib/python3.8/site-packages/airflow/example_dags/plugins/listener_plugin.py
[2025-12-24T20:23:27.185+0000] {processor.py:830} INFO - Processing file /home/airflow/.local/lib/python3.8/site-packages/airflow/example_dags/plugins/listener_plugin.py for tasks to queue
[2025-12-24T20:23:27.186+0000] {logging_mixin.py:188} INFO - [2025-12-24T20:23:27.186+0000] {dagbag.py:538} INFO - Filling up the DagBag from /home/airflow/.local/lib/python3.8/site-packages/airflow/example_dags/plugins/listener_plugin.py
[2025-12-24T20:23:27.190+0000] {processor.py:842} WARNING - No viable dags retrieved from /home/airflow/.local/lib/python3.8/site-packages/airflow/example_dags/plugins/listener_plugin.py
[2025-12-24T20:23:27.208+0000] {processor.py:183} INFO - Processing /home/airflow/.local/lib/python3.8/site-packages/airflow/example_dags/plugins/listener_plugin.py took 0.030 seconds
[2025-12-24T20:23:57.772+0000] {processor.py:161} INFO - Started process (PID=32714) to work on /home/airflow/.local/lib/python3.8/site-packages/airflow/example_dags/plugins/listener_plugin.py
[2025-12-24T20:23:57.773+0000] {processor.py:830} INFO - Processing file /home/airflow/.local/lib/python3.8/site-packages/airflow/example_dags/plugins/listener_plugin.py for tasks to queue
[2025-12-24T20:23:57.775+0000] {logging_mixin.py:188} INFO - [2025-12-24T20:23:57.774+0000] {dagbag.py:538} INFO - Filling up the DagBag from /home/airflow/.local/lib/python3.8/site-packages/airflow/example_dags/plugins/listener_plugin.py
[2025-12-24T20:23:57.778+0000] {processor.py:842} WARNING - No viable dags retrieved from /home/airflow/.local/lib/python3.8/site-packages/airflow/example_dags/plugins/listener_plugin.py
[2025-12-24T20:23:57.793+0000] {processor.py:183} INFO - Processing /home/airflow/.local/lib/python3.8/site-packages/airflow/example_dags/plugins/listener_plugin.py took 0.025 seconds
[2025-12-24T20:24:29.172+0000] {processor.py:161} INFO - Started process (PID=32771) to work on /home/airflow/.local/lib/python3.8/site-packages/airflow/example_dags/plugins/listener_plugin.py
[2025-12-24T20:24:29.175+0000] {processor.py:830} INFO - Processing file /home/airflow/.local/lib/python3.8/site-packages/airflow/example_dags/plugins/listener_plugin.py for tasks to queue
[2025-12-24T20:24:29.177+0000] {logging_mixin.py:188} INFO - [2025-12-24T20:24:29.177+0000] {dagbag.py:538} INFO - Filling up the DagBag from /home/airflow/.local/lib/python3.8/site-packages/airflow/example_dags/plugins/listener_plugin.py
[2025-12-24T20:24:29.182+0000] {processor.py:842} WARNING - No viable dags retrieved from /home/airflow/.local/lib/python3.8/site-packages/airflow/example_dags/plugins/listener_plugin.py
[2025-12-24T20:24:29.203+0000] {processor.py:183} INFO - Processing /home/airflow/.local/lib/python3.8/site-packages/airflow/example_dags/plugins/listener_plugin.py took 0.036 seconds
[2025-12-24T20:24:59.940+0000] {processor.py:161} INFO - Started process (PID=32828) to work on /home/airflow/.local/lib/python3.8/site-packages/airflow/example_dags/plugins/listener_plugin.py
[2025-12-24T20:24:59.942+0000] {processor.py:830} INFO - Processing file /home/airflow/.local/lib/python3.8/site-packages/airflow/example_dags/plugins/listener_plugin.py for tasks to queue
[2025-12-24T20:24:59.943+0000] {logging_mixin.py:188} INFO - [2025-12-24T20:24:59.943+0000] {dagbag.py:538} INFO - Filling up the DagBag from /home/airflow/.local/lib/python3.8/site-packages/airflow/example_dags/plugins/listener_plugin.py
[2025-12-24T20:24:59.947+0000] {processor.py:842} WARNING - No viable dags retrieved from /home/airflow/.local/lib/python3.8/site-packages/airflow/example_dags/plugins/listener_plugin.py
[2025-12-24T20:24:59.971+0000] {processor.py:183} INFO - Processing /home/airflow/.local/lib/python3.8/site-packages/airflow/example_dags/plugins/listener_plugin.py took 0.035 seconds
[2025-12-24T20:25:30.224+0000] {processor.py:161} INFO - Started process (PID=32885) to work on /home/airflow/.local/lib/python3.8/site-packages/airflow/example_dags/plugins/listener_plugin.py
[2025-12-24T20:25:30.225+0000] {processor.py:830} INFO - Processing file /home/airflow/.local/lib/python3.8/site-packages/airflow/example_dags/plugins/listener_plugin.py for tasks to queue
[2025-12-24T20:25:30.226+0000] {logging_mixin.py:188} INFO - [2025-12-24T20:25:30.226+0000] {dagbag.py:538} INFO - Filling up the DagBag from /home/airflow/.local/lib/python3.8/site-packages/airflow/example_dags/plugins/listener_plugin.py
[2025-12-24T20:25:30.230+0000] {processor.py:842} WARNING - No viable dags retrieved from /home/airflow/.local/lib/python3.8/site-packages/airflow/example_dags/plugins/listener_plugin.py
[2025-12-24T20:25:30.247+0000] {processor.py:183} INFO - Processing /home/airflow/.local/lib/python3.8/site-packages/airflow/example_dags/plugins/listener_plugin.py took 0.027 seconds
[2025-12-24T20:26:00.636+0000] {processor.py:161} INFO - Started process (PID=32942) to work on /home/airflow/.local/lib/python3.8/site-packages/airflow/example_dags/plugins/listener_plugin.py
[2025-12-24T20:26:00.639+0000] {processor.py:830} INFO - Processing file /home/airflow/.local/lib/python3.8/site-packages/airflow/example_dags/plugins/listener_plugin.py for tasks to queue
[2025-12-24T20:26:00.641+0000] {logging_mixin.py:188} INFO - [2025-12-24T20:26:00.640+0000] {dagbag.py:538} INFO - Filling up the DagBag from /home/airflow/.local/lib/python3.8/site-packages/airflow/example_dags/plugins/listener_plugin.py
[2025-12-24T20:26:00.645+0000] {processor.py:842} WARNING - No viable dags retrieved from /home/airflow/.local/lib/python3.8/site-packages/airflow/example_dags/plugins/listener_plugin.py
[2025-12-24T20:26:00.667+0000] {processor.py:183} INFO - Processing /home/airflow/.local/lib/python3.8/site-packages/airflow/example_dags/plugins/listener_plugin.py took 0.037 seconds
[2025-12-24T20:26:31.058+0000] {processor.py:161} INFO - Started process (PID=32999) to work on /home/airflow/.local/lib/python3.8/site-packages/airflow/example_dags/plugins/listener_plugin.py
[2025-12-24T20:26:31.060+0000] {processor.py:830} INFO - Processing file /home/airflow/.local/lib/python3.8/site-packages/airflow/example_dags/plugins/listener_plugin.py for tasks to queue
[2025-12-24T20:26:31.062+0000] {logging_mixin.py:188} INFO - [2025-12-24T20:26:31.061+0000] {dagbag.py:538} INFO - Filling up the DagBag from /home/airflow/.local/lib/python3.8/site-packages/airflow/example_dags/plugins/listener_plugin.py
[2025-12-24T20:26:31.068+0000] {processor.py:842} WARNING - No viable dags retrieved from /home/airflow/.local/lib/python3.8/site-packages/airflow/example_dags/plugins/listener_plugin.py
[2025-12-24T20:26:31.089+0000] {processor.py:183} INFO - Processing /home/airflow/.local/lib/python3.8/site-packages/airflow/example_dags/plugins/listener_plugin.py took 0.035 seconds
[2025-12-24T20:27:01.516+0000] {processor.py:161} INFO - Started process (PID=33056) to work on /home/airflow/.local/lib/python3.8/site-packages/airflow/example_dags/plugins/listener_plugin.py
[2025-12-24T20:27:01.518+0000] {processor.py:830} INFO - Processing file /home/airflow/.local/lib/python3.8/site-packages/airflow/example_dags/plugins/listener_plugin.py for tasks to queue
[2025-12-24T20:27:01.519+0000] {logging_mixin.py:188} INFO - [2025-12-24T20:27:01.519+0000] {dagbag.py:538} INFO - Filling up the DagBag from /home/airflow/.local/lib/python3.8/site-packages/airflow/example_dags/plugins/listener_plugin.py
[2025-12-24T20:27:01.523+0000] {processor.py:842} WARNING - No viable dags retrieved from /home/airflow/.local/lib/python3.8/site-packages/airflow/example_dags/plugins/listener_plugin.py
[2025-12-24T20:27:01.542+0000] {processor.py:183} INFO - Processing /home/airflow/.local/lib/python3.8/site-packages/airflow/example_dags/plugins/listener_plugin.py took 0.031 seconds
[2025-12-24T20:27:31.669+0000] {processor.py:161} INFO - Started process (PID=33113) to work on /home/airflow/.local/lib/python3.8/site-packages/airflow/example_dags/plugins/listener_plugin.py
[2025-12-24T20:27:31.671+0000] {processor.py:830} INFO - Processing file /home/airflow/.local/lib/python3.8/site-packages/airflow/example_dags/plugins/listener_plugin.py for tasks to queue
[2025-12-24T20:27:31.672+0000] {logging_mixin.py:188} INFO - [2025-12-24T20:27:31.672+0000] {dagbag.py:538} INFO - Filling up the DagBag from /home/airflow/.local/lib/python3.8/site-packages/airflow/example_dags/plugins/listener_plugin.py
[2025-12-24T20:27:31.675+0000] {processor.py:842} WARNING - No viable dags retrieved from /home/airflow/.local/lib/python3.8/site-packages/airflow/example_dags/plugins/listener_plugin.py
[2025-12-24T20:27:31.692+0000] {processor.py:183} INFO - Processing /home/airflow/.local/lib/python3.8/site-packages/airflow/example_dags/plugins/listener_plugin.py took 0.027 seconds
[2025-12-24T20:28:02.085+0000] {processor.py:161} INFO - Started process (PID=33170) to work on /home/airflow/.local/lib/python3.8/site-packages/airflow/example_dags/plugins/listener_plugin.py
[2025-12-24T20:28:02.086+0000] {processor.py:830} INFO - Processing file /home/airflow/.local/lib/python3.8/site-packages/airflow/example_dags/plugins/listener_plugin.py for tasks to queue
[2025-12-24T20:28:02.087+0000] {logging_mixin.py:188} INFO - [2025-12-24T20:28:02.087+0000] {dagbag.py:538} INFO - Filling up the DagBag from /home/airflow/.local/lib/python3.8/site-packages/airflow/example_dags/plugins/listener_plugin.py
[2025-12-24T20:28:02.091+0000] {processor.py:842} WARNING - No viable dags retrieved from /home/airflow/.local/lib/python3.8/site-packages/airflow/example_dags/plugins/listener_plugin.py
[2025-12-24T20:28:02.108+0000] {processor.py:183} INFO - Processing /home/airflow/.local/lib/python3.8/site-packages/airflow/example_dags/plugins/listener_plugin.py took 0.026 seconds
[2025-12-24T20:28:32.290+0000] {processor.py:161} INFO - Started process (PID=33227) to work on /home/airflow/.local/lib/python3.8/site-packages/airflow/example_dags/plugins/listener_plugin.py
[2025-12-24T20:28:32.291+0000] {processor.py:830} INFO - Processing file /home/airflow/.local/lib/python3.8/site-packages/airflow/example_dags/plugins/listener_plugin.py for tasks to queue
[2025-12-24T20:28:32.292+0000] {logging_mixin.py:188} INFO - [2025-12-24T20:28:32.292+0000] {dagbag.py:538} INFO - Filling up the DagBag from /home/airflow/.local/lib/python3.8/site-packages/airflow/example_dags/plugins/listener_plugin.py
[2025-12-24T20:28:32.295+0000] {processor.py:842} WARNING - No viable dags retrieved from /home/airflow/.local/lib/python3.8/site-packages/airflow/example_dags/plugins/listener_plugin.py
[2025-12-24T20:28:32.310+0000] {processor.py:183} INFO - Processing /home/airflow/.local/lib/python3.8/site-packages/airflow/example_dags/plugins/listener_plugin.py took 0.024 seconds
[2025-12-24T20:29:02.595+0000] {processor.py:161} INFO - Started process (PID=33284) to work on /home/airflow/.local/lib/python3.8/site-packages/airflow/example_dags/plugins/listener_plugin.py
[2025-12-24T20:29:02.596+0000] {processor.py:830} INFO - Processing file /home/airflow/.local/lib/python3.8/site-packages/airflow/example_dags/plugins/listener_plugin.py for tasks to queue
[2025-12-24T20:29:02.597+0000] {logging_mixin.py:188} INFO - [2025-12-24T20:29:02.597+0000] {dagbag.py:538} INFO - Filling up the DagBag from /home/airflow/.local/lib/python3.8/site-packages/airflow/example_dags/plugins/listener_plugin.py
[2025-12-24T20:29:02.600+0000] {processor.py:842} WARNING - No viable dags retrieved from /home/airflow/.local/lib/python3.8/site-packages/airflow/example_dags/plugins/listener_plugin.py
[2025-12-24T20:29:02.615+0000] {processor.py:183} INFO - Processing /home/airflow/.local/lib/python3.8/site-packages/airflow/example_dags/plugins/listener_plugin.py took 0.024 seconds
[2025-12-24T20:29:33.116+0000] {processor.py:161} INFO - Started process (PID=33341) to work on /home/airflow/.local/lib/python3.8/site-packages/airflow/example_dags/plugins/listener_plugin.py
[2025-12-24T20:29:33.118+0000] {processor.py:830} INFO - Processing file /home/airflow/.local/lib/python3.8/site-packages/airflow/example_dags/plugins/listener_plugin.py for tasks to queue
[2025-12-24T20:29:33.119+0000] {logging_mixin.py:188} INFO - [2025-12-24T20:29:33.119+0000] {dagbag.py:538} INFO - Filling up the DagBag from /home/airflow/.local/lib/python3.8/site-packages/airflow/example_dags/plugins/listener_plugin.py
[2025-12-24T20:29:33.123+0000] {processor.py:842} WARNING - No viable dags retrieved from /home/airflow/.local/lib/python3.8/site-packages/airflow/example_dags/plugins/listener_plugin.py
[2025-12-24T20:29:33.139+0000] {processor.py:183} INFO - Processing /home/airflow/.local/lib/python3.8/site-packages/airflow/example_dags/plugins/listener_plugin.py took 0.028 seconds
[2025-12-24T20:30:03.818+0000] {processor.py:161} INFO - Started process (PID=33398) to work on /home/airflow/.local/lib/python3.8/site-packages/airflow/example_dags/plugins/listener_plugin.py
[2025-12-24T20:30:03.819+0000] {processor.py:830} INFO - Processing file /home/airflow/.local/lib/python3.8/site-packages/airflow/example_dags/plugins/listener_plugin.py for tasks to queue
[2025-12-24T20:30:03.820+0000] {logging_mixin.py:188} INFO - [2025-12-24T20:30:03.820+0000] {dagbag.py:538} INFO - Filling up the DagBag from /home/airflow/.local/lib/python3.8/site-packages/airflow/example_dags/plugins/listener_plugin.py
[2025-12-24T20:30:03.823+0000] {processor.py:842} WARNING - No viable dags retrieved from /home/airflow/.local/lib/python3.8/site-packages/airflow/example_dags/plugins/listener_plugin.py
[2025-12-24T20:30:03.839+0000] {processor.py:183} INFO - Processing /home/airflow/.local/lib/python3.8/site-packages/airflow/example_dags/plugins/listener_plugin.py took 0.024 seconds
[2025-12-24T20:30:34.323+0000] {processor.py:161} INFO - Started process (PID=33455) to work on /home/airflow/.local/lib/python3.8/site-packages/airflow/example_dags/plugins/listener_plugin.py
[2025-12-24T20:30:34.324+0000] {processor.py:830} INFO - Processing file /home/airflow/.local/lib/python3.8/site-packages/airflow/example_dags/plugins/listener_plugin.py for tasks to queue
[2025-12-24T20:30:34.325+0000] {logging_mixin.py:188} INFO - [2025-12-24T20:30:34.324+0000] {dagbag.py:538} INFO - Filling up the DagBag from /home/airflow/.local/lib/python3.8/site-packages/airflow/example_dags/plugins/listener_plugin.py
[2025-12-24T20:30:34.328+0000] {processor.py:842} WARNING - No viable dags retrieved from /home/airflow/.local/lib/python3.8/site-packages/airflow/example_dags/plugins/listener_plugin.py
[2025-12-24T20:30:34.343+0000] {processor.py:183} INFO - Processing /home/airflow/.local/lib/python3.8/site-packages/airflow/example_dags/plugins/listener_plugin.py took 0.025 seconds
[2025-12-24T20:31:05.017+0000] {processor.py:161} INFO - Started process (PID=33511) to work on /home/airflow/.local/lib/python3.8/site-packages/airflow/example_dags/plugins/listener_plugin.py
[2025-12-24T20:31:05.019+0000] {processor.py:830} INFO - Processing file /home/airflow/.local/lib/python3.8/site-packages/airflow/example_dags/plugins/listener_plugin.py for tasks to queue
[2025-12-24T20:31:05.021+0000] {logging_mixin.py:188} INFO - [2025-12-24T20:31:05.020+0000] {dagbag.py:538} INFO - Filling up the DagBag from /home/airflow/.local/lib/python3.8/site-packages/airflow/example_dags/plugins/listener_plugin.py
[2025-12-24T20:31:05.024+0000] {processor.py:842} WARNING - No viable dags retrieved from /home/airflow/.local/lib/python3.8/site-packages/airflow/example_dags/plugins/listener_plugin.py
[2025-12-24T20:31:05.039+0000] {processor.py:183} INFO - Processing /home/airflow/.local/lib/python3.8/site-packages/airflow/example_dags/plugins/listener_plugin.py took 0.025 seconds
[2025-12-24T20:31:35.132+0000] {processor.py:161} INFO - Started process (PID=33567) to work on /home/airflow/.local/lib/python3.8/site-packages/airflow/example_dags/plugins/listener_plugin.py
[2025-12-24T20:31:35.134+0000] {processor.py:830} INFO - Processing file /home/airflow/.local/lib/python3.8/site-packages/airflow/example_dags/plugins/listener_plugin.py for tasks to queue
[2025-12-24T20:31:35.135+0000] {logging_mixin.py:188} INFO - [2025-12-24T20:31:35.134+0000] {dagbag.py:538} INFO - Filling up the DagBag from /home/airflow/.local/lib/python3.8/site-packages/airflow/example_dags/plugins/listener_plugin.py
[2025-12-24T20:31:35.138+0000] {processor.py:842} WARNING - No viable dags retrieved from /home/airflow/.local/lib/python3.8/site-packages/airflow/example_dags/plugins/listener_plugin.py
[2025-12-24T20:31:35.153+0000] {processor.py:183} INFO - Processing /home/airflow/.local/lib/python3.8/site-packages/airflow/example_dags/plugins/listener_plugin.py took 0.024 seconds
[2025-12-24T20:32:05.687+0000] {processor.py:161} INFO - Started process (PID=33624) to work on /home/airflow/.local/lib/python3.8/site-packages/airflow/example_dags/plugins/listener_plugin.py
[2025-12-24T20:32:05.689+0000] {processor.py:830} INFO - Processing file /home/airflow/.local/lib/python3.8/site-packages/airflow/example_dags/plugins/listener_plugin.py for tasks to queue
[2025-12-24T20:32:05.690+0000] {logging_mixin.py:188} INFO - [2025-12-24T20:32:05.690+0000] {dagbag.py:538} INFO - Filling up the DagBag from /home/airflow/.local/lib/python3.8/site-packages/airflow/example_dags/plugins/listener_plugin.py
[2025-12-24T20:32:05.694+0000] {processor.py:842} WARNING - No viable dags retrieved from /home/airflow/.local/lib/python3.8/site-packages/airflow/example_dags/plugins/listener_plugin.py
[2025-12-24T20:32:05.713+0000] {processor.py:183} INFO - Processing /home/airflow/.local/lib/python3.8/site-packages/airflow/example_dags/plugins/listener_plugin.py took 0.031 seconds
[2025-12-24T20:32:36.338+0000] {processor.py:161} INFO - Started process (PID=33681) to work on /home/airflow/.local/lib/python3.8/site-packages/airflow/example_dags/plugins/listener_plugin.py
[2025-12-24T20:32:36.340+0000] {processor.py:830} INFO - Processing file /home/airflow/.local/lib/python3.8/site-packages/airflow/example_dags/plugins/listener_plugin.py for tasks to queue
[2025-12-24T20:32:36.341+0000] {logging_mixin.py:188} INFO - [2025-12-24T20:32:36.340+0000] {dagbag.py:538} INFO - Filling up the DagBag from /home/airflow/.local/lib/python3.8/site-packages/airflow/example_dags/plugins/listener_plugin.py
[2025-12-24T20:32:36.343+0000] {processor.py:842} WARNING - No viable dags retrieved from /home/airflow/.local/lib/python3.8/site-packages/airflow/example_dags/plugins/listener_plugin.py
[2025-12-24T20:32:36.357+0000] {processor.py:183} INFO - Processing /home/airflow/.local/lib/python3.8/site-packages/airflow/example_dags/plugins/listener_plugin.py took 0.022 seconds
[2025-12-24T20:33:06.708+0000] {processor.py:161} INFO - Started process (PID=33738) to work on /home/airflow/.local/lib/python3.8/site-packages/airflow/example_dags/plugins/listener_plugin.py
[2025-12-24T20:33:06.710+0000] {processor.py:830} INFO - Processing file /home/airflow/.local/lib/python3.8/site-packages/airflow/example_dags/plugins/listener_plugin.py for tasks to queue
[2025-12-24T20:33:06.711+0000] {logging_mixin.py:188} INFO - [2025-12-24T20:33:06.711+0000] {dagbag.py:538} INFO - Filling up the DagBag from /home/airflow/.local/lib/python3.8/site-packages/airflow/example_dags/plugins/listener_plugin.py
[2025-12-24T20:33:06.715+0000] {processor.py:842} WARNING - No viable dags retrieved from /home/airflow/.local/lib/python3.8/site-packages/airflow/example_dags/plugins/listener_plugin.py
[2025-12-24T20:33:06.733+0000] {processor.py:183} INFO - Processing /home/airflow/.local/lib/python3.8/site-packages/airflow/example_dags/plugins/listener_plugin.py took 0.029 seconds
[2025-12-24T20:33:37.171+0000] {processor.py:161} INFO - Started process (PID=33795) to work on /home/airflow/.local/lib/python3.8/site-packages/airflow/example_dags/plugins/listener_plugin.py
[2025-12-24T20:33:37.172+0000] {processor.py:830} INFO - Processing file /home/airflow/.local/lib/python3.8/site-packages/airflow/example_dags/plugins/listener_plugin.py for tasks to queue
[2025-12-24T20:33:37.174+0000] {logging_mixin.py:188} INFO - [2025-12-24T20:33:37.173+0000] {dagbag.py:538} INFO - Filling up the DagBag from /home/airflow/.local/lib/python3.8/site-packages/airflow/example_dags/plugins/listener_plugin.py
[2025-12-24T20:33:37.178+0000] {processor.py:842} WARNING - No viable dags retrieved from /home/airflow/.local/lib/python3.8/site-packages/airflow/example_dags/plugins/listener_plugin.py
[2025-12-24T20:33:37.206+0000] {processor.py:183} INFO - Processing /home/airflow/.local/lib/python3.8/site-packages/airflow/example_dags/plugins/listener_plugin.py took 0.040 seconds
[2025-12-24T20:34:07.982+0000] {processor.py:161} INFO - Started process (PID=33852) to work on /home/airflow/.local/lib/python3.8/site-packages/airflow/example_dags/plugins/listener_plugin.py
[2025-12-24T20:34:07.984+0000] {processor.py:830} INFO - Processing file /home/airflow/.local/lib/python3.8/site-packages/airflow/example_dags/plugins/listener_plugin.py for tasks to queue
[2025-12-24T20:34:07.987+0000] {logging_mixin.py:188} INFO - [2025-12-24T20:34:07.986+0000] {dagbag.py:538} INFO - Filling up the DagBag from /home/airflow/.local/lib/python3.8/site-packages/airflow/example_dags/plugins/listener_plugin.py
[2025-12-24T20:34:07.992+0000] {processor.py:842} WARNING - No viable dags retrieved from /home/airflow/.local/lib/python3.8/site-packages/airflow/example_dags/plugins/listener_plugin.py
[2025-12-24T20:34:08.017+0000] {processor.py:183} INFO - Processing /home/airflow/.local/lib/python3.8/site-packages/airflow/example_dags/plugins/listener_plugin.py took 0.042 seconds
[2025-12-24T20:34:38.531+0000] {processor.py:161} INFO - Started process (PID=33909) to work on /home/airflow/.local/lib/python3.8/site-packages/airflow/example_dags/plugins/listener_plugin.py
[2025-12-24T20:34:38.533+0000] {processor.py:830} INFO - Processing file /home/airflow/.local/lib/python3.8/site-packages/airflow/example_dags/plugins/listener_plugin.py for tasks to queue
[2025-12-24T20:34:38.534+0000] {logging_mixin.py:188} INFO - [2025-12-24T20:34:38.534+0000] {dagbag.py:538} INFO - Filling up the DagBag from /home/airflow/.local/lib/python3.8/site-packages/airflow/example_dags/plugins/listener_plugin.py
[2025-12-24T20:34:38.539+0000] {processor.py:842} WARNING - No viable dags retrieved from /home/airflow/.local/lib/python3.8/site-packages/airflow/example_dags/plugins/listener_plugin.py
[2025-12-24T20:34:38.555+0000] {processor.py:183} INFO - Processing /home/airflow/.local/lib/python3.8/site-packages/airflow/example_dags/plugins/listener_plugin.py took 0.029 seconds
[2025-12-24T20:35:09.109+0000] {processor.py:161} INFO - Started process (PID=33966) to work on /home/airflow/.local/lib/python3.8/site-packages/airflow/example_dags/plugins/listener_plugin.py
[2025-12-24T20:35:09.111+0000] {processor.py:830} INFO - Processing file /home/airflow/.local/lib/python3.8/site-packages/airflow/example_dags/plugins/listener_plugin.py for tasks to queue
[2025-12-24T20:35:09.112+0000] {logging_mixin.py:188} INFO - [2025-12-24T20:35:09.112+0000] {dagbag.py:538} INFO - Filling up the DagBag from /home/airflow/.local/lib/python3.8/site-packages/airflow/example_dags/plugins/listener_plugin.py
[2025-12-24T20:35:09.117+0000] {processor.py:842} WARNING - No viable dags retrieved from /home/airflow/.local/lib/python3.8/site-packages/airflow/example_dags/plugins/listener_plugin.py
[2025-12-24T20:35:09.135+0000] {processor.py:183} INFO - Processing /home/airflow/.local/lib/python3.8/site-packages/airflow/example_dags/plugins/listener_plugin.py took 0.032 seconds
[2025-12-24T20:35:39.517+0000] {processor.py:161} INFO - Started process (PID=34023) to work on /home/airflow/.local/lib/python3.8/site-packages/airflow/example_dags/plugins/listener_plugin.py
[2025-12-24T20:35:39.518+0000] {processor.py:830} INFO - Processing file /home/airflow/.local/lib/python3.8/site-packages/airflow/example_dags/plugins/listener_plugin.py for tasks to queue
[2025-12-24T20:35:39.520+0000] {logging_mixin.py:188} INFO - [2025-12-24T20:35:39.519+0000] {dagbag.py:538} INFO - Filling up the DagBag from /home/airflow/.local/lib/python3.8/site-packages/airflow/example_dags/plugins/listener_plugin.py
[2025-12-24T20:35:39.524+0000] {processor.py:842} WARNING - No viable dags retrieved from /home/airflow/.local/lib/python3.8/site-packages/airflow/example_dags/plugins/listener_plugin.py
[2025-12-24T20:35:39.542+0000] {processor.py:183} INFO - Processing /home/airflow/.local/lib/python3.8/site-packages/airflow/example_dags/plugins/listener_plugin.py took 0.028 seconds
[2025-12-24T20:36:09.818+0000] {processor.py:161} INFO - Started process (PID=34080) to work on /home/airflow/.local/lib/python3.8/site-packages/airflow/example_dags/plugins/listener_plugin.py
[2025-12-24T20:36:09.819+0000] {processor.py:830} INFO - Processing file /home/airflow/.local/lib/python3.8/site-packages/airflow/example_dags/plugins/listener_plugin.py for tasks to queue
[2025-12-24T20:36:09.820+0000] {logging_mixin.py:188} INFO - [2025-12-24T20:36:09.820+0000] {dagbag.py:538} INFO - Filling up the DagBag from /home/airflow/.local/lib/python3.8/site-packages/airflow/example_dags/plugins/listener_plugin.py
[2025-12-24T20:36:09.824+0000] {processor.py:842} WARNING - No viable dags retrieved from /home/airflow/.local/lib/python3.8/site-packages/airflow/example_dags/plugins/listener_plugin.py
[2025-12-24T20:36:09.841+0000] {processor.py:183} INFO - Processing /home/airflow/.local/lib/python3.8/site-packages/airflow/example_dags/plugins/listener_plugin.py took 0.027 seconds
[2025-12-24T20:36:40.625+0000] {processor.py:161} INFO - Started process (PID=34137) to work on /home/airflow/.local/lib/python3.8/site-packages/airflow/example_dags/plugins/listener_plugin.py
[2025-12-24T20:36:40.626+0000] {processor.py:830} INFO - Processing file /home/airflow/.local/lib/python3.8/site-packages/airflow/example_dags/plugins/listener_plugin.py for tasks to queue
[2025-12-24T20:36:40.627+0000] {logging_mixin.py:188} INFO - [2025-12-24T20:36:40.627+0000] {dagbag.py:538} INFO - Filling up the DagBag from /home/airflow/.local/lib/python3.8/site-packages/airflow/example_dags/plugins/listener_plugin.py
[2025-12-24T20:36:40.631+0000] {processor.py:842} WARNING - No viable dags retrieved from /home/airflow/.local/lib/python3.8/site-packages/airflow/example_dags/plugins/listener_plugin.py
[2025-12-24T20:36:40.648+0000] {processor.py:183} INFO - Processing /home/airflow/.local/lib/python3.8/site-packages/airflow/example_dags/plugins/listener_plugin.py took 0.027 seconds
[2025-12-24T20:37:11.255+0000] {processor.py:161} INFO - Started process (PID=34194) to work on /home/airflow/.local/lib/python3.8/site-packages/airflow/example_dags/plugins/listener_plugin.py
[2025-12-24T20:37:11.257+0000] {processor.py:830} INFO - Processing file /home/airflow/.local/lib/python3.8/site-packages/airflow/example_dags/plugins/listener_plugin.py for tasks to queue
[2025-12-24T20:37:11.258+0000] {logging_mixin.py:188} INFO - [2025-12-24T20:37:11.258+0000] {dagbag.py:538} INFO - Filling up the DagBag from /home/airflow/.local/lib/python3.8/site-packages/airflow/example_dags/plugins/listener_plugin.py
[2025-12-24T20:37:11.262+0000] {processor.py:842} WARNING - No viable dags retrieved from /home/airflow/.local/lib/python3.8/site-packages/airflow/example_dags/plugins/listener_plugin.py
[2025-12-24T20:37:11.283+0000] {processor.py:183} INFO - Processing /home/airflow/.local/lib/python3.8/site-packages/airflow/example_dags/plugins/listener_plugin.py took 0.033 seconds
[2025-12-24T20:37:41.991+0000] {processor.py:161} INFO - Started process (PID=34251) to work on /home/airflow/.local/lib/python3.8/site-packages/airflow/example_dags/plugins/listener_plugin.py
[2025-12-24T20:37:41.993+0000] {processor.py:830} INFO - Processing file /home/airflow/.local/lib/python3.8/site-packages/airflow/example_dags/plugins/listener_plugin.py for tasks to queue
[2025-12-24T20:37:41.994+0000] {logging_mixin.py:188} INFO - [2025-12-24T20:37:41.994+0000] {dagbag.py:538} INFO - Filling up the DagBag from /home/airflow/.local/lib/python3.8/site-packages/airflow/example_dags/plugins/listener_plugin.py
[2025-12-24T20:37:41.999+0000] {processor.py:842} WARNING - No viable dags retrieved from /home/airflow/.local/lib/python3.8/site-packages/airflow/example_dags/plugins/listener_plugin.py
[2025-12-24T20:37:42.021+0000] {processor.py:183} INFO - Processing /home/airflow/.local/lib/python3.8/site-packages/airflow/example_dags/plugins/listener_plugin.py took 0.035 seconds
[2025-12-24T20:38:12.447+0000] {processor.py:161} INFO - Started process (PID=34307) to work on /home/airflow/.local/lib/python3.8/site-packages/airflow/example_dags/plugins/listener_plugin.py
[2025-12-24T20:38:12.448+0000] {processor.py:830} INFO - Processing file /home/airflow/.local/lib/python3.8/site-packages/airflow/example_dags/plugins/listener_plugin.py for tasks to queue
[2025-12-24T20:38:12.449+0000] {logging_mixin.py:188} INFO - [2025-12-24T20:38:12.449+0000] {dagbag.py:538} INFO - Filling up the DagBag from /home/airflow/.local/lib/python3.8/site-packages/airflow/example_dags/plugins/listener_plugin.py
[2025-12-24T20:38:12.452+0000] {processor.py:842} WARNING - No viable dags retrieved from /home/airflow/.local/lib/python3.8/site-packages/airflow/example_dags/plugins/listener_plugin.py
[2025-12-24T20:38:12.468+0000] {processor.py:183} INFO - Processing /home/airflow/.local/lib/python3.8/site-packages/airflow/example_dags/plugins/listener_plugin.py took 0.024 seconds
[2025-12-24T20:38:42.614+0000] {processor.py:161} INFO - Started process (PID=34364) to work on /home/airflow/.local/lib/python3.8/site-packages/airflow/example_dags/plugins/listener_plugin.py
[2025-12-24T20:38:42.615+0000] {processor.py:830} INFO - Processing file /home/airflow/.local/lib/python3.8/site-packages/airflow/example_dags/plugins/listener_plugin.py for tasks to queue
[2025-12-24T20:38:42.617+0000] {logging_mixin.py:188} INFO - [2025-12-24T20:38:42.616+0000] {dagbag.py:538} INFO - Filling up the DagBag from /home/airflow/.local/lib/python3.8/site-packages/airflow/example_dags/plugins/listener_plugin.py
[2025-12-24T20:38:42.620+0000] {processor.py:842} WARNING - No viable dags retrieved from /home/airflow/.local/lib/python3.8/site-packages/airflow/example_dags/plugins/listener_plugin.py
[2025-12-24T20:38:42.635+0000] {processor.py:183} INFO - Processing /home/airflow/.local/lib/python3.8/site-packages/airflow/example_dags/plugins/listener_plugin.py took 0.024 seconds
[2025-12-24T20:39:12.863+0000] {processor.py:161} INFO - Started process (PID=34421) to work on /home/airflow/.local/lib/python3.8/site-packages/airflow/example_dags/plugins/listener_plugin.py
[2025-12-24T20:39:12.865+0000] {processor.py:830} INFO - Processing file /home/airflow/.local/lib/python3.8/site-packages/airflow/example_dags/plugins/listener_plugin.py for tasks to queue
[2025-12-24T20:39:12.866+0000] {logging_mixin.py:188} INFO - [2025-12-24T20:39:12.865+0000] {dagbag.py:538} INFO - Filling up the DagBag from /home/airflow/.local/lib/python3.8/site-packages/airflow/example_dags/plugins/listener_plugin.py
[2025-12-24T20:39:12.869+0000] {processor.py:842} WARNING - No viable dags retrieved from /home/airflow/.local/lib/python3.8/site-packages/airflow/example_dags/plugins/listener_plugin.py
[2025-12-24T20:39:12.882+0000] {processor.py:183} INFO - Processing /home/airflow/.local/lib/python3.8/site-packages/airflow/example_dags/plugins/listener_plugin.py took 0.023 seconds
[2025-12-24T20:39:43.856+0000] {processor.py:161} INFO - Started process (PID=34478) to work on /home/airflow/.local/lib/python3.8/site-packages/airflow/example_dags/plugins/listener_plugin.py
[2025-12-24T20:39:43.857+0000] {processor.py:830} INFO - Processing file /home/airflow/.local/lib/python3.8/site-packages/airflow/example_dags/plugins/listener_plugin.py for tasks to queue
[2025-12-24T20:39:43.858+0000] {logging_mixin.py:188} INFO - [2025-12-24T20:39:43.858+0000] {dagbag.py:538} INFO - Filling up the DagBag from /home/airflow/.local/lib/python3.8/site-packages/airflow/example_dags/plugins/listener_plugin.py
[2025-12-24T20:39:43.861+0000] {processor.py:842} WARNING - No viable dags retrieved from /home/airflow/.local/lib/python3.8/site-packages/airflow/example_dags/plugins/listener_plugin.py
[2025-12-24T20:39:43.875+0000] {processor.py:183} INFO - Processing /home/airflow/.local/lib/python3.8/site-packages/airflow/example_dags/plugins/listener_plugin.py took 0.023 seconds
[2025-12-24T20:40:14.387+0000] {processor.py:161} INFO - Started process (PID=34535) to work on /home/airflow/.local/lib/python3.8/site-packages/airflow/example_dags/plugins/listener_plugin.py
[2025-12-24T20:40:14.389+0000] {processor.py:830} INFO - Processing file /home/airflow/.local/lib/python3.8/site-packages/airflow/example_dags/plugins/listener_plugin.py for tasks to queue
[2025-12-24T20:40:14.390+0000] {logging_mixin.py:188} INFO - [2025-12-24T20:40:14.389+0000] {dagbag.py:538} INFO - Filling up the DagBag from /home/airflow/.local/lib/python3.8/site-packages/airflow/example_dags/plugins/listener_plugin.py
[2025-12-24T20:40:14.393+0000] {processor.py:842} WARNING - No viable dags retrieved from /home/airflow/.local/lib/python3.8/site-packages/airflow/example_dags/plugins/listener_plugin.py
[2025-12-24T20:40:14.407+0000] {processor.py:183} INFO - Processing /home/airflow/.local/lib/python3.8/site-packages/airflow/example_dags/plugins/listener_plugin.py took 0.023 seconds
[2025-12-24T20:40:44.964+0000] {processor.py:161} INFO - Started process (PID=34592) to work on /home/airflow/.local/lib/python3.8/site-packages/airflow/example_dags/plugins/listener_plugin.py
[2025-12-24T20:40:44.965+0000] {processor.py:830} INFO - Processing file /home/airflow/.local/lib/python3.8/site-packages/airflow/example_dags/plugins/listener_plugin.py for tasks to queue
[2025-12-24T20:40:44.966+0000] {logging_mixin.py:188} INFO - [2025-12-24T20:40:44.966+0000] {dagbag.py:538} INFO - Filling up the DagBag from /home/airflow/.local/lib/python3.8/site-packages/airflow/example_dags/plugins/listener_plugin.py
[2025-12-24T20:40:44.969+0000] {processor.py:842} WARNING - No viable dags retrieved from /home/airflow/.local/lib/python3.8/site-packages/airflow/example_dags/plugins/listener_plugin.py
[2025-12-24T20:40:44.983+0000] {processor.py:183} INFO - Processing /home/airflow/.local/lib/python3.8/site-packages/airflow/example_dags/plugins/listener_plugin.py took 0.023 seconds
[2025-12-24T20:41:15.514+0000] {processor.py:161} INFO - Started process (PID=34649) to work on /home/airflow/.local/lib/python3.8/site-packages/airflow/example_dags/plugins/listener_plugin.py
[2025-12-24T20:41:15.515+0000] {processor.py:830} INFO - Processing file /home/airflow/.local/lib/python3.8/site-packages/airflow/example_dags/plugins/listener_plugin.py for tasks to queue
[2025-12-24T20:41:15.516+0000] {logging_mixin.py:188} INFO - [2025-12-24T20:41:15.515+0000] {dagbag.py:538} INFO - Filling up the DagBag from /home/airflow/.local/lib/python3.8/site-packages/airflow/example_dags/plugins/listener_plugin.py
[2025-12-24T20:41:15.519+0000] {processor.py:842} WARNING - No viable dags retrieved from /home/airflow/.local/lib/python3.8/site-packages/airflow/example_dags/plugins/listener_plugin.py
[2025-12-24T20:41:15.535+0000] {processor.py:183} INFO - Processing /home/airflow/.local/lib/python3.8/site-packages/airflow/example_dags/plugins/listener_plugin.py took 0.025 seconds
[2025-12-24T20:41:45.974+0000] {processor.py:161} INFO - Started process (PID=34706) to work on /home/airflow/.local/lib/python3.8/site-packages/airflow/example_dags/plugins/listener_plugin.py
[2025-12-24T20:41:45.976+0000] {processor.py:830} INFO - Processing file /home/airflow/.local/lib/python3.8/site-packages/airflow/example_dags/plugins/listener_plugin.py for tasks to queue
[2025-12-24T20:41:45.977+0000] {logging_mixin.py:188} INFO - [2025-12-24T20:41:45.977+0000] {dagbag.py:538} INFO - Filling up the DagBag from /home/airflow/.local/lib/python3.8/site-packages/airflow/example_dags/plugins/listener_plugin.py
[2025-12-24T20:41:45.980+0000] {processor.py:842} WARNING - No viable dags retrieved from /home/airflow/.local/lib/python3.8/site-packages/airflow/example_dags/plugins/listener_plugin.py
[2025-12-24T20:41:45.995+0000] {processor.py:183} INFO - Processing /home/airflow/.local/lib/python3.8/site-packages/airflow/example_dags/plugins/listener_plugin.py took 0.025 seconds
[2025-12-24T20:42:16.148+0000] {processor.py:161} INFO - Started process (PID=34763) to work on /home/airflow/.local/lib/python3.8/site-packages/airflow/example_dags/plugins/listener_plugin.py
[2025-12-24T20:42:16.149+0000] {processor.py:830} INFO - Processing file /home/airflow/.local/lib/python3.8/site-packages/airflow/example_dags/plugins/listener_plugin.py for tasks to queue
[2025-12-24T20:42:16.151+0000] {logging_mixin.py:188} INFO - [2025-12-24T20:42:16.150+0000] {dagbag.py:538} INFO - Filling up the DagBag from /home/airflow/.local/lib/python3.8/site-packages/airflow/example_dags/plugins/listener_plugin.py
[2025-12-24T20:42:16.154+0000] {processor.py:842} WARNING - No viable dags retrieved from /home/airflow/.local/lib/python3.8/site-packages/airflow/example_dags/plugins/listener_plugin.py
[2025-12-24T20:42:16.169+0000] {processor.py:183} INFO - Processing /home/airflow/.local/lib/python3.8/site-packages/airflow/example_dags/plugins/listener_plugin.py took 0.025 seconds
[2025-12-24T20:42:46.542+0000] {processor.py:161} INFO - Started process (PID=34820) to work on /home/airflow/.local/lib/python3.8/site-packages/airflow/example_dags/plugins/listener_plugin.py
[2025-12-24T20:42:46.543+0000] {processor.py:830} INFO - Processing file /home/airflow/.local/lib/python3.8/site-packages/airflow/example_dags/plugins/listener_plugin.py for tasks to queue
[2025-12-24T20:42:46.544+0000] {logging_mixin.py:188} INFO - [2025-12-24T20:42:46.544+0000] {dagbag.py:538} INFO - Filling up the DagBag from /home/airflow/.local/lib/python3.8/site-packages/airflow/example_dags/plugins/listener_plugin.py
[2025-12-24T20:42:46.547+0000] {processor.py:842} WARNING - No viable dags retrieved from /home/airflow/.local/lib/python3.8/site-packages/airflow/example_dags/plugins/listener_plugin.py
[2025-12-24T20:42:46.563+0000] {processor.py:183} INFO - Processing /home/airflow/.local/lib/python3.8/site-packages/airflow/example_dags/plugins/listener_plugin.py took 0.026 seconds
[2025-12-24T20:43:17.159+0000] {processor.py:161} INFO - Started process (PID=34877) to work on /home/airflow/.local/lib/python3.8/site-packages/airflow/example_dags/plugins/listener_plugin.py
[2025-12-24T20:43:17.161+0000] {processor.py:830} INFO - Processing file /home/airflow/.local/lib/python3.8/site-packages/airflow/example_dags/plugins/listener_plugin.py for tasks to queue
[2025-12-24T20:43:17.163+0000] {logging_mixin.py:188} INFO - [2025-12-24T20:43:17.162+0000] {dagbag.py:538} INFO - Filling up the DagBag from /home/airflow/.local/lib/python3.8/site-packages/airflow/example_dags/plugins/listener_plugin.py
[2025-12-24T20:43:17.168+0000] {processor.py:842} WARNING - No viable dags retrieved from /home/airflow/.local/lib/python3.8/site-packages/airflow/example_dags/plugins/listener_plugin.py
[2025-12-24T20:43:17.187+0000] {processor.py:183} INFO - Processing /home/airflow/.local/lib/python3.8/site-packages/airflow/example_dags/plugins/listener_plugin.py took 0.033 seconds
[2025-12-24T20:43:47.616+0000] {processor.py:161} INFO - Started process (PID=34934) to work on /home/airflow/.local/lib/python3.8/site-packages/airflow/example_dags/plugins/listener_plugin.py
[2025-12-24T20:43:47.617+0000] {processor.py:830} INFO - Processing file /home/airflow/.local/lib/python3.8/site-packages/airflow/example_dags/plugins/listener_plugin.py for tasks to queue
[2025-12-24T20:43:47.618+0000] {logging_mixin.py:188} INFO - [2025-12-24T20:43:47.618+0000] {dagbag.py:538} INFO - Filling up the DagBag from /home/airflow/.local/lib/python3.8/site-packages/airflow/example_dags/plugins/listener_plugin.py
[2025-12-24T20:43:47.622+0000] {processor.py:842} WARNING - No viable dags retrieved from /home/airflow/.local/lib/python3.8/site-packages/airflow/example_dags/plugins/listener_plugin.py
[2025-12-24T20:43:47.641+0000] {processor.py:183} INFO - Processing /home/airflow/.local/lib/python3.8/site-packages/airflow/example_dags/plugins/listener_plugin.py took 0.030 seconds
[2025-12-24T20:44:17.855+0000] {processor.py:161} INFO - Started process (PID=34992) to work on /home/airflow/.local/lib/python3.8/site-packages/airflow/example_dags/plugins/listener_plugin.py
[2025-12-24T20:44:17.856+0000] {processor.py:830} INFO - Processing file /home/airflow/.local/lib/python3.8/site-packages/airflow/example_dags/plugins/listener_plugin.py for tasks to queue
[2025-12-24T20:44:17.857+0000] {logging_mixin.py:188} INFO - [2025-12-24T20:44:17.857+0000] {dagbag.py:538} INFO - Filling up the DagBag from /home/airflow/.local/lib/python3.8/site-packages/airflow/example_dags/plugins/listener_plugin.py
[2025-12-24T20:44:17.860+0000] {processor.py:842} WARNING - No viable dags retrieved from /home/airflow/.local/lib/python3.8/site-packages/airflow/example_dags/plugins/listener_plugin.py
[2025-12-24T20:44:17.875+0000] {processor.py:183} INFO - Processing /home/airflow/.local/lib/python3.8/site-packages/airflow/example_dags/plugins/listener_plugin.py took 0.024 seconds
[2025-12-24T20:44:48.385+0000] {processor.py:161} INFO - Started process (PID=35049) to work on /home/airflow/.local/lib/python3.8/site-packages/airflow/example_dags/plugins/listener_plugin.py
[2025-12-24T20:44:48.386+0000] {processor.py:830} INFO - Processing file /home/airflow/.local/lib/python3.8/site-packages/airflow/example_dags/plugins/listener_plugin.py for tasks to queue
[2025-12-24T20:44:48.387+0000] {logging_mixin.py:188} INFO - [2025-12-24T20:44:48.387+0000] {dagbag.py:538} INFO - Filling up the DagBag from /home/airflow/.local/lib/python3.8/site-packages/airflow/example_dags/plugins/listener_plugin.py
[2025-12-24T20:44:48.391+0000] {processor.py:842} WARNING - No viable dags retrieved from /home/airflow/.local/lib/python3.8/site-packages/airflow/example_dags/plugins/listener_plugin.py
[2025-12-24T20:44:48.405+0000] {processor.py:183} INFO - Processing /home/airflow/.local/lib/python3.8/site-packages/airflow/example_dags/plugins/listener_plugin.py took 0.023 seconds
[2025-12-24T20:45:18.967+0000] {processor.py:161} INFO - Started process (PID=35106) to work on /home/airflow/.local/lib/python3.8/site-packages/airflow/example_dags/plugins/listener_plugin.py
[2025-12-24T20:45:18.968+0000] {processor.py:830} INFO - Processing file /home/airflow/.local/lib/python3.8/site-packages/airflow/example_dags/plugins/listener_plugin.py for tasks to queue
[2025-12-24T20:45:18.969+0000] {logging_mixin.py:188} INFO - [2025-12-24T20:45:18.968+0000] {dagbag.py:538} INFO - Filling up the DagBag from /home/airflow/.local/lib/python3.8/site-packages/airflow/example_dags/plugins/listener_plugin.py
[2025-12-24T20:45:18.972+0000] {processor.py:842} WARNING - No viable dags retrieved from /home/airflow/.local/lib/python3.8/site-packages/airflow/example_dags/plugins/listener_plugin.py
[2025-12-24T20:45:18.986+0000] {processor.py:183} INFO - Processing /home/airflow/.local/lib/python3.8/site-packages/airflow/example_dags/plugins/listener_plugin.py took 0.023 seconds
[2025-12-24T20:45:49.837+0000] {processor.py:161} INFO - Started process (PID=35163) to work on /home/airflow/.local/lib/python3.8/site-packages/airflow/example_dags/plugins/listener_plugin.py
[2025-12-24T20:45:49.839+0000] {processor.py:830} INFO - Processing file /home/airflow/.local/lib/python3.8/site-packages/airflow/example_dags/plugins/listener_plugin.py for tasks to queue
[2025-12-24T20:45:49.841+0000] {logging_mixin.py:188} INFO - [2025-12-24T20:45:49.840+0000] {dagbag.py:538} INFO - Filling up the DagBag from /home/airflow/.local/lib/python3.8/site-packages/airflow/example_dags/plugins/listener_plugin.py
[2025-12-24T20:45:49.844+0000] {processor.py:842} WARNING - No viable dags retrieved from /home/airflow/.local/lib/python3.8/site-packages/airflow/example_dags/plugins/listener_plugin.py
[2025-12-24T20:45:49.865+0000] {processor.py:183} INFO - Processing /home/airflow/.local/lib/python3.8/site-packages/airflow/example_dags/plugins/listener_plugin.py took 0.031 seconds
[2025-12-24T20:46:20.541+0000] {processor.py:161} INFO - Started process (PID=35220) to work on /home/airflow/.local/lib/python3.8/site-packages/airflow/example_dags/plugins/listener_plugin.py
[2025-12-24T20:46:20.542+0000] {processor.py:830} INFO - Processing file /home/airflow/.local/lib/python3.8/site-packages/airflow/example_dags/plugins/listener_plugin.py for tasks to queue
[2025-12-24T20:46:20.543+0000] {logging_mixin.py:188} INFO - [2025-12-24T20:46:20.543+0000] {dagbag.py:538} INFO - Filling up the DagBag from /home/airflow/.local/lib/python3.8/site-packages/airflow/example_dags/plugins/listener_plugin.py
[2025-12-24T20:46:20.546+0000] {processor.py:842} WARNING - No viable dags retrieved from /home/airflow/.local/lib/python3.8/site-packages/airflow/example_dags/plugins/listener_plugin.py
[2025-12-24T20:46:20.562+0000] {processor.py:183} INFO - Processing /home/airflow/.local/lib/python3.8/site-packages/airflow/example_dags/plugins/listener_plugin.py took 0.025 seconds
[2025-12-24T20:46:51.257+0000] {processor.py:161} INFO - Started process (PID=35277) to work on /home/airflow/.local/lib/python3.8/site-packages/airflow/example_dags/plugins/listener_plugin.py
[2025-12-24T20:46:51.258+0000] {processor.py:830} INFO - Processing file /home/airflow/.local/lib/python3.8/site-packages/airflow/example_dags/plugins/listener_plugin.py for tasks to queue
[2025-12-24T20:46:51.259+0000] {logging_mixin.py:188} INFO - [2025-12-24T20:46:51.259+0000] {dagbag.py:538} INFO - Filling up the DagBag from /home/airflow/.local/lib/python3.8/site-packages/airflow/example_dags/plugins/listener_plugin.py
[2025-12-24T20:46:51.262+0000] {processor.py:842} WARNING - No viable dags retrieved from /home/airflow/.local/lib/python3.8/site-packages/airflow/example_dags/plugins/listener_plugin.py
[2025-12-24T20:46:51.276+0000] {processor.py:183} INFO - Processing /home/airflow/.local/lib/python3.8/site-packages/airflow/example_dags/plugins/listener_plugin.py took 0.023 seconds
[2025-12-24T20:47:21.662+0000] {processor.py:161} INFO - Started process (PID=35334) to work on /home/airflow/.local/lib/python3.8/site-packages/airflow/example_dags/plugins/listener_plugin.py
[2025-12-24T20:47:21.664+0000] {processor.py:830} INFO - Processing file /home/airflow/.local/lib/python3.8/site-packages/airflow/example_dags/plugins/listener_plugin.py for tasks to queue
[2025-12-24T20:47:21.665+0000] {logging_mixin.py:188} INFO - [2025-12-24T20:47:21.665+0000] {dagbag.py:538} INFO - Filling up the DagBag from /home/airflow/.local/lib/python3.8/site-packages/airflow/example_dags/plugins/listener_plugin.py
[2025-12-24T20:47:21.669+0000] {processor.py:842} WARNING - No viable dags retrieved from /home/airflow/.local/lib/python3.8/site-packages/airflow/example_dags/plugins/listener_plugin.py
[2025-12-24T20:47:21.686+0000] {processor.py:183} INFO - Processing /home/airflow/.local/lib/python3.8/site-packages/airflow/example_dags/plugins/listener_plugin.py took 0.028 seconds
[2025-12-24T20:47:52.203+0000] {processor.py:161} INFO - Started process (PID=35391) to work on /home/airflow/.local/lib/python3.8/site-packages/airflow/example_dags/plugins/listener_plugin.py
[2025-12-24T20:47:52.204+0000] {processor.py:830} INFO - Processing file /home/airflow/.local/lib/python3.8/site-packages/airflow/example_dags/plugins/listener_plugin.py for tasks to queue
[2025-12-24T20:47:52.205+0000] {logging_mixin.py:188} INFO - [2025-12-24T20:47:52.205+0000] {dagbag.py:538} INFO - Filling up the DagBag from /home/airflow/.local/lib/python3.8/site-packages/airflow/example_dags/plugins/listener_plugin.py
[2025-12-24T20:47:52.209+0000] {processor.py:842} WARNING - No viable dags retrieved from /home/airflow/.local/lib/python3.8/site-packages/airflow/example_dags/plugins/listener_plugin.py
[2025-12-24T20:47:52.224+0000] {processor.py:183} INFO - Processing /home/airflow/.local/lib/python3.8/site-packages/airflow/example_dags/plugins/listener_plugin.py took 0.024 seconds
[2025-12-24T20:48:22.380+0000] {processor.py:161} INFO - Started process (PID=35448) to work on /home/airflow/.local/lib/python3.8/site-packages/airflow/example_dags/plugins/listener_plugin.py
[2025-12-24T20:48:22.382+0000] {processor.py:830} INFO - Processing file /home/airflow/.local/lib/python3.8/site-packages/airflow/example_dags/plugins/listener_plugin.py for tasks to queue
[2025-12-24T20:48:22.383+0000] {logging_mixin.py:188} INFO - [2025-12-24T20:48:22.382+0000] {dagbag.py:538} INFO - Filling up the DagBag from /home/airflow/.local/lib/python3.8/site-packages/airflow/example_dags/plugins/listener_plugin.py
[2025-12-24T20:48:22.386+0000] {processor.py:842} WARNING - No viable dags retrieved from /home/airflow/.local/lib/python3.8/site-packages/airflow/example_dags/plugins/listener_plugin.py
[2025-12-24T20:48:22.402+0000] {processor.py:183} INFO - Processing /home/airflow/.local/lib/python3.8/site-packages/airflow/example_dags/plugins/listener_plugin.py took 0.025 seconds
[2025-12-24T20:48:52.561+0000] {processor.py:161} INFO - Started process (PID=35505) to work on /home/airflow/.local/lib/python3.8/site-packages/airflow/example_dags/plugins/listener_plugin.py
[2025-12-24T20:48:52.562+0000] {processor.py:830} INFO - Processing file /home/airflow/.local/lib/python3.8/site-packages/airflow/example_dags/plugins/listener_plugin.py for tasks to queue
[2025-12-24T20:48:52.563+0000] {logging_mixin.py:188} INFO - [2025-12-24T20:48:52.563+0000] {dagbag.py:538} INFO - Filling up the DagBag from /home/airflow/.local/lib/python3.8/site-packages/airflow/example_dags/plugins/listener_plugin.py
[2025-12-24T20:48:52.566+0000] {processor.py:842} WARNING - No viable dags retrieved from /home/airflow/.local/lib/python3.8/site-packages/airflow/example_dags/plugins/listener_plugin.py
[2025-12-24T20:48:52.580+0000] {processor.py:183} INFO - Processing /home/airflow/.local/lib/python3.8/site-packages/airflow/example_dags/plugins/listener_plugin.py took 0.023 seconds
[2025-12-24T20:49:22.725+0000] {processor.py:161} INFO - Started process (PID=35562) to work on /home/airflow/.local/lib/python3.8/site-packages/airflow/example_dags/plugins/listener_plugin.py
[2025-12-24T20:49:22.726+0000] {processor.py:830} INFO - Processing file /home/airflow/.local/lib/python3.8/site-packages/airflow/example_dags/plugins/listener_plugin.py for tasks to queue
[2025-12-24T20:49:22.728+0000] {logging_mixin.py:188} INFO - [2025-12-24T20:49:22.727+0000] {dagbag.py:538} INFO - Filling up the DagBag from /home/airflow/.local/lib/python3.8/site-packages/airflow/example_dags/plugins/listener_plugin.py
[2025-12-24T20:49:22.731+0000] {processor.py:842} WARNING - No viable dags retrieved from /home/airflow/.local/lib/python3.8/site-packages/airflow/example_dags/plugins/listener_plugin.py
[2025-12-24T20:49:22.747+0000] {processor.py:183} INFO - Processing /home/airflow/.local/lib/python3.8/site-packages/airflow/example_dags/plugins/listener_plugin.py took 0.027 seconds
[2025-12-24T20:49:53.235+0000] {processor.py:161} INFO - Started process (PID=35619) to work on /home/airflow/.local/lib/python3.8/site-packages/airflow/example_dags/plugins/listener_plugin.py
[2025-12-24T20:49:53.236+0000] {processor.py:830} INFO - Processing file /home/airflow/.local/lib/python3.8/site-packages/airflow/example_dags/plugins/listener_plugin.py for tasks to queue
[2025-12-24T20:49:53.237+0000] {logging_mixin.py:188} INFO - [2025-12-24T20:49:53.237+0000] {dagbag.py:538} INFO - Filling up the DagBag from /home/airflow/.local/lib/python3.8/site-packages/airflow/example_dags/plugins/listener_plugin.py
[2025-12-24T20:49:53.241+0000] {processor.py:842} WARNING - No viable dags retrieved from /home/airflow/.local/lib/python3.8/site-packages/airflow/example_dags/plugins/listener_plugin.py
[2025-12-24T20:49:53.255+0000] {processor.py:183} INFO - Processing /home/airflow/.local/lib/python3.8/site-packages/airflow/example_dags/plugins/listener_plugin.py took 0.023 seconds
[2025-12-24T20:50:23.812+0000] {processor.py:161} INFO - Started process (PID=35677) to work on /home/airflow/.local/lib/python3.8/site-packages/airflow/example_dags/plugins/listener_plugin.py
[2025-12-24T20:50:23.814+0000] {processor.py:830} INFO - Processing file /home/airflow/.local/lib/python3.8/site-packages/airflow/example_dags/plugins/listener_plugin.py for tasks to queue
[2025-12-24T20:50:23.815+0000] {logging_mixin.py:188} INFO - [2025-12-24T20:50:23.815+0000] {dagbag.py:538} INFO - Filling up the DagBag from /home/airflow/.local/lib/python3.8/site-packages/airflow/example_dags/plugins/listener_plugin.py
[2025-12-24T20:50:23.819+0000] {processor.py:842} WARNING - No viable dags retrieved from /home/airflow/.local/lib/python3.8/site-packages/airflow/example_dags/plugins/listener_plugin.py
[2025-12-24T20:50:23.837+0000] {processor.py:183} INFO - Processing /home/airflow/.local/lib/python3.8/site-packages/airflow/example_dags/plugins/listener_plugin.py took 0.028 seconds
[2025-12-24T20:50:54.380+0000] {processor.py:161} INFO - Started process (PID=35734) to work on /home/airflow/.local/lib/python3.8/site-packages/airflow/example_dags/plugins/listener_plugin.py
[2025-12-24T20:50:54.382+0000] {processor.py:830} INFO - Processing file /home/airflow/.local/lib/python3.8/site-packages/airflow/example_dags/plugins/listener_plugin.py for tasks to queue
[2025-12-24T20:50:54.383+0000] {logging_mixin.py:188} INFO - [2025-12-24T20:50:54.382+0000] {dagbag.py:538} INFO - Filling up the DagBag from /home/airflow/.local/lib/python3.8/site-packages/airflow/example_dags/plugins/listener_plugin.py
[2025-12-24T20:50:54.390+0000] {processor.py:842} WARNING - No viable dags retrieved from /home/airflow/.local/lib/python3.8/site-packages/airflow/example_dags/plugins/listener_plugin.py
[2025-12-24T20:50:54.419+0000] {processor.py:183} INFO - Processing /home/airflow/.local/lib/python3.8/site-packages/airflow/example_dags/plugins/listener_plugin.py took 0.049 seconds
[2025-12-24T20:51:24.934+0000] {processor.py:161} INFO - Started process (PID=35791) to work on /home/airflow/.local/lib/python3.8/site-packages/airflow/example_dags/plugins/listener_plugin.py
[2025-12-24T20:51:24.935+0000] {processor.py:830} INFO - Processing file /home/airflow/.local/lib/python3.8/site-packages/airflow/example_dags/plugins/listener_plugin.py for tasks to queue
[2025-12-24T20:51:24.936+0000] {logging_mixin.py:188} INFO - [2025-12-24T20:51:24.936+0000] {dagbag.py:538} INFO - Filling up the DagBag from /home/airflow/.local/lib/python3.8/site-packages/airflow/example_dags/plugins/listener_plugin.py
[2025-12-24T20:51:24.939+0000] {processor.py:842} WARNING - No viable dags retrieved from /home/airflow/.local/lib/python3.8/site-packages/airflow/example_dags/plugins/listener_plugin.py
[2025-12-24T20:51:24.952+0000] {processor.py:183} INFO - Processing /home/airflow/.local/lib/python3.8/site-packages/airflow/example_dags/plugins/listener_plugin.py took 0.022 seconds
[2025-12-24T20:51:55.562+0000] {processor.py:161} INFO - Started process (PID=35848) to work on /home/airflow/.local/lib/python3.8/site-packages/airflow/example_dags/plugins/listener_plugin.py
[2025-12-24T20:51:55.564+0000] {processor.py:830} INFO - Processing file /home/airflow/.local/lib/python3.8/site-packages/airflow/example_dags/plugins/listener_plugin.py for tasks to queue
[2025-12-24T20:51:55.565+0000] {logging_mixin.py:188} INFO - [2025-12-24T20:51:55.565+0000] {dagbag.py:538} INFO - Filling up the DagBag from /home/airflow/.local/lib/python3.8/site-packages/airflow/example_dags/plugins/listener_plugin.py
[2025-12-24T20:51:55.569+0000] {processor.py:842} WARNING - No viable dags retrieved from /home/airflow/.local/lib/python3.8/site-packages/airflow/example_dags/plugins/listener_plugin.py
[2025-12-24T20:51:55.590+0000] {processor.py:183} INFO - Processing /home/airflow/.local/lib/python3.8/site-packages/airflow/example_dags/plugins/listener_plugin.py took 0.032 seconds
[2025-12-24T20:52:26.129+0000] {processor.py:161} INFO - Started process (PID=35905) to work on /home/airflow/.local/lib/python3.8/site-packages/airflow/example_dags/plugins/listener_plugin.py
[2025-12-24T20:52:26.130+0000] {processor.py:830} INFO - Processing file /home/airflow/.local/lib/python3.8/site-packages/airflow/example_dags/plugins/listener_plugin.py for tasks to queue
[2025-12-24T20:52:26.131+0000] {logging_mixin.py:188} INFO - [2025-12-24T20:52:26.131+0000] {dagbag.py:538} INFO - Filling up the DagBag from /home/airflow/.local/lib/python3.8/site-packages/airflow/example_dags/plugins/listener_plugin.py
[2025-12-24T20:52:26.134+0000] {processor.py:842} WARNING - No viable dags retrieved from /home/airflow/.local/lib/python3.8/site-packages/airflow/example_dags/plugins/listener_plugin.py
[2025-12-24T20:52:26.150+0000] {processor.py:183} INFO - Processing /home/airflow/.local/lib/python3.8/site-packages/airflow/example_dags/plugins/listener_plugin.py took 0.024 seconds
[2025-12-24T20:52:56.509+0000] {processor.py:161} INFO - Started process (PID=35962) to work on /home/airflow/.local/lib/python3.8/site-packages/airflow/example_dags/plugins/listener_plugin.py
[2025-12-24T20:52:56.510+0000] {processor.py:830} INFO - Processing file /home/airflow/.local/lib/python3.8/site-packages/airflow/example_dags/plugins/listener_plugin.py for tasks to queue
[2025-12-24T20:52:56.511+0000] {logging_mixin.py:188} INFO - [2025-12-24T20:52:56.511+0000] {dagbag.py:538} INFO - Filling up the DagBag from /home/airflow/.local/lib/python3.8/site-packages/airflow/example_dags/plugins/listener_plugin.py
[2025-12-24T20:52:56.515+0000] {processor.py:842} WARNING - No viable dags retrieved from /home/airflow/.local/lib/python3.8/site-packages/airflow/example_dags/plugins/listener_plugin.py
[2025-12-24T20:52:56.530+0000] {processor.py:183} INFO - Processing /home/airflow/.local/lib/python3.8/site-packages/airflow/example_dags/plugins/listener_plugin.py took 0.025 seconds
[2025-12-24T20:53:27.033+0000] {processor.py:161} INFO - Started process (PID=36019) to work on /home/airflow/.local/lib/python3.8/site-packages/airflow/example_dags/plugins/listener_plugin.py
[2025-12-24T20:53:27.035+0000] {processor.py:830} INFO - Processing file /home/airflow/.local/lib/python3.8/site-packages/airflow/example_dags/plugins/listener_plugin.py for tasks to queue
[2025-12-24T20:53:27.036+0000] {logging_mixin.py:188} INFO - [2025-12-24T20:53:27.035+0000] {dagbag.py:538} INFO - Filling up the DagBag from /home/airflow/.local/lib/python3.8/site-packages/airflow/example_dags/plugins/listener_plugin.py
[2025-12-24T20:53:27.039+0000] {processor.py:842} WARNING - No viable dags retrieved from /home/airflow/.local/lib/python3.8/site-packages/airflow/example_dags/plugins/listener_plugin.py
[2025-12-24T20:53:27.054+0000] {processor.py:183} INFO - Processing /home/airflow/.local/lib/python3.8/site-packages/airflow/example_dags/plugins/listener_plugin.py took 0.025 seconds
[2025-12-24T20:53:57.302+0000] {processor.py:161} INFO - Started process (PID=36076) to work on /home/airflow/.local/lib/python3.8/site-packages/airflow/example_dags/plugins/listener_plugin.py
[2025-12-24T20:53:57.303+0000] {processor.py:830} INFO - Processing file /home/airflow/.local/lib/python3.8/site-packages/airflow/example_dags/plugins/listener_plugin.py for tasks to queue
[2025-12-24T20:53:57.304+0000] {logging_mixin.py:188} INFO - [2025-12-24T20:53:57.304+0000] {dagbag.py:538} INFO - Filling up the DagBag from /home/airflow/.local/lib/python3.8/site-packages/airflow/example_dags/plugins/listener_plugin.py
[2025-12-24T20:53:57.308+0000] {processor.py:842} WARNING - No viable dags retrieved from /home/airflow/.local/lib/python3.8/site-packages/airflow/example_dags/plugins/listener_plugin.py
[2025-12-24T20:53:57.324+0000] {processor.py:183} INFO - Processing /home/airflow/.local/lib/python3.8/site-packages/airflow/example_dags/plugins/listener_plugin.py took 0.027 seconds
[2025-12-24T20:54:27.689+0000] {processor.py:161} INFO - Started process (PID=36133) to work on /home/airflow/.local/lib/python3.8/site-packages/airflow/example_dags/plugins/listener_plugin.py
[2025-12-24T20:54:27.690+0000] {processor.py:830} INFO - Processing file /home/airflow/.local/lib/python3.8/site-packages/airflow/example_dags/plugins/listener_plugin.py for tasks to queue
[2025-12-24T20:54:27.693+0000] {logging_mixin.py:188} INFO - [2025-12-24T20:54:27.692+0000] {dagbag.py:538} INFO - Filling up the DagBag from /home/airflow/.local/lib/python3.8/site-packages/airflow/example_dags/plugins/listener_plugin.py
[2025-12-24T20:54:27.697+0000] {processor.py:842} WARNING - No viable dags retrieved from /home/airflow/.local/lib/python3.8/site-packages/airflow/example_dags/plugins/listener_plugin.py
[2025-12-24T20:54:27.716+0000] {processor.py:183} INFO - Processing /home/airflow/.local/lib/python3.8/site-packages/airflow/example_dags/plugins/listener_plugin.py took 0.033 seconds
[2025-12-24T20:54:58.326+0000] {processor.py:161} INFO - Started process (PID=36190) to work on /home/airflow/.local/lib/python3.8/site-packages/airflow/example_dags/plugins/listener_plugin.py
[2025-12-24T20:54:58.327+0000] {processor.py:830} INFO - Processing file /home/airflow/.local/lib/python3.8/site-packages/airflow/example_dags/plugins/listener_plugin.py for tasks to queue
[2025-12-24T20:54:58.329+0000] {logging_mixin.py:188} INFO - [2025-12-24T20:54:58.328+0000] {dagbag.py:538} INFO - Filling up the DagBag from /home/airflow/.local/lib/python3.8/site-packages/airflow/example_dags/plugins/listener_plugin.py
[2025-12-24T20:54:58.332+0000] {processor.py:842} WARNING - No viable dags retrieved from /home/airflow/.local/lib/python3.8/site-packages/airflow/example_dags/plugins/listener_plugin.py
[2025-12-24T20:54:58.351+0000] {processor.py:183} INFO - Processing /home/airflow/.local/lib/python3.8/site-packages/airflow/example_dags/plugins/listener_plugin.py took 0.029 seconds
[2025-12-24T20:55:28.505+0000] {processor.py:161} INFO - Started process (PID=36247) to work on /home/airflow/.local/lib/python3.8/site-packages/airflow/example_dags/plugins/listener_plugin.py
[2025-12-24T20:55:28.507+0000] {processor.py:830} INFO - Processing file /home/airflow/.local/lib/python3.8/site-packages/airflow/example_dags/plugins/listener_plugin.py for tasks to queue
[2025-12-24T20:55:28.508+0000] {logging_mixin.py:188} INFO - [2025-12-24T20:55:28.508+0000] {dagbag.py:538} INFO - Filling up the DagBag from /home/airflow/.local/lib/python3.8/site-packages/airflow/example_dags/plugins/listener_plugin.py
[2025-12-24T20:55:28.512+0000] {processor.py:842} WARNING - No viable dags retrieved from /home/airflow/.local/lib/python3.8/site-packages/airflow/example_dags/plugins/listener_plugin.py
[2025-12-24T20:55:28.527+0000] {processor.py:183} INFO - Processing /home/airflow/.local/lib/python3.8/site-packages/airflow/example_dags/plugins/listener_plugin.py took 0.026 seconds
[2025-12-24T20:55:59.002+0000] {processor.py:161} INFO - Started process (PID=36304) to work on /home/airflow/.local/lib/python3.8/site-packages/airflow/example_dags/plugins/listener_plugin.py
[2025-12-24T20:55:59.004+0000] {processor.py:830} INFO - Processing file /home/airflow/.local/lib/python3.8/site-packages/airflow/example_dags/plugins/listener_plugin.py for tasks to queue
[2025-12-24T20:55:59.005+0000] {logging_mixin.py:188} INFO - [2025-12-24T20:55:59.005+0000] {dagbag.py:538} INFO - Filling up the DagBag from /home/airflow/.local/lib/python3.8/site-packages/airflow/example_dags/plugins/listener_plugin.py
[2025-12-24T20:55:59.008+0000] {processor.py:842} WARNING - No viable dags retrieved from /home/airflow/.local/lib/python3.8/site-packages/airflow/example_dags/plugins/listener_plugin.py
[2025-12-24T20:55:59.024+0000] {processor.py:183} INFO - Processing /home/airflow/.local/lib/python3.8/site-packages/airflow/example_dags/plugins/listener_plugin.py took 0.026 seconds
[2025-12-24T20:56:29.511+0000] {processor.py:161} INFO - Started process (PID=36361) to work on /home/airflow/.local/lib/python3.8/site-packages/airflow/example_dags/plugins/listener_plugin.py
[2025-12-24T20:56:29.512+0000] {processor.py:830} INFO - Processing file /home/airflow/.local/lib/python3.8/site-packages/airflow/example_dags/plugins/listener_plugin.py for tasks to queue
[2025-12-24T20:56:29.514+0000] {logging_mixin.py:188} INFO - [2025-12-24T20:56:29.514+0000] {dagbag.py:538} INFO - Filling up the DagBag from /home/airflow/.local/lib/python3.8/site-packages/airflow/example_dags/plugins/listener_plugin.py
[2025-12-24T20:56:29.517+0000] {processor.py:842} WARNING - No viable dags retrieved from /home/airflow/.local/lib/python3.8/site-packages/airflow/example_dags/plugins/listener_plugin.py
[2025-12-24T20:56:29.534+0000] {processor.py:183} INFO - Processing /home/airflow/.local/lib/python3.8/site-packages/airflow/example_dags/plugins/listener_plugin.py took 0.026 seconds
[2025-12-24T20:57:00.307+0000] {processor.py:161} INFO - Started process (PID=36418) to work on /home/airflow/.local/lib/python3.8/site-packages/airflow/example_dags/plugins/listener_plugin.py
[2025-12-24T20:57:00.308+0000] {processor.py:830} INFO - Processing file /home/airflow/.local/lib/python3.8/site-packages/airflow/example_dags/plugins/listener_plugin.py for tasks to queue
[2025-12-24T20:57:00.309+0000] {logging_mixin.py:188} INFO - [2025-12-24T20:57:00.309+0000] {dagbag.py:538} INFO - Filling up the DagBag from /home/airflow/.local/lib/python3.8/site-packages/airflow/example_dags/plugins/listener_plugin.py
[2025-12-24T20:57:00.313+0000] {processor.py:842} WARNING - No viable dags retrieved from /home/airflow/.local/lib/python3.8/site-packages/airflow/example_dags/plugins/listener_plugin.py
[2025-12-24T20:57:00.329+0000] {processor.py:183} INFO - Processing /home/airflow/.local/lib/python3.8/site-packages/airflow/example_dags/plugins/listener_plugin.py took 0.025 seconds
[2025-12-24T20:57:31.075+0000] {processor.py:161} INFO - Started process (PID=36476) to work on /home/airflow/.local/lib/python3.8/site-packages/airflow/example_dags/plugins/listener_plugin.py
[2025-12-24T20:57:31.076+0000] {processor.py:830} INFO - Processing file /home/airflow/.local/lib/python3.8/site-packages/airflow/example_dags/plugins/listener_plugin.py for tasks to queue
[2025-12-24T20:57:31.078+0000] {logging_mixin.py:188} INFO - [2025-12-24T20:57:31.077+0000] {dagbag.py:538} INFO - Filling up the DagBag from /home/airflow/.local/lib/python3.8/site-packages/airflow/example_dags/plugins/listener_plugin.py
[2025-12-24T20:57:31.081+0000] {processor.py:842} WARNING - No viable dags retrieved from /home/airflow/.local/lib/python3.8/site-packages/airflow/example_dags/plugins/listener_plugin.py
[2025-12-24T20:57:31.097+0000] {processor.py:183} INFO - Processing /home/airflow/.local/lib/python3.8/site-packages/airflow/example_dags/plugins/listener_plugin.py took 0.025 seconds
[2025-12-24T20:58:01.493+0000] {processor.py:161} INFO - Started process (PID=36539) to work on /home/airflow/.local/lib/python3.8/site-packages/airflow/example_dags/plugins/listener_plugin.py
[2025-12-24T20:58:01.494+0000] {processor.py:830} INFO - Processing file /home/airflow/.local/lib/python3.8/site-packages/airflow/example_dags/plugins/listener_plugin.py for tasks to queue
[2025-12-24T20:58:01.496+0000] {logging_mixin.py:188} INFO - [2025-12-24T20:58:01.496+0000] {dagbag.py:538} INFO - Filling up the DagBag from /home/airflow/.local/lib/python3.8/site-packages/airflow/example_dags/plugins/listener_plugin.py
[2025-12-24T20:58:01.509+0000] {processor.py:842} WARNING - No viable dags retrieved from /home/airflow/.local/lib/python3.8/site-packages/airflow/example_dags/plugins/listener_plugin.py
[2025-12-24T20:58:01.544+0000] {processor.py:183} INFO - Processing /home/airflow/.local/lib/python3.8/site-packages/airflow/example_dags/plugins/listener_plugin.py took 0.060 seconds
[2025-12-24T20:58:32.364+0000] {processor.py:161} INFO - Started process (PID=36596) to work on /home/airflow/.local/lib/python3.8/site-packages/airflow/example_dags/plugins/listener_plugin.py
[2025-12-24T20:58:32.367+0000] {processor.py:830} INFO - Processing file /home/airflow/.local/lib/python3.8/site-packages/airflow/example_dags/plugins/listener_plugin.py for tasks to queue
[2025-12-24T20:58:32.372+0000] {logging_mixin.py:188} INFO - [2025-12-24T20:58:32.371+0000] {dagbag.py:538} INFO - Filling up the DagBag from /home/airflow/.local/lib/python3.8/site-packages/airflow/example_dags/plugins/listener_plugin.py
[2025-12-24T20:58:32.375+0000] {processor.py:842} WARNING - No viable dags retrieved from /home/airflow/.local/lib/python3.8/site-packages/airflow/example_dags/plugins/listener_plugin.py
[2025-12-24T20:58:32.394+0000] {processor.py:183} INFO - Processing /home/airflow/.local/lib/python3.8/site-packages/airflow/example_dags/plugins/listener_plugin.py took 0.035 seconds
[2025-12-24T20:59:02.542+0000] {processor.py:161} INFO - Started process (PID=36653) to work on /home/airflow/.local/lib/python3.8/site-packages/airflow/example_dags/plugins/listener_plugin.py
[2025-12-24T20:59:02.544+0000] {processor.py:830} INFO - Processing file /home/airflow/.local/lib/python3.8/site-packages/airflow/example_dags/plugins/listener_plugin.py for tasks to queue
[2025-12-24T20:59:02.545+0000] {logging_mixin.py:188} INFO - [2025-12-24T20:59:02.545+0000] {dagbag.py:538} INFO - Filling up the DagBag from /home/airflow/.local/lib/python3.8/site-packages/airflow/example_dags/plugins/listener_plugin.py
[2025-12-24T20:59:02.551+0000] {processor.py:842} WARNING - No viable dags retrieved from /home/airflow/.local/lib/python3.8/site-packages/airflow/example_dags/plugins/listener_plugin.py
[2025-12-24T20:59:02.571+0000] {processor.py:183} INFO - Processing /home/airflow/.local/lib/python3.8/site-packages/airflow/example_dags/plugins/listener_plugin.py took 0.033 seconds
[2025-12-24T20:59:33.540+0000] {processor.py:161} INFO - Started process (PID=36710) to work on /home/airflow/.local/lib/python3.8/site-packages/airflow/example_dags/plugins/listener_plugin.py
[2025-12-24T20:59:33.541+0000] {processor.py:830} INFO - Processing file /home/airflow/.local/lib/python3.8/site-packages/airflow/example_dags/plugins/listener_plugin.py for tasks to queue
[2025-12-24T20:59:33.542+0000] {logging_mixin.py:188} INFO - [2025-12-24T20:59:33.542+0000] {dagbag.py:538} INFO - Filling up the DagBag from /home/airflow/.local/lib/python3.8/site-packages/airflow/example_dags/plugins/listener_plugin.py
[2025-12-24T20:59:33.546+0000] {processor.py:842} WARNING - No viable dags retrieved from /home/airflow/.local/lib/python3.8/site-packages/airflow/example_dags/plugins/listener_plugin.py
[2025-12-24T20:59:33.561+0000] {processor.py:183} INFO - Processing /home/airflow/.local/lib/python3.8/site-packages/airflow/example_dags/plugins/listener_plugin.py took 0.025 seconds
[2025-12-24T21:00:04.171+0000] {processor.py:161} INFO - Started process (PID=36767) to work on /home/airflow/.local/lib/python3.8/site-packages/airflow/example_dags/plugins/listener_plugin.py
[2025-12-24T21:00:04.172+0000] {processor.py:830} INFO - Processing file /home/airflow/.local/lib/python3.8/site-packages/airflow/example_dags/plugins/listener_plugin.py for tasks to queue
[2025-12-24T21:00:04.174+0000] {logging_mixin.py:188} INFO - [2025-12-24T21:00:04.173+0000] {dagbag.py:538} INFO - Filling up the DagBag from /home/airflow/.local/lib/python3.8/site-packages/airflow/example_dags/plugins/listener_plugin.py
[2025-12-24T21:00:04.179+0000] {processor.py:842} WARNING - No viable dags retrieved from /home/airflow/.local/lib/python3.8/site-packages/airflow/example_dags/plugins/listener_plugin.py
[2025-12-24T21:00:04.204+0000] {processor.py:183} INFO - Processing /home/airflow/.local/lib/python3.8/site-packages/airflow/example_dags/plugins/listener_plugin.py took 0.039 seconds
[2025-12-24T21:00:35.033+0000] {processor.py:161} INFO - Started process (PID=36824) to work on /home/airflow/.local/lib/python3.8/site-packages/airflow/example_dags/plugins/listener_plugin.py
[2025-12-24T21:00:35.035+0000] {processor.py:830} INFO - Processing file /home/airflow/.local/lib/python3.8/site-packages/airflow/example_dags/plugins/listener_plugin.py for tasks to queue
[2025-12-24T21:00:35.036+0000] {logging_mixin.py:188} INFO - [2025-12-24T21:00:35.035+0000] {dagbag.py:538} INFO - Filling up the DagBag from /home/airflow/.local/lib/python3.8/site-packages/airflow/example_dags/plugins/listener_plugin.py
[2025-12-24T21:00:35.039+0000] {processor.py:842} WARNING - No viable dags retrieved from /home/airflow/.local/lib/python3.8/site-packages/airflow/example_dags/plugins/listener_plugin.py
[2025-12-24T21:00:35.055+0000] {processor.py:183} INFO - Processing /home/airflow/.local/lib/python3.8/site-packages/airflow/example_dags/plugins/listener_plugin.py took 0.024 seconds
[2025-12-24T21:01:05.447+0000] {processor.py:161} INFO - Started process (PID=36880) to work on /home/airflow/.local/lib/python3.8/site-packages/airflow/example_dags/plugins/listener_plugin.py
[2025-12-24T21:01:05.448+0000] {processor.py:830} INFO - Processing file /home/airflow/.local/lib/python3.8/site-packages/airflow/example_dags/plugins/listener_plugin.py for tasks to queue
[2025-12-24T21:01:05.449+0000] {logging_mixin.py:188} INFO - [2025-12-24T21:01:05.449+0000] {dagbag.py:538} INFO - Filling up the DagBag from /home/airflow/.local/lib/python3.8/site-packages/airflow/example_dags/plugins/listener_plugin.py
[2025-12-24T21:01:05.452+0000] {processor.py:842} WARNING - No viable dags retrieved from /home/airflow/.local/lib/python3.8/site-packages/airflow/example_dags/plugins/listener_plugin.py
[2025-12-24T21:01:05.466+0000] {processor.py:183} INFO - Processing /home/airflow/.local/lib/python3.8/site-packages/airflow/example_dags/plugins/listener_plugin.py took 0.023 seconds
[2025-12-24T21:01:36.052+0000] {processor.py:161} INFO - Started process (PID=36937) to work on /home/airflow/.local/lib/python3.8/site-packages/airflow/example_dags/plugins/listener_plugin.py
[2025-12-24T21:01:36.053+0000] {processor.py:830} INFO - Processing file /home/airflow/.local/lib/python3.8/site-packages/airflow/example_dags/plugins/listener_plugin.py for tasks to queue
[2025-12-24T21:01:36.054+0000] {logging_mixin.py:188} INFO - [2025-12-24T21:01:36.053+0000] {dagbag.py:538} INFO - Filling up the DagBag from /home/airflow/.local/lib/python3.8/site-packages/airflow/example_dags/plugins/listener_plugin.py
[2025-12-24T21:01:36.057+0000] {processor.py:842} WARNING - No viable dags retrieved from /home/airflow/.local/lib/python3.8/site-packages/airflow/example_dags/plugins/listener_plugin.py
[2025-12-24T21:01:36.071+0000] {processor.py:183} INFO - Processing /home/airflow/.local/lib/python3.8/site-packages/airflow/example_dags/plugins/listener_plugin.py took 0.023 seconds
[2025-12-24T21:02:06.500+0000] {processor.py:161} INFO - Started process (PID=36994) to work on /home/airflow/.local/lib/python3.8/site-packages/airflow/example_dags/plugins/listener_plugin.py
[2025-12-24T21:02:06.501+0000] {processor.py:830} INFO - Processing file /home/airflow/.local/lib/python3.8/site-packages/airflow/example_dags/plugins/listener_plugin.py for tasks to queue
[2025-12-24T21:02:06.503+0000] {logging_mixin.py:188} INFO - [2025-12-24T21:02:06.503+0000] {dagbag.py:538} INFO - Filling up the DagBag from /home/airflow/.local/lib/python3.8/site-packages/airflow/example_dags/plugins/listener_plugin.py
[2025-12-24T21:02:06.507+0000] {processor.py:842} WARNING - No viable dags retrieved from /home/airflow/.local/lib/python3.8/site-packages/airflow/example_dags/plugins/listener_plugin.py
[2025-12-24T21:02:06.527+0000] {processor.py:183} INFO - Processing /home/airflow/.local/lib/python3.8/site-packages/airflow/example_dags/plugins/listener_plugin.py took 0.032 seconds
[2025-12-24T21:02:36.954+0000] {processor.py:161} INFO - Started process (PID=37051) to work on /home/airflow/.local/lib/python3.8/site-packages/airflow/example_dags/plugins/listener_plugin.py
[2025-12-24T21:02:36.955+0000] {processor.py:830} INFO - Processing file /home/airflow/.local/lib/python3.8/site-packages/airflow/example_dags/plugins/listener_plugin.py for tasks to queue
[2025-12-24T21:02:36.956+0000] {logging_mixin.py:188} INFO - [2025-12-24T21:02:36.956+0000] {dagbag.py:538} INFO - Filling up the DagBag from /home/airflow/.local/lib/python3.8/site-packages/airflow/example_dags/plugins/listener_plugin.py
[2025-12-24T21:02:36.959+0000] {processor.py:842} WARNING - No viable dags retrieved from /home/airflow/.local/lib/python3.8/site-packages/airflow/example_dags/plugins/listener_plugin.py
[2025-12-24T21:02:36.973+0000] {processor.py:183} INFO - Processing /home/airflow/.local/lib/python3.8/site-packages/airflow/example_dags/plugins/listener_plugin.py took 0.023 seconds
[2025-12-24T21:03:07.265+0000] {processor.py:161} INFO - Started process (PID=37108) to work on /home/airflow/.local/lib/python3.8/site-packages/airflow/example_dags/plugins/listener_plugin.py
[2025-12-24T21:03:07.266+0000] {processor.py:830} INFO - Processing file /home/airflow/.local/lib/python3.8/site-packages/airflow/example_dags/plugins/listener_plugin.py for tasks to queue
[2025-12-24T21:03:07.267+0000] {logging_mixin.py:188} INFO - [2025-12-24T21:03:07.267+0000] {dagbag.py:538} INFO - Filling up the DagBag from /home/airflow/.local/lib/python3.8/site-packages/airflow/example_dags/plugins/listener_plugin.py
[2025-12-24T21:03:07.271+0000] {processor.py:842} WARNING - No viable dags retrieved from /home/airflow/.local/lib/python3.8/site-packages/airflow/example_dags/plugins/listener_plugin.py
[2025-12-24T21:03:07.288+0000] {processor.py:183} INFO - Processing /home/airflow/.local/lib/python3.8/site-packages/airflow/example_dags/plugins/listener_plugin.py took 0.028 seconds
[2025-12-24T21:03:37.643+0000] {processor.py:161} INFO - Started process (PID=37165) to work on /home/airflow/.local/lib/python3.8/site-packages/airflow/example_dags/plugins/listener_plugin.py
[2025-12-24T21:03:37.644+0000] {processor.py:830} INFO - Processing file /home/airflow/.local/lib/python3.8/site-packages/airflow/example_dags/plugins/listener_plugin.py for tasks to queue
[2025-12-24T21:03:37.645+0000] {logging_mixin.py:188} INFO - [2025-12-24T21:03:37.644+0000] {dagbag.py:538} INFO - Filling up the DagBag from /home/airflow/.local/lib/python3.8/site-packages/airflow/example_dags/plugins/listener_plugin.py
[2025-12-24T21:03:37.648+0000] {processor.py:842} WARNING - No viable dags retrieved from /home/airflow/.local/lib/python3.8/site-packages/airflow/example_dags/plugins/listener_plugin.py
[2025-12-24T21:03:37.662+0000] {processor.py:183} INFO - Processing /home/airflow/.local/lib/python3.8/site-packages/airflow/example_dags/plugins/listener_plugin.py took 0.023 seconds
[2025-12-24T21:04:08.362+0000] {processor.py:161} INFO - Started process (PID=37222) to work on /home/airflow/.local/lib/python3.8/site-packages/airflow/example_dags/plugins/listener_plugin.py
[2025-12-24T21:04:08.363+0000] {processor.py:830} INFO - Processing file /home/airflow/.local/lib/python3.8/site-packages/airflow/example_dags/plugins/listener_plugin.py for tasks to queue
[2025-12-24T21:04:08.364+0000] {logging_mixin.py:188} INFO - [2025-12-24T21:04:08.363+0000] {dagbag.py:538} INFO - Filling up the DagBag from /home/airflow/.local/lib/python3.8/site-packages/airflow/example_dags/plugins/listener_plugin.py
[2025-12-24T21:04:08.368+0000] {processor.py:842} WARNING - No viable dags retrieved from /home/airflow/.local/lib/python3.8/site-packages/airflow/example_dags/plugins/listener_plugin.py
[2025-12-24T21:04:08.384+0000] {processor.py:183} INFO - Processing /home/airflow/.local/lib/python3.8/site-packages/airflow/example_dags/plugins/listener_plugin.py took 0.026 seconds
[2025-12-24T21:04:38.821+0000] {processor.py:161} INFO - Started process (PID=37279) to work on /home/airflow/.local/lib/python3.8/site-packages/airflow/example_dags/plugins/listener_plugin.py
[2025-12-24T21:04:38.822+0000] {processor.py:830} INFO - Processing file /home/airflow/.local/lib/python3.8/site-packages/airflow/example_dags/plugins/listener_plugin.py for tasks to queue
[2025-12-24T21:04:38.823+0000] {logging_mixin.py:188} INFO - [2025-12-24T21:04:38.823+0000] {dagbag.py:538} INFO - Filling up the DagBag from /home/airflow/.local/lib/python3.8/site-packages/airflow/example_dags/plugins/listener_plugin.py
[2025-12-24T21:04:38.826+0000] {processor.py:842} WARNING - No viable dags retrieved from /home/airflow/.local/lib/python3.8/site-packages/airflow/example_dags/plugins/listener_plugin.py
[2025-12-24T21:04:38.840+0000] {processor.py:183} INFO - Processing /home/airflow/.local/lib/python3.8/site-packages/airflow/example_dags/plugins/listener_plugin.py took 0.023 seconds
[2025-12-24T21:05:09.055+0000] {processor.py:161} INFO - Started process (PID=37336) to work on /home/airflow/.local/lib/python3.8/site-packages/airflow/example_dags/plugins/listener_plugin.py
[2025-12-24T21:05:09.056+0000] {processor.py:830} INFO - Processing file /home/airflow/.local/lib/python3.8/site-packages/airflow/example_dags/plugins/listener_plugin.py for tasks to queue
[2025-12-24T21:05:09.057+0000] {logging_mixin.py:188} INFO - [2025-12-24T21:05:09.057+0000] {dagbag.py:538} INFO - Filling up the DagBag from /home/airflow/.local/lib/python3.8/site-packages/airflow/example_dags/plugins/listener_plugin.py
[2025-12-24T21:05:09.060+0000] {processor.py:842} WARNING - No viable dags retrieved from /home/airflow/.local/lib/python3.8/site-packages/airflow/example_dags/plugins/listener_plugin.py
[2025-12-24T21:05:09.074+0000] {processor.py:183} INFO - Processing /home/airflow/.local/lib/python3.8/site-packages/airflow/example_dags/plugins/listener_plugin.py took 0.023 seconds
[2025-12-24T21:05:39.379+0000] {processor.py:161} INFO - Started process (PID=37393) to work on /home/airflow/.local/lib/python3.8/site-packages/airflow/example_dags/plugins/listener_plugin.py
[2025-12-24T21:05:39.381+0000] {processor.py:830} INFO - Processing file /home/airflow/.local/lib/python3.8/site-packages/airflow/example_dags/plugins/listener_plugin.py for tasks to queue
[2025-12-24T21:05:39.382+0000] {logging_mixin.py:188} INFO - [2025-12-24T21:05:39.381+0000] {dagbag.py:538} INFO - Filling up the DagBag from /home/airflow/.local/lib/python3.8/site-packages/airflow/example_dags/plugins/listener_plugin.py
[2025-12-24T21:05:39.385+0000] {processor.py:842} WARNING - No viable dags retrieved from /home/airflow/.local/lib/python3.8/site-packages/airflow/example_dags/plugins/listener_plugin.py
[2025-12-24T21:05:39.401+0000] {processor.py:183} INFO - Processing /home/airflow/.local/lib/python3.8/site-packages/airflow/example_dags/plugins/listener_plugin.py took 0.025 seconds
[2025-12-24T21:06:09.770+0000] {processor.py:161} INFO - Started process (PID=37450) to work on /home/airflow/.local/lib/python3.8/site-packages/airflow/example_dags/plugins/listener_plugin.py
[2025-12-24T21:06:09.771+0000] {processor.py:830} INFO - Processing file /home/airflow/.local/lib/python3.8/site-packages/airflow/example_dags/plugins/listener_plugin.py for tasks to queue
[2025-12-24T21:06:09.772+0000] {logging_mixin.py:188} INFO - [2025-12-24T21:06:09.772+0000] {dagbag.py:538} INFO - Filling up the DagBag from /home/airflow/.local/lib/python3.8/site-packages/airflow/example_dags/plugins/listener_plugin.py
[2025-12-24T21:06:09.775+0000] {processor.py:842} WARNING - No viable dags retrieved from /home/airflow/.local/lib/python3.8/site-packages/airflow/example_dags/plugins/listener_plugin.py
[2025-12-24T21:06:09.790+0000] {processor.py:183} INFO - Processing /home/airflow/.local/lib/python3.8/site-packages/airflow/example_dags/plugins/listener_plugin.py took 0.024 seconds
[2025-12-24T21:06:40.186+0000] {processor.py:161} INFO - Started process (PID=37507) to work on /home/airflow/.local/lib/python3.8/site-packages/airflow/example_dags/plugins/listener_plugin.py
[2025-12-24T21:06:40.189+0000] {processor.py:830} INFO - Processing file /home/airflow/.local/lib/python3.8/site-packages/airflow/example_dags/plugins/listener_plugin.py for tasks to queue
[2025-12-24T21:06:40.190+0000] {logging_mixin.py:188} INFO - [2025-12-24T21:06:40.189+0000] {dagbag.py:538} INFO - Filling up the DagBag from /home/airflow/.local/lib/python3.8/site-packages/airflow/example_dags/plugins/listener_plugin.py
[2025-12-24T21:06:40.194+0000] {processor.py:842} WARNING - No viable dags retrieved from /home/airflow/.local/lib/python3.8/site-packages/airflow/example_dags/plugins/listener_plugin.py
[2025-12-24T21:06:40.211+0000] {processor.py:183} INFO - Processing /home/airflow/.local/lib/python3.8/site-packages/airflow/example_dags/plugins/listener_plugin.py took 0.029 seconds
[2025-12-24T21:07:10.374+0000] {processor.py:161} INFO - Started process (PID=37564) to work on /home/airflow/.local/lib/python3.8/site-packages/airflow/example_dags/plugins/listener_plugin.py
[2025-12-24T21:07:10.375+0000] {processor.py:830} INFO - Processing file /home/airflow/.local/lib/python3.8/site-packages/airflow/example_dags/plugins/listener_plugin.py for tasks to queue
[2025-12-24T21:07:10.376+0000] {logging_mixin.py:188} INFO - [2025-12-24T21:07:10.375+0000] {dagbag.py:538} INFO - Filling up the DagBag from /home/airflow/.local/lib/python3.8/site-packages/airflow/example_dags/plugins/listener_plugin.py
[2025-12-24T21:07:10.379+0000] {processor.py:842} WARNING - No viable dags retrieved from /home/airflow/.local/lib/python3.8/site-packages/airflow/example_dags/plugins/listener_plugin.py
[2025-12-24T21:07:10.394+0000] {processor.py:183} INFO - Processing /home/airflow/.local/lib/python3.8/site-packages/airflow/example_dags/plugins/listener_plugin.py took 0.024 seconds
[2025-12-24T21:07:41.080+0000] {processor.py:161} INFO - Started process (PID=37621) to work on /home/airflow/.local/lib/python3.8/site-packages/airflow/example_dags/plugins/listener_plugin.py
[2025-12-24T21:07:41.082+0000] {processor.py:830} INFO - Processing file /home/airflow/.local/lib/python3.8/site-packages/airflow/example_dags/plugins/listener_plugin.py for tasks to queue
[2025-12-24T21:07:41.083+0000] {logging_mixin.py:188} INFO - [2025-12-24T21:07:41.083+0000] {dagbag.py:538} INFO - Filling up the DagBag from /home/airflow/.local/lib/python3.8/site-packages/airflow/example_dags/plugins/listener_plugin.py
[2025-12-24T21:07:41.087+0000] {processor.py:842} WARNING - No viable dags retrieved from /home/airflow/.local/lib/python3.8/site-packages/airflow/example_dags/plugins/listener_plugin.py
[2025-12-24T21:07:41.106+0000] {processor.py:183} INFO - Processing /home/airflow/.local/lib/python3.8/site-packages/airflow/example_dags/plugins/listener_plugin.py took 0.031 seconds
[2025-12-24T21:08:11.230+0000] {processor.py:161} INFO - Started process (PID=37678) to work on /home/airflow/.local/lib/python3.8/site-packages/airflow/example_dags/plugins/listener_plugin.py
[2025-12-24T21:08:11.231+0000] {processor.py:830} INFO - Processing file /home/airflow/.local/lib/python3.8/site-packages/airflow/example_dags/plugins/listener_plugin.py for tasks to queue
[2025-12-24T21:08:11.232+0000] {logging_mixin.py:188} INFO - [2025-12-24T21:08:11.232+0000] {dagbag.py:538} INFO - Filling up the DagBag from /home/airflow/.local/lib/python3.8/site-packages/airflow/example_dags/plugins/listener_plugin.py
[2025-12-24T21:08:11.235+0000] {processor.py:842} WARNING - No viable dags retrieved from /home/airflow/.local/lib/python3.8/site-packages/airflow/example_dags/plugins/listener_plugin.py
[2025-12-24T21:08:11.251+0000] {processor.py:183} INFO - Processing /home/airflow/.local/lib/python3.8/site-packages/airflow/example_dags/plugins/listener_plugin.py took 0.025 seconds
[2025-12-24T21:08:41.648+0000] {processor.py:161} INFO - Started process (PID=37735) to work on /home/airflow/.local/lib/python3.8/site-packages/airflow/example_dags/plugins/listener_plugin.py
[2025-12-24T21:08:41.649+0000] {processor.py:830} INFO - Processing file /home/airflow/.local/lib/python3.8/site-packages/airflow/example_dags/plugins/listener_plugin.py for tasks to queue
[2025-12-24T21:08:41.650+0000] {logging_mixin.py:188} INFO - [2025-12-24T21:08:41.650+0000] {dagbag.py:538} INFO - Filling up the DagBag from /home/airflow/.local/lib/python3.8/site-packages/airflow/example_dags/plugins/listener_plugin.py
[2025-12-24T21:08:41.654+0000] {processor.py:842} WARNING - No viable dags retrieved from /home/airflow/.local/lib/python3.8/site-packages/airflow/example_dags/plugins/listener_plugin.py
[2025-12-24T21:08:41.673+0000] {processor.py:183} INFO - Processing /home/airflow/.local/lib/python3.8/site-packages/airflow/example_dags/plugins/listener_plugin.py took 0.029 seconds
[2025-12-24T21:09:12.067+0000] {processor.py:161} INFO - Started process (PID=37792) to work on /home/airflow/.local/lib/python3.8/site-packages/airflow/example_dags/plugins/listener_plugin.py
[2025-12-24T21:09:12.068+0000] {processor.py:830} INFO - Processing file /home/airflow/.local/lib/python3.8/site-packages/airflow/example_dags/plugins/listener_plugin.py for tasks to queue
[2025-12-24T21:09:12.070+0000] {logging_mixin.py:188} INFO - [2025-12-24T21:09:12.069+0000] {dagbag.py:538} INFO - Filling up the DagBag from /home/airflow/.local/lib/python3.8/site-packages/airflow/example_dags/plugins/listener_plugin.py
[2025-12-24T21:09:12.078+0000] {processor.py:842} WARNING - No viable dags retrieved from /home/airflow/.local/lib/python3.8/site-packages/airflow/example_dags/plugins/listener_plugin.py
[2025-12-24T21:09:12.100+0000] {processor.py:183} INFO - Processing /home/airflow/.local/lib/python3.8/site-packages/airflow/example_dags/plugins/listener_plugin.py took 0.039 seconds
[2025-12-24T21:09:42.300+0000] {processor.py:161} INFO - Started process (PID=37848) to work on /home/airflow/.local/lib/python3.8/site-packages/airflow/example_dags/plugins/listener_plugin.py
[2025-12-24T21:09:42.302+0000] {processor.py:830} INFO - Processing file /home/airflow/.local/lib/python3.8/site-packages/airflow/example_dags/plugins/listener_plugin.py for tasks to queue
[2025-12-24T21:09:42.303+0000] {logging_mixin.py:188} INFO - [2025-12-24T21:09:42.302+0000] {dagbag.py:538} INFO - Filling up the DagBag from /home/airflow/.local/lib/python3.8/site-packages/airflow/example_dags/plugins/listener_plugin.py
[2025-12-24T21:09:42.306+0000] {processor.py:842} WARNING - No viable dags retrieved from /home/airflow/.local/lib/python3.8/site-packages/airflow/example_dags/plugins/listener_plugin.py
[2025-12-24T21:09:42.323+0000] {processor.py:183} INFO - Processing /home/airflow/.local/lib/python3.8/site-packages/airflow/example_dags/plugins/listener_plugin.py took 0.027 seconds
[2025-12-24T21:10:12.718+0000] {processor.py:161} INFO - Started process (PID=37906) to work on /home/airflow/.local/lib/python3.8/site-packages/airflow/example_dags/plugins/listener_plugin.py
[2025-12-24T21:10:12.719+0000] {processor.py:830} INFO - Processing file /home/airflow/.local/lib/python3.8/site-packages/airflow/example_dags/plugins/listener_plugin.py for tasks to queue
[2025-12-24T21:10:12.721+0000] {logging_mixin.py:188} INFO - [2025-12-24T21:10:12.720+0000] {dagbag.py:538} INFO - Filling up the DagBag from /home/airflow/.local/lib/python3.8/site-packages/airflow/example_dags/plugins/listener_plugin.py
[2025-12-24T21:10:12.725+0000] {processor.py:842} WARNING - No viable dags retrieved from /home/airflow/.local/lib/python3.8/site-packages/airflow/example_dags/plugins/listener_plugin.py
[2025-12-24T21:10:12.740+0000] {processor.py:183} INFO - Processing /home/airflow/.local/lib/python3.8/site-packages/airflow/example_dags/plugins/listener_plugin.py took 0.026 seconds
[2025-12-24T21:10:42.907+0000] {processor.py:161} INFO - Started process (PID=37962) to work on /home/airflow/.local/lib/python3.8/site-packages/airflow/example_dags/plugins/listener_plugin.py
[2025-12-24T21:10:42.908+0000] {processor.py:830} INFO - Processing file /home/airflow/.local/lib/python3.8/site-packages/airflow/example_dags/plugins/listener_plugin.py for tasks to queue
[2025-12-24T21:10:42.909+0000] {logging_mixin.py:188} INFO - [2025-12-24T21:10:42.908+0000] {dagbag.py:538} INFO - Filling up the DagBag from /home/airflow/.local/lib/python3.8/site-packages/airflow/example_dags/plugins/listener_plugin.py
[2025-12-24T21:10:42.912+0000] {processor.py:842} WARNING - No viable dags retrieved from /home/airflow/.local/lib/python3.8/site-packages/airflow/example_dags/plugins/listener_plugin.py
[2025-12-24T21:10:42.926+0000] {processor.py:183} INFO - Processing /home/airflow/.local/lib/python3.8/site-packages/airflow/example_dags/plugins/listener_plugin.py took 0.023 seconds
[2025-12-24T21:11:13.757+0000] {processor.py:161} INFO - Started process (PID=38019) to work on /home/airflow/.local/lib/python3.8/site-packages/airflow/example_dags/plugins/listener_plugin.py
[2025-12-24T21:11:13.759+0000] {processor.py:830} INFO - Processing file /home/airflow/.local/lib/python3.8/site-packages/airflow/example_dags/plugins/listener_plugin.py for tasks to queue
[2025-12-24T21:11:13.761+0000] {logging_mixin.py:188} INFO - [2025-12-24T21:11:13.760+0000] {dagbag.py:538} INFO - Filling up the DagBag from /home/airflow/.local/lib/python3.8/site-packages/airflow/example_dags/plugins/listener_plugin.py
[2025-12-24T21:11:13.769+0000] {processor.py:842} WARNING - No viable dags retrieved from /home/airflow/.local/lib/python3.8/site-packages/airflow/example_dags/plugins/listener_plugin.py
[2025-12-24T21:11:13.794+0000] {processor.py:183} INFO - Processing /home/airflow/.local/lib/python3.8/site-packages/airflow/example_dags/plugins/listener_plugin.py took 0.043 seconds
[2025-12-24T21:11:44.235+0000] {processor.py:161} INFO - Started process (PID=38076) to work on /home/airflow/.local/lib/python3.8/site-packages/airflow/example_dags/plugins/listener_plugin.py
[2025-12-24T21:11:44.237+0000] {processor.py:830} INFO - Processing file /home/airflow/.local/lib/python3.8/site-packages/airflow/example_dags/plugins/listener_plugin.py for tasks to queue
[2025-12-24T21:11:44.238+0000] {logging_mixin.py:188} INFO - [2025-12-24T21:11:44.238+0000] {dagbag.py:538} INFO - Filling up the DagBag from /home/airflow/.local/lib/python3.8/site-packages/airflow/example_dags/plugins/listener_plugin.py
[2025-12-24T21:11:44.241+0000] {processor.py:842} WARNING - No viable dags retrieved from /home/airflow/.local/lib/python3.8/site-packages/airflow/example_dags/plugins/listener_plugin.py
[2025-12-24T21:11:44.256+0000] {processor.py:183} INFO - Processing /home/airflow/.local/lib/python3.8/site-packages/airflow/example_dags/plugins/listener_plugin.py took 0.024 seconds
[2025-12-24T21:12:15.471+0000] {processor.py:161} INFO - Started process (PID=38133) to work on /home/airflow/.local/lib/python3.8/site-packages/airflow/example_dags/plugins/listener_plugin.py
[2025-12-24T21:12:15.472+0000] {processor.py:830} INFO - Processing file /home/airflow/.local/lib/python3.8/site-packages/airflow/example_dags/plugins/listener_plugin.py for tasks to queue
[2025-12-24T21:12:15.473+0000] {logging_mixin.py:188} INFO - [2025-12-24T21:12:15.473+0000] {dagbag.py:538} INFO - Filling up the DagBag from /home/airflow/.local/lib/python3.8/site-packages/airflow/example_dags/plugins/listener_plugin.py
[2025-12-24T21:12:15.476+0000] {processor.py:842} WARNING - No viable dags retrieved from /home/airflow/.local/lib/python3.8/site-packages/airflow/example_dags/plugins/listener_plugin.py
[2025-12-24T21:12:15.491+0000] {processor.py:183} INFO - Processing /home/airflow/.local/lib/python3.8/site-packages/airflow/example_dags/plugins/listener_plugin.py took 0.024 seconds
[2025-12-24T21:12:46.163+0000] {processor.py:161} INFO - Started process (PID=38190) to work on /home/airflow/.local/lib/python3.8/site-packages/airflow/example_dags/plugins/listener_plugin.py
[2025-12-24T21:12:46.168+0000] {processor.py:830} INFO - Processing file /home/airflow/.local/lib/python3.8/site-packages/airflow/example_dags/plugins/listener_plugin.py for tasks to queue
[2025-12-24T21:12:46.171+0000] {logging_mixin.py:188} INFO - [2025-12-24T21:12:46.170+0000] {dagbag.py:538} INFO - Filling up the DagBag from /home/airflow/.local/lib/python3.8/site-packages/airflow/example_dags/plugins/listener_plugin.py
[2025-12-24T21:12:46.177+0000] {processor.py:842} WARNING - No viable dags retrieved from /home/airflow/.local/lib/python3.8/site-packages/airflow/example_dags/plugins/listener_plugin.py
[2025-12-24T21:12:46.232+0000] {processor.py:183} INFO - Processing /home/airflow/.local/lib/python3.8/site-packages/airflow/example_dags/plugins/listener_plugin.py took 0.076 seconds
[2025-12-24T21:13:16.299+0000] {processor.py:161} INFO - Started process (PID=38247) to work on /home/airflow/.local/lib/python3.8/site-packages/airflow/example_dags/plugins/listener_plugin.py
[2025-12-24T21:13:16.300+0000] {processor.py:830} INFO - Processing file /home/airflow/.local/lib/python3.8/site-packages/airflow/example_dags/plugins/listener_plugin.py for tasks to queue
[2025-12-24T21:13:16.301+0000] {logging_mixin.py:188} INFO - [2025-12-24T21:13:16.301+0000] {dagbag.py:538} INFO - Filling up the DagBag from /home/airflow/.local/lib/python3.8/site-packages/airflow/example_dags/plugins/listener_plugin.py
[2025-12-24T21:13:16.304+0000] {processor.py:842} WARNING - No viable dags retrieved from /home/airflow/.local/lib/python3.8/site-packages/airflow/example_dags/plugins/listener_plugin.py
[2025-12-24T21:13:16.324+0000] {processor.py:183} INFO - Processing /home/airflow/.local/lib/python3.8/site-packages/airflow/example_dags/plugins/listener_plugin.py took 0.029 seconds
[2025-12-24T21:13:46.599+0000] {processor.py:161} INFO - Started process (PID=38304) to work on /home/airflow/.local/lib/python3.8/site-packages/airflow/example_dags/plugins/listener_plugin.py
[2025-12-24T21:13:46.600+0000] {processor.py:830} INFO - Processing file /home/airflow/.local/lib/python3.8/site-packages/airflow/example_dags/plugins/listener_plugin.py for tasks to queue
[2025-12-24T21:13:46.602+0000] {logging_mixin.py:188} INFO - [2025-12-24T21:13:46.601+0000] {dagbag.py:538} INFO - Filling up the DagBag from /home/airflow/.local/lib/python3.8/site-packages/airflow/example_dags/plugins/listener_plugin.py
[2025-12-24T21:13:46.606+0000] {processor.py:842} WARNING - No viable dags retrieved from /home/airflow/.local/lib/python3.8/site-packages/airflow/example_dags/plugins/listener_plugin.py
[2025-12-24T21:13:46.621+0000] {processor.py:183} INFO - Processing /home/airflow/.local/lib/python3.8/site-packages/airflow/example_dags/plugins/listener_plugin.py took 0.026 seconds
[2025-12-24T21:14:17.792+0000] {processor.py:161} INFO - Started process (PID=38362) to work on /home/airflow/.local/lib/python3.8/site-packages/airflow/example_dags/plugins/listener_plugin.py
[2025-12-24T21:14:17.794+0000] {processor.py:830} INFO - Processing file /home/airflow/.local/lib/python3.8/site-packages/airflow/example_dags/plugins/listener_plugin.py for tasks to queue
[2025-12-24T21:14:17.797+0000] {logging_mixin.py:188} INFO - [2025-12-24T21:14:17.797+0000] {dagbag.py:538} INFO - Filling up the DagBag from /home/airflow/.local/lib/python3.8/site-packages/airflow/example_dags/plugins/listener_plugin.py
[2025-12-24T21:14:17.805+0000] {processor.py:842} WARNING - No viable dags retrieved from /home/airflow/.local/lib/python3.8/site-packages/airflow/example_dags/plugins/listener_plugin.py
[2025-12-24T21:14:17.830+0000] {processor.py:183} INFO - Processing /home/airflow/.local/lib/python3.8/site-packages/airflow/example_dags/plugins/listener_plugin.py took 0.044 seconds
[2025-12-24T21:14:48.511+0000] {processor.py:161} INFO - Started process (PID=38420) to work on /home/airflow/.local/lib/python3.8/site-packages/airflow/example_dags/plugins/listener_plugin.py
[2025-12-24T21:14:48.512+0000] {processor.py:830} INFO - Processing file /home/airflow/.local/lib/python3.8/site-packages/airflow/example_dags/plugins/listener_plugin.py for tasks to queue
[2025-12-24T21:14:48.513+0000] {logging_mixin.py:188} INFO - [2025-12-24T21:14:48.513+0000] {dagbag.py:538} INFO - Filling up the DagBag from /home/airflow/.local/lib/python3.8/site-packages/airflow/example_dags/plugins/listener_plugin.py
[2025-12-24T21:14:48.518+0000] {processor.py:842} WARNING - No viable dags retrieved from /home/airflow/.local/lib/python3.8/site-packages/airflow/example_dags/plugins/listener_plugin.py
[2025-12-24T21:14:48.535+0000] {processor.py:183} INFO - Processing /home/airflow/.local/lib/python3.8/site-packages/airflow/example_dags/plugins/listener_plugin.py took 0.030 seconds
[2025-12-24T21:15:19.054+0000] {processor.py:161} INFO - Started process (PID=38478) to work on /home/airflow/.local/lib/python3.8/site-packages/airflow/example_dags/plugins/listener_plugin.py
[2025-12-24T21:15:19.061+0000] {processor.py:830} INFO - Processing file /home/airflow/.local/lib/python3.8/site-packages/airflow/example_dags/plugins/listener_plugin.py for tasks to queue
[2025-12-24T21:15:19.063+0000] {logging_mixin.py:188} INFO - [2025-12-24T21:15:19.062+0000] {dagbag.py:538} INFO - Filling up the DagBag from /home/airflow/.local/lib/python3.8/site-packages/airflow/example_dags/plugins/listener_plugin.py
[2025-12-24T21:15:19.070+0000] {processor.py:842} WARNING - No viable dags retrieved from /home/airflow/.local/lib/python3.8/site-packages/airflow/example_dags/plugins/listener_plugin.py
[2025-12-24T21:15:19.088+0000] {processor.py:183} INFO - Processing /home/airflow/.local/lib/python3.8/site-packages/airflow/example_dags/plugins/listener_plugin.py took 0.039 seconds
[2025-12-24T21:15:50.076+0000] {processor.py:161} INFO - Started process (PID=38536) to work on /home/airflow/.local/lib/python3.8/site-packages/airflow/example_dags/plugins/listener_plugin.py
[2025-12-24T21:15:50.078+0000] {processor.py:830} INFO - Processing file /home/airflow/.local/lib/python3.8/site-packages/airflow/example_dags/plugins/listener_plugin.py for tasks to queue
[2025-12-24T21:15:50.081+0000] {logging_mixin.py:188} INFO - [2025-12-24T21:15:50.080+0000] {dagbag.py:538} INFO - Filling up the DagBag from /home/airflow/.local/lib/python3.8/site-packages/airflow/example_dags/plugins/listener_plugin.py
[2025-12-24T21:15:50.087+0000] {processor.py:842} WARNING - No viable dags retrieved from /home/airflow/.local/lib/python3.8/site-packages/airflow/example_dags/plugins/listener_plugin.py
[2025-12-24T21:15:50.114+0000] {processor.py:183} INFO - Processing /home/airflow/.local/lib/python3.8/site-packages/airflow/example_dags/plugins/listener_plugin.py took 0.044 seconds
[2025-12-24T21:16:20.940+0000] {processor.py:161} INFO - Started process (PID=38594) to work on /home/airflow/.local/lib/python3.8/site-packages/airflow/example_dags/plugins/listener_plugin.py
[2025-12-24T21:16:20.941+0000] {processor.py:830} INFO - Processing file /home/airflow/.local/lib/python3.8/site-packages/airflow/example_dags/plugins/listener_plugin.py for tasks to queue
[2025-12-24T21:16:20.943+0000] {logging_mixin.py:188} INFO - [2025-12-24T21:16:20.942+0000] {dagbag.py:538} INFO - Filling up the DagBag from /home/airflow/.local/lib/python3.8/site-packages/airflow/example_dags/plugins/listener_plugin.py
[2025-12-24T21:16:20.946+0000] {processor.py:842} WARNING - No viable dags retrieved from /home/airflow/.local/lib/python3.8/site-packages/airflow/example_dags/plugins/listener_plugin.py
[2025-12-24T21:16:20.968+0000] {processor.py:183} INFO - Processing /home/airflow/.local/lib/python3.8/site-packages/airflow/example_dags/plugins/listener_plugin.py took 0.032 seconds
[2025-12-24T21:16:51.132+0000] {processor.py:161} INFO - Started process (PID=38652) to work on /home/airflow/.local/lib/python3.8/site-packages/airflow/example_dags/plugins/listener_plugin.py
[2025-12-24T21:16:51.133+0000] {processor.py:830} INFO - Processing file /home/airflow/.local/lib/python3.8/site-packages/airflow/example_dags/plugins/listener_plugin.py for tasks to queue
[2025-12-24T21:16:51.134+0000] {logging_mixin.py:188} INFO - [2025-12-24T21:16:51.134+0000] {dagbag.py:538} INFO - Filling up the DagBag from /home/airflow/.local/lib/python3.8/site-packages/airflow/example_dags/plugins/listener_plugin.py
[2025-12-24T21:16:51.138+0000] {processor.py:842} WARNING - No viable dags retrieved from /home/airflow/.local/lib/python3.8/site-packages/airflow/example_dags/plugins/listener_plugin.py
[2025-12-24T21:16:51.155+0000] {processor.py:183} INFO - Processing /home/airflow/.local/lib/python3.8/site-packages/airflow/example_dags/plugins/listener_plugin.py took 0.027 seconds
[2025-12-24T21:17:21.460+0000] {processor.py:161} INFO - Started process (PID=38709) to work on /home/airflow/.local/lib/python3.8/site-packages/airflow/example_dags/plugins/listener_plugin.py
[2025-12-24T21:17:21.461+0000] {processor.py:830} INFO - Processing file /home/airflow/.local/lib/python3.8/site-packages/airflow/example_dags/plugins/listener_plugin.py for tasks to queue
[2025-12-24T21:17:21.462+0000] {logging_mixin.py:188} INFO - [2025-12-24T21:17:21.462+0000] {dagbag.py:538} INFO - Filling up the DagBag from /home/airflow/.local/lib/python3.8/site-packages/airflow/example_dags/plugins/listener_plugin.py
[2025-12-24T21:17:21.465+0000] {processor.py:842} WARNING - No viable dags retrieved from /home/airflow/.local/lib/python3.8/site-packages/airflow/example_dags/plugins/listener_plugin.py
[2025-12-24T21:17:21.481+0000] {processor.py:183} INFO - Processing /home/airflow/.local/lib/python3.8/site-packages/airflow/example_dags/plugins/listener_plugin.py took 0.027 seconds
[2025-12-24T21:17:51.677+0000] {processor.py:161} INFO - Started process (PID=38772) to work on /home/airflow/.local/lib/python3.8/site-packages/airflow/example_dags/plugins/listener_plugin.py
[2025-12-24T21:17:51.678+0000] {processor.py:830} INFO - Processing file /home/airflow/.local/lib/python3.8/site-packages/airflow/example_dags/plugins/listener_plugin.py for tasks to queue
[2025-12-24T21:17:51.680+0000] {logging_mixin.py:188} INFO - [2025-12-24T21:17:51.679+0000] {dagbag.py:538} INFO - Filling up the DagBag from /home/airflow/.local/lib/python3.8/site-packages/airflow/example_dags/plugins/listener_plugin.py
[2025-12-24T21:17:51.684+0000] {processor.py:842} WARNING - No viable dags retrieved from /home/airflow/.local/lib/python3.8/site-packages/airflow/example_dags/plugins/listener_plugin.py
[2025-12-24T21:17:51.703+0000] {processor.py:183} INFO - Processing /home/airflow/.local/lib/python3.8/site-packages/airflow/example_dags/plugins/listener_plugin.py took 0.033 seconds
[2025-12-24T21:18:22.306+0000] {processor.py:161} INFO - Started process (PID=38830) to work on /home/airflow/.local/lib/python3.8/site-packages/airflow/example_dags/plugins/listener_plugin.py
[2025-12-24T21:18:22.308+0000] {processor.py:830} INFO - Processing file /home/airflow/.local/lib/python3.8/site-packages/airflow/example_dags/plugins/listener_plugin.py for tasks to queue
[2025-12-24T21:18:22.309+0000] {logging_mixin.py:188} INFO - [2025-12-24T21:18:22.309+0000] {dagbag.py:538} INFO - Filling up the DagBag from /home/airflow/.local/lib/python3.8/site-packages/airflow/example_dags/plugins/listener_plugin.py
[2025-12-24T21:18:22.313+0000] {processor.py:842} WARNING - No viable dags retrieved from /home/airflow/.local/lib/python3.8/site-packages/airflow/example_dags/plugins/listener_plugin.py
[2025-12-24T21:18:22.333+0000] {processor.py:183} INFO - Processing /home/airflow/.local/lib/python3.8/site-packages/airflow/example_dags/plugins/listener_plugin.py took 0.031 seconds
[2025-12-24T21:18:52.621+0000] {processor.py:161} INFO - Started process (PID=38889) to work on /home/airflow/.local/lib/python3.8/site-packages/airflow/example_dags/plugins/listener_plugin.py
[2025-12-24T21:18:52.622+0000] {processor.py:830} INFO - Processing file /home/airflow/.local/lib/python3.8/site-packages/airflow/example_dags/plugins/listener_plugin.py for tasks to queue
[2025-12-24T21:18:52.624+0000] {logging_mixin.py:188} INFO - [2025-12-24T21:18:52.623+0000] {dagbag.py:538} INFO - Filling up the DagBag from /home/airflow/.local/lib/python3.8/site-packages/airflow/example_dags/plugins/listener_plugin.py
[2025-12-24T21:18:52.627+0000] {processor.py:842} WARNING - No viable dags retrieved from /home/airflow/.local/lib/python3.8/site-packages/airflow/example_dags/plugins/listener_plugin.py
[2025-12-24T21:18:52.643+0000] {processor.py:183} INFO - Processing /home/airflow/.local/lib/python3.8/site-packages/airflow/example_dags/plugins/listener_plugin.py took 0.026 seconds
[2025-12-24T21:19:23.221+0000] {processor.py:161} INFO - Started process (PID=38947) to work on /home/airflow/.local/lib/python3.8/site-packages/airflow/example_dags/plugins/listener_plugin.py
[2025-12-24T21:19:23.223+0000] {processor.py:830} INFO - Processing file /home/airflow/.local/lib/python3.8/site-packages/airflow/example_dags/plugins/listener_plugin.py for tasks to queue
[2025-12-24T21:19:23.224+0000] {logging_mixin.py:188} INFO - [2025-12-24T21:19:23.223+0000] {dagbag.py:538} INFO - Filling up the DagBag from /home/airflow/.local/lib/python3.8/site-packages/airflow/example_dags/plugins/listener_plugin.py
[2025-12-24T21:19:23.227+0000] {processor.py:842} WARNING - No viable dags retrieved from /home/airflow/.local/lib/python3.8/site-packages/airflow/example_dags/plugins/listener_plugin.py
[2025-12-24T21:19:23.241+0000] {processor.py:183} INFO - Processing /home/airflow/.local/lib/python3.8/site-packages/airflow/example_dags/plugins/listener_plugin.py took 0.023 seconds
[2025-12-24T21:19:54.135+0000] {processor.py:161} INFO - Started process (PID=39007) to work on /home/airflow/.local/lib/python3.8/site-packages/airflow/example_dags/plugins/listener_plugin.py
[2025-12-24T21:19:54.136+0000] {processor.py:830} INFO - Processing file /home/airflow/.local/lib/python3.8/site-packages/airflow/example_dags/plugins/listener_plugin.py for tasks to queue
[2025-12-24T21:19:54.137+0000] {logging_mixin.py:188} INFO - [2025-12-24T21:19:54.137+0000] {dagbag.py:538} INFO - Filling up the DagBag from /home/airflow/.local/lib/python3.8/site-packages/airflow/example_dags/plugins/listener_plugin.py
[2025-12-24T21:19:54.140+0000] {processor.py:842} WARNING - No viable dags retrieved from /home/airflow/.local/lib/python3.8/site-packages/airflow/example_dags/plugins/listener_plugin.py
[2025-12-24T21:19:54.155+0000] {processor.py:183} INFO - Processing /home/airflow/.local/lib/python3.8/site-packages/airflow/example_dags/plugins/listener_plugin.py took 0.024 seconds
[2025-12-24T21:20:24.761+0000] {processor.py:161} INFO - Started process (PID=39071) to work on /home/airflow/.local/lib/python3.8/site-packages/airflow/example_dags/plugins/listener_plugin.py
[2025-12-24T21:20:24.763+0000] {processor.py:830} INFO - Processing file /home/airflow/.local/lib/python3.8/site-packages/airflow/example_dags/plugins/listener_plugin.py for tasks to queue
[2025-12-24T21:20:24.768+0000] {logging_mixin.py:188} INFO - [2025-12-24T21:20:24.766+0000] {dagbag.py:538} INFO - Filling up the DagBag from /home/airflow/.local/lib/python3.8/site-packages/airflow/example_dags/plugins/listener_plugin.py
[2025-12-24T21:20:24.774+0000] {processor.py:842} WARNING - No viable dags retrieved from /home/airflow/.local/lib/python3.8/site-packages/airflow/example_dags/plugins/listener_plugin.py
[2025-12-24T21:20:24.833+0000] {processor.py:183} INFO - Processing /home/airflow/.local/lib/python3.8/site-packages/airflow/example_dags/plugins/listener_plugin.py took 0.078 seconds
[2025-12-24T21:20:55.330+0000] {processor.py:161} INFO - Started process (PID=39135) to work on /home/airflow/.local/lib/python3.8/site-packages/airflow/example_dags/plugins/listener_plugin.py
[2025-12-24T21:20:55.333+0000] {processor.py:830} INFO - Processing file /home/airflow/.local/lib/python3.8/site-packages/airflow/example_dags/plugins/listener_plugin.py for tasks to queue
[2025-12-24T21:20:55.336+0000] {logging_mixin.py:188} INFO - [2025-12-24T21:20:55.335+0000] {dagbag.py:538} INFO - Filling up the DagBag from /home/airflow/.local/lib/python3.8/site-packages/airflow/example_dags/plugins/listener_plugin.py
[2025-12-24T21:20:55.343+0000] {processor.py:842} WARNING - No viable dags retrieved from /home/airflow/.local/lib/python3.8/site-packages/airflow/example_dags/plugins/listener_plugin.py
[2025-12-24T21:20:55.366+0000] {processor.py:183} INFO - Processing /home/airflow/.local/lib/python3.8/site-packages/airflow/example_dags/plugins/listener_plugin.py took 0.042 seconds
[2025-12-24T21:21:26.017+0000] {processor.py:161} INFO - Started process (PID=39201) to work on /home/airflow/.local/lib/python3.8/site-packages/airflow/example_dags/plugins/listener_plugin.py
[2025-12-24T21:21:26.018+0000] {processor.py:830} INFO - Processing file /home/airflow/.local/lib/python3.8/site-packages/airflow/example_dags/plugins/listener_plugin.py for tasks to queue
[2025-12-24T21:21:26.020+0000] {logging_mixin.py:188} INFO - [2025-12-24T21:21:26.019+0000] {dagbag.py:538} INFO - Filling up the DagBag from /home/airflow/.local/lib/python3.8/site-packages/airflow/example_dags/plugins/listener_plugin.py
[2025-12-24T21:21:26.023+0000] {processor.py:842} WARNING - No viable dags retrieved from /home/airflow/.local/lib/python3.8/site-packages/airflow/example_dags/plugins/listener_plugin.py
[2025-12-24T21:21:26.045+0000] {processor.py:183} INFO - Processing /home/airflow/.local/lib/python3.8/site-packages/airflow/example_dags/plugins/listener_plugin.py took 0.032 seconds
[2025-12-24T21:21:56.492+0000] {processor.py:161} INFO - Started process (PID=39258) to work on /home/airflow/.local/lib/python3.8/site-packages/airflow/example_dags/plugins/listener_plugin.py
[2025-12-24T21:21:56.495+0000] {processor.py:830} INFO - Processing file /home/airflow/.local/lib/python3.8/site-packages/airflow/example_dags/plugins/listener_plugin.py for tasks to queue
[2025-12-24T21:21:56.497+0000] {logging_mixin.py:188} INFO - [2025-12-24T21:21:56.497+0000] {dagbag.py:538} INFO - Filling up the DagBag from /home/airflow/.local/lib/python3.8/site-packages/airflow/example_dags/plugins/listener_plugin.py
[2025-12-24T21:21:56.501+0000] {processor.py:842} WARNING - No viable dags retrieved from /home/airflow/.local/lib/python3.8/site-packages/airflow/example_dags/plugins/listener_plugin.py
[2025-12-24T21:21:56.515+0000] {processor.py:183} INFO - Processing /home/airflow/.local/lib/python3.8/site-packages/airflow/example_dags/plugins/listener_plugin.py took 0.026 seconds
[2025-12-24T21:22:27.190+0000] {processor.py:161} INFO - Started process (PID=39322) to work on /home/airflow/.local/lib/python3.8/site-packages/airflow/example_dags/plugins/listener_plugin.py
[2025-12-24T21:22:27.193+0000] {processor.py:830} INFO - Processing file /home/airflow/.local/lib/python3.8/site-packages/airflow/example_dags/plugins/listener_plugin.py for tasks to queue
[2025-12-24T21:22:27.194+0000] {logging_mixin.py:188} INFO - [2025-12-24T21:22:27.194+0000] {dagbag.py:538} INFO - Filling up the DagBag from /home/airflow/.local/lib/python3.8/site-packages/airflow/example_dags/plugins/listener_plugin.py
[2025-12-24T21:22:27.199+0000] {processor.py:842} WARNING - No viable dags retrieved from /home/airflow/.local/lib/python3.8/site-packages/airflow/example_dags/plugins/listener_plugin.py
[2025-12-24T21:22:27.214+0000] {processor.py:183} INFO - Processing /home/airflow/.local/lib/python3.8/site-packages/airflow/example_dags/plugins/listener_plugin.py took 0.029 seconds
[2025-12-24T21:22:57.711+0000] {processor.py:161} INFO - Started process (PID=39380) to work on /home/airflow/.local/lib/python3.8/site-packages/airflow/example_dags/plugins/listener_plugin.py
[2025-12-24T21:22:57.712+0000] {processor.py:830} INFO - Processing file /home/airflow/.local/lib/python3.8/site-packages/airflow/example_dags/plugins/listener_plugin.py for tasks to queue
[2025-12-24T21:22:57.714+0000] {logging_mixin.py:188} INFO - [2025-12-24T21:22:57.714+0000] {dagbag.py:538} INFO - Filling up the DagBag from /home/airflow/.local/lib/python3.8/site-packages/airflow/example_dags/plugins/listener_plugin.py
[2025-12-24T21:22:57.718+0000] {processor.py:842} WARNING - No viable dags retrieved from /home/airflow/.local/lib/python3.8/site-packages/airflow/example_dags/plugins/listener_plugin.py
[2025-12-24T21:22:57.735+0000] {processor.py:183} INFO - Processing /home/airflow/.local/lib/python3.8/site-packages/airflow/example_dags/plugins/listener_plugin.py took 0.029 seconds
[2025-12-24T21:23:28.528+0000] {processor.py:161} INFO - Started process (PID=39443) to work on /home/airflow/.local/lib/python3.8/site-packages/airflow/example_dags/plugins/listener_plugin.py
[2025-12-24T21:23:28.529+0000] {processor.py:830} INFO - Processing file /home/airflow/.local/lib/python3.8/site-packages/airflow/example_dags/plugins/listener_plugin.py for tasks to queue
[2025-12-24T21:23:28.530+0000] {logging_mixin.py:188} INFO - [2025-12-24T21:23:28.530+0000] {dagbag.py:538} INFO - Filling up the DagBag from /home/airflow/.local/lib/python3.8/site-packages/airflow/example_dags/plugins/listener_plugin.py
[2025-12-24T21:23:28.534+0000] {processor.py:842} WARNING - No viable dags retrieved from /home/airflow/.local/lib/python3.8/site-packages/airflow/example_dags/plugins/listener_plugin.py
[2025-12-24T21:23:28.551+0000] {processor.py:183} INFO - Processing /home/airflow/.local/lib/python3.8/site-packages/airflow/example_dags/plugins/listener_plugin.py took 0.027 seconds
[2025-12-24T21:23:59.494+0000] {processor.py:161} INFO - Started process (PID=39506) to work on /home/airflow/.local/lib/python3.8/site-packages/airflow/example_dags/plugins/listener_plugin.py
[2025-12-24T21:23:59.495+0000] {processor.py:830} INFO - Processing file /home/airflow/.local/lib/python3.8/site-packages/airflow/example_dags/plugins/listener_plugin.py for tasks to queue
[2025-12-24T21:23:59.496+0000] {logging_mixin.py:188} INFO - [2025-12-24T21:23:59.496+0000] {dagbag.py:538} INFO - Filling up the DagBag from /home/airflow/.local/lib/python3.8/site-packages/airflow/example_dags/plugins/listener_plugin.py
[2025-12-24T21:23:59.501+0000] {processor.py:842} WARNING - No viable dags retrieved from /home/airflow/.local/lib/python3.8/site-packages/airflow/example_dags/plugins/listener_plugin.py
[2025-12-24T21:23:59.520+0000] {processor.py:183} INFO - Processing /home/airflow/.local/lib/python3.8/site-packages/airflow/example_dags/plugins/listener_plugin.py took 0.030 seconds
[2025-12-24T21:24:30.035+0000] {processor.py:161} INFO - Started process (PID=39569) to work on /home/airflow/.local/lib/python3.8/site-packages/airflow/example_dags/plugins/listener_plugin.py
[2025-12-24T21:24:30.036+0000] {processor.py:830} INFO - Processing file /home/airflow/.local/lib/python3.8/site-packages/airflow/example_dags/plugins/listener_plugin.py for tasks to queue
[2025-12-24T21:24:30.038+0000] {logging_mixin.py:188} INFO - [2025-12-24T21:24:30.037+0000] {dagbag.py:538} INFO - Filling up the DagBag from /home/airflow/.local/lib/python3.8/site-packages/airflow/example_dags/plugins/listener_plugin.py
[2025-12-24T21:24:30.041+0000] {processor.py:842} WARNING - No viable dags retrieved from /home/airflow/.local/lib/python3.8/site-packages/airflow/example_dags/plugins/listener_plugin.py
[2025-12-24T21:24:30.060+0000] {processor.py:183} INFO - Processing /home/airflow/.local/lib/python3.8/site-packages/airflow/example_dags/plugins/listener_plugin.py took 0.030 seconds
[2025-12-24T21:25:00.264+0000] {processor.py:161} INFO - Started process (PID=39629) to work on /home/airflow/.local/lib/python3.8/site-packages/airflow/example_dags/plugins/listener_plugin.py
[2025-12-24T21:25:00.265+0000] {processor.py:830} INFO - Processing file /home/airflow/.local/lib/python3.8/site-packages/airflow/example_dags/plugins/listener_plugin.py for tasks to queue
[2025-12-24T21:25:00.267+0000] {logging_mixin.py:188} INFO - [2025-12-24T21:25:00.266+0000] {dagbag.py:538} INFO - Filling up the DagBag from /home/airflow/.local/lib/python3.8/site-packages/airflow/example_dags/plugins/listener_plugin.py
[2025-12-24T21:25:00.270+0000] {processor.py:842} WARNING - No viable dags retrieved from /home/airflow/.local/lib/python3.8/site-packages/airflow/example_dags/plugins/listener_plugin.py
[2025-12-24T21:25:00.285+0000] {processor.py:183} INFO - Processing /home/airflow/.local/lib/python3.8/site-packages/airflow/example_dags/plugins/listener_plugin.py took 0.024 seconds
[2025-12-24T21:25:31.656+0000] {processor.py:161} INFO - Started process (PID=39693) to work on /home/airflow/.local/lib/python3.8/site-packages/airflow/example_dags/plugins/listener_plugin.py
[2025-12-24T21:25:31.659+0000] {processor.py:830} INFO - Processing file /home/airflow/.local/lib/python3.8/site-packages/airflow/example_dags/plugins/listener_plugin.py for tasks to queue
[2025-12-24T21:25:31.662+0000] {logging_mixin.py:188} INFO - [2025-12-24T21:25:31.661+0000] {dagbag.py:538} INFO - Filling up the DagBag from /home/airflow/.local/lib/python3.8/site-packages/airflow/example_dags/plugins/listener_plugin.py
[2025-12-24T21:25:31.666+0000] {processor.py:842} WARNING - No viable dags retrieved from /home/airflow/.local/lib/python3.8/site-packages/airflow/example_dags/plugins/listener_plugin.py
[2025-12-24T21:25:31.687+0000] {processor.py:183} INFO - Processing /home/airflow/.local/lib/python3.8/site-packages/airflow/example_dags/plugins/listener_plugin.py took 0.037 seconds
[2025-12-24T21:26:02.935+0000] {processor.py:161} INFO - Started process (PID=39756) to work on /home/airflow/.local/lib/python3.8/site-packages/airflow/example_dags/plugins/listener_plugin.py
[2025-12-24T21:26:02.937+0000] {processor.py:830} INFO - Processing file /home/airflow/.local/lib/python3.8/site-packages/airflow/example_dags/plugins/listener_plugin.py for tasks to queue
[2025-12-24T21:26:02.939+0000] {logging_mixin.py:188} INFO - [2025-12-24T21:26:02.939+0000] {dagbag.py:538} INFO - Filling up the DagBag from /home/airflow/.local/lib/python3.8/site-packages/airflow/example_dags/plugins/listener_plugin.py
[2025-12-24T21:26:02.951+0000] {processor.py:842} WARNING - No viable dags retrieved from /home/airflow/.local/lib/python3.8/site-packages/airflow/example_dags/plugins/listener_plugin.py
[2025-12-24T21:26:02.970+0000] {processor.py:183} INFO - Processing /home/airflow/.local/lib/python3.8/site-packages/airflow/example_dags/plugins/listener_plugin.py took 0.043 seconds
[2025-12-24T21:26:34.027+0000] {processor.py:161} INFO - Started process (PID=39814) to work on /home/airflow/.local/lib/python3.8/site-packages/airflow/example_dags/plugins/listener_plugin.py
[2025-12-24T21:26:34.028+0000] {processor.py:830} INFO - Processing file /home/airflow/.local/lib/python3.8/site-packages/airflow/example_dags/plugins/listener_plugin.py for tasks to queue
[2025-12-24T21:26:34.029+0000] {logging_mixin.py:188} INFO - [2025-12-24T21:26:34.029+0000] {dagbag.py:538} INFO - Filling up the DagBag from /home/airflow/.local/lib/python3.8/site-packages/airflow/example_dags/plugins/listener_plugin.py
[2025-12-24T21:26:34.033+0000] {processor.py:842} WARNING - No viable dags retrieved from /home/airflow/.local/lib/python3.8/site-packages/airflow/example_dags/plugins/listener_plugin.py
[2025-12-24T21:26:34.050+0000] {processor.py:183} INFO - Processing /home/airflow/.local/lib/python3.8/site-packages/airflow/example_dags/plugins/listener_plugin.py took 0.027 seconds
[2025-12-24T21:27:04.830+0000] {processor.py:161} INFO - Started process (PID=39874) to work on /home/airflow/.local/lib/python3.8/site-packages/airflow/example_dags/plugins/listener_plugin.py
[2025-12-24T21:27:04.831+0000] {processor.py:830} INFO - Processing file /home/airflow/.local/lib/python3.8/site-packages/airflow/example_dags/plugins/listener_plugin.py for tasks to queue
[2025-12-24T21:27:04.832+0000] {logging_mixin.py:188} INFO - [2025-12-24T21:27:04.832+0000] {dagbag.py:538} INFO - Filling up the DagBag from /home/airflow/.local/lib/python3.8/site-packages/airflow/example_dags/plugins/listener_plugin.py
[2025-12-24T21:27:04.835+0000] {processor.py:842} WARNING - No viable dags retrieved from /home/airflow/.local/lib/python3.8/site-packages/airflow/example_dags/plugins/listener_plugin.py
[2025-12-24T21:27:04.850+0000] {processor.py:183} INFO - Processing /home/airflow/.local/lib/python3.8/site-packages/airflow/example_dags/plugins/listener_plugin.py took 0.024 seconds
[2025-12-24T21:27:35.834+0000] {processor.py:161} INFO - Started process (PID=39938) to work on /home/airflow/.local/lib/python3.8/site-packages/airflow/example_dags/plugins/listener_plugin.py
[2025-12-24T21:27:35.836+0000] {processor.py:830} INFO - Processing file /home/airflow/.local/lib/python3.8/site-packages/airflow/example_dags/plugins/listener_plugin.py for tasks to queue
[2025-12-24T21:27:35.837+0000] {logging_mixin.py:188} INFO - [2025-12-24T21:27:35.836+0000] {dagbag.py:538} INFO - Filling up the DagBag from /home/airflow/.local/lib/python3.8/site-packages/airflow/example_dags/plugins/listener_plugin.py
[2025-12-24T21:27:35.840+0000] {processor.py:842} WARNING - No viable dags retrieved from /home/airflow/.local/lib/python3.8/site-packages/airflow/example_dags/plugins/listener_plugin.py
[2025-12-24T21:27:35.854+0000] {processor.py:183} INFO - Processing /home/airflow/.local/lib/python3.8/site-packages/airflow/example_dags/plugins/listener_plugin.py took 0.024 seconds
[2025-12-24T21:28:06.341+0000] {processor.py:161} INFO - Started process (PID=39996) to work on /home/airflow/.local/lib/python3.8/site-packages/airflow/example_dags/plugins/listener_plugin.py
[2025-12-24T21:28:06.343+0000] {processor.py:830} INFO - Processing file /home/airflow/.local/lib/python3.8/site-packages/airflow/example_dags/plugins/listener_plugin.py for tasks to queue
[2025-12-24T21:28:06.344+0000] {logging_mixin.py:188} INFO - [2025-12-24T21:28:06.343+0000] {dagbag.py:538} INFO - Filling up the DagBag from /home/airflow/.local/lib/python3.8/site-packages/airflow/example_dags/plugins/listener_plugin.py
[2025-12-24T21:28:06.347+0000] {processor.py:842} WARNING - No viable dags retrieved from /home/airflow/.local/lib/python3.8/site-packages/airflow/example_dags/plugins/listener_plugin.py
[2025-12-24T21:28:06.361+0000] {processor.py:183} INFO - Processing /home/airflow/.local/lib/python3.8/site-packages/airflow/example_dags/plugins/listener_plugin.py took 0.024 seconds
[2025-12-24T21:28:37.158+0000] {processor.py:161} INFO - Started process (PID=40059) to work on /home/airflow/.local/lib/python3.8/site-packages/airflow/example_dags/plugins/listener_plugin.py
[2025-12-24T21:28:37.160+0000] {processor.py:830} INFO - Processing file /home/airflow/.local/lib/python3.8/site-packages/airflow/example_dags/plugins/listener_plugin.py for tasks to queue
[2025-12-24T21:28:37.161+0000] {logging_mixin.py:188} INFO - [2025-12-24T21:28:37.160+0000] {dagbag.py:538} INFO - Filling up the DagBag from /home/airflow/.local/lib/python3.8/site-packages/airflow/example_dags/plugins/listener_plugin.py
[2025-12-24T21:28:37.165+0000] {processor.py:842} WARNING - No viable dags retrieved from /home/airflow/.local/lib/python3.8/site-packages/airflow/example_dags/plugins/listener_plugin.py
[2025-12-24T21:28:37.185+0000] {processor.py:183} INFO - Processing /home/airflow/.local/lib/python3.8/site-packages/airflow/example_dags/plugins/listener_plugin.py took 0.032 seconds
[2025-12-24T21:29:08.660+0000] {processor.py:161} INFO - Started process (PID=40122) to work on /home/airflow/.local/lib/python3.8/site-packages/airflow/example_dags/plugins/listener_plugin.py
[2025-12-24T21:29:08.661+0000] {processor.py:830} INFO - Processing file /home/airflow/.local/lib/python3.8/site-packages/airflow/example_dags/plugins/listener_plugin.py for tasks to queue
[2025-12-24T21:29:08.663+0000] {logging_mixin.py:188} INFO - [2025-12-24T21:29:08.662+0000] {dagbag.py:538} INFO - Filling up the DagBag from /home/airflow/.local/lib/python3.8/site-packages/airflow/example_dags/plugins/listener_plugin.py
[2025-12-24T21:29:08.672+0000] {processor.py:842} WARNING - No viable dags retrieved from /home/airflow/.local/lib/python3.8/site-packages/airflow/example_dags/plugins/listener_plugin.py
[2025-12-24T21:29:08.705+0000] {processor.py:183} INFO - Processing /home/airflow/.local/lib/python3.8/site-packages/airflow/example_dags/plugins/listener_plugin.py took 0.050 seconds
[2025-12-24T21:29:39.249+0000] {processor.py:161} INFO - Started process (PID=40187) to work on /home/airflow/.local/lib/python3.8/site-packages/airflow/example_dags/plugins/listener_plugin.py
[2025-12-24T21:29:39.250+0000] {processor.py:830} INFO - Processing file /home/airflow/.local/lib/python3.8/site-packages/airflow/example_dags/plugins/listener_plugin.py for tasks to queue
[2025-12-24T21:29:39.252+0000] {logging_mixin.py:188} INFO - [2025-12-24T21:29:39.251+0000] {dagbag.py:538} INFO - Filling up the DagBag from /home/airflow/.local/lib/python3.8/site-packages/airflow/example_dags/plugins/listener_plugin.py
[2025-12-24T21:29:39.257+0000] {processor.py:842} WARNING - No viable dags retrieved from /home/airflow/.local/lib/python3.8/site-packages/airflow/example_dags/plugins/listener_plugin.py
[2025-12-24T21:29:39.282+0000] {processor.py:183} INFO - Processing /home/airflow/.local/lib/python3.8/site-packages/airflow/example_dags/plugins/listener_plugin.py took 0.040 seconds
[2025-12-24T21:30:09.593+0000] {processor.py:161} INFO - Started process (PID=40243) to work on /home/airflow/.local/lib/python3.8/site-packages/airflow/example_dags/plugins/listener_plugin.py
[2025-12-24T21:30:09.596+0000] {processor.py:830} INFO - Processing file /home/airflow/.local/lib/python3.8/site-packages/airflow/example_dags/plugins/listener_plugin.py for tasks to queue
[2025-12-24T21:30:09.598+0000] {logging_mixin.py:188} INFO - [2025-12-24T21:30:09.597+0000] {dagbag.py:538} INFO - Filling up the DagBag from /home/airflow/.local/lib/python3.8/site-packages/airflow/example_dags/plugins/listener_plugin.py
[2025-12-24T21:30:09.607+0000] {processor.py:842} WARNING - No viable dags retrieved from /home/airflow/.local/lib/python3.8/site-packages/airflow/example_dags/plugins/listener_plugin.py
[2025-12-24T21:30:09.626+0000] {processor.py:183} INFO - Processing /home/airflow/.local/lib/python3.8/site-packages/airflow/example_dags/plugins/listener_plugin.py took 0.044 seconds
[2025-12-24T21:30:39.981+0000] {processor.py:161} INFO - Started process (PID=40299) to work on /home/airflow/.local/lib/python3.8/site-packages/airflow/example_dags/plugins/listener_plugin.py
[2025-12-24T21:30:39.983+0000] {processor.py:830} INFO - Processing file /home/airflow/.local/lib/python3.8/site-packages/airflow/example_dags/plugins/listener_plugin.py for tasks to queue
[2025-12-24T21:30:39.985+0000] {logging_mixin.py:188} INFO - [2025-12-24T21:30:39.984+0000] {dagbag.py:538} INFO - Filling up the DagBag from /home/airflow/.local/lib/python3.8/site-packages/airflow/example_dags/plugins/listener_plugin.py
[2025-12-24T21:30:39.989+0000] {processor.py:842} WARNING - No viable dags retrieved from /home/airflow/.local/lib/python3.8/site-packages/airflow/example_dags/plugins/listener_plugin.py
[2025-12-24T21:30:40.014+0000] {processor.py:183} INFO - Processing /home/airflow/.local/lib/python3.8/site-packages/airflow/example_dags/plugins/listener_plugin.py took 0.038 seconds
[2025-12-24T21:31:10.232+0000] {processor.py:161} INFO - Started process (PID=40357) to work on /home/airflow/.local/lib/python3.8/site-packages/airflow/example_dags/plugins/listener_plugin.py
[2025-12-24T21:31:10.233+0000] {processor.py:830} INFO - Processing file /home/airflow/.local/lib/python3.8/site-packages/airflow/example_dags/plugins/listener_plugin.py for tasks to queue
[2025-12-24T21:31:10.234+0000] {logging_mixin.py:188} INFO - [2025-12-24T21:31:10.234+0000] {dagbag.py:538} INFO - Filling up the DagBag from /home/airflow/.local/lib/python3.8/site-packages/airflow/example_dags/plugins/listener_plugin.py
[2025-12-24T21:31:10.238+0000] {processor.py:842} WARNING - No viable dags retrieved from /home/airflow/.local/lib/python3.8/site-packages/airflow/example_dags/plugins/listener_plugin.py
[2025-12-24T21:31:10.251+0000] {processor.py:183} INFO - Processing /home/airflow/.local/lib/python3.8/site-packages/airflow/example_dags/plugins/listener_plugin.py took 0.023 seconds
[2025-12-24T21:31:41.068+0000] {processor.py:161} INFO - Started process (PID=40415) to work on /home/airflow/.local/lib/python3.8/site-packages/airflow/example_dags/plugins/listener_plugin.py
[2025-12-24T21:31:41.069+0000] {processor.py:830} INFO - Processing file /home/airflow/.local/lib/python3.8/site-packages/airflow/example_dags/plugins/listener_plugin.py for tasks to queue
[2025-12-24T21:31:41.070+0000] {logging_mixin.py:188} INFO - [2025-12-24T21:31:41.070+0000] {dagbag.py:538} INFO - Filling up the DagBag from /home/airflow/.local/lib/python3.8/site-packages/airflow/example_dags/plugins/listener_plugin.py
[2025-12-24T21:31:41.074+0000] {processor.py:842} WARNING - No viable dags retrieved from /home/airflow/.local/lib/python3.8/site-packages/airflow/example_dags/plugins/listener_plugin.py
[2025-12-24T21:31:41.091+0000] {processor.py:183} INFO - Processing /home/airflow/.local/lib/python3.8/site-packages/airflow/example_dags/plugins/listener_plugin.py took 0.027 seconds
[2025-12-24T21:32:11.520+0000] {processor.py:161} INFO - Started process (PID=40473) to work on /home/airflow/.local/lib/python3.8/site-packages/airflow/example_dags/plugins/listener_plugin.py
[2025-12-24T21:32:11.522+0000] {processor.py:830} INFO - Processing file /home/airflow/.local/lib/python3.8/site-packages/airflow/example_dags/plugins/listener_plugin.py for tasks to queue
[2025-12-24T21:32:11.523+0000] {logging_mixin.py:188} INFO - [2025-12-24T21:32:11.523+0000] {dagbag.py:538} INFO - Filling up the DagBag from /home/airflow/.local/lib/python3.8/site-packages/airflow/example_dags/plugins/listener_plugin.py
[2025-12-24T21:32:11.527+0000] {processor.py:842} WARNING - No viable dags retrieved from /home/airflow/.local/lib/python3.8/site-packages/airflow/example_dags/plugins/listener_plugin.py
[2025-12-24T21:32:11.548+0000] {processor.py:183} INFO - Processing /home/airflow/.local/lib/python3.8/site-packages/airflow/example_dags/plugins/listener_plugin.py took 0.033 seconds
[2025-12-24T21:32:41.833+0000] {processor.py:161} INFO - Started process (PID=40531) to work on /home/airflow/.local/lib/python3.8/site-packages/airflow/example_dags/plugins/listener_plugin.py
[2025-12-24T21:32:41.835+0000] {processor.py:830} INFO - Processing file /home/airflow/.local/lib/python3.8/site-packages/airflow/example_dags/plugins/listener_plugin.py for tasks to queue
[2025-12-24T21:32:41.836+0000] {logging_mixin.py:188} INFO - [2025-12-24T21:32:41.836+0000] {dagbag.py:538} INFO - Filling up the DagBag from /home/airflow/.local/lib/python3.8/site-packages/airflow/example_dags/plugins/listener_plugin.py
[2025-12-24T21:32:41.841+0000] {processor.py:842} WARNING - No viable dags retrieved from /home/airflow/.local/lib/python3.8/site-packages/airflow/example_dags/plugins/listener_plugin.py
[2025-12-24T21:32:41.875+0000] {processor.py:183} INFO - Processing /home/airflow/.local/lib/python3.8/site-packages/airflow/example_dags/plugins/listener_plugin.py took 0.047 seconds
[2025-12-24T21:33:12.194+0000] {processor.py:161} INFO - Started process (PID=40589) to work on /home/airflow/.local/lib/python3.8/site-packages/airflow/example_dags/plugins/listener_plugin.py
[2025-12-24T21:33:12.196+0000] {processor.py:830} INFO - Processing file /home/airflow/.local/lib/python3.8/site-packages/airflow/example_dags/plugins/listener_plugin.py for tasks to queue
[2025-12-24T21:33:12.197+0000] {logging_mixin.py:188} INFO - [2025-12-24T21:33:12.197+0000] {dagbag.py:538} INFO - Filling up the DagBag from /home/airflow/.local/lib/python3.8/site-packages/airflow/example_dags/plugins/listener_plugin.py
[2025-12-24T21:33:12.201+0000] {processor.py:842} WARNING - No viable dags retrieved from /home/airflow/.local/lib/python3.8/site-packages/airflow/example_dags/plugins/listener_plugin.py
[2025-12-24T21:33:12.222+0000] {processor.py:183} INFO - Processing /home/airflow/.local/lib/python3.8/site-packages/airflow/example_dags/plugins/listener_plugin.py took 0.033 seconds
[2025-12-24T21:33:43.162+0000] {processor.py:161} INFO - Started process (PID=40649) to work on /home/airflow/.local/lib/python3.8/site-packages/airflow/example_dags/plugins/listener_plugin.py
[2025-12-24T21:33:43.165+0000] {processor.py:830} INFO - Processing file /home/airflow/.local/lib/python3.8/site-packages/airflow/example_dags/plugins/listener_plugin.py for tasks to queue
[2025-12-24T21:33:43.166+0000] {logging_mixin.py:188} INFO - [2025-12-24T21:33:43.166+0000] {dagbag.py:538} INFO - Filling up the DagBag from /home/airflow/.local/lib/python3.8/site-packages/airflow/example_dags/plugins/listener_plugin.py
[2025-12-24T21:33:43.173+0000] {processor.py:842} WARNING - No viable dags retrieved from /home/airflow/.local/lib/python3.8/site-packages/airflow/example_dags/plugins/listener_plugin.py
[2025-12-24T21:33:43.195+0000] {processor.py:183} INFO - Processing /home/airflow/.local/lib/python3.8/site-packages/airflow/example_dags/plugins/listener_plugin.py took 0.040 seconds
[2025-12-24T21:34:13.852+0000] {processor.py:161} INFO - Started process (PID=40707) to work on /home/airflow/.local/lib/python3.8/site-packages/airflow/example_dags/plugins/listener_plugin.py
[2025-12-24T21:34:13.854+0000] {processor.py:830} INFO - Processing file /home/airflow/.local/lib/python3.8/site-packages/airflow/example_dags/plugins/listener_plugin.py for tasks to queue
[2025-12-24T21:34:13.857+0000] {logging_mixin.py:188} INFO - [2025-12-24T21:34:13.856+0000] {dagbag.py:538} INFO - Filling up the DagBag from /home/airflow/.local/lib/python3.8/site-packages/airflow/example_dags/plugins/listener_plugin.py
[2025-12-24T21:34:13.860+0000] {processor.py:842} WARNING - No viable dags retrieved from /home/airflow/.local/lib/python3.8/site-packages/airflow/example_dags/plugins/listener_plugin.py
[2025-12-24T21:34:13.877+0000] {processor.py:183} INFO - Processing /home/airflow/.local/lib/python3.8/site-packages/airflow/example_dags/plugins/listener_plugin.py took 0.029 seconds
[2025-12-24T21:34:44.414+0000] {processor.py:161} INFO - Started process (PID=40767) to work on /home/airflow/.local/lib/python3.8/site-packages/airflow/example_dags/plugins/listener_plugin.py
[2025-12-24T21:34:44.415+0000] {processor.py:830} INFO - Processing file /home/airflow/.local/lib/python3.8/site-packages/airflow/example_dags/plugins/listener_plugin.py for tasks to queue
[2025-12-24T21:34:44.416+0000] {logging_mixin.py:188} INFO - [2025-12-24T21:34:44.416+0000] {dagbag.py:538} INFO - Filling up the DagBag from /home/airflow/.local/lib/python3.8/site-packages/airflow/example_dags/plugins/listener_plugin.py
[2025-12-24T21:34:44.420+0000] {processor.py:842} WARNING - No viable dags retrieved from /home/airflow/.local/lib/python3.8/site-packages/airflow/example_dags/plugins/listener_plugin.py
[2025-12-24T21:34:44.435+0000] {processor.py:183} INFO - Processing /home/airflow/.local/lib/python3.8/site-packages/airflow/example_dags/plugins/listener_plugin.py took 0.024 seconds
[2025-12-24T21:35:15.080+0000] {processor.py:161} INFO - Started process (PID=40832) to work on /home/airflow/.local/lib/python3.8/site-packages/airflow/example_dags/plugins/listener_plugin.py
[2025-12-24T21:35:15.082+0000] {processor.py:830} INFO - Processing file /home/airflow/.local/lib/python3.8/site-packages/airflow/example_dags/plugins/listener_plugin.py for tasks to queue
[2025-12-24T21:35:15.083+0000] {logging_mixin.py:188} INFO - [2025-12-24T21:35:15.083+0000] {dagbag.py:538} INFO - Filling up the DagBag from /home/airflow/.local/lib/python3.8/site-packages/airflow/example_dags/plugins/listener_plugin.py
[2025-12-24T21:35:15.087+0000] {processor.py:842} WARNING - No viable dags retrieved from /home/airflow/.local/lib/python3.8/site-packages/airflow/example_dags/plugins/listener_plugin.py
[2025-12-24T21:35:15.102+0000] {processor.py:183} INFO - Processing /home/airflow/.local/lib/python3.8/site-packages/airflow/example_dags/plugins/listener_plugin.py took 0.025 seconds
[2025-12-24T21:35:45.616+0000] {processor.py:161} INFO - Started process (PID=40892) to work on /home/airflow/.local/lib/python3.8/site-packages/airflow/example_dags/plugins/listener_plugin.py
[2025-12-24T21:35:45.618+0000] {processor.py:830} INFO - Processing file /home/airflow/.local/lib/python3.8/site-packages/airflow/example_dags/plugins/listener_plugin.py for tasks to queue
[2025-12-24T21:35:45.619+0000] {logging_mixin.py:188} INFO - [2025-12-24T21:35:45.618+0000] {dagbag.py:538} INFO - Filling up the DagBag from /home/airflow/.local/lib/python3.8/site-packages/airflow/example_dags/plugins/listener_plugin.py
[2025-12-24T21:35:45.622+0000] {processor.py:842} WARNING - No viable dags retrieved from /home/airflow/.local/lib/python3.8/site-packages/airflow/example_dags/plugins/listener_plugin.py
[2025-12-24T21:35:45.639+0000] {processor.py:183} INFO - Processing /home/airflow/.local/lib/python3.8/site-packages/airflow/example_dags/plugins/listener_plugin.py took 0.026 seconds
[2025-12-24T21:36:15.726+0000] {processor.py:161} INFO - Started process (PID=40950) to work on /home/airflow/.local/lib/python3.8/site-packages/airflow/example_dags/plugins/listener_plugin.py
[2025-12-24T21:36:15.727+0000] {processor.py:830} INFO - Processing file /home/airflow/.local/lib/python3.8/site-packages/airflow/example_dags/plugins/listener_plugin.py for tasks to queue
[2025-12-24T21:36:15.728+0000] {logging_mixin.py:188} INFO - [2025-12-24T21:36:15.728+0000] {dagbag.py:538} INFO - Filling up the DagBag from /home/airflow/.local/lib/python3.8/site-packages/airflow/example_dags/plugins/listener_plugin.py
[2025-12-24T21:36:15.731+0000] {processor.py:842} WARNING - No viable dags retrieved from /home/airflow/.local/lib/python3.8/site-packages/airflow/example_dags/plugins/listener_plugin.py
[2025-12-24T21:36:15.746+0000] {processor.py:183} INFO - Processing /home/airflow/.local/lib/python3.8/site-packages/airflow/example_dags/plugins/listener_plugin.py took 0.023 seconds
[2025-12-24T21:36:46.029+0000] {processor.py:161} INFO - Started process (PID=41010) to work on /home/airflow/.local/lib/python3.8/site-packages/airflow/example_dags/plugins/listener_plugin.py
[2025-12-24T21:36:46.031+0000] {processor.py:830} INFO - Processing file /home/airflow/.local/lib/python3.8/site-packages/airflow/example_dags/plugins/listener_plugin.py for tasks to queue
[2025-12-24T21:36:46.032+0000] {logging_mixin.py:188} INFO - [2025-12-24T21:36:46.032+0000] {dagbag.py:538} INFO - Filling up the DagBag from /home/airflow/.local/lib/python3.8/site-packages/airflow/example_dags/plugins/listener_plugin.py
[2025-12-24T21:36:46.037+0000] {processor.py:842} WARNING - No viable dags retrieved from /home/airflow/.local/lib/python3.8/site-packages/airflow/example_dags/plugins/listener_plugin.py
[2025-12-24T21:36:46.056+0000] {processor.py:183} INFO - Processing /home/airflow/.local/lib/python3.8/site-packages/airflow/example_dags/plugins/listener_plugin.py took 0.033 seconds
[2025-12-24T21:37:16.464+0000] {processor.py:161} INFO - Started process (PID=41071) to work on /home/airflow/.local/lib/python3.8/site-packages/airflow/example_dags/plugins/listener_plugin.py
[2025-12-24T21:37:16.465+0000] {processor.py:830} INFO - Processing file /home/airflow/.local/lib/python3.8/site-packages/airflow/example_dags/plugins/listener_plugin.py for tasks to queue
[2025-12-24T21:37:16.467+0000] {logging_mixin.py:188} INFO - [2025-12-24T21:37:16.466+0000] {dagbag.py:538} INFO - Filling up the DagBag from /home/airflow/.local/lib/python3.8/site-packages/airflow/example_dags/plugins/listener_plugin.py
[2025-12-24T21:37:16.471+0000] {processor.py:842} WARNING - No viable dags retrieved from /home/airflow/.local/lib/python3.8/site-packages/airflow/example_dags/plugins/listener_plugin.py
[2025-12-24T21:37:16.491+0000] {processor.py:183} INFO - Processing /home/airflow/.local/lib/python3.8/site-packages/airflow/example_dags/plugins/listener_plugin.py took 0.033 seconds
[2025-12-24T21:37:46.573+0000] {processor.py:161} INFO - Started process (PID=41133) to work on /home/airflow/.local/lib/python3.8/site-packages/airflow/example_dags/plugins/listener_plugin.py
[2025-12-24T21:37:46.574+0000] {processor.py:830} INFO - Processing file /home/airflow/.local/lib/python3.8/site-packages/airflow/example_dags/plugins/listener_plugin.py for tasks to queue
[2025-12-24T21:37:46.575+0000] {logging_mixin.py:188} INFO - [2025-12-24T21:37:46.575+0000] {dagbag.py:538} INFO - Filling up the DagBag from /home/airflow/.local/lib/python3.8/site-packages/airflow/example_dags/plugins/listener_plugin.py
[2025-12-24T21:37:46.578+0000] {processor.py:842} WARNING - No viable dags retrieved from /home/airflow/.local/lib/python3.8/site-packages/airflow/example_dags/plugins/listener_plugin.py
[2025-12-24T21:37:46.595+0000] {processor.py:183} INFO - Processing /home/airflow/.local/lib/python3.8/site-packages/airflow/example_dags/plugins/listener_plugin.py took 0.025 seconds
[2025-12-24T21:38:17.294+0000] {processor.py:161} INFO - Started process (PID=41196) to work on /home/airflow/.local/lib/python3.8/site-packages/airflow/example_dags/plugins/listener_plugin.py
[2025-12-24T21:38:17.295+0000] {processor.py:830} INFO - Processing file /home/airflow/.local/lib/python3.8/site-packages/airflow/example_dags/plugins/listener_plugin.py for tasks to queue
[2025-12-24T21:38:17.297+0000] {logging_mixin.py:188} INFO - [2025-12-24T21:38:17.296+0000] {dagbag.py:538} INFO - Filling up the DagBag from /home/airflow/.local/lib/python3.8/site-packages/airflow/example_dags/plugins/listener_plugin.py
[2025-12-24T21:38:17.300+0000] {processor.py:842} WARNING - No viable dags retrieved from /home/airflow/.local/lib/python3.8/site-packages/airflow/example_dags/plugins/listener_plugin.py
[2025-12-24T21:38:17.314+0000] {processor.py:183} INFO - Processing /home/airflow/.local/lib/python3.8/site-packages/airflow/example_dags/plugins/listener_plugin.py took 0.024 seconds
[2025-12-24T21:38:47.915+0000] {processor.py:161} INFO - Started process (PID=41254) to work on /home/airflow/.local/lib/python3.8/site-packages/airflow/example_dags/plugins/listener_plugin.py
[2025-12-24T21:38:47.917+0000] {processor.py:830} INFO - Processing file /home/airflow/.local/lib/python3.8/site-packages/airflow/example_dags/plugins/listener_plugin.py for tasks to queue
[2025-12-24T21:38:47.918+0000] {logging_mixin.py:188} INFO - [2025-12-24T21:38:47.917+0000] {dagbag.py:538} INFO - Filling up the DagBag from /home/airflow/.local/lib/python3.8/site-packages/airflow/example_dags/plugins/listener_plugin.py
[2025-12-24T21:38:47.920+0000] {processor.py:842} WARNING - No viable dags retrieved from /home/airflow/.local/lib/python3.8/site-packages/airflow/example_dags/plugins/listener_plugin.py
[2025-12-24T21:38:47.935+0000] {processor.py:183} INFO - Processing /home/airflow/.local/lib/python3.8/site-packages/airflow/example_dags/plugins/listener_plugin.py took 0.024 seconds
[2025-12-24T21:39:18.700+0000] {processor.py:161} INFO - Started process (PID=41315) to work on /home/airflow/.local/lib/python3.8/site-packages/airflow/example_dags/plugins/listener_plugin.py
[2025-12-24T21:39:18.702+0000] {processor.py:830} INFO - Processing file /home/airflow/.local/lib/python3.8/site-packages/airflow/example_dags/plugins/listener_plugin.py for tasks to queue
[2025-12-24T21:39:18.703+0000] {logging_mixin.py:188} INFO - [2025-12-24T21:39:18.703+0000] {dagbag.py:538} INFO - Filling up the DagBag from /home/airflow/.local/lib/python3.8/site-packages/airflow/example_dags/plugins/listener_plugin.py
[2025-12-24T21:39:18.707+0000] {processor.py:842} WARNING - No viable dags retrieved from /home/airflow/.local/lib/python3.8/site-packages/airflow/example_dags/plugins/listener_plugin.py
[2025-12-24T21:39:18.730+0000] {processor.py:183} INFO - Processing /home/airflow/.local/lib/python3.8/site-packages/airflow/example_dags/plugins/listener_plugin.py took 0.034 seconds
[2025-12-24T21:39:49.435+0000] {processor.py:161} INFO - Started process (PID=41374) to work on /home/airflow/.local/lib/python3.8/site-packages/airflow/example_dags/plugins/listener_plugin.py
[2025-12-24T21:39:49.437+0000] {processor.py:830} INFO - Processing file /home/airflow/.local/lib/python3.8/site-packages/airflow/example_dags/plugins/listener_plugin.py for tasks to queue
[2025-12-24T21:39:49.438+0000] {logging_mixin.py:188} INFO - [2025-12-24T21:39:49.437+0000] {dagbag.py:538} INFO - Filling up the DagBag from /home/airflow/.local/lib/python3.8/site-packages/airflow/example_dags/plugins/listener_plugin.py
[2025-12-24T21:39:49.441+0000] {processor.py:842} WARNING - No viable dags retrieved from /home/airflow/.local/lib/python3.8/site-packages/airflow/example_dags/plugins/listener_plugin.py
[2025-12-24T21:39:49.459+0000] {processor.py:183} INFO - Processing /home/airflow/.local/lib/python3.8/site-packages/airflow/example_dags/plugins/listener_plugin.py took 0.028 seconds
[2025-12-24T21:40:20.356+0000] {processor.py:161} INFO - Started process (PID=41437) to work on /home/airflow/.local/lib/python3.8/site-packages/airflow/example_dags/plugins/listener_plugin.py
[2025-12-24T21:40:20.357+0000] {processor.py:830} INFO - Processing file /home/airflow/.local/lib/python3.8/site-packages/airflow/example_dags/plugins/listener_plugin.py for tasks to queue
[2025-12-24T21:40:20.359+0000] {logging_mixin.py:188} INFO - [2025-12-24T21:40:20.358+0000] {dagbag.py:538} INFO - Filling up the DagBag from /home/airflow/.local/lib/python3.8/site-packages/airflow/example_dags/plugins/listener_plugin.py
[2025-12-24T21:40:20.363+0000] {processor.py:842} WARNING - No viable dags retrieved from /home/airflow/.local/lib/python3.8/site-packages/airflow/example_dags/plugins/listener_plugin.py
[2025-12-24T21:40:20.382+0000] {processor.py:183} INFO - Processing /home/airflow/.local/lib/python3.8/site-packages/airflow/example_dags/plugins/listener_plugin.py took 0.032 seconds
[2025-12-24T21:40:50.640+0000] {processor.py:161} INFO - Started process (PID=41509) to work on /home/airflow/.local/lib/python3.8/site-packages/airflow/example_dags/plugins/listener_plugin.py
[2025-12-24T21:40:50.642+0000] {processor.py:830} INFO - Processing file /home/airflow/.local/lib/python3.8/site-packages/airflow/example_dags/plugins/listener_plugin.py for tasks to queue
[2025-12-24T21:40:50.643+0000] {logging_mixin.py:188} INFO - [2025-12-24T21:40:50.643+0000] {dagbag.py:538} INFO - Filling up the DagBag from /home/airflow/.local/lib/python3.8/site-packages/airflow/example_dags/plugins/listener_plugin.py
[2025-12-24T21:40:50.647+0000] {processor.py:842} WARNING - No viable dags retrieved from /home/airflow/.local/lib/python3.8/site-packages/airflow/example_dags/plugins/listener_plugin.py
[2025-12-24T21:40:50.666+0000] {processor.py:183} INFO - Processing /home/airflow/.local/lib/python3.8/site-packages/airflow/example_dags/plugins/listener_plugin.py took 0.030 seconds
[2025-12-24T21:41:21.724+0000] {processor.py:161} INFO - Started process (PID=41575) to work on /home/airflow/.local/lib/python3.8/site-packages/airflow/example_dags/plugins/listener_plugin.py
[2025-12-24T21:41:21.725+0000] {processor.py:830} INFO - Processing file /home/airflow/.local/lib/python3.8/site-packages/airflow/example_dags/plugins/listener_plugin.py for tasks to queue
[2025-12-24T21:41:21.726+0000] {logging_mixin.py:188} INFO - [2025-12-24T21:41:21.726+0000] {dagbag.py:538} INFO - Filling up the DagBag from /home/airflow/.local/lib/python3.8/site-packages/airflow/example_dags/plugins/listener_plugin.py
[2025-12-24T21:41:21.729+0000] {processor.py:842} WARNING - No viable dags retrieved from /home/airflow/.local/lib/python3.8/site-packages/airflow/example_dags/plugins/listener_plugin.py
[2025-12-24T21:41:21.745+0000] {processor.py:183} INFO - Processing /home/airflow/.local/lib/python3.8/site-packages/airflow/example_dags/plugins/listener_plugin.py took 0.025 seconds
[2025-12-24T21:41:52.221+0000] {processor.py:161} INFO - Started process (PID=41637) to work on /home/airflow/.local/lib/python3.8/site-packages/airflow/example_dags/plugins/listener_plugin.py
[2025-12-24T21:41:52.222+0000] {processor.py:830} INFO - Processing file /home/airflow/.local/lib/python3.8/site-packages/airflow/example_dags/plugins/listener_plugin.py for tasks to queue
[2025-12-24T21:41:52.223+0000] {logging_mixin.py:188} INFO - [2025-12-24T21:41:52.223+0000] {dagbag.py:538} INFO - Filling up the DagBag from /home/airflow/.local/lib/python3.8/site-packages/airflow/example_dags/plugins/listener_plugin.py
[2025-12-24T21:41:52.227+0000] {processor.py:842} WARNING - No viable dags retrieved from /home/airflow/.local/lib/python3.8/site-packages/airflow/example_dags/plugins/listener_plugin.py
[2025-12-24T21:41:52.243+0000] {processor.py:183} INFO - Processing /home/airflow/.local/lib/python3.8/site-packages/airflow/example_dags/plugins/listener_plugin.py took 0.026 seconds
[2025-12-24T21:42:22.511+0000] {processor.py:161} INFO - Started process (PID=41695) to work on /home/airflow/.local/lib/python3.8/site-packages/airflow/example_dags/plugins/listener_plugin.py
[2025-12-24T21:42:22.513+0000] {processor.py:830} INFO - Processing file /home/airflow/.local/lib/python3.8/site-packages/airflow/example_dags/plugins/listener_plugin.py for tasks to queue
[2025-12-24T21:42:22.514+0000] {logging_mixin.py:188} INFO - [2025-12-24T21:42:22.514+0000] {dagbag.py:538} INFO - Filling up the DagBag from /home/airflow/.local/lib/python3.8/site-packages/airflow/example_dags/plugins/listener_plugin.py
[2025-12-24T21:42:22.517+0000] {processor.py:842} WARNING - No viable dags retrieved from /home/airflow/.local/lib/python3.8/site-packages/airflow/example_dags/plugins/listener_plugin.py
[2025-12-24T21:42:22.531+0000] {processor.py:183} INFO - Processing /home/airflow/.local/lib/python3.8/site-packages/airflow/example_dags/plugins/listener_plugin.py took 0.025 seconds
[2025-12-24T21:42:52.994+0000] {processor.py:161} INFO - Started process (PID=41757) to work on /home/airflow/.local/lib/python3.8/site-packages/airflow/example_dags/plugins/listener_plugin.py
[2025-12-24T21:42:52.996+0000] {processor.py:830} INFO - Processing file /home/airflow/.local/lib/python3.8/site-packages/airflow/example_dags/plugins/listener_plugin.py for tasks to queue
[2025-12-24T21:42:52.998+0000] {logging_mixin.py:188} INFO - [2025-12-24T21:42:52.997+0000] {dagbag.py:538} INFO - Filling up the DagBag from /home/airflow/.local/lib/python3.8/site-packages/airflow/example_dags/plugins/listener_plugin.py
[2025-12-24T21:42:53.005+0000] {processor.py:842} WARNING - No viable dags retrieved from /home/airflow/.local/lib/python3.8/site-packages/airflow/example_dags/plugins/listener_plugin.py
[2025-12-24T21:42:53.023+0000] {processor.py:183} INFO - Processing /home/airflow/.local/lib/python3.8/site-packages/airflow/example_dags/plugins/listener_plugin.py took 0.033 seconds
[2025-12-24T21:43:23.159+0000] {processor.py:161} INFO - Started process (PID=41816) to work on /home/airflow/.local/lib/python3.8/site-packages/airflow/example_dags/plugins/listener_plugin.py
[2025-12-24T21:43:23.161+0000] {processor.py:830} INFO - Processing file /home/airflow/.local/lib/python3.8/site-packages/airflow/example_dags/plugins/listener_plugin.py for tasks to queue
[2025-12-24T21:43:23.162+0000] {logging_mixin.py:188} INFO - [2025-12-24T21:43:23.161+0000] {dagbag.py:538} INFO - Filling up the DagBag from /home/airflow/.local/lib/python3.8/site-packages/airflow/example_dags/plugins/listener_plugin.py
[2025-12-24T21:43:23.165+0000] {processor.py:842} WARNING - No viable dags retrieved from /home/airflow/.local/lib/python3.8/site-packages/airflow/example_dags/plugins/listener_plugin.py
[2025-12-24T21:43:23.181+0000] {processor.py:183} INFO - Processing /home/airflow/.local/lib/python3.8/site-packages/airflow/example_dags/plugins/listener_plugin.py took 0.025 seconds
[2025-12-24T21:43:53.659+0000] {processor.py:161} INFO - Started process (PID=41875) to work on /home/airflow/.local/lib/python3.8/site-packages/airflow/example_dags/plugins/listener_plugin.py
[2025-12-24T21:43:53.661+0000] {processor.py:830} INFO - Processing file /home/airflow/.local/lib/python3.8/site-packages/airflow/example_dags/plugins/listener_plugin.py for tasks to queue
[2025-12-24T21:43:53.663+0000] {logging_mixin.py:188} INFO - [2025-12-24T21:43:53.662+0000] {dagbag.py:538} INFO - Filling up the DagBag from /home/airflow/.local/lib/python3.8/site-packages/airflow/example_dags/plugins/listener_plugin.py
[2025-12-24T21:43:53.670+0000] {processor.py:842} WARNING - No viable dags retrieved from /home/airflow/.local/lib/python3.8/site-packages/airflow/example_dags/plugins/listener_plugin.py
[2025-12-24T21:43:53.693+0000] {processor.py:183} INFO - Processing /home/airflow/.local/lib/python3.8/site-packages/airflow/example_dags/plugins/listener_plugin.py took 0.040 seconds
[2025-12-24T21:44:24.007+0000] {processor.py:161} INFO - Started process (PID=41934) to work on /home/airflow/.local/lib/python3.8/site-packages/airflow/example_dags/plugins/listener_plugin.py
[2025-12-24T21:44:24.008+0000] {processor.py:830} INFO - Processing file /home/airflow/.local/lib/python3.8/site-packages/airflow/example_dags/plugins/listener_plugin.py for tasks to queue
[2025-12-24T21:44:24.010+0000] {logging_mixin.py:188} INFO - [2025-12-24T21:44:24.009+0000] {dagbag.py:538} INFO - Filling up the DagBag from /home/airflow/.local/lib/python3.8/site-packages/airflow/example_dags/plugins/listener_plugin.py
[2025-12-24T21:44:24.013+0000] {processor.py:842} WARNING - No viable dags retrieved from /home/airflow/.local/lib/python3.8/site-packages/airflow/example_dags/plugins/listener_plugin.py
[2025-12-24T21:44:24.030+0000] {processor.py:183} INFO - Processing /home/airflow/.local/lib/python3.8/site-packages/airflow/example_dags/plugins/listener_plugin.py took 0.028 seconds
[2025-12-24T21:44:54.334+0000] {processor.py:161} INFO - Started process (PID=41997) to work on /home/airflow/.local/lib/python3.8/site-packages/airflow/example_dags/plugins/listener_plugin.py
[2025-12-24T21:44:54.335+0000] {processor.py:830} INFO - Processing file /home/airflow/.local/lib/python3.8/site-packages/airflow/example_dags/plugins/listener_plugin.py for tasks to queue
[2025-12-24T21:44:54.336+0000] {logging_mixin.py:188} INFO - [2025-12-24T21:44:54.336+0000] {dagbag.py:538} INFO - Filling up the DagBag from /home/airflow/.local/lib/python3.8/site-packages/airflow/example_dags/plugins/listener_plugin.py
[2025-12-24T21:44:54.340+0000] {processor.py:842} WARNING - No viable dags retrieved from /home/airflow/.local/lib/python3.8/site-packages/airflow/example_dags/plugins/listener_plugin.py
[2025-12-24T21:44:54.354+0000] {processor.py:183} INFO - Processing /home/airflow/.local/lib/python3.8/site-packages/airflow/example_dags/plugins/listener_plugin.py took 0.024 seconds
[2025-12-24T21:45:25.097+0000] {processor.py:161} INFO - Started process (PID=42056) to work on /home/airflow/.local/lib/python3.8/site-packages/airflow/example_dags/plugins/listener_plugin.py
[2025-12-24T21:45:25.098+0000] {processor.py:830} INFO - Processing file /home/airflow/.local/lib/python3.8/site-packages/airflow/example_dags/plugins/listener_plugin.py for tasks to queue
[2025-12-24T21:45:25.100+0000] {logging_mixin.py:188} INFO - [2025-12-24T21:45:25.100+0000] {dagbag.py:538} INFO - Filling up the DagBag from /home/airflow/.local/lib/python3.8/site-packages/airflow/example_dags/plugins/listener_plugin.py
[2025-12-24T21:45:25.103+0000] {processor.py:842} WARNING - No viable dags retrieved from /home/airflow/.local/lib/python3.8/site-packages/airflow/example_dags/plugins/listener_plugin.py
[2025-12-24T21:45:25.118+0000] {processor.py:183} INFO - Processing /home/airflow/.local/lib/python3.8/site-packages/airflow/example_dags/plugins/listener_plugin.py took 0.024 seconds
[2025-12-24T21:45:55.458+0000] {processor.py:161} INFO - Started process (PID=42115) to work on /home/airflow/.local/lib/python3.8/site-packages/airflow/example_dags/plugins/listener_plugin.py
[2025-12-24T21:45:55.460+0000] {processor.py:830} INFO - Processing file /home/airflow/.local/lib/python3.8/site-packages/airflow/example_dags/plugins/listener_plugin.py for tasks to queue
[2025-12-24T21:45:55.461+0000] {logging_mixin.py:188} INFO - [2025-12-24T21:45:55.460+0000] {dagbag.py:538} INFO - Filling up the DagBag from /home/airflow/.local/lib/python3.8/site-packages/airflow/example_dags/plugins/listener_plugin.py
[2025-12-24T21:45:55.464+0000] {processor.py:842} WARNING - No viable dags retrieved from /home/airflow/.local/lib/python3.8/site-packages/airflow/example_dags/plugins/listener_plugin.py
[2025-12-24T21:45:55.482+0000] {processor.py:183} INFO - Processing /home/airflow/.local/lib/python3.8/site-packages/airflow/example_dags/plugins/listener_plugin.py took 0.029 seconds
[2025-12-24T21:46:26.230+0000] {processor.py:161} INFO - Started process (PID=42174) to work on /home/airflow/.local/lib/python3.8/site-packages/airflow/example_dags/plugins/listener_plugin.py
[2025-12-24T21:46:26.231+0000] {processor.py:830} INFO - Processing file /home/airflow/.local/lib/python3.8/site-packages/airflow/example_dags/plugins/listener_plugin.py for tasks to queue
[2025-12-24T21:46:26.232+0000] {logging_mixin.py:188} INFO - [2025-12-24T21:46:26.232+0000] {dagbag.py:538} INFO - Filling up the DagBag from /home/airflow/.local/lib/python3.8/site-packages/airflow/example_dags/plugins/listener_plugin.py
[2025-12-24T21:46:26.235+0000] {processor.py:842} WARNING - No viable dags retrieved from /home/airflow/.local/lib/python3.8/site-packages/airflow/example_dags/plugins/listener_plugin.py
[2025-12-24T21:46:26.250+0000] {processor.py:183} INFO - Processing /home/airflow/.local/lib/python3.8/site-packages/airflow/example_dags/plugins/listener_plugin.py took 0.024 seconds
[2025-12-24T21:46:56.548+0000] {processor.py:161} INFO - Started process (PID=42233) to work on /home/airflow/.local/lib/python3.8/site-packages/airflow/example_dags/plugins/listener_plugin.py
[2025-12-24T21:46:56.549+0000] {processor.py:830} INFO - Processing file /home/airflow/.local/lib/python3.8/site-packages/airflow/example_dags/plugins/listener_plugin.py for tasks to queue
[2025-12-24T21:46:56.551+0000] {logging_mixin.py:188} INFO - [2025-12-24T21:46:56.550+0000] {dagbag.py:538} INFO - Filling up the DagBag from /home/airflow/.local/lib/python3.8/site-packages/airflow/example_dags/plugins/listener_plugin.py
[2025-12-24T21:46:56.555+0000] {processor.py:842} WARNING - No viable dags retrieved from /home/airflow/.local/lib/python3.8/site-packages/airflow/example_dags/plugins/listener_plugin.py
[2025-12-24T21:46:56.579+0000] {processor.py:183} INFO - Processing /home/airflow/.local/lib/python3.8/site-packages/airflow/example_dags/plugins/listener_plugin.py took 0.035 seconds
[2025-12-24T21:47:26.872+0000] {processor.py:161} INFO - Started process (PID=42294) to work on /home/airflow/.local/lib/python3.8/site-packages/airflow/example_dags/plugins/listener_plugin.py
[2025-12-24T21:47:26.873+0000] {processor.py:830} INFO - Processing file /home/airflow/.local/lib/python3.8/site-packages/airflow/example_dags/plugins/listener_plugin.py for tasks to queue
[2025-12-24T21:47:26.874+0000] {logging_mixin.py:188} INFO - [2025-12-24T21:47:26.874+0000] {dagbag.py:538} INFO - Filling up the DagBag from /home/airflow/.local/lib/python3.8/site-packages/airflow/example_dags/plugins/listener_plugin.py
[2025-12-24T21:47:26.877+0000] {processor.py:842} WARNING - No viable dags retrieved from /home/airflow/.local/lib/python3.8/site-packages/airflow/example_dags/plugins/listener_plugin.py
[2025-12-24T21:47:26.892+0000] {processor.py:183} INFO - Processing /home/airflow/.local/lib/python3.8/site-packages/airflow/example_dags/plugins/listener_plugin.py took 0.024 seconds
[2025-12-24T21:47:57.655+0000] {processor.py:161} INFO - Started process (PID=42359) to work on /home/airflow/.local/lib/python3.8/site-packages/airflow/example_dags/plugins/listener_plugin.py
[2025-12-24T21:47:57.657+0000] {processor.py:830} INFO - Processing file /home/airflow/.local/lib/python3.8/site-packages/airflow/example_dags/plugins/listener_plugin.py for tasks to queue
[2025-12-24T21:47:57.658+0000] {logging_mixin.py:188} INFO - [2025-12-24T21:47:57.658+0000] {dagbag.py:538} INFO - Filling up the DagBag from /home/airflow/.local/lib/python3.8/site-packages/airflow/example_dags/plugins/listener_plugin.py
[2025-12-24T21:47:57.662+0000] {processor.py:842} WARNING - No viable dags retrieved from /home/airflow/.local/lib/python3.8/site-packages/airflow/example_dags/plugins/listener_plugin.py
[2025-12-24T21:47:57.681+0000] {processor.py:183} INFO - Processing /home/airflow/.local/lib/python3.8/site-packages/airflow/example_dags/plugins/listener_plugin.py took 0.031 seconds
[2025-12-24T21:48:27.927+0000] {processor.py:161} INFO - Started process (PID=42420) to work on /home/airflow/.local/lib/python3.8/site-packages/airflow/example_dags/plugins/listener_plugin.py
[2025-12-24T21:48:27.928+0000] {processor.py:830} INFO - Processing file /home/airflow/.local/lib/python3.8/site-packages/airflow/example_dags/plugins/listener_plugin.py for tasks to queue
[2025-12-24T21:48:27.929+0000] {logging_mixin.py:188} INFO - [2025-12-24T21:48:27.929+0000] {dagbag.py:538} INFO - Filling up the DagBag from /home/airflow/.local/lib/python3.8/site-packages/airflow/example_dags/plugins/listener_plugin.py
[2025-12-24T21:48:27.932+0000] {processor.py:842} WARNING - No viable dags retrieved from /home/airflow/.local/lib/python3.8/site-packages/airflow/example_dags/plugins/listener_plugin.py
[2025-12-24T21:48:27.946+0000] {processor.py:183} INFO - Processing /home/airflow/.local/lib/python3.8/site-packages/airflow/example_dags/plugins/listener_plugin.py took 0.023 seconds
[2025-12-24T21:48:58.565+0000] {processor.py:161} INFO - Started process (PID=42479) to work on /home/airflow/.local/lib/python3.8/site-packages/airflow/example_dags/plugins/listener_plugin.py
[2025-12-24T21:48:58.567+0000] {processor.py:830} INFO - Processing file /home/airflow/.local/lib/python3.8/site-packages/airflow/example_dags/plugins/listener_plugin.py for tasks to queue
[2025-12-24T21:48:58.570+0000] {logging_mixin.py:188} INFO - [2025-12-24T21:48:58.569+0000] {dagbag.py:538} INFO - Filling up the DagBag from /home/airflow/.local/lib/python3.8/site-packages/airflow/example_dags/plugins/listener_plugin.py
[2025-12-24T21:48:58.575+0000] {processor.py:842} WARNING - No viable dags retrieved from /home/airflow/.local/lib/python3.8/site-packages/airflow/example_dags/plugins/listener_plugin.py
[2025-12-24T21:48:58.604+0000] {processor.py:183} INFO - Processing /home/airflow/.local/lib/python3.8/site-packages/airflow/example_dags/plugins/listener_plugin.py took 0.045 seconds
[2025-12-24T21:49:28.781+0000] {processor.py:161} INFO - Started process (PID=42544) to work on /home/airflow/.local/lib/python3.8/site-packages/airflow/example_dags/plugins/listener_plugin.py
[2025-12-24T21:49:28.783+0000] {processor.py:830} INFO - Processing file /home/airflow/.local/lib/python3.8/site-packages/airflow/example_dags/plugins/listener_plugin.py for tasks to queue
[2025-12-24T21:49:28.784+0000] {logging_mixin.py:188} INFO - [2025-12-24T21:49:28.784+0000] {dagbag.py:538} INFO - Filling up the DagBag from /home/airflow/.local/lib/python3.8/site-packages/airflow/example_dags/plugins/listener_plugin.py
[2025-12-24T21:49:28.788+0000] {processor.py:842} WARNING - No viable dags retrieved from /home/airflow/.local/lib/python3.8/site-packages/airflow/example_dags/plugins/listener_plugin.py
[2025-12-24T21:49:28.807+0000] {processor.py:183} INFO - Processing /home/airflow/.local/lib/python3.8/site-packages/airflow/example_dags/plugins/listener_plugin.py took 0.032 seconds
[2025-12-24T21:49:59.322+0000] {processor.py:161} INFO - Started process (PID=42607) to work on /home/airflow/.local/lib/python3.8/site-packages/airflow/example_dags/plugins/listener_plugin.py
[2025-12-24T21:49:59.327+0000] {processor.py:830} INFO - Processing file /home/airflow/.local/lib/python3.8/site-packages/airflow/example_dags/plugins/listener_plugin.py for tasks to queue
[2025-12-24T21:49:59.331+0000] {logging_mixin.py:188} INFO - [2025-12-24T21:49:59.330+0000] {dagbag.py:538} INFO - Filling up the DagBag from /home/airflow/.local/lib/python3.8/site-packages/airflow/example_dags/plugins/listener_plugin.py
[2025-12-24T21:49:59.337+0000] {processor.py:842} WARNING - No viable dags retrieved from /home/airflow/.local/lib/python3.8/site-packages/airflow/example_dags/plugins/listener_plugin.py
[2025-12-24T21:49:59.366+0000] {processor.py:183} INFO - Processing /home/airflow/.local/lib/python3.8/site-packages/airflow/example_dags/plugins/listener_plugin.py took 0.051 seconds
[2025-12-24T21:50:29.559+0000] {processor.py:161} INFO - Started process (PID=42666) to work on /home/airflow/.local/lib/python3.8/site-packages/airflow/example_dags/plugins/listener_plugin.py
[2025-12-24T21:50:29.560+0000] {processor.py:830} INFO - Processing file /home/airflow/.local/lib/python3.8/site-packages/airflow/example_dags/plugins/listener_plugin.py for tasks to queue
[2025-12-24T21:50:29.562+0000] {logging_mixin.py:188} INFO - [2025-12-24T21:50:29.561+0000] {dagbag.py:538} INFO - Filling up the DagBag from /home/airflow/.local/lib/python3.8/site-packages/airflow/example_dags/plugins/listener_plugin.py
[2025-12-24T21:50:29.566+0000] {processor.py:842} WARNING - No viable dags retrieved from /home/airflow/.local/lib/python3.8/site-packages/airflow/example_dags/plugins/listener_plugin.py
[2025-12-24T21:50:29.582+0000] {processor.py:183} INFO - Processing /home/airflow/.local/lib/python3.8/site-packages/airflow/example_dags/plugins/listener_plugin.py took 0.029 seconds
[2025-12-24T21:51:00.161+0000] {processor.py:161} INFO - Started process (PID=42725) to work on /home/airflow/.local/lib/python3.8/site-packages/airflow/example_dags/plugins/listener_plugin.py
[2025-12-24T21:51:00.163+0000] {processor.py:830} INFO - Processing file /home/airflow/.local/lib/python3.8/site-packages/airflow/example_dags/plugins/listener_plugin.py for tasks to queue
[2025-12-24T21:51:00.164+0000] {logging_mixin.py:188} INFO - [2025-12-24T21:51:00.164+0000] {dagbag.py:538} INFO - Filling up the DagBag from /home/airflow/.local/lib/python3.8/site-packages/airflow/example_dags/plugins/listener_plugin.py
[2025-12-24T21:51:00.167+0000] {processor.py:842} WARNING - No viable dags retrieved from /home/airflow/.local/lib/python3.8/site-packages/airflow/example_dags/plugins/listener_plugin.py
[2025-12-24T21:51:00.183+0000] {processor.py:183} INFO - Processing /home/airflow/.local/lib/python3.8/site-packages/airflow/example_dags/plugins/listener_plugin.py took 0.025 seconds
[2025-12-24T21:51:30.869+0000] {processor.py:161} INFO - Started process (PID=42784) to work on /home/airflow/.local/lib/python3.8/site-packages/airflow/example_dags/plugins/listener_plugin.py
[2025-12-24T21:51:30.870+0000] {processor.py:830} INFO - Processing file /home/airflow/.local/lib/python3.8/site-packages/airflow/example_dags/plugins/listener_plugin.py for tasks to queue
[2025-12-24T21:51:30.871+0000] {logging_mixin.py:188} INFO - [2025-12-24T21:51:30.871+0000] {dagbag.py:538} INFO - Filling up the DagBag from /home/airflow/.local/lib/python3.8/site-packages/airflow/example_dags/plugins/listener_plugin.py
[2025-12-24T21:51:30.874+0000] {processor.py:842} WARNING - No viable dags retrieved from /home/airflow/.local/lib/python3.8/site-packages/airflow/example_dags/plugins/listener_plugin.py
[2025-12-24T21:51:30.888+0000] {processor.py:183} INFO - Processing /home/airflow/.local/lib/python3.8/site-packages/airflow/example_dags/plugins/listener_plugin.py took 0.022 seconds
[2025-12-24T21:52:01.364+0000] {processor.py:161} INFO - Started process (PID=42843) to work on /home/airflow/.local/lib/python3.8/site-packages/airflow/example_dags/plugins/listener_plugin.py
[2025-12-24T21:52:01.365+0000] {processor.py:830} INFO - Processing file /home/airflow/.local/lib/python3.8/site-packages/airflow/example_dags/plugins/listener_plugin.py for tasks to queue
[2025-12-24T21:52:01.366+0000] {logging_mixin.py:188} INFO - [2025-12-24T21:52:01.366+0000] {dagbag.py:538} INFO - Filling up the DagBag from /home/airflow/.local/lib/python3.8/site-packages/airflow/example_dags/plugins/listener_plugin.py
[2025-12-24T21:52:01.371+0000] {processor.py:842} WARNING - No viable dags retrieved from /home/airflow/.local/lib/python3.8/site-packages/airflow/example_dags/plugins/listener_plugin.py
[2025-12-24T21:52:01.385+0000] {processor.py:183} INFO - Processing /home/airflow/.local/lib/python3.8/site-packages/airflow/example_dags/plugins/listener_plugin.py took 0.026 seconds
[2025-12-24T21:52:32.932+0000] {processor.py:161} INFO - Started process (PID=42902) to work on /home/airflow/.local/lib/python3.8/site-packages/airflow/example_dags/plugins/listener_plugin.py
[2025-12-24T21:52:32.933+0000] {processor.py:830} INFO - Processing file /home/airflow/.local/lib/python3.8/site-packages/airflow/example_dags/plugins/listener_plugin.py for tasks to queue
[2025-12-24T21:52:32.934+0000] {logging_mixin.py:188} INFO - [2025-12-24T21:52:32.934+0000] {dagbag.py:538} INFO - Filling up the DagBag from /home/airflow/.local/lib/python3.8/site-packages/airflow/example_dags/plugins/listener_plugin.py
[2025-12-24T21:52:32.937+0000] {processor.py:842} WARNING - No viable dags retrieved from /home/airflow/.local/lib/python3.8/site-packages/airflow/example_dags/plugins/listener_plugin.py
[2025-12-24T21:52:32.953+0000] {processor.py:183} INFO - Processing /home/airflow/.local/lib/python3.8/site-packages/airflow/example_dags/plugins/listener_plugin.py took 0.025 seconds
[2025-12-24T21:53:03.832+0000] {processor.py:161} INFO - Started process (PID=42960) to work on /home/airflow/.local/lib/python3.8/site-packages/airflow/example_dags/plugins/listener_plugin.py
[2025-12-24T21:53:03.833+0000] {processor.py:830} INFO - Processing file /home/airflow/.local/lib/python3.8/site-packages/airflow/example_dags/plugins/listener_plugin.py for tasks to queue
[2025-12-24T21:53:03.835+0000] {logging_mixin.py:188} INFO - [2025-12-24T21:53:03.835+0000] {dagbag.py:538} INFO - Filling up the DagBag from /home/airflow/.local/lib/python3.8/site-packages/airflow/example_dags/plugins/listener_plugin.py
[2025-12-24T21:53:03.850+0000] {processor.py:842} WARNING - No viable dags retrieved from /home/airflow/.local/lib/python3.8/site-packages/airflow/example_dags/plugins/listener_plugin.py
[2025-12-24T21:53:03.896+0000] {processor.py:183} INFO - Processing /home/airflow/.local/lib/python3.8/site-packages/airflow/example_dags/plugins/listener_plugin.py took 0.069 seconds
[2025-12-24T21:53:35.051+0000] {processor.py:161} INFO - Started process (PID=43018) to work on /home/airflow/.local/lib/python3.8/site-packages/airflow/example_dags/plugins/listener_plugin.py
[2025-12-24T21:53:35.053+0000] {processor.py:830} INFO - Processing file /home/airflow/.local/lib/python3.8/site-packages/airflow/example_dags/plugins/listener_plugin.py for tasks to queue
[2025-12-24T21:53:35.054+0000] {logging_mixin.py:188} INFO - [2025-12-24T21:53:35.054+0000] {dagbag.py:538} INFO - Filling up the DagBag from /home/airflow/.local/lib/python3.8/site-packages/airflow/example_dags/plugins/listener_plugin.py
[2025-12-24T21:53:35.057+0000] {processor.py:842} WARNING - No viable dags retrieved from /home/airflow/.local/lib/python3.8/site-packages/airflow/example_dags/plugins/listener_plugin.py
[2025-12-24T21:53:35.071+0000] {processor.py:183} INFO - Processing /home/airflow/.local/lib/python3.8/site-packages/airflow/example_dags/plugins/listener_plugin.py took 0.024 seconds
[2025-12-24T21:54:05.614+0000] {processor.py:161} INFO - Started process (PID=43077) to work on /home/airflow/.local/lib/python3.8/site-packages/airflow/example_dags/plugins/listener_plugin.py
[2025-12-24T21:54:05.615+0000] {processor.py:830} INFO - Processing file /home/airflow/.local/lib/python3.8/site-packages/airflow/example_dags/plugins/listener_plugin.py for tasks to queue
[2025-12-24T21:54:05.616+0000] {logging_mixin.py:188} INFO - [2025-12-24T21:54:05.616+0000] {dagbag.py:538} INFO - Filling up the DagBag from /home/airflow/.local/lib/python3.8/site-packages/airflow/example_dags/plugins/listener_plugin.py
[2025-12-24T21:54:05.619+0000] {processor.py:842} WARNING - No viable dags retrieved from /home/airflow/.local/lib/python3.8/site-packages/airflow/example_dags/plugins/listener_plugin.py
[2025-12-24T21:54:05.635+0000] {processor.py:183} INFO - Processing /home/airflow/.local/lib/python3.8/site-packages/airflow/example_dags/plugins/listener_plugin.py took 0.025 seconds
[2025-12-24T21:54:36.245+0000] {processor.py:161} INFO - Started process (PID=43136) to work on /home/airflow/.local/lib/python3.8/site-packages/airflow/example_dags/plugins/listener_plugin.py
[2025-12-24T21:54:36.246+0000] {processor.py:830} INFO - Processing file /home/airflow/.local/lib/python3.8/site-packages/airflow/example_dags/plugins/listener_plugin.py for tasks to queue
[2025-12-24T21:54:36.248+0000] {logging_mixin.py:188} INFO - [2025-12-24T21:54:36.247+0000] {dagbag.py:538} INFO - Filling up the DagBag from /home/airflow/.local/lib/python3.8/site-packages/airflow/example_dags/plugins/listener_plugin.py
[2025-12-24T21:54:36.251+0000] {processor.py:842} WARNING - No viable dags retrieved from /home/airflow/.local/lib/python3.8/site-packages/airflow/example_dags/plugins/listener_plugin.py
[2025-12-24T21:54:36.268+0000] {processor.py:183} INFO - Processing /home/airflow/.local/lib/python3.8/site-packages/airflow/example_dags/plugins/listener_plugin.py took 0.028 seconds
[2025-12-24T21:55:07.195+0000] {processor.py:161} INFO - Started process (PID=43195) to work on /home/airflow/.local/lib/python3.8/site-packages/airflow/example_dags/plugins/listener_plugin.py
[2025-12-24T21:55:07.196+0000] {processor.py:830} INFO - Processing file /home/airflow/.local/lib/python3.8/site-packages/airflow/example_dags/plugins/listener_plugin.py for tasks to queue
[2025-12-24T21:55:07.197+0000] {logging_mixin.py:188} INFO - [2025-12-24T21:55:07.197+0000] {dagbag.py:538} INFO - Filling up the DagBag from /home/airflow/.local/lib/python3.8/site-packages/airflow/example_dags/plugins/listener_plugin.py
[2025-12-24T21:55:07.200+0000] {processor.py:842} WARNING - No viable dags retrieved from /home/airflow/.local/lib/python3.8/site-packages/airflow/example_dags/plugins/listener_plugin.py
[2025-12-24T21:55:07.215+0000] {processor.py:183} INFO - Processing /home/airflow/.local/lib/python3.8/site-packages/airflow/example_dags/plugins/listener_plugin.py took 0.024 seconds
[2025-12-24T21:55:37.569+0000] {processor.py:161} INFO - Started process (PID=43254) to work on /home/airflow/.local/lib/python3.8/site-packages/airflow/example_dags/plugins/listener_plugin.py
[2025-12-24T21:55:37.570+0000] {processor.py:830} INFO - Processing file /home/airflow/.local/lib/python3.8/site-packages/airflow/example_dags/plugins/listener_plugin.py for tasks to queue
[2025-12-24T21:55:37.571+0000] {logging_mixin.py:188} INFO - [2025-12-24T21:55:37.571+0000] {dagbag.py:538} INFO - Filling up the DagBag from /home/airflow/.local/lib/python3.8/site-packages/airflow/example_dags/plugins/listener_plugin.py
[2025-12-24T21:55:37.575+0000] {processor.py:842} WARNING - No viable dags retrieved from /home/airflow/.local/lib/python3.8/site-packages/airflow/example_dags/plugins/listener_plugin.py
[2025-12-24T21:55:37.591+0000] {processor.py:183} INFO - Processing /home/airflow/.local/lib/python3.8/site-packages/airflow/example_dags/plugins/listener_plugin.py took 0.026 seconds
[2025-12-24T21:56:08.290+0000] {processor.py:161} INFO - Started process (PID=43313) to work on /home/airflow/.local/lib/python3.8/site-packages/airflow/example_dags/plugins/listener_plugin.py
[2025-12-24T21:56:08.291+0000] {processor.py:830} INFO - Processing file /home/airflow/.local/lib/python3.8/site-packages/airflow/example_dags/plugins/listener_plugin.py for tasks to queue
[2025-12-24T21:56:08.294+0000] {logging_mixin.py:188} INFO - [2025-12-24T21:56:08.293+0000] {dagbag.py:538} INFO - Filling up the DagBag from /home/airflow/.local/lib/python3.8/site-packages/airflow/example_dags/plugins/listener_plugin.py
[2025-12-24T21:56:08.297+0000] {processor.py:842} WARNING - No viable dags retrieved from /home/airflow/.local/lib/python3.8/site-packages/airflow/example_dags/plugins/listener_plugin.py
[2025-12-24T21:56:08.318+0000] {processor.py:183} INFO - Processing /home/airflow/.local/lib/python3.8/site-packages/airflow/example_dags/plugins/listener_plugin.py took 0.033 seconds
[2025-12-24T21:56:38.816+0000] {processor.py:161} INFO - Started process (PID=43373) to work on /home/airflow/.local/lib/python3.8/site-packages/airflow/example_dags/plugins/listener_plugin.py
[2025-12-24T21:56:38.817+0000] {processor.py:830} INFO - Processing file /home/airflow/.local/lib/python3.8/site-packages/airflow/example_dags/plugins/listener_plugin.py for tasks to queue
[2025-12-24T21:56:38.818+0000] {logging_mixin.py:188} INFO - [2025-12-24T21:56:38.818+0000] {dagbag.py:538} INFO - Filling up the DagBag from /home/airflow/.local/lib/python3.8/site-packages/airflow/example_dags/plugins/listener_plugin.py
[2025-12-24T21:56:38.822+0000] {processor.py:842} WARNING - No viable dags retrieved from /home/airflow/.local/lib/python3.8/site-packages/airflow/example_dags/plugins/listener_plugin.py
[2025-12-24T21:56:38.838+0000] {processor.py:183} INFO - Processing /home/airflow/.local/lib/python3.8/site-packages/airflow/example_dags/plugins/listener_plugin.py took 0.027 seconds
[2025-12-24T21:57:09.876+0000] {processor.py:161} INFO - Started process (PID=43437) to work on /home/airflow/.local/lib/python3.8/site-packages/airflow/example_dags/plugins/listener_plugin.py
[2025-12-24T21:57:09.877+0000] {processor.py:830} INFO - Processing file /home/airflow/.local/lib/python3.8/site-packages/airflow/example_dags/plugins/listener_plugin.py for tasks to queue
[2025-12-24T21:57:09.878+0000] {logging_mixin.py:188} INFO - [2025-12-24T21:57:09.878+0000] {dagbag.py:538} INFO - Filling up the DagBag from /home/airflow/.local/lib/python3.8/site-packages/airflow/example_dags/plugins/listener_plugin.py
[2025-12-24T21:57:09.882+0000] {processor.py:842} WARNING - No viable dags retrieved from /home/airflow/.local/lib/python3.8/site-packages/airflow/example_dags/plugins/listener_plugin.py
[2025-12-24T21:57:09.898+0000] {processor.py:183} INFO - Processing /home/airflow/.local/lib/python3.8/site-packages/airflow/example_dags/plugins/listener_plugin.py took 0.026 seconds
[2025-12-24T21:57:40.340+0000] {processor.py:161} INFO - Started process (PID=43498) to work on /home/airflow/.local/lib/python3.8/site-packages/airflow/example_dags/plugins/listener_plugin.py
[2025-12-24T21:57:40.341+0000] {processor.py:830} INFO - Processing file /home/airflow/.local/lib/python3.8/site-packages/airflow/example_dags/plugins/listener_plugin.py for tasks to queue
[2025-12-24T21:57:40.342+0000] {logging_mixin.py:188} INFO - [2025-12-24T21:57:40.341+0000] {dagbag.py:538} INFO - Filling up the DagBag from /home/airflow/.local/lib/python3.8/site-packages/airflow/example_dags/plugins/listener_plugin.py
[2025-12-24T21:57:40.346+0000] {processor.py:842} WARNING - No viable dags retrieved from /home/airflow/.local/lib/python3.8/site-packages/airflow/example_dags/plugins/listener_plugin.py
[2025-12-24T21:57:40.361+0000] {processor.py:183} INFO - Processing /home/airflow/.local/lib/python3.8/site-packages/airflow/example_dags/plugins/listener_plugin.py took 0.026 seconds
[2025-12-24T21:58:11.004+0000] {processor.py:161} INFO - Started process (PID=43558) to work on /home/airflow/.local/lib/python3.8/site-packages/airflow/example_dags/plugins/listener_plugin.py
[2025-12-24T21:58:11.005+0000] {processor.py:830} INFO - Processing file /home/airflow/.local/lib/python3.8/site-packages/airflow/example_dags/plugins/listener_plugin.py for tasks to queue
[2025-12-24T21:58:11.006+0000] {logging_mixin.py:188} INFO - [2025-12-24T21:58:11.006+0000] {dagbag.py:538} INFO - Filling up the DagBag from /home/airflow/.local/lib/python3.8/site-packages/airflow/example_dags/plugins/listener_plugin.py
[2025-12-24T21:58:11.010+0000] {processor.py:842} WARNING - No viable dags retrieved from /home/airflow/.local/lib/python3.8/site-packages/airflow/example_dags/plugins/listener_plugin.py
[2025-12-24T21:58:11.027+0000] {processor.py:183} INFO - Processing /home/airflow/.local/lib/python3.8/site-packages/airflow/example_dags/plugins/listener_plugin.py took 0.027 seconds
[2025-12-24T21:58:42.866+0000] {processor.py:161} INFO - Started process (PID=43628) to work on /home/airflow/.local/lib/python3.8/site-packages/airflow/example_dags/plugins/listener_plugin.py
[2025-12-24T21:58:42.868+0000] {processor.py:830} INFO - Processing file /home/airflow/.local/lib/python3.8/site-packages/airflow/example_dags/plugins/listener_plugin.py for tasks to queue
[2025-12-24T21:58:42.870+0000] {logging_mixin.py:188} INFO - [2025-12-24T21:58:42.869+0000] {dagbag.py:538} INFO - Filling up the DagBag from /home/airflow/.local/lib/python3.8/site-packages/airflow/example_dags/plugins/listener_plugin.py
[2025-12-24T21:58:42.881+0000] {processor.py:842} WARNING - No viable dags retrieved from /home/airflow/.local/lib/python3.8/site-packages/airflow/example_dags/plugins/listener_plugin.py
[2025-12-24T21:58:42.925+0000] {processor.py:183} INFO - Processing /home/airflow/.local/lib/python3.8/site-packages/airflow/example_dags/plugins/listener_plugin.py took 0.072 seconds
[2025-12-24T21:59:14.013+0000] {processor.py:161} INFO - Started process (PID=43703) to work on /home/airflow/.local/lib/python3.8/site-packages/airflow/example_dags/plugins/listener_plugin.py
[2025-12-24T21:59:14.015+0000] {processor.py:830} INFO - Processing file /home/airflow/.local/lib/python3.8/site-packages/airflow/example_dags/plugins/listener_plugin.py for tasks to queue
[2025-12-24T21:59:14.017+0000] {logging_mixin.py:188} INFO - [2025-12-24T21:59:14.016+0000] {dagbag.py:538} INFO - Filling up the DagBag from /home/airflow/.local/lib/python3.8/site-packages/airflow/example_dags/plugins/listener_plugin.py
[2025-12-24T21:59:14.024+0000] {processor.py:842} WARNING - No viable dags retrieved from /home/airflow/.local/lib/python3.8/site-packages/airflow/example_dags/plugins/listener_plugin.py
[2025-12-24T21:59:14.048+0000] {processor.py:183} INFO - Processing /home/airflow/.local/lib/python3.8/site-packages/airflow/example_dags/plugins/listener_plugin.py took 0.041 seconds
[2025-12-24T21:59:44.656+0000] {processor.py:161} INFO - Started process (PID=43765) to work on /home/airflow/.local/lib/python3.8/site-packages/airflow/example_dags/plugins/listener_plugin.py
[2025-12-24T21:59:44.657+0000] {processor.py:830} INFO - Processing file /home/airflow/.local/lib/python3.8/site-packages/airflow/example_dags/plugins/listener_plugin.py for tasks to queue
[2025-12-24T21:59:44.659+0000] {logging_mixin.py:188} INFO - [2025-12-24T21:59:44.658+0000] {dagbag.py:538} INFO - Filling up the DagBag from /home/airflow/.local/lib/python3.8/site-packages/airflow/example_dags/plugins/listener_plugin.py
[2025-12-24T21:59:44.664+0000] {processor.py:842} WARNING - No viable dags retrieved from /home/airflow/.local/lib/python3.8/site-packages/airflow/example_dags/plugins/listener_plugin.py
[2025-12-24T21:59:44.683+0000] {processor.py:183} INFO - Processing /home/airflow/.local/lib/python3.8/site-packages/airflow/example_dags/plugins/listener_plugin.py took 0.032 seconds
[2025-12-24T22:00:15.736+0000] {processor.py:161} INFO - Started process (PID=43831) to work on /home/airflow/.local/lib/python3.8/site-packages/airflow/example_dags/plugins/listener_plugin.py
[2025-12-24T22:00:15.738+0000] {processor.py:830} INFO - Processing file /home/airflow/.local/lib/python3.8/site-packages/airflow/example_dags/plugins/listener_plugin.py for tasks to queue
[2025-12-24T22:00:15.742+0000] {logging_mixin.py:188} INFO - [2025-12-24T22:00:15.742+0000] {dagbag.py:538} INFO - Filling up the DagBag from /home/airflow/.local/lib/python3.8/site-packages/airflow/example_dags/plugins/listener_plugin.py
[2025-12-24T22:00:15.749+0000] {processor.py:842} WARNING - No viable dags retrieved from /home/airflow/.local/lib/python3.8/site-packages/airflow/example_dags/plugins/listener_plugin.py
[2025-12-24T22:00:15.791+0000] {processor.py:183} INFO - Processing /home/airflow/.local/lib/python3.8/site-packages/airflow/example_dags/plugins/listener_plugin.py took 0.062 seconds
[2025-12-24T22:00:47.054+0000] {processor.py:161} INFO - Started process (PID=43897) to work on /home/airflow/.local/lib/python3.8/site-packages/airflow/example_dags/plugins/listener_plugin.py
[2025-12-24T22:00:47.055+0000] {processor.py:830} INFO - Processing file /home/airflow/.local/lib/python3.8/site-packages/airflow/example_dags/plugins/listener_plugin.py for tasks to queue
[2025-12-24T22:00:47.057+0000] {logging_mixin.py:188} INFO - [2025-12-24T22:00:47.056+0000] {dagbag.py:538} INFO - Filling up the DagBag from /home/airflow/.local/lib/python3.8/site-packages/airflow/example_dags/plugins/listener_plugin.py
[2025-12-24T22:00:47.064+0000] {processor.py:842} WARNING - No viable dags retrieved from /home/airflow/.local/lib/python3.8/site-packages/airflow/example_dags/plugins/listener_plugin.py
[2025-12-24T22:00:47.098+0000] {processor.py:183} INFO - Processing /home/airflow/.local/lib/python3.8/site-packages/airflow/example_dags/plugins/listener_plugin.py took 0.051 seconds
[2025-12-24T22:01:20.254+0000] {processor.py:161} INFO - Started process (PID=43966) to work on /home/airflow/.local/lib/python3.8/site-packages/airflow/example_dags/plugins/listener_plugin.py
[2025-12-24T22:01:20.256+0000] {processor.py:830} INFO - Processing file /home/airflow/.local/lib/python3.8/site-packages/airflow/example_dags/plugins/listener_plugin.py for tasks to queue
[2025-12-24T22:01:20.257+0000] {logging_mixin.py:188} INFO - [2025-12-24T22:01:20.257+0000] {dagbag.py:538} INFO - Filling up the DagBag from /home/airflow/.local/lib/python3.8/site-packages/airflow/example_dags/plugins/listener_plugin.py
[2025-12-24T22:01:20.261+0000] {processor.py:842} WARNING - No viable dags retrieved from /home/airflow/.local/lib/python3.8/site-packages/airflow/example_dags/plugins/listener_plugin.py
[2025-12-24T22:01:20.356+0000] {processor.py:183} INFO - Processing /home/airflow/.local/lib/python3.8/site-packages/airflow/example_dags/plugins/listener_plugin.py took 0.109 seconds
[2025-12-24T22:01:50.645+0000] {processor.py:161} INFO - Started process (PID=44028) to work on /home/airflow/.local/lib/python3.8/site-packages/airflow/example_dags/plugins/listener_plugin.py
[2025-12-24T22:01:50.646+0000] {processor.py:830} INFO - Processing file /home/airflow/.local/lib/python3.8/site-packages/airflow/example_dags/plugins/listener_plugin.py for tasks to queue
[2025-12-24T22:01:50.647+0000] {logging_mixin.py:188} INFO - [2025-12-24T22:01:50.647+0000] {dagbag.py:538} INFO - Filling up the DagBag from /home/airflow/.local/lib/python3.8/site-packages/airflow/example_dags/plugins/listener_plugin.py
[2025-12-24T22:01:50.651+0000] {processor.py:842} WARNING - No viable dags retrieved from /home/airflow/.local/lib/python3.8/site-packages/airflow/example_dags/plugins/listener_plugin.py
[2025-12-24T22:01:50.665+0000] {processor.py:183} INFO - Processing /home/airflow/.local/lib/python3.8/site-packages/airflow/example_dags/plugins/listener_plugin.py took 0.024 seconds
[2025-12-24T22:02:20.865+0000] {processor.py:161} INFO - Started process (PID=44086) to work on /home/airflow/.local/lib/python3.8/site-packages/airflow/example_dags/plugins/listener_plugin.py
[2025-12-24T22:02:20.866+0000] {processor.py:830} INFO - Processing file /home/airflow/.local/lib/python3.8/site-packages/airflow/example_dags/plugins/listener_plugin.py for tasks to queue
[2025-12-24T22:02:20.868+0000] {logging_mixin.py:188} INFO - [2025-12-24T22:02:20.867+0000] {dagbag.py:538} INFO - Filling up the DagBag from /home/airflow/.local/lib/python3.8/site-packages/airflow/example_dags/plugins/listener_plugin.py
[2025-12-24T22:02:20.872+0000] {processor.py:842} WARNING - No viable dags retrieved from /home/airflow/.local/lib/python3.8/site-packages/airflow/example_dags/plugins/listener_plugin.py
[2025-12-24T22:02:20.887+0000] {processor.py:183} INFO - Processing /home/airflow/.local/lib/python3.8/site-packages/airflow/example_dags/plugins/listener_plugin.py took 0.026 seconds
[2025-12-24T22:02:51.189+0000] {processor.py:161} INFO - Started process (PID=44146) to work on /home/airflow/.local/lib/python3.8/site-packages/airflow/example_dags/plugins/listener_plugin.py
[2025-12-24T22:02:51.190+0000] {processor.py:830} INFO - Processing file /home/airflow/.local/lib/python3.8/site-packages/airflow/example_dags/plugins/listener_plugin.py for tasks to queue
[2025-12-24T22:02:51.191+0000] {logging_mixin.py:188} INFO - [2025-12-24T22:02:51.191+0000] {dagbag.py:538} INFO - Filling up the DagBag from /home/airflow/.local/lib/python3.8/site-packages/airflow/example_dags/plugins/listener_plugin.py
[2025-12-24T22:02:51.194+0000] {processor.py:842} WARNING - No viable dags retrieved from /home/airflow/.local/lib/python3.8/site-packages/airflow/example_dags/plugins/listener_plugin.py
[2025-12-24T22:02:51.209+0000] {processor.py:183} INFO - Processing /home/airflow/.local/lib/python3.8/site-packages/airflow/example_dags/plugins/listener_plugin.py took 0.024 seconds
[2025-12-24T22:03:21.758+0000] {processor.py:161} INFO - Started process (PID=44205) to work on /home/airflow/.local/lib/python3.8/site-packages/airflow/example_dags/plugins/listener_plugin.py
[2025-12-24T22:03:21.760+0000] {processor.py:830} INFO - Processing file /home/airflow/.local/lib/python3.8/site-packages/airflow/example_dags/plugins/listener_plugin.py for tasks to queue
[2025-12-24T22:03:21.762+0000] {logging_mixin.py:188} INFO - [2025-12-24T22:03:21.761+0000] {dagbag.py:538} INFO - Filling up the DagBag from /home/airflow/.local/lib/python3.8/site-packages/airflow/example_dags/plugins/listener_plugin.py
[2025-12-24T22:03:21.766+0000] {processor.py:842} WARNING - No viable dags retrieved from /home/airflow/.local/lib/python3.8/site-packages/airflow/example_dags/plugins/listener_plugin.py
[2025-12-24T22:03:21.783+0000] {processor.py:183} INFO - Processing /home/airflow/.local/lib/python3.8/site-packages/airflow/example_dags/plugins/listener_plugin.py took 0.032 seconds
[2025-12-24T22:03:52.787+0000] {processor.py:161} INFO - Started process (PID=44264) to work on /home/airflow/.local/lib/python3.8/site-packages/airflow/example_dags/plugins/listener_plugin.py
[2025-12-24T22:03:52.789+0000] {processor.py:830} INFO - Processing file /home/airflow/.local/lib/python3.8/site-packages/airflow/example_dags/plugins/listener_plugin.py for tasks to queue
[2025-12-24T22:03:52.791+0000] {logging_mixin.py:188} INFO - [2025-12-24T22:03:52.790+0000] {dagbag.py:538} INFO - Filling up the DagBag from /home/airflow/.local/lib/python3.8/site-packages/airflow/example_dags/plugins/listener_plugin.py
[2025-12-24T22:03:52.799+0000] {processor.py:842} WARNING - No viable dags retrieved from /home/airflow/.local/lib/python3.8/site-packages/airflow/example_dags/plugins/listener_plugin.py
[2025-12-24T22:03:52.821+0000] {processor.py:183} INFO - Processing /home/airflow/.local/lib/python3.8/site-packages/airflow/example_dags/plugins/listener_plugin.py took 0.040 seconds
[2025-12-24T22:04:23.212+0000] {processor.py:161} INFO - Started process (PID=44321) to work on /home/airflow/.local/lib/python3.8/site-packages/airflow/example_dags/plugins/listener_plugin.py
[2025-12-24T22:04:23.214+0000] {processor.py:830} INFO - Processing file /home/airflow/.local/lib/python3.8/site-packages/airflow/example_dags/plugins/listener_plugin.py for tasks to queue
[2025-12-24T22:04:23.216+0000] {logging_mixin.py:188} INFO - [2025-12-24T22:04:23.215+0000] {dagbag.py:538} INFO - Filling up the DagBag from /home/airflow/.local/lib/python3.8/site-packages/airflow/example_dags/plugins/listener_plugin.py
[2025-12-24T22:04:23.221+0000] {processor.py:842} WARNING - No viable dags retrieved from /home/airflow/.local/lib/python3.8/site-packages/airflow/example_dags/plugins/listener_plugin.py
[2025-12-24T22:04:23.245+0000] {processor.py:183} INFO - Processing /home/airflow/.local/lib/python3.8/site-packages/airflow/example_dags/plugins/listener_plugin.py took 0.038 seconds
[2025-12-24T22:04:53.587+0000] {processor.py:161} INFO - Started process (PID=44379) to work on /home/airflow/.local/lib/python3.8/site-packages/airflow/example_dags/plugins/listener_plugin.py
[2025-12-24T22:04:53.588+0000] {processor.py:830} INFO - Processing file /home/airflow/.local/lib/python3.8/site-packages/airflow/example_dags/plugins/listener_plugin.py for tasks to queue
[2025-12-24T22:04:53.589+0000] {logging_mixin.py:188} INFO - [2025-12-24T22:04:53.589+0000] {dagbag.py:538} INFO - Filling up the DagBag from /home/airflow/.local/lib/python3.8/site-packages/airflow/example_dags/plugins/listener_plugin.py
[2025-12-24T22:04:53.593+0000] {processor.py:842} WARNING - No viable dags retrieved from /home/airflow/.local/lib/python3.8/site-packages/airflow/example_dags/plugins/listener_plugin.py
[2025-12-24T22:04:53.611+0000] {processor.py:183} INFO - Processing /home/airflow/.local/lib/python3.8/site-packages/airflow/example_dags/plugins/listener_plugin.py took 0.028 seconds
[2025-12-24T22:05:24.142+0000] {processor.py:161} INFO - Started process (PID=44438) to work on /home/airflow/.local/lib/python3.8/site-packages/airflow/example_dags/plugins/listener_plugin.py
[2025-12-24T22:05:24.143+0000] {processor.py:830} INFO - Processing file /home/airflow/.local/lib/python3.8/site-packages/airflow/example_dags/plugins/listener_plugin.py for tasks to queue
[2025-12-24T22:05:24.145+0000] {logging_mixin.py:188} INFO - [2025-12-24T22:05:24.144+0000] {dagbag.py:538} INFO - Filling up the DagBag from /home/airflow/.local/lib/python3.8/site-packages/airflow/example_dags/plugins/listener_plugin.py
[2025-12-24T22:05:24.148+0000] {processor.py:842} WARNING - No viable dags retrieved from /home/airflow/.local/lib/python3.8/site-packages/airflow/example_dags/plugins/listener_plugin.py
[2025-12-24T22:05:24.163+0000] {processor.py:183} INFO - Processing /home/airflow/.local/lib/python3.8/site-packages/airflow/example_dags/plugins/listener_plugin.py took 0.025 seconds
[2025-12-24T22:05:54.638+0000] {processor.py:161} INFO - Started process (PID=44496) to work on /home/airflow/.local/lib/python3.8/site-packages/airflow/example_dags/plugins/listener_plugin.py
[2025-12-24T22:05:54.639+0000] {processor.py:830} INFO - Processing file /home/airflow/.local/lib/python3.8/site-packages/airflow/example_dags/plugins/listener_plugin.py for tasks to queue
[2025-12-24T22:05:54.646+0000] {logging_mixin.py:188} INFO - [2025-12-24T22:05:54.646+0000] {dagbag.py:538} INFO - Filling up the DagBag from /home/airflow/.local/lib/python3.8/site-packages/airflow/example_dags/plugins/listener_plugin.py
[2025-12-24T22:05:54.651+0000] {processor.py:842} WARNING - No viable dags retrieved from /home/airflow/.local/lib/python3.8/site-packages/airflow/example_dags/plugins/listener_plugin.py
[2025-12-24T22:05:54.669+0000] {processor.py:183} INFO - Processing /home/airflow/.local/lib/python3.8/site-packages/airflow/example_dags/plugins/listener_plugin.py took 0.035 seconds
[2025-12-24T22:06:25.130+0000] {processor.py:161} INFO - Started process (PID=44554) to work on /home/airflow/.local/lib/python3.8/site-packages/airflow/example_dags/plugins/listener_plugin.py
[2025-12-24T22:06:25.132+0000] {processor.py:830} INFO - Processing file /home/airflow/.local/lib/python3.8/site-packages/airflow/example_dags/plugins/listener_plugin.py for tasks to queue
[2025-12-24T22:06:25.133+0000] {logging_mixin.py:188} INFO - [2025-12-24T22:06:25.133+0000] {dagbag.py:538} INFO - Filling up the DagBag from /home/airflow/.local/lib/python3.8/site-packages/airflow/example_dags/plugins/listener_plugin.py
[2025-12-24T22:06:25.137+0000] {processor.py:842} WARNING - No viable dags retrieved from /home/airflow/.local/lib/python3.8/site-packages/airflow/example_dags/plugins/listener_plugin.py
[2025-12-24T22:06:25.158+0000] {processor.py:183} INFO - Processing /home/airflow/.local/lib/python3.8/site-packages/airflow/example_dags/plugins/listener_plugin.py took 0.034 seconds
[2025-12-24T22:06:55.608+0000] {processor.py:161} INFO - Started process (PID=44614) to work on /home/airflow/.local/lib/python3.8/site-packages/airflow/example_dags/plugins/listener_plugin.py
[2025-12-24T22:06:55.610+0000] {processor.py:830} INFO - Processing file /home/airflow/.local/lib/python3.8/site-packages/airflow/example_dags/plugins/listener_plugin.py for tasks to queue
[2025-12-24T22:06:55.611+0000] {logging_mixin.py:188} INFO - [2025-12-24T22:06:55.611+0000] {dagbag.py:538} INFO - Filling up the DagBag from /home/airflow/.local/lib/python3.8/site-packages/airflow/example_dags/plugins/listener_plugin.py
[2025-12-24T22:06:55.614+0000] {processor.py:842} WARNING - No viable dags retrieved from /home/airflow/.local/lib/python3.8/site-packages/airflow/example_dags/plugins/listener_plugin.py
[2025-12-24T22:06:55.629+0000] {processor.py:183} INFO - Processing /home/airflow/.local/lib/python3.8/site-packages/airflow/example_dags/plugins/listener_plugin.py took 0.025 seconds
[2025-12-24T22:07:26.722+0000] {processor.py:161} INFO - Started process (PID=44677) to work on /home/airflow/.local/lib/python3.8/site-packages/airflow/example_dags/plugins/listener_plugin.py
[2025-12-24T22:07:26.725+0000] {processor.py:830} INFO - Processing file /home/airflow/.local/lib/python3.8/site-packages/airflow/example_dags/plugins/listener_plugin.py for tasks to queue
[2025-12-24T22:07:26.727+0000] {logging_mixin.py:188} INFO - [2025-12-24T22:07:26.727+0000] {dagbag.py:538} INFO - Filling up the DagBag from /home/airflow/.local/lib/python3.8/site-packages/airflow/example_dags/plugins/listener_plugin.py
[2025-12-24T22:07:26.735+0000] {processor.py:842} WARNING - No viable dags retrieved from /home/airflow/.local/lib/python3.8/site-packages/airflow/example_dags/plugins/listener_plugin.py
[2025-12-24T22:07:26.756+0000] {processor.py:183} INFO - Processing /home/airflow/.local/lib/python3.8/site-packages/airflow/example_dags/plugins/listener_plugin.py took 0.041 seconds
[2025-12-24T22:07:57.319+0000] {processor.py:161} INFO - Started process (PID=44738) to work on /home/airflow/.local/lib/python3.8/site-packages/airflow/example_dags/plugins/listener_plugin.py
[2025-12-24T22:07:57.321+0000] {processor.py:830} INFO - Processing file /home/airflow/.local/lib/python3.8/site-packages/airflow/example_dags/plugins/listener_plugin.py for tasks to queue
[2025-12-24T22:07:57.322+0000] {logging_mixin.py:188} INFO - [2025-12-24T22:07:57.322+0000] {dagbag.py:538} INFO - Filling up the DagBag from /home/airflow/.local/lib/python3.8/site-packages/airflow/example_dags/plugins/listener_plugin.py
[2025-12-24T22:07:57.326+0000] {processor.py:842} WARNING - No viable dags retrieved from /home/airflow/.local/lib/python3.8/site-packages/airflow/example_dags/plugins/listener_plugin.py
[2025-12-24T22:07:57.345+0000] {processor.py:183} INFO - Processing /home/airflow/.local/lib/python3.8/site-packages/airflow/example_dags/plugins/listener_plugin.py took 0.031 seconds
[2025-12-24T22:08:28.069+0000] {processor.py:161} INFO - Started process (PID=44796) to work on /home/airflow/.local/lib/python3.8/site-packages/airflow/example_dags/plugins/listener_plugin.py
[2025-12-24T22:08:28.070+0000] {processor.py:830} INFO - Processing file /home/airflow/.local/lib/python3.8/site-packages/airflow/example_dags/plugins/listener_plugin.py for tasks to queue
[2025-12-24T22:08:28.072+0000] {logging_mixin.py:188} INFO - [2025-12-24T22:08:28.072+0000] {dagbag.py:538} INFO - Filling up the DagBag from /home/airflow/.local/lib/python3.8/site-packages/airflow/example_dags/plugins/listener_plugin.py
[2025-12-24T22:08:28.077+0000] {processor.py:842} WARNING - No viable dags retrieved from /home/airflow/.local/lib/python3.8/site-packages/airflow/example_dags/plugins/listener_plugin.py
[2025-12-24T22:08:28.104+0000] {processor.py:183} INFO - Processing /home/airflow/.local/lib/python3.8/site-packages/airflow/example_dags/plugins/listener_plugin.py took 0.041 seconds
[2025-12-24T22:08:58.379+0000] {processor.py:161} INFO - Started process (PID=44853) to work on /home/airflow/.local/lib/python3.8/site-packages/airflow/example_dags/plugins/listener_plugin.py
[2025-12-24T22:08:58.381+0000] {processor.py:830} INFO - Processing file /home/airflow/.local/lib/python3.8/site-packages/airflow/example_dags/plugins/listener_plugin.py for tasks to queue
[2025-12-24T22:08:58.382+0000] {logging_mixin.py:188} INFO - [2025-12-24T22:08:58.382+0000] {dagbag.py:538} INFO - Filling up the DagBag from /home/airflow/.local/lib/python3.8/site-packages/airflow/example_dags/plugins/listener_plugin.py
[2025-12-24T22:08:58.387+0000] {processor.py:842} WARNING - No viable dags retrieved from /home/airflow/.local/lib/python3.8/site-packages/airflow/example_dags/plugins/listener_plugin.py
[2025-12-24T22:08:58.405+0000] {processor.py:183} INFO - Processing /home/airflow/.local/lib/python3.8/site-packages/airflow/example_dags/plugins/listener_plugin.py took 0.032 seconds
[2025-12-24T22:09:28.691+0000] {processor.py:161} INFO - Started process (PID=44910) to work on /home/airflow/.local/lib/python3.8/site-packages/airflow/example_dags/plugins/listener_plugin.py
[2025-12-24T22:09:28.692+0000] {processor.py:830} INFO - Processing file /home/airflow/.local/lib/python3.8/site-packages/airflow/example_dags/plugins/listener_plugin.py for tasks to queue
[2025-12-24T22:09:28.693+0000] {logging_mixin.py:188} INFO - [2025-12-24T22:09:28.693+0000] {dagbag.py:538} INFO - Filling up the DagBag from /home/airflow/.local/lib/python3.8/site-packages/airflow/example_dags/plugins/listener_plugin.py
[2025-12-24T22:09:28.698+0000] {processor.py:842} WARNING - No viable dags retrieved from /home/airflow/.local/lib/python3.8/site-packages/airflow/example_dags/plugins/listener_plugin.py
[2025-12-24T22:09:28.715+0000] {processor.py:183} INFO - Processing /home/airflow/.local/lib/python3.8/site-packages/airflow/example_dags/plugins/listener_plugin.py took 0.028 seconds
[2025-12-24T22:10:00.137+0000] {processor.py:161} INFO - Started process (PID=44969) to work on /home/airflow/.local/lib/python3.8/site-packages/airflow/example_dags/plugins/listener_plugin.py
[2025-12-24T22:10:00.139+0000] {processor.py:830} INFO - Processing file /home/airflow/.local/lib/python3.8/site-packages/airflow/example_dags/plugins/listener_plugin.py for tasks to queue
[2025-12-24T22:10:00.141+0000] {logging_mixin.py:188} INFO - [2025-12-24T22:10:00.140+0000] {dagbag.py:538} INFO - Filling up the DagBag from /home/airflow/.local/lib/python3.8/site-packages/airflow/example_dags/plugins/listener_plugin.py
[2025-12-24T22:10:00.148+0000] {processor.py:842} WARNING - No viable dags retrieved from /home/airflow/.local/lib/python3.8/site-packages/airflow/example_dags/plugins/listener_plugin.py
[2025-12-24T22:10:00.172+0000] {processor.py:183} INFO - Processing /home/airflow/.local/lib/python3.8/site-packages/airflow/example_dags/plugins/listener_plugin.py took 0.039 seconds
[2025-12-24T22:10:32.073+0000] {processor.py:161} INFO - Started process (PID=45030) to work on /home/airflow/.local/lib/python3.8/site-packages/airflow/example_dags/plugins/listener_plugin.py
[2025-12-24T22:10:32.074+0000] {processor.py:830} INFO - Processing file /home/airflow/.local/lib/python3.8/site-packages/airflow/example_dags/plugins/listener_plugin.py for tasks to queue
[2025-12-24T22:10:32.075+0000] {logging_mixin.py:188} INFO - [2025-12-24T22:10:32.075+0000] {dagbag.py:538} INFO - Filling up the DagBag from /home/airflow/.local/lib/python3.8/site-packages/airflow/example_dags/plugins/listener_plugin.py
[2025-12-24T22:10:32.079+0000] {processor.py:842} WARNING - No viable dags retrieved from /home/airflow/.local/lib/python3.8/site-packages/airflow/example_dags/plugins/listener_plugin.py
[2025-12-24T22:10:32.096+0000] {processor.py:183} INFO - Processing /home/airflow/.local/lib/python3.8/site-packages/airflow/example_dags/plugins/listener_plugin.py took 0.029 seconds
[2025-12-24T22:11:02.661+0000] {processor.py:161} INFO - Started process (PID=45088) to work on /home/airflow/.local/lib/python3.8/site-packages/airflow/example_dags/plugins/listener_plugin.py
[2025-12-24T22:11:02.663+0000] {processor.py:830} INFO - Processing file /home/airflow/.local/lib/python3.8/site-packages/airflow/example_dags/plugins/listener_plugin.py for tasks to queue
[2025-12-24T22:11:02.664+0000] {logging_mixin.py:188} INFO - [2025-12-24T22:11:02.664+0000] {dagbag.py:538} INFO - Filling up the DagBag from /home/airflow/.local/lib/python3.8/site-packages/airflow/example_dags/plugins/listener_plugin.py
[2025-12-24T22:11:02.668+0000] {processor.py:842} WARNING - No viable dags retrieved from /home/airflow/.local/lib/python3.8/site-packages/airflow/example_dags/plugins/listener_plugin.py
[2025-12-24T22:11:02.684+0000] {processor.py:183} INFO - Processing /home/airflow/.local/lib/python3.8/site-packages/airflow/example_dags/plugins/listener_plugin.py took 0.026 seconds
[2025-12-24T22:11:33.402+0000] {processor.py:161} INFO - Started process (PID=45146) to work on /home/airflow/.local/lib/python3.8/site-packages/airflow/example_dags/plugins/listener_plugin.py
[2025-12-24T22:11:33.403+0000] {processor.py:830} INFO - Processing file /home/airflow/.local/lib/python3.8/site-packages/airflow/example_dags/plugins/listener_plugin.py for tasks to queue
[2025-12-24T22:11:33.404+0000] {logging_mixin.py:188} INFO - [2025-12-24T22:11:33.404+0000] {dagbag.py:538} INFO - Filling up the DagBag from /home/airflow/.local/lib/python3.8/site-packages/airflow/example_dags/plugins/listener_plugin.py
[2025-12-24T22:11:33.407+0000] {processor.py:842} WARNING - No viable dags retrieved from /home/airflow/.local/lib/python3.8/site-packages/airflow/example_dags/plugins/listener_plugin.py
[2025-12-24T22:11:33.423+0000] {processor.py:183} INFO - Processing /home/airflow/.local/lib/python3.8/site-packages/airflow/example_dags/plugins/listener_plugin.py took 0.026 seconds
[2025-12-24T22:12:04.128+0000] {processor.py:161} INFO - Started process (PID=45204) to work on /home/airflow/.local/lib/python3.8/site-packages/airflow/example_dags/plugins/listener_plugin.py
[2025-12-24T22:12:04.130+0000] {processor.py:830} INFO - Processing file /home/airflow/.local/lib/python3.8/site-packages/airflow/example_dags/plugins/listener_plugin.py for tasks to queue
[2025-12-24T22:12:04.131+0000] {logging_mixin.py:188} INFO - [2025-12-24T22:12:04.131+0000] {dagbag.py:538} INFO - Filling up the DagBag from /home/airflow/.local/lib/python3.8/site-packages/airflow/example_dags/plugins/listener_plugin.py
[2025-12-24T22:12:04.135+0000] {processor.py:842} WARNING - No viable dags retrieved from /home/airflow/.local/lib/python3.8/site-packages/airflow/example_dags/plugins/listener_plugin.py
[2025-12-24T22:12:04.152+0000] {processor.py:183} INFO - Processing /home/airflow/.local/lib/python3.8/site-packages/airflow/example_dags/plugins/listener_plugin.py took 0.028 seconds
[2025-12-24T22:12:34.586+0000] {processor.py:161} INFO - Started process (PID=45260) to work on /home/airflow/.local/lib/python3.8/site-packages/airflow/example_dags/plugins/listener_plugin.py
[2025-12-24T22:12:34.587+0000] {processor.py:830} INFO - Processing file /home/airflow/.local/lib/python3.8/site-packages/airflow/example_dags/plugins/listener_plugin.py for tasks to queue
[2025-12-24T22:12:34.588+0000] {logging_mixin.py:188} INFO - [2025-12-24T22:12:34.588+0000] {dagbag.py:538} INFO - Filling up the DagBag from /home/airflow/.local/lib/python3.8/site-packages/airflow/example_dags/plugins/listener_plugin.py
[2025-12-24T22:12:34.592+0000] {processor.py:842} WARNING - No viable dags retrieved from /home/airflow/.local/lib/python3.8/site-packages/airflow/example_dags/plugins/listener_plugin.py
[2025-12-24T22:12:34.609+0000] {processor.py:183} INFO - Processing /home/airflow/.local/lib/python3.8/site-packages/airflow/example_dags/plugins/listener_plugin.py took 0.027 seconds
[2025-12-24T22:13:05.286+0000] {processor.py:161} INFO - Started process (PID=45318) to work on /home/airflow/.local/lib/python3.8/site-packages/airflow/example_dags/plugins/listener_plugin.py
[2025-12-24T22:13:05.287+0000] {processor.py:830} INFO - Processing file /home/airflow/.local/lib/python3.8/site-packages/airflow/example_dags/plugins/listener_plugin.py for tasks to queue
[2025-12-24T22:13:05.288+0000] {logging_mixin.py:188} INFO - [2025-12-24T22:13:05.287+0000] {dagbag.py:538} INFO - Filling up the DagBag from /home/airflow/.local/lib/python3.8/site-packages/airflow/example_dags/plugins/listener_plugin.py
[2025-12-24T22:13:05.291+0000] {processor.py:842} WARNING - No viable dags retrieved from /home/airflow/.local/lib/python3.8/site-packages/airflow/example_dags/plugins/listener_plugin.py
[2025-12-24T22:13:05.307+0000] {processor.py:183} INFO - Processing /home/airflow/.local/lib/python3.8/site-packages/airflow/example_dags/plugins/listener_plugin.py took 0.025 seconds
[2025-12-24T22:13:35.650+0000] {processor.py:161} INFO - Started process (PID=45376) to work on /home/airflow/.local/lib/python3.8/site-packages/airflow/example_dags/plugins/listener_plugin.py
[2025-12-24T22:13:35.651+0000] {processor.py:830} INFO - Processing file /home/airflow/.local/lib/python3.8/site-packages/airflow/example_dags/plugins/listener_plugin.py for tasks to queue
[2025-12-24T22:13:35.653+0000] {logging_mixin.py:188} INFO - [2025-12-24T22:13:35.652+0000] {dagbag.py:538} INFO - Filling up the DagBag from /home/airflow/.local/lib/python3.8/site-packages/airflow/example_dags/plugins/listener_plugin.py
[2025-12-24T22:13:35.656+0000] {processor.py:842} WARNING - No viable dags retrieved from /home/airflow/.local/lib/python3.8/site-packages/airflow/example_dags/plugins/listener_plugin.py
[2025-12-24T22:13:35.673+0000] {processor.py:183} INFO - Processing /home/airflow/.local/lib/python3.8/site-packages/airflow/example_dags/plugins/listener_plugin.py took 0.028 seconds
[2025-12-24T22:14:06.750+0000] {processor.py:161} INFO - Started process (PID=45436) to work on /home/airflow/.local/lib/python3.8/site-packages/airflow/example_dags/plugins/listener_plugin.py
[2025-12-24T22:14:06.751+0000] {processor.py:830} INFO - Processing file /home/airflow/.local/lib/python3.8/site-packages/airflow/example_dags/plugins/listener_plugin.py for tasks to queue
[2025-12-24T22:14:06.753+0000] {logging_mixin.py:188} INFO - [2025-12-24T22:14:06.752+0000] {dagbag.py:538} INFO - Filling up the DagBag from /home/airflow/.local/lib/python3.8/site-packages/airflow/example_dags/plugins/listener_plugin.py
[2025-12-24T22:14:06.756+0000] {processor.py:842} WARNING - No viable dags retrieved from /home/airflow/.local/lib/python3.8/site-packages/airflow/example_dags/plugins/listener_plugin.py
[2025-12-24T22:14:06.771+0000] {processor.py:183} INFO - Processing /home/airflow/.local/lib/python3.8/site-packages/airflow/example_dags/plugins/listener_plugin.py took 0.025 seconds
[2025-12-24T22:14:37.731+0000] {processor.py:161} INFO - Started process (PID=45494) to work on /home/airflow/.local/lib/python3.8/site-packages/airflow/example_dags/plugins/listener_plugin.py
[2025-12-24T22:14:37.733+0000] {processor.py:830} INFO - Processing file /home/airflow/.local/lib/python3.8/site-packages/airflow/example_dags/plugins/listener_plugin.py for tasks to queue
[2025-12-24T22:14:37.734+0000] {logging_mixin.py:188} INFO - [2025-12-24T22:14:37.734+0000] {dagbag.py:538} INFO - Filling up the DagBag from /home/airflow/.local/lib/python3.8/site-packages/airflow/example_dags/plugins/listener_plugin.py
[2025-12-24T22:14:37.737+0000] {processor.py:842} WARNING - No viable dags retrieved from /home/airflow/.local/lib/python3.8/site-packages/airflow/example_dags/plugins/listener_plugin.py
[2025-12-24T22:14:37.754+0000] {processor.py:183} INFO - Processing /home/airflow/.local/lib/python3.8/site-packages/airflow/example_dags/plugins/listener_plugin.py took 0.027 seconds
[2025-12-24T22:15:08.883+0000] {processor.py:161} INFO - Started process (PID=45552) to work on /home/airflow/.local/lib/python3.8/site-packages/airflow/example_dags/plugins/listener_plugin.py
[2025-12-24T22:15:08.885+0000] {processor.py:830} INFO - Processing file /home/airflow/.local/lib/python3.8/site-packages/airflow/example_dags/plugins/listener_plugin.py for tasks to queue
[2025-12-24T22:15:08.886+0000] {logging_mixin.py:188} INFO - [2025-12-24T22:15:08.886+0000] {dagbag.py:538} INFO - Filling up the DagBag from /home/airflow/.local/lib/python3.8/site-packages/airflow/example_dags/plugins/listener_plugin.py
[2025-12-24T22:15:08.890+0000] {processor.py:842} WARNING - No viable dags retrieved from /home/airflow/.local/lib/python3.8/site-packages/airflow/example_dags/plugins/listener_plugin.py
[2025-12-24T22:15:08.909+0000] {processor.py:183} INFO - Processing /home/airflow/.local/lib/python3.8/site-packages/airflow/example_dags/plugins/listener_plugin.py took 0.030 seconds
[2025-12-24T22:15:39.734+0000] {processor.py:161} INFO - Started process (PID=45609) to work on /home/airflow/.local/lib/python3.8/site-packages/airflow/example_dags/plugins/listener_plugin.py
[2025-12-24T22:15:39.735+0000] {processor.py:830} INFO - Processing file /home/airflow/.local/lib/python3.8/site-packages/airflow/example_dags/plugins/listener_plugin.py for tasks to queue
[2025-12-24T22:15:39.736+0000] {logging_mixin.py:188} INFO - [2025-12-24T22:15:39.736+0000] {dagbag.py:538} INFO - Filling up the DagBag from /home/airflow/.local/lib/python3.8/site-packages/airflow/example_dags/plugins/listener_plugin.py
[2025-12-24T22:15:39.740+0000] {processor.py:842} WARNING - No viable dags retrieved from /home/airflow/.local/lib/python3.8/site-packages/airflow/example_dags/plugins/listener_plugin.py
[2025-12-24T22:15:39.758+0000] {processor.py:183} INFO - Processing /home/airflow/.local/lib/python3.8/site-packages/airflow/example_dags/plugins/listener_plugin.py took 0.029 seconds
[2025-12-24T22:16:10.862+0000] {processor.py:161} INFO - Started process (PID=45669) to work on /home/airflow/.local/lib/python3.8/site-packages/airflow/example_dags/plugins/listener_plugin.py
[2025-12-24T22:16:10.864+0000] {processor.py:830} INFO - Processing file /home/airflow/.local/lib/python3.8/site-packages/airflow/example_dags/plugins/listener_plugin.py for tasks to queue
[2025-12-24T22:16:10.865+0000] {logging_mixin.py:188} INFO - [2025-12-24T22:16:10.865+0000] {dagbag.py:538} INFO - Filling up the DagBag from /home/airflow/.local/lib/python3.8/site-packages/airflow/example_dags/plugins/listener_plugin.py
[2025-12-24T22:16:10.871+0000] {processor.py:842} WARNING - No viable dags retrieved from /home/airflow/.local/lib/python3.8/site-packages/airflow/example_dags/plugins/listener_plugin.py
[2025-12-24T22:16:10.890+0000] {processor.py:183} INFO - Processing /home/airflow/.local/lib/python3.8/site-packages/airflow/example_dags/plugins/listener_plugin.py took 0.035 seconds
[2025-12-24T22:16:41.587+0000] {processor.py:161} INFO - Started process (PID=45726) to work on /home/airflow/.local/lib/python3.8/site-packages/airflow/example_dags/plugins/listener_plugin.py
[2025-12-24T22:16:41.588+0000] {processor.py:830} INFO - Processing file /home/airflow/.local/lib/python3.8/site-packages/airflow/example_dags/plugins/listener_plugin.py for tasks to queue
[2025-12-24T22:16:41.590+0000] {logging_mixin.py:188} INFO - [2025-12-24T22:16:41.590+0000] {dagbag.py:538} INFO - Filling up the DagBag from /home/airflow/.local/lib/python3.8/site-packages/airflow/example_dags/plugins/listener_plugin.py
[2025-12-24T22:16:41.594+0000] {processor.py:842} WARNING - No viable dags retrieved from /home/airflow/.local/lib/python3.8/site-packages/airflow/example_dags/plugins/listener_plugin.py
[2025-12-24T22:16:41.613+0000] {processor.py:183} INFO - Processing /home/airflow/.local/lib/python3.8/site-packages/airflow/example_dags/plugins/listener_plugin.py took 0.030 seconds
[2025-12-24T22:17:11.933+0000] {processor.py:161} INFO - Started process (PID=45784) to work on /home/airflow/.local/lib/python3.8/site-packages/airflow/example_dags/plugins/listener_plugin.py
[2025-12-24T22:17:11.934+0000] {processor.py:830} INFO - Processing file /home/airflow/.local/lib/python3.8/site-packages/airflow/example_dags/plugins/listener_plugin.py for tasks to queue
[2025-12-24T22:17:11.938+0000] {logging_mixin.py:188} INFO - [2025-12-24T22:17:11.935+0000] {dagbag.py:538} INFO - Filling up the DagBag from /home/airflow/.local/lib/python3.8/site-packages/airflow/example_dags/plugins/listener_plugin.py
[2025-12-24T22:17:11.943+0000] {processor.py:842} WARNING - No viable dags retrieved from /home/airflow/.local/lib/python3.8/site-packages/airflow/example_dags/plugins/listener_plugin.py
[2025-12-24T22:17:11.961+0000] {processor.py:183} INFO - Processing /home/airflow/.local/lib/python3.8/site-packages/airflow/example_dags/plugins/listener_plugin.py took 0.035 seconds
[2025-12-24T22:17:42.100+0000] {processor.py:161} INFO - Started process (PID=45840) to work on /home/airflow/.local/lib/python3.8/site-packages/airflow/example_dags/plugins/listener_plugin.py
[2025-12-24T22:17:42.101+0000] {processor.py:830} INFO - Processing file /home/airflow/.local/lib/python3.8/site-packages/airflow/example_dags/plugins/listener_plugin.py for tasks to queue
[2025-12-24T22:17:42.102+0000] {logging_mixin.py:188} INFO - [2025-12-24T22:17:42.102+0000] {dagbag.py:538} INFO - Filling up the DagBag from /home/airflow/.local/lib/python3.8/site-packages/airflow/example_dags/plugins/listener_plugin.py
[2025-12-24T22:17:42.107+0000] {processor.py:842} WARNING - No viable dags retrieved from /home/airflow/.local/lib/python3.8/site-packages/airflow/example_dags/plugins/listener_plugin.py
[2025-12-24T22:17:42.127+0000] {processor.py:183} INFO - Processing /home/airflow/.local/lib/python3.8/site-packages/airflow/example_dags/plugins/listener_plugin.py took 0.032 seconds
[2025-12-24T22:18:12.325+0000] {processor.py:161} INFO - Started process (PID=45904) to work on /home/airflow/.local/lib/python3.8/site-packages/airflow/example_dags/plugins/listener_plugin.py
[2025-12-24T22:18:12.326+0000] {processor.py:830} INFO - Processing file /home/airflow/.local/lib/python3.8/site-packages/airflow/example_dags/plugins/listener_plugin.py for tasks to queue
[2025-12-24T22:18:12.327+0000] {logging_mixin.py:188} INFO - [2025-12-24T22:18:12.327+0000] {dagbag.py:538} INFO - Filling up the DagBag from /home/airflow/.local/lib/python3.8/site-packages/airflow/example_dags/plugins/listener_plugin.py
[2025-12-24T22:18:12.331+0000] {processor.py:842} WARNING - No viable dags retrieved from /home/airflow/.local/lib/python3.8/site-packages/airflow/example_dags/plugins/listener_plugin.py
[2025-12-24T22:18:12.346+0000] {processor.py:183} INFO - Processing /home/airflow/.local/lib/python3.8/site-packages/airflow/example_dags/plugins/listener_plugin.py took 0.025 seconds
[2025-12-24T22:18:42.540+0000] {processor.py:161} INFO - Started process (PID=45962) to work on /home/airflow/.local/lib/python3.8/site-packages/airflow/example_dags/plugins/listener_plugin.py
[2025-12-24T22:18:42.541+0000] {processor.py:830} INFO - Processing file /home/airflow/.local/lib/python3.8/site-packages/airflow/example_dags/plugins/listener_plugin.py for tasks to queue
[2025-12-24T22:18:42.542+0000] {logging_mixin.py:188} INFO - [2025-12-24T22:18:42.542+0000] {dagbag.py:538} INFO - Filling up the DagBag from /home/airflow/.local/lib/python3.8/site-packages/airflow/example_dags/plugins/listener_plugin.py
[2025-12-24T22:18:42.546+0000] {processor.py:842} WARNING - No viable dags retrieved from /home/airflow/.local/lib/python3.8/site-packages/airflow/example_dags/plugins/listener_plugin.py
[2025-12-24T22:18:42.564+0000] {processor.py:183} INFO - Processing /home/airflow/.local/lib/python3.8/site-packages/airflow/example_dags/plugins/listener_plugin.py took 0.028 seconds
[2025-12-24T22:19:13.024+0000] {processor.py:161} INFO - Started process (PID=46020) to work on /home/airflow/.local/lib/python3.8/site-packages/airflow/example_dags/plugins/listener_plugin.py
[2025-12-24T22:19:13.026+0000] {processor.py:830} INFO - Processing file /home/airflow/.local/lib/python3.8/site-packages/airflow/example_dags/plugins/listener_plugin.py for tasks to queue
[2025-12-24T22:19:13.027+0000] {logging_mixin.py:188} INFO - [2025-12-24T22:19:13.027+0000] {dagbag.py:538} INFO - Filling up the DagBag from /home/airflow/.local/lib/python3.8/site-packages/airflow/example_dags/plugins/listener_plugin.py
[2025-12-24T22:19:13.032+0000] {processor.py:842} WARNING - No viable dags retrieved from /home/airflow/.local/lib/python3.8/site-packages/airflow/example_dags/plugins/listener_plugin.py
[2025-12-24T22:19:13.051+0000] {processor.py:183} INFO - Processing /home/airflow/.local/lib/python3.8/site-packages/airflow/example_dags/plugins/listener_plugin.py took 0.031 seconds
[2025-12-24T22:19:44.054+0000] {processor.py:161} INFO - Started process (PID=46078) to work on /home/airflow/.local/lib/python3.8/site-packages/airflow/example_dags/plugins/listener_plugin.py
[2025-12-24T22:19:44.056+0000] {processor.py:830} INFO - Processing file /home/airflow/.local/lib/python3.8/site-packages/airflow/example_dags/plugins/listener_plugin.py for tasks to queue
[2025-12-24T22:19:44.057+0000] {logging_mixin.py:188} INFO - [2025-12-24T22:19:44.057+0000] {dagbag.py:538} INFO - Filling up the DagBag from /home/airflow/.local/lib/python3.8/site-packages/airflow/example_dags/plugins/listener_plugin.py
[2025-12-24T22:19:44.063+0000] {processor.py:842} WARNING - No viable dags retrieved from /home/airflow/.local/lib/python3.8/site-packages/airflow/example_dags/plugins/listener_plugin.py
[2025-12-24T22:19:44.087+0000] {processor.py:183} INFO - Processing /home/airflow/.local/lib/python3.8/site-packages/airflow/example_dags/plugins/listener_plugin.py took 0.038 seconds
[2025-12-24T22:20:14.499+0000] {processor.py:161} INFO - Started process (PID=46136) to work on /home/airflow/.local/lib/python3.8/site-packages/airflow/example_dags/plugins/listener_plugin.py
[2025-12-24T22:20:14.502+0000] {processor.py:830} INFO - Processing file /home/airflow/.local/lib/python3.8/site-packages/airflow/example_dags/plugins/listener_plugin.py for tasks to queue
[2025-12-24T22:20:14.504+0000] {logging_mixin.py:188} INFO - [2025-12-24T22:20:14.503+0000] {dagbag.py:538} INFO - Filling up the DagBag from /home/airflow/.local/lib/python3.8/site-packages/airflow/example_dags/plugins/listener_plugin.py
[2025-12-24T22:20:14.507+0000] {processor.py:842} WARNING - No viable dags retrieved from /home/airflow/.local/lib/python3.8/site-packages/airflow/example_dags/plugins/listener_plugin.py
[2025-12-24T22:20:14.522+0000] {processor.py:183} INFO - Processing /home/airflow/.local/lib/python3.8/site-packages/airflow/example_dags/plugins/listener_plugin.py took 0.027 seconds
[2025-12-24T22:20:45.181+0000] {processor.py:161} INFO - Started process (PID=46194) to work on /home/airflow/.local/lib/python3.8/site-packages/airflow/example_dags/plugins/listener_plugin.py
[2025-12-24T22:20:45.183+0000] {processor.py:830} INFO - Processing file /home/airflow/.local/lib/python3.8/site-packages/airflow/example_dags/plugins/listener_plugin.py for tasks to queue
[2025-12-24T22:20:45.186+0000] {logging_mixin.py:188} INFO - [2025-12-24T22:20:45.185+0000] {dagbag.py:538} INFO - Filling up the DagBag from /home/airflow/.local/lib/python3.8/site-packages/airflow/example_dags/plugins/listener_plugin.py
[2025-12-24T22:20:45.191+0000] {processor.py:842} WARNING - No viable dags retrieved from /home/airflow/.local/lib/python3.8/site-packages/airflow/example_dags/plugins/listener_plugin.py
[2025-12-24T22:20:45.214+0000] {processor.py:183} INFO - Processing /home/airflow/.local/lib/python3.8/site-packages/airflow/example_dags/plugins/listener_plugin.py took 0.039 seconds
[2025-12-24T22:21:15.827+0000] {processor.py:161} INFO - Started process (PID=46256) to work on /home/airflow/.local/lib/python3.8/site-packages/airflow/example_dags/plugins/listener_plugin.py
[2025-12-24T22:21:15.828+0000] {processor.py:830} INFO - Processing file /home/airflow/.local/lib/python3.8/site-packages/airflow/example_dags/plugins/listener_plugin.py for tasks to queue
[2025-12-24T22:21:15.829+0000] {logging_mixin.py:188} INFO - [2025-12-24T22:21:15.829+0000] {dagbag.py:538} INFO - Filling up the DagBag from /home/airflow/.local/lib/python3.8/site-packages/airflow/example_dags/plugins/listener_plugin.py
[2025-12-24T22:21:15.832+0000] {processor.py:842} WARNING - No viable dags retrieved from /home/airflow/.local/lib/python3.8/site-packages/airflow/example_dags/plugins/listener_plugin.py
[2025-12-24T22:21:15.851+0000] {processor.py:183} INFO - Processing /home/airflow/.local/lib/python3.8/site-packages/airflow/example_dags/plugins/listener_plugin.py took 0.029 seconds
[2025-12-24T22:21:46.049+0000] {processor.py:161} INFO - Started process (PID=46315) to work on /home/airflow/.local/lib/python3.8/site-packages/airflow/example_dags/plugins/listener_plugin.py
[2025-12-24T22:21:46.051+0000] {processor.py:830} INFO - Processing file /home/airflow/.local/lib/python3.8/site-packages/airflow/example_dags/plugins/listener_plugin.py for tasks to queue
[2025-12-24T22:21:46.052+0000] {logging_mixin.py:188} INFO - [2025-12-24T22:21:46.052+0000] {dagbag.py:538} INFO - Filling up the DagBag from /home/airflow/.local/lib/python3.8/site-packages/airflow/example_dags/plugins/listener_plugin.py
[2025-12-24T22:21:46.055+0000] {processor.py:842} WARNING - No viable dags retrieved from /home/airflow/.local/lib/python3.8/site-packages/airflow/example_dags/plugins/listener_plugin.py
[2025-12-24T22:21:46.070+0000] {processor.py:183} INFO - Processing /home/airflow/.local/lib/python3.8/site-packages/airflow/example_dags/plugins/listener_plugin.py took 0.025 seconds
[2025-12-24T22:22:16.560+0000] {processor.py:161} INFO - Started process (PID=46374) to work on /home/airflow/.local/lib/python3.8/site-packages/airflow/example_dags/plugins/listener_plugin.py
[2025-12-24T22:22:16.561+0000] {processor.py:830} INFO - Processing file /home/airflow/.local/lib/python3.8/site-packages/airflow/example_dags/plugins/listener_plugin.py for tasks to queue
[2025-12-24T22:22:16.562+0000] {logging_mixin.py:188} INFO - [2025-12-24T22:22:16.562+0000] {dagbag.py:538} INFO - Filling up the DagBag from /home/airflow/.local/lib/python3.8/site-packages/airflow/example_dags/plugins/listener_plugin.py
[2025-12-24T22:22:16.566+0000] {processor.py:842} WARNING - No viable dags retrieved from /home/airflow/.local/lib/python3.8/site-packages/airflow/example_dags/plugins/listener_plugin.py
[2025-12-24T22:22:16.581+0000] {processor.py:183} INFO - Processing /home/airflow/.local/lib/python3.8/site-packages/airflow/example_dags/plugins/listener_plugin.py took 0.025 seconds
[2025-12-24T22:22:46.753+0000] {processor.py:161} INFO - Started process (PID=46433) to work on /home/airflow/.local/lib/python3.8/site-packages/airflow/example_dags/plugins/listener_plugin.py
[2025-12-24T22:22:46.755+0000] {processor.py:830} INFO - Processing file /home/airflow/.local/lib/python3.8/site-packages/airflow/example_dags/plugins/listener_plugin.py for tasks to queue
[2025-12-24T22:22:46.756+0000] {logging_mixin.py:188} INFO - [2025-12-24T22:22:46.755+0000] {dagbag.py:538} INFO - Filling up the DagBag from /home/airflow/.local/lib/python3.8/site-packages/airflow/example_dags/plugins/listener_plugin.py
[2025-12-24T22:22:46.759+0000] {processor.py:842} WARNING - No viable dags retrieved from /home/airflow/.local/lib/python3.8/site-packages/airflow/example_dags/plugins/listener_plugin.py
[2025-12-24T22:22:46.774+0000] {processor.py:183} INFO - Processing /home/airflow/.local/lib/python3.8/site-packages/airflow/example_dags/plugins/listener_plugin.py took 0.024 seconds
[2025-12-24T22:23:17.202+0000] {processor.py:161} INFO - Started process (PID=46492) to work on /home/airflow/.local/lib/python3.8/site-packages/airflow/example_dags/plugins/listener_plugin.py
[2025-12-24T22:23:17.203+0000] {processor.py:830} INFO - Processing file /home/airflow/.local/lib/python3.8/site-packages/airflow/example_dags/plugins/listener_plugin.py for tasks to queue
[2025-12-24T22:23:17.204+0000] {logging_mixin.py:188} INFO - [2025-12-24T22:23:17.204+0000] {dagbag.py:538} INFO - Filling up the DagBag from /home/airflow/.local/lib/python3.8/site-packages/airflow/example_dags/plugins/listener_plugin.py
[2025-12-24T22:23:17.208+0000] {processor.py:842} WARNING - No viable dags retrieved from /home/airflow/.local/lib/python3.8/site-packages/airflow/example_dags/plugins/listener_plugin.py
[2025-12-24T22:23:17.224+0000] {processor.py:183} INFO - Processing /home/airflow/.local/lib/python3.8/site-packages/airflow/example_dags/plugins/listener_plugin.py took 0.027 seconds
[2025-12-24T22:23:47.554+0000] {processor.py:161} INFO - Started process (PID=46551) to work on /home/airflow/.local/lib/python3.8/site-packages/airflow/example_dags/plugins/listener_plugin.py
[2025-12-24T22:23:47.555+0000] {processor.py:830} INFO - Processing file /home/airflow/.local/lib/python3.8/site-packages/airflow/example_dags/plugins/listener_plugin.py for tasks to queue
[2025-12-24T22:23:47.556+0000] {logging_mixin.py:188} INFO - [2025-12-24T22:23:47.555+0000] {dagbag.py:538} INFO - Filling up the DagBag from /home/airflow/.local/lib/python3.8/site-packages/airflow/example_dags/plugins/listener_plugin.py
[2025-12-24T22:23:47.559+0000] {processor.py:842} WARNING - No viable dags retrieved from /home/airflow/.local/lib/python3.8/site-packages/airflow/example_dags/plugins/listener_plugin.py
[2025-12-24T22:23:47.577+0000] {processor.py:183} INFO - Processing /home/airflow/.local/lib/python3.8/site-packages/airflow/example_dags/plugins/listener_plugin.py took 0.028 seconds
[2025-12-24T22:24:17.918+0000] {processor.py:161} INFO - Started process (PID=46610) to work on /home/airflow/.local/lib/python3.8/site-packages/airflow/example_dags/plugins/listener_plugin.py
[2025-12-24T22:24:17.919+0000] {processor.py:830} INFO - Processing file /home/airflow/.local/lib/python3.8/site-packages/airflow/example_dags/plugins/listener_plugin.py for tasks to queue
[2025-12-24T22:24:17.920+0000] {logging_mixin.py:188} INFO - [2025-12-24T22:24:17.920+0000] {dagbag.py:538} INFO - Filling up the DagBag from /home/airflow/.local/lib/python3.8/site-packages/airflow/example_dags/plugins/listener_plugin.py
[2025-12-24T22:24:17.925+0000] {processor.py:842} WARNING - No viable dags retrieved from /home/airflow/.local/lib/python3.8/site-packages/airflow/example_dags/plugins/listener_plugin.py
[2025-12-24T22:24:17.944+0000] {processor.py:183} INFO - Processing /home/airflow/.local/lib/python3.8/site-packages/airflow/example_dags/plugins/listener_plugin.py took 0.031 seconds
[2025-12-24T22:24:48.851+0000] {processor.py:161} INFO - Started process (PID=46669) to work on /home/airflow/.local/lib/python3.8/site-packages/airflow/example_dags/plugins/listener_plugin.py
[2025-12-24T22:24:48.852+0000] {processor.py:830} INFO - Processing file /home/airflow/.local/lib/python3.8/site-packages/airflow/example_dags/plugins/listener_plugin.py for tasks to queue
[2025-12-24T22:24:48.854+0000] {logging_mixin.py:188} INFO - [2025-12-24T22:24:48.853+0000] {dagbag.py:538} INFO - Filling up the DagBag from /home/airflow/.local/lib/python3.8/site-packages/airflow/example_dags/plugins/listener_plugin.py
[2025-12-24T22:24:48.857+0000] {processor.py:842} WARNING - No viable dags retrieved from /home/airflow/.local/lib/python3.8/site-packages/airflow/example_dags/plugins/listener_plugin.py
[2025-12-24T22:24:48.875+0000] {processor.py:183} INFO - Processing /home/airflow/.local/lib/python3.8/site-packages/airflow/example_dags/plugins/listener_plugin.py took 0.028 seconds
[2025-12-24T22:25:19.515+0000] {processor.py:161} INFO - Started process (PID=46728) to work on /home/airflow/.local/lib/python3.8/site-packages/airflow/example_dags/plugins/listener_plugin.py
[2025-12-24T22:25:19.516+0000] {processor.py:830} INFO - Processing file /home/airflow/.local/lib/python3.8/site-packages/airflow/example_dags/plugins/listener_plugin.py for tasks to queue
[2025-12-24T22:25:19.517+0000] {logging_mixin.py:188} INFO - [2025-12-24T22:25:19.517+0000] {dagbag.py:538} INFO - Filling up the DagBag from /home/airflow/.local/lib/python3.8/site-packages/airflow/example_dags/plugins/listener_plugin.py
[2025-12-24T22:25:19.520+0000] {processor.py:842} WARNING - No viable dags retrieved from /home/airflow/.local/lib/python3.8/site-packages/airflow/example_dags/plugins/listener_plugin.py
[2025-12-24T22:25:19.535+0000] {processor.py:183} INFO - Processing /home/airflow/.local/lib/python3.8/site-packages/airflow/example_dags/plugins/listener_plugin.py took 0.023 seconds
[2025-12-24T22:25:50.123+0000] {processor.py:161} INFO - Started process (PID=46787) to work on /home/airflow/.local/lib/python3.8/site-packages/airflow/example_dags/plugins/listener_plugin.py
[2025-12-24T22:25:50.125+0000] {processor.py:830} INFO - Processing file /home/airflow/.local/lib/python3.8/site-packages/airflow/example_dags/plugins/listener_plugin.py for tasks to queue
[2025-12-24T22:25:50.132+0000] {logging_mixin.py:188} INFO - [2025-12-24T22:25:50.131+0000] {dagbag.py:538} INFO - Filling up the DagBag from /home/airflow/.local/lib/python3.8/site-packages/airflow/example_dags/plugins/listener_plugin.py
[2025-12-24T22:25:50.139+0000] {processor.py:842} WARNING - No viable dags retrieved from /home/airflow/.local/lib/python3.8/site-packages/airflow/example_dags/plugins/listener_plugin.py
[2025-12-24T22:25:50.164+0000] {processor.py:183} INFO - Processing /home/airflow/.local/lib/python3.8/site-packages/airflow/example_dags/plugins/listener_plugin.py took 0.048 seconds
[2025-12-24T22:26:20.983+0000] {processor.py:161} INFO - Started process (PID=46846) to work on /home/airflow/.local/lib/python3.8/site-packages/airflow/example_dags/plugins/listener_plugin.py
[2025-12-24T22:26:20.985+0000] {processor.py:830} INFO - Processing file /home/airflow/.local/lib/python3.8/site-packages/airflow/example_dags/plugins/listener_plugin.py for tasks to queue
[2025-12-24T22:26:20.987+0000] {logging_mixin.py:188} INFO - [2025-12-24T22:26:20.986+0000] {dagbag.py:538} INFO - Filling up the DagBag from /home/airflow/.local/lib/python3.8/site-packages/airflow/example_dags/plugins/listener_plugin.py
[2025-12-24T22:26:20.992+0000] {processor.py:842} WARNING - No viable dags retrieved from /home/airflow/.local/lib/python3.8/site-packages/airflow/example_dags/plugins/listener_plugin.py
[2025-12-24T22:26:21.012+0000] {processor.py:183} INFO - Processing /home/airflow/.local/lib/python3.8/site-packages/airflow/example_dags/plugins/listener_plugin.py took 0.035 seconds
[2025-12-24T22:26:51.993+0000] {processor.py:161} INFO - Started process (PID=46905) to work on /home/airflow/.local/lib/python3.8/site-packages/airflow/example_dags/plugins/listener_plugin.py
[2025-12-24T22:26:51.994+0000] {processor.py:830} INFO - Processing file /home/airflow/.local/lib/python3.8/site-packages/airflow/example_dags/plugins/listener_plugin.py for tasks to queue
[2025-12-24T22:26:51.995+0000] {logging_mixin.py:188} INFO - [2025-12-24T22:26:51.995+0000] {dagbag.py:538} INFO - Filling up the DagBag from /home/airflow/.local/lib/python3.8/site-packages/airflow/example_dags/plugins/listener_plugin.py
[2025-12-24T22:26:51.999+0000] {processor.py:842} WARNING - No viable dags retrieved from /home/airflow/.local/lib/python3.8/site-packages/airflow/example_dags/plugins/listener_plugin.py
[2025-12-24T22:26:52.015+0000] {processor.py:183} INFO - Processing /home/airflow/.local/lib/python3.8/site-packages/airflow/example_dags/plugins/listener_plugin.py took 0.027 seconds
[2025-12-24T22:27:22.128+0000] {processor.py:161} INFO - Started process (PID=46962) to work on /home/airflow/.local/lib/python3.8/site-packages/airflow/example_dags/plugins/listener_plugin.py
[2025-12-24T22:27:22.130+0000] {processor.py:830} INFO - Processing file /home/airflow/.local/lib/python3.8/site-packages/airflow/example_dags/plugins/listener_plugin.py for tasks to queue
[2025-12-24T22:27:22.131+0000] {logging_mixin.py:188} INFO - [2025-12-24T22:27:22.131+0000] {dagbag.py:538} INFO - Filling up the DagBag from /home/airflow/.local/lib/python3.8/site-packages/airflow/example_dags/plugins/listener_plugin.py
[2025-12-24T22:27:22.138+0000] {processor.py:842} WARNING - No viable dags retrieved from /home/airflow/.local/lib/python3.8/site-packages/airflow/example_dags/plugins/listener_plugin.py
[2025-12-24T22:27:22.157+0000] {processor.py:183} INFO - Processing /home/airflow/.local/lib/python3.8/site-packages/airflow/example_dags/plugins/listener_plugin.py took 0.034 seconds
[2025-12-24T22:27:52.946+0000] {processor.py:161} INFO - Started process (PID=47021) to work on /home/airflow/.local/lib/python3.8/site-packages/airflow/example_dags/plugins/listener_plugin.py
[2025-12-24T22:27:52.947+0000] {processor.py:830} INFO - Processing file /home/airflow/.local/lib/python3.8/site-packages/airflow/example_dags/plugins/listener_plugin.py for tasks to queue
[2025-12-24T22:27:52.948+0000] {logging_mixin.py:188} INFO - [2025-12-24T22:27:52.948+0000] {dagbag.py:538} INFO - Filling up the DagBag from /home/airflow/.local/lib/python3.8/site-packages/airflow/example_dags/plugins/listener_plugin.py
[2025-12-24T22:27:52.953+0000] {processor.py:842} WARNING - No viable dags retrieved from /home/airflow/.local/lib/python3.8/site-packages/airflow/example_dags/plugins/listener_plugin.py
[2025-12-24T22:27:52.972+0000] {processor.py:183} INFO - Processing /home/airflow/.local/lib/python3.8/site-packages/airflow/example_dags/plugins/listener_plugin.py took 0.031 seconds
[2025-12-24T22:28:23.796+0000] {processor.py:161} INFO - Started process (PID=47080) to work on /home/airflow/.local/lib/python3.8/site-packages/airflow/example_dags/plugins/listener_plugin.py
[2025-12-24T22:28:23.798+0000] {processor.py:830} INFO - Processing file /home/airflow/.local/lib/python3.8/site-packages/airflow/example_dags/plugins/listener_plugin.py for tasks to queue
[2025-12-24T22:28:23.800+0000] {logging_mixin.py:188} INFO - [2025-12-24T22:28:23.799+0000] {dagbag.py:538} INFO - Filling up the DagBag from /home/airflow/.local/lib/python3.8/site-packages/airflow/example_dags/plugins/listener_plugin.py
[2025-12-24T22:28:23.809+0000] {processor.py:842} WARNING - No viable dags retrieved from /home/airflow/.local/lib/python3.8/site-packages/airflow/example_dags/plugins/listener_plugin.py
[2025-12-24T22:28:23.842+0000] {processor.py:183} INFO - Processing /home/airflow/.local/lib/python3.8/site-packages/airflow/example_dags/plugins/listener_plugin.py took 0.052 seconds
[2025-12-24T22:28:54.679+0000] {processor.py:161} INFO - Started process (PID=47139) to work on /home/airflow/.local/lib/python3.8/site-packages/airflow/example_dags/plugins/listener_plugin.py
[2025-12-24T22:28:54.680+0000] {processor.py:830} INFO - Processing file /home/airflow/.local/lib/python3.8/site-packages/airflow/example_dags/plugins/listener_plugin.py for tasks to queue
[2025-12-24T22:28:54.681+0000] {logging_mixin.py:188} INFO - [2025-12-24T22:28:54.681+0000] {dagbag.py:538} INFO - Filling up the DagBag from /home/airflow/.local/lib/python3.8/site-packages/airflow/example_dags/plugins/listener_plugin.py
[2025-12-24T22:28:54.684+0000] {processor.py:842} WARNING - No viable dags retrieved from /home/airflow/.local/lib/python3.8/site-packages/airflow/example_dags/plugins/listener_plugin.py
[2025-12-24T22:28:54.700+0000] {processor.py:183} INFO - Processing /home/airflow/.local/lib/python3.8/site-packages/airflow/example_dags/plugins/listener_plugin.py took 0.025 seconds
[2025-12-24T22:29:25.529+0000] {processor.py:161} INFO - Started process (PID=47197) to work on /home/airflow/.local/lib/python3.8/site-packages/airflow/example_dags/plugins/listener_plugin.py
[2025-12-24T22:29:25.530+0000] {processor.py:830} INFO - Processing file /home/airflow/.local/lib/python3.8/site-packages/airflow/example_dags/plugins/listener_plugin.py for tasks to queue
[2025-12-24T22:29:25.531+0000] {logging_mixin.py:188} INFO - [2025-12-24T22:29:25.531+0000] {dagbag.py:538} INFO - Filling up the DagBag from /home/airflow/.local/lib/python3.8/site-packages/airflow/example_dags/plugins/listener_plugin.py
[2025-12-24T22:29:25.535+0000] {processor.py:842} WARNING - No viable dags retrieved from /home/airflow/.local/lib/python3.8/site-packages/airflow/example_dags/plugins/listener_plugin.py
[2025-12-24T22:29:25.550+0000] {processor.py:183} INFO - Processing /home/airflow/.local/lib/python3.8/site-packages/airflow/example_dags/plugins/listener_plugin.py took 0.025 seconds
[2025-12-24T22:29:56.534+0000] {processor.py:161} INFO - Started process (PID=47256) to work on /home/airflow/.local/lib/python3.8/site-packages/airflow/example_dags/plugins/listener_plugin.py
[2025-12-24T22:29:56.535+0000] {processor.py:830} INFO - Processing file /home/airflow/.local/lib/python3.8/site-packages/airflow/example_dags/plugins/listener_plugin.py for tasks to queue
[2025-12-24T22:29:56.537+0000] {logging_mixin.py:188} INFO - [2025-12-24T22:29:56.536+0000] {dagbag.py:538} INFO - Filling up the DagBag from /home/airflow/.local/lib/python3.8/site-packages/airflow/example_dags/plugins/listener_plugin.py
[2025-12-24T22:29:56.542+0000] {processor.py:842} WARNING - No viable dags retrieved from /home/airflow/.local/lib/python3.8/site-packages/airflow/example_dags/plugins/listener_plugin.py
[2025-12-24T22:29:56.571+0000] {processor.py:183} INFO - Processing /home/airflow/.local/lib/python3.8/site-packages/airflow/example_dags/plugins/listener_plugin.py took 0.043 seconds
[2025-12-24T22:30:26.874+0000] {processor.py:161} INFO - Started process (PID=47315) to work on /home/airflow/.local/lib/python3.8/site-packages/airflow/example_dags/plugins/listener_plugin.py
[2025-12-24T22:30:26.875+0000] {processor.py:830} INFO - Processing file /home/airflow/.local/lib/python3.8/site-packages/airflow/example_dags/plugins/listener_plugin.py for tasks to queue
[2025-12-24T22:30:26.876+0000] {logging_mixin.py:188} INFO - [2025-12-24T22:30:26.876+0000] {dagbag.py:538} INFO - Filling up the DagBag from /home/airflow/.local/lib/python3.8/site-packages/airflow/example_dags/plugins/listener_plugin.py
[2025-12-24T22:30:26.879+0000] {processor.py:842} WARNING - No viable dags retrieved from /home/airflow/.local/lib/python3.8/site-packages/airflow/example_dags/plugins/listener_plugin.py
[2025-12-24T22:30:26.896+0000] {processor.py:183} INFO - Processing /home/airflow/.local/lib/python3.8/site-packages/airflow/example_dags/plugins/listener_plugin.py took 0.026 seconds
[2025-12-24T22:30:57.054+0000] {processor.py:161} INFO - Started process (PID=47373) to work on /home/airflow/.local/lib/python3.8/site-packages/airflow/example_dags/plugins/listener_plugin.py
[2025-12-24T22:30:57.055+0000] {processor.py:830} INFO - Processing file /home/airflow/.local/lib/python3.8/site-packages/airflow/example_dags/plugins/listener_plugin.py for tasks to queue
[2025-12-24T22:30:57.056+0000] {logging_mixin.py:188} INFO - [2025-12-24T22:30:57.056+0000] {dagbag.py:538} INFO - Filling up the DagBag from /home/airflow/.local/lib/python3.8/site-packages/airflow/example_dags/plugins/listener_plugin.py
[2025-12-24T22:30:57.059+0000] {processor.py:842} WARNING - No viable dags retrieved from /home/airflow/.local/lib/python3.8/site-packages/airflow/example_dags/plugins/listener_plugin.py
[2025-12-24T22:30:57.076+0000] {processor.py:183} INFO - Processing /home/airflow/.local/lib/python3.8/site-packages/airflow/example_dags/plugins/listener_plugin.py took 0.027 seconds
[2025-12-24T22:31:27.813+0000] {processor.py:161} INFO - Started process (PID=47433) to work on /home/airflow/.local/lib/python3.8/site-packages/airflow/example_dags/plugins/listener_plugin.py
[2025-12-24T22:31:27.814+0000] {processor.py:830} INFO - Processing file /home/airflow/.local/lib/python3.8/site-packages/airflow/example_dags/plugins/listener_plugin.py for tasks to queue
[2025-12-24T22:31:27.815+0000] {logging_mixin.py:188} INFO - [2025-12-24T22:31:27.814+0000] {dagbag.py:538} INFO - Filling up the DagBag from /home/airflow/.local/lib/python3.8/site-packages/airflow/example_dags/plugins/listener_plugin.py
[2025-12-24T22:31:27.818+0000] {processor.py:842} WARNING - No viable dags retrieved from /home/airflow/.local/lib/python3.8/site-packages/airflow/example_dags/plugins/listener_plugin.py
[2025-12-24T22:31:27.833+0000] {processor.py:183} INFO - Processing /home/airflow/.local/lib/python3.8/site-packages/airflow/example_dags/plugins/listener_plugin.py took 0.024 seconds
[2025-12-24T22:31:58.216+0000] {processor.py:161} INFO - Started process (PID=47492) to work on /home/airflow/.local/lib/python3.8/site-packages/airflow/example_dags/plugins/listener_plugin.py
[2025-12-24T22:31:58.217+0000] {processor.py:830} INFO - Processing file /home/airflow/.local/lib/python3.8/site-packages/airflow/example_dags/plugins/listener_plugin.py for tasks to queue
[2025-12-24T22:31:58.218+0000] {logging_mixin.py:188} INFO - [2025-12-24T22:31:58.218+0000] {dagbag.py:538} INFO - Filling up the DagBag from /home/airflow/.local/lib/python3.8/site-packages/airflow/example_dags/plugins/listener_plugin.py
[2025-12-24T22:31:58.222+0000] {processor.py:842} WARNING - No viable dags retrieved from /home/airflow/.local/lib/python3.8/site-packages/airflow/example_dags/plugins/listener_plugin.py
[2025-12-24T22:31:58.237+0000] {processor.py:183} INFO - Processing /home/airflow/.local/lib/python3.8/site-packages/airflow/example_dags/plugins/listener_plugin.py took 0.026 seconds
[2025-12-24T22:32:28.768+0000] {processor.py:161} INFO - Started process (PID=47551) to work on /home/airflow/.local/lib/python3.8/site-packages/airflow/example_dags/plugins/listener_plugin.py
[2025-12-24T22:32:28.769+0000] {processor.py:830} INFO - Processing file /home/airflow/.local/lib/python3.8/site-packages/airflow/example_dags/plugins/listener_plugin.py for tasks to queue
[2025-12-24T22:32:28.770+0000] {logging_mixin.py:188} INFO - [2025-12-24T22:32:28.770+0000] {dagbag.py:538} INFO - Filling up the DagBag from /home/airflow/.local/lib/python3.8/site-packages/airflow/example_dags/plugins/listener_plugin.py
[2025-12-24T22:32:28.774+0000] {processor.py:842} WARNING - No viable dags retrieved from /home/airflow/.local/lib/python3.8/site-packages/airflow/example_dags/plugins/listener_plugin.py
[2025-12-24T22:32:28.790+0000] {processor.py:183} INFO - Processing /home/airflow/.local/lib/python3.8/site-packages/airflow/example_dags/plugins/listener_plugin.py took 0.026 seconds
[2025-12-24T22:32:58.996+0000] {processor.py:161} INFO - Started process (PID=47610) to work on /home/airflow/.local/lib/python3.8/site-packages/airflow/example_dags/plugins/listener_plugin.py
[2025-12-24T22:32:58.997+0000] {processor.py:830} INFO - Processing file /home/airflow/.local/lib/python3.8/site-packages/airflow/example_dags/plugins/listener_plugin.py for tasks to queue
[2025-12-24T22:32:58.999+0000] {logging_mixin.py:188} INFO - [2025-12-24T22:32:58.998+0000] {dagbag.py:538} INFO - Filling up the DagBag from /home/airflow/.local/lib/python3.8/site-packages/airflow/example_dags/plugins/listener_plugin.py
[2025-12-24T22:32:59.003+0000] {processor.py:842} WARNING - No viable dags retrieved from /home/airflow/.local/lib/python3.8/site-packages/airflow/example_dags/plugins/listener_plugin.py
[2025-12-24T22:32:59.023+0000] {processor.py:183} INFO - Processing /home/airflow/.local/lib/python3.8/site-packages/airflow/example_dags/plugins/listener_plugin.py took 0.032 seconds
[2025-12-24T22:33:29.906+0000] {processor.py:161} INFO - Started process (PID=47669) to work on /home/airflow/.local/lib/python3.8/site-packages/airflow/example_dags/plugins/listener_plugin.py
[2025-12-24T22:33:29.907+0000] {processor.py:830} INFO - Processing file /home/airflow/.local/lib/python3.8/site-packages/airflow/example_dags/plugins/listener_plugin.py for tasks to queue
[2025-12-24T22:33:29.909+0000] {logging_mixin.py:188} INFO - [2025-12-24T22:33:29.908+0000] {dagbag.py:538} INFO - Filling up the DagBag from /home/airflow/.local/lib/python3.8/site-packages/airflow/example_dags/plugins/listener_plugin.py
[2025-12-24T22:33:29.912+0000] {processor.py:842} WARNING - No viable dags retrieved from /home/airflow/.local/lib/python3.8/site-packages/airflow/example_dags/plugins/listener_plugin.py
[2025-12-24T22:33:29.928+0000] {processor.py:183} INFO - Processing /home/airflow/.local/lib/python3.8/site-packages/airflow/example_dags/plugins/listener_plugin.py took 0.026 seconds
[2025-12-24T22:34:00.535+0000] {processor.py:161} INFO - Started process (PID=47740) to work on /home/airflow/.local/lib/python3.8/site-packages/airflow/example_dags/plugins/listener_plugin.py
[2025-12-24T22:34:00.539+0000] {processor.py:830} INFO - Processing file /home/airflow/.local/lib/python3.8/site-packages/airflow/example_dags/plugins/listener_plugin.py for tasks to queue
[2025-12-24T22:34:00.541+0000] {logging_mixin.py:188} INFO - [2025-12-24T22:34:00.540+0000] {dagbag.py:538} INFO - Filling up the DagBag from /home/airflow/.local/lib/python3.8/site-packages/airflow/example_dags/plugins/listener_plugin.py
[2025-12-24T22:34:00.550+0000] {processor.py:842} WARNING - No viable dags retrieved from /home/airflow/.local/lib/python3.8/site-packages/airflow/example_dags/plugins/listener_plugin.py
[2025-12-24T22:34:00.580+0000] {processor.py:183} INFO - Processing /home/airflow/.local/lib/python3.8/site-packages/airflow/example_dags/plugins/listener_plugin.py took 0.053 seconds
[2025-12-24T22:34:30.666+0000] {processor.py:161} INFO - Started process (PID=47802) to work on /home/airflow/.local/lib/python3.8/site-packages/airflow/example_dags/plugins/listener_plugin.py
[2025-12-24T22:34:30.668+0000] {processor.py:830} INFO - Processing file /home/airflow/.local/lib/python3.8/site-packages/airflow/example_dags/plugins/listener_plugin.py for tasks to queue
[2025-12-24T22:34:30.669+0000] {logging_mixin.py:188} INFO - [2025-12-24T22:34:30.669+0000] {dagbag.py:538} INFO - Filling up the DagBag from /home/airflow/.local/lib/python3.8/site-packages/airflow/example_dags/plugins/listener_plugin.py
[2025-12-24T22:34:30.674+0000] {processor.py:842} WARNING - No viable dags retrieved from /home/airflow/.local/lib/python3.8/site-packages/airflow/example_dags/plugins/listener_plugin.py
[2025-12-24T22:34:30.691+0000] {processor.py:183} INFO - Processing /home/airflow/.local/lib/python3.8/site-packages/airflow/example_dags/plugins/listener_plugin.py took 0.030 seconds
[2025-12-24T22:35:01.101+0000] {processor.py:161} INFO - Started process (PID=47862) to work on /home/airflow/.local/lib/python3.8/site-packages/airflow/example_dags/plugins/listener_plugin.py
[2025-12-24T22:35:01.158+0000] {processor.py:830} INFO - Processing file /home/airflow/.local/lib/python3.8/site-packages/airflow/example_dags/plugins/listener_plugin.py for tasks to queue
[2025-12-24T22:35:01.160+0000] {logging_mixin.py:188} INFO - [2025-12-24T22:35:01.159+0000] {dagbag.py:538} INFO - Filling up the DagBag from /home/airflow/.local/lib/python3.8/site-packages/airflow/example_dags/plugins/listener_plugin.py
[2025-12-24T22:35:01.165+0000] {processor.py:842} WARNING - No viable dags retrieved from /home/airflow/.local/lib/python3.8/site-packages/airflow/example_dags/plugins/listener_plugin.py
[2025-12-24T22:35:01.185+0000] {processor.py:183} INFO - Processing /home/airflow/.local/lib/python3.8/site-packages/airflow/example_dags/plugins/listener_plugin.py took 0.089 seconds
[2025-12-24T22:35:31.555+0000] {processor.py:161} INFO - Started process (PID=47921) to work on /home/airflow/.local/lib/python3.8/site-packages/airflow/example_dags/plugins/listener_plugin.py
[2025-12-24T22:35:31.557+0000] {processor.py:830} INFO - Processing file /home/airflow/.local/lib/python3.8/site-packages/airflow/example_dags/plugins/listener_plugin.py for tasks to queue
[2025-12-24T22:35:31.558+0000] {logging_mixin.py:188} INFO - [2025-12-24T22:35:31.558+0000] {dagbag.py:538} INFO - Filling up the DagBag from /home/airflow/.local/lib/python3.8/site-packages/airflow/example_dags/plugins/listener_plugin.py
[2025-12-24T22:35:31.562+0000] {processor.py:842} WARNING - No viable dags retrieved from /home/airflow/.local/lib/python3.8/site-packages/airflow/example_dags/plugins/listener_plugin.py
[2025-12-24T22:35:31.580+0000] {processor.py:183} INFO - Processing /home/airflow/.local/lib/python3.8/site-packages/airflow/example_dags/plugins/listener_plugin.py took 0.029 seconds
[2025-12-24T22:36:01.909+0000] {processor.py:161} INFO - Started process (PID=47980) to work on /home/airflow/.local/lib/python3.8/site-packages/airflow/example_dags/plugins/listener_plugin.py
[2025-12-24T22:36:01.910+0000] {processor.py:830} INFO - Processing file /home/airflow/.local/lib/python3.8/site-packages/airflow/example_dags/plugins/listener_plugin.py for tasks to queue
[2025-12-24T22:36:01.911+0000] {logging_mixin.py:188} INFO - [2025-12-24T22:36:01.911+0000] {dagbag.py:538} INFO - Filling up the DagBag from /home/airflow/.local/lib/python3.8/site-packages/airflow/example_dags/plugins/listener_plugin.py
[2025-12-24T22:36:01.915+0000] {processor.py:842} WARNING - No viable dags retrieved from /home/airflow/.local/lib/python3.8/site-packages/airflow/example_dags/plugins/listener_plugin.py
[2025-12-24T22:36:01.930+0000] {processor.py:183} INFO - Processing /home/airflow/.local/lib/python3.8/site-packages/airflow/example_dags/plugins/listener_plugin.py took 0.025 seconds
[2025-12-24T22:36:32.238+0000] {processor.py:161} INFO - Started process (PID=48039) to work on /home/airflow/.local/lib/python3.8/site-packages/airflow/example_dags/plugins/listener_plugin.py
[2025-12-24T22:36:32.239+0000] {processor.py:830} INFO - Processing file /home/airflow/.local/lib/python3.8/site-packages/airflow/example_dags/plugins/listener_plugin.py for tasks to queue
[2025-12-24T22:36:32.241+0000] {logging_mixin.py:188} INFO - [2025-12-24T22:36:32.240+0000] {dagbag.py:538} INFO - Filling up the DagBag from /home/airflow/.local/lib/python3.8/site-packages/airflow/example_dags/plugins/listener_plugin.py
[2025-12-24T22:36:32.245+0000] {processor.py:842} WARNING - No viable dags retrieved from /home/airflow/.local/lib/python3.8/site-packages/airflow/example_dags/plugins/listener_plugin.py
[2025-12-24T22:36:32.264+0000] {processor.py:183} INFO - Processing /home/airflow/.local/lib/python3.8/site-packages/airflow/example_dags/plugins/listener_plugin.py took 0.031 seconds
[2025-12-24T22:37:02.583+0000] {processor.py:161} INFO - Started process (PID=48098) to work on /home/airflow/.local/lib/python3.8/site-packages/airflow/example_dags/plugins/listener_plugin.py
[2025-12-24T22:37:02.584+0000] {processor.py:830} INFO - Processing file /home/airflow/.local/lib/python3.8/site-packages/airflow/example_dags/plugins/listener_plugin.py for tasks to queue
[2025-12-24T22:37:02.586+0000] {logging_mixin.py:188} INFO - [2025-12-24T22:37:02.585+0000] {dagbag.py:538} INFO - Filling up the DagBag from /home/airflow/.local/lib/python3.8/site-packages/airflow/example_dags/plugins/listener_plugin.py
[2025-12-24T22:37:02.591+0000] {processor.py:842} WARNING - No viable dags retrieved from /home/airflow/.local/lib/python3.8/site-packages/airflow/example_dags/plugins/listener_plugin.py
[2025-12-24T22:37:02.614+0000] {processor.py:183} INFO - Processing /home/airflow/.local/lib/python3.8/site-packages/airflow/example_dags/plugins/listener_plugin.py took 0.035 seconds
[2025-12-24T22:37:32.794+0000] {processor.py:161} INFO - Started process (PID=48157) to work on /home/airflow/.local/lib/python3.8/site-packages/airflow/example_dags/plugins/listener_plugin.py
[2025-12-24T22:37:32.795+0000] {processor.py:830} INFO - Processing file /home/airflow/.local/lib/python3.8/site-packages/airflow/example_dags/plugins/listener_plugin.py for tasks to queue
[2025-12-24T22:37:32.796+0000] {logging_mixin.py:188} INFO - [2025-12-24T22:37:32.796+0000] {dagbag.py:538} INFO - Filling up the DagBag from /home/airflow/.local/lib/python3.8/site-packages/airflow/example_dags/plugins/listener_plugin.py
[2025-12-24T22:37:32.800+0000] {processor.py:842} WARNING - No viable dags retrieved from /home/airflow/.local/lib/python3.8/site-packages/airflow/example_dags/plugins/listener_plugin.py
[2025-12-24T22:37:32.816+0000] {processor.py:183} INFO - Processing /home/airflow/.local/lib/python3.8/site-packages/airflow/example_dags/plugins/listener_plugin.py took 0.026 seconds
[2025-12-24T22:38:03.046+0000] {processor.py:161} INFO - Started process (PID=48216) to work on /home/airflow/.local/lib/python3.8/site-packages/airflow/example_dags/plugins/listener_plugin.py
[2025-12-24T22:38:03.047+0000] {processor.py:830} INFO - Processing file /home/airflow/.local/lib/python3.8/site-packages/airflow/example_dags/plugins/listener_plugin.py for tasks to queue
[2025-12-24T22:38:03.048+0000] {logging_mixin.py:188} INFO - [2025-12-24T22:38:03.048+0000] {dagbag.py:538} INFO - Filling up the DagBag from /home/airflow/.local/lib/python3.8/site-packages/airflow/example_dags/plugins/listener_plugin.py
[2025-12-24T22:38:03.051+0000] {processor.py:842} WARNING - No viable dags retrieved from /home/airflow/.local/lib/python3.8/site-packages/airflow/example_dags/plugins/listener_plugin.py
[2025-12-24T22:38:03.068+0000] {processor.py:183} INFO - Processing /home/airflow/.local/lib/python3.8/site-packages/airflow/example_dags/plugins/listener_plugin.py took 0.026 seconds
[2025-12-24T22:38:33.355+0000] {processor.py:161} INFO - Started process (PID=48275) to work on /home/airflow/.local/lib/python3.8/site-packages/airflow/example_dags/plugins/listener_plugin.py
[2025-12-24T22:38:33.357+0000] {processor.py:830} INFO - Processing file /home/airflow/.local/lib/python3.8/site-packages/airflow/example_dags/plugins/listener_plugin.py for tasks to queue
[2025-12-24T22:38:33.359+0000] {logging_mixin.py:188} INFO - [2025-12-24T22:38:33.358+0000] {dagbag.py:538} INFO - Filling up the DagBag from /home/airflow/.local/lib/python3.8/site-packages/airflow/example_dags/plugins/listener_plugin.py
[2025-12-24T22:38:33.365+0000] {processor.py:842} WARNING - No viable dags retrieved from /home/airflow/.local/lib/python3.8/site-packages/airflow/example_dags/plugins/listener_plugin.py
[2025-12-24T22:38:33.386+0000] {processor.py:183} INFO - Processing /home/airflow/.local/lib/python3.8/site-packages/airflow/example_dags/plugins/listener_plugin.py took 0.038 seconds
[2025-12-24T22:39:03.700+0000] {processor.py:161} INFO - Started process (PID=48334) to work on /home/airflow/.local/lib/python3.8/site-packages/airflow/example_dags/plugins/listener_plugin.py
[2025-12-24T22:39:03.701+0000] {processor.py:830} INFO - Processing file /home/airflow/.local/lib/python3.8/site-packages/airflow/example_dags/plugins/listener_plugin.py for tasks to queue
[2025-12-24T22:39:03.702+0000] {logging_mixin.py:188} INFO - [2025-12-24T22:39:03.702+0000] {dagbag.py:538} INFO - Filling up the DagBag from /home/airflow/.local/lib/python3.8/site-packages/airflow/example_dags/plugins/listener_plugin.py
[2025-12-24T22:39:03.707+0000] {processor.py:842} WARNING - No viable dags retrieved from /home/airflow/.local/lib/python3.8/site-packages/airflow/example_dags/plugins/listener_plugin.py
[2025-12-24T22:39:03.729+0000] {processor.py:183} INFO - Processing /home/airflow/.local/lib/python3.8/site-packages/airflow/example_dags/plugins/listener_plugin.py took 0.033 seconds
[2025-12-24T22:39:33.980+0000] {processor.py:161} INFO - Started process (PID=48393) to work on /home/airflow/.local/lib/python3.8/site-packages/airflow/example_dags/plugins/listener_plugin.py
[2025-12-24T22:39:33.981+0000] {processor.py:830} INFO - Processing file /home/airflow/.local/lib/python3.8/site-packages/airflow/example_dags/plugins/listener_plugin.py for tasks to queue
[2025-12-24T22:39:33.983+0000] {logging_mixin.py:188} INFO - [2025-12-24T22:39:33.983+0000] {dagbag.py:538} INFO - Filling up the DagBag from /home/airflow/.local/lib/python3.8/site-packages/airflow/example_dags/plugins/listener_plugin.py
[2025-12-24T22:39:33.988+0000] {processor.py:842} WARNING - No viable dags retrieved from /home/airflow/.local/lib/python3.8/site-packages/airflow/example_dags/plugins/listener_plugin.py
[2025-12-24T22:39:34.012+0000] {processor.py:183} INFO - Processing /home/airflow/.local/lib/python3.8/site-packages/airflow/example_dags/plugins/listener_plugin.py took 0.037 seconds
[2025-12-24T22:40:04.521+0000] {processor.py:161} INFO - Started process (PID=48452) to work on /home/airflow/.local/lib/python3.8/site-packages/airflow/example_dags/plugins/listener_plugin.py
[2025-12-24T22:40:04.523+0000] {processor.py:830} INFO - Processing file /home/airflow/.local/lib/python3.8/site-packages/airflow/example_dags/plugins/listener_plugin.py for tasks to queue
[2025-12-24T22:40:04.524+0000] {logging_mixin.py:188} INFO - [2025-12-24T22:40:04.524+0000] {dagbag.py:538} INFO - Filling up the DagBag from /home/airflow/.local/lib/python3.8/site-packages/airflow/example_dags/plugins/listener_plugin.py
[2025-12-24T22:40:04.535+0000] {processor.py:842} WARNING - No viable dags retrieved from /home/airflow/.local/lib/python3.8/site-packages/airflow/example_dags/plugins/listener_plugin.py
[2025-12-24T22:40:04.556+0000] {processor.py:183} INFO - Processing /home/airflow/.local/lib/python3.8/site-packages/airflow/example_dags/plugins/listener_plugin.py took 0.040 seconds
[2025-12-24T22:40:34.676+0000] {processor.py:161} INFO - Started process (PID=48511) to work on /home/airflow/.local/lib/python3.8/site-packages/airflow/example_dags/plugins/listener_plugin.py
[2025-12-24T22:40:34.677+0000] {processor.py:830} INFO - Processing file /home/airflow/.local/lib/python3.8/site-packages/airflow/example_dags/plugins/listener_plugin.py for tasks to queue
[2025-12-24T22:40:34.678+0000] {logging_mixin.py:188} INFO - [2025-12-24T22:40:34.678+0000] {dagbag.py:538} INFO - Filling up the DagBag from /home/airflow/.local/lib/python3.8/site-packages/airflow/example_dags/plugins/listener_plugin.py
[2025-12-24T22:40:34.681+0000] {processor.py:842} WARNING - No viable dags retrieved from /home/airflow/.local/lib/python3.8/site-packages/airflow/example_dags/plugins/listener_plugin.py
[2025-12-24T22:40:34.701+0000] {processor.py:183} INFO - Processing /home/airflow/.local/lib/python3.8/site-packages/airflow/example_dags/plugins/listener_plugin.py took 0.031 seconds
[2025-12-24T22:41:05.020+0000] {processor.py:161} INFO - Started process (PID=48570) to work on /home/airflow/.local/lib/python3.8/site-packages/airflow/example_dags/plugins/listener_plugin.py
[2025-12-24T22:41:05.022+0000] {processor.py:830} INFO - Processing file /home/airflow/.local/lib/python3.8/site-packages/airflow/example_dags/plugins/listener_plugin.py for tasks to queue
[2025-12-24T22:41:05.024+0000] {logging_mixin.py:188} INFO - [2025-12-24T22:41:05.023+0000] {dagbag.py:538} INFO - Filling up the DagBag from /home/airflow/.local/lib/python3.8/site-packages/airflow/example_dags/plugins/listener_plugin.py
[2025-12-24T22:41:05.027+0000] {processor.py:842} WARNING - No viable dags retrieved from /home/airflow/.local/lib/python3.8/site-packages/airflow/example_dags/plugins/listener_plugin.py
[2025-12-24T22:41:05.048+0000] {processor.py:183} INFO - Processing /home/airflow/.local/lib/python3.8/site-packages/airflow/example_dags/plugins/listener_plugin.py took 0.032 seconds
[2025-12-24T22:41:35.490+0000] {processor.py:161} INFO - Started process (PID=48629) to work on /home/airflow/.local/lib/python3.8/site-packages/airflow/example_dags/plugins/listener_plugin.py
[2025-12-24T22:41:35.491+0000] {processor.py:830} INFO - Processing file /home/airflow/.local/lib/python3.8/site-packages/airflow/example_dags/plugins/listener_plugin.py for tasks to queue
[2025-12-24T22:41:35.493+0000] {logging_mixin.py:188} INFO - [2025-12-24T22:41:35.492+0000] {dagbag.py:538} INFO - Filling up the DagBag from /home/airflow/.local/lib/python3.8/site-packages/airflow/example_dags/plugins/listener_plugin.py
[2025-12-24T22:41:35.496+0000] {processor.py:842} WARNING - No viable dags retrieved from /home/airflow/.local/lib/python3.8/site-packages/airflow/example_dags/plugins/listener_plugin.py
[2025-12-24T22:41:35.512+0000] {processor.py:183} INFO - Processing /home/airflow/.local/lib/python3.8/site-packages/airflow/example_dags/plugins/listener_plugin.py took 0.027 seconds
[2025-12-24T22:42:05.629+0000] {processor.py:161} INFO - Started process (PID=48687) to work on /home/airflow/.local/lib/python3.8/site-packages/airflow/example_dags/plugins/listener_plugin.py
[2025-12-24T22:42:05.630+0000] {processor.py:830} INFO - Processing file /home/airflow/.local/lib/python3.8/site-packages/airflow/example_dags/plugins/listener_plugin.py for tasks to queue
[2025-12-24T22:42:05.631+0000] {logging_mixin.py:188} INFO - [2025-12-24T22:42:05.631+0000] {dagbag.py:538} INFO - Filling up the DagBag from /home/airflow/.local/lib/python3.8/site-packages/airflow/example_dags/plugins/listener_plugin.py
[2025-12-24T22:42:05.634+0000] {processor.py:842} WARNING - No viable dags retrieved from /home/airflow/.local/lib/python3.8/site-packages/airflow/example_dags/plugins/listener_plugin.py
[2025-12-24T22:42:05.649+0000] {processor.py:183} INFO - Processing /home/airflow/.local/lib/python3.8/site-packages/airflow/example_dags/plugins/listener_plugin.py took 0.024 seconds
[2025-12-24T22:42:35.862+0000] {processor.py:161} INFO - Started process (PID=48746) to work on /home/airflow/.local/lib/python3.8/site-packages/airflow/example_dags/plugins/listener_plugin.py
[2025-12-24T22:42:35.863+0000] {processor.py:830} INFO - Processing file /home/airflow/.local/lib/python3.8/site-packages/airflow/example_dags/plugins/listener_plugin.py for tasks to queue
[2025-12-24T22:42:35.864+0000] {logging_mixin.py:188} INFO - [2025-12-24T22:42:35.864+0000] {dagbag.py:538} INFO - Filling up the DagBag from /home/airflow/.local/lib/python3.8/site-packages/airflow/example_dags/plugins/listener_plugin.py
[2025-12-24T22:42:35.869+0000] {processor.py:842} WARNING - No viable dags retrieved from /home/airflow/.local/lib/python3.8/site-packages/airflow/example_dags/plugins/listener_plugin.py
[2025-12-24T22:42:35.892+0000] {processor.py:183} INFO - Processing /home/airflow/.local/lib/python3.8/site-packages/airflow/example_dags/plugins/listener_plugin.py took 0.034 seconds
[2025-12-24T22:43:06.611+0000] {processor.py:161} INFO - Started process (PID=48805) to work on /home/airflow/.local/lib/python3.8/site-packages/airflow/example_dags/plugins/listener_plugin.py
[2025-12-24T22:43:06.612+0000] {processor.py:830} INFO - Processing file /home/airflow/.local/lib/python3.8/site-packages/airflow/example_dags/plugins/listener_plugin.py for tasks to queue
[2025-12-24T22:43:06.614+0000] {logging_mixin.py:188} INFO - [2025-12-24T22:43:06.613+0000] {dagbag.py:538} INFO - Filling up the DagBag from /home/airflow/.local/lib/python3.8/site-packages/airflow/example_dags/plugins/listener_plugin.py
[2025-12-24T22:43:06.619+0000] {processor.py:842} WARNING - No viable dags retrieved from /home/airflow/.local/lib/python3.8/site-packages/airflow/example_dags/plugins/listener_plugin.py
[2025-12-24T22:43:06.637+0000] {processor.py:183} INFO - Processing /home/airflow/.local/lib/python3.8/site-packages/airflow/example_dags/plugins/listener_plugin.py took 0.030 seconds
[2025-12-24T22:43:37.687+0000] {processor.py:161} INFO - Started process (PID=48863) to work on /home/airflow/.local/lib/python3.8/site-packages/airflow/example_dags/plugins/listener_plugin.py
[2025-12-24T22:43:37.689+0000] {processor.py:830} INFO - Processing file /home/airflow/.local/lib/python3.8/site-packages/airflow/example_dags/plugins/listener_plugin.py for tasks to queue
[2025-12-24T22:43:37.692+0000] {logging_mixin.py:188} INFO - [2025-12-24T22:43:37.691+0000] {dagbag.py:538} INFO - Filling up the DagBag from /home/airflow/.local/lib/python3.8/site-packages/airflow/example_dags/plugins/listener_plugin.py
[2025-12-24T22:43:37.701+0000] {processor.py:842} WARNING - No viable dags retrieved from /home/airflow/.local/lib/python3.8/site-packages/airflow/example_dags/plugins/listener_plugin.py
[2025-12-24T22:43:37.728+0000] {processor.py:183} INFO - Processing /home/airflow/.local/lib/python3.8/site-packages/airflow/example_dags/plugins/listener_plugin.py took 0.048 seconds
[2025-12-24T22:44:08.327+0000] {processor.py:161} INFO - Started process (PID=48922) to work on /home/airflow/.local/lib/python3.8/site-packages/airflow/example_dags/plugins/listener_plugin.py
[2025-12-24T22:44:08.330+0000] {processor.py:830} INFO - Processing file /home/airflow/.local/lib/python3.8/site-packages/airflow/example_dags/plugins/listener_plugin.py for tasks to queue
[2025-12-24T22:44:08.332+0000] {logging_mixin.py:188} INFO - [2025-12-24T22:44:08.332+0000] {dagbag.py:538} INFO - Filling up the DagBag from /home/airflow/.local/lib/python3.8/site-packages/airflow/example_dags/plugins/listener_plugin.py
[2025-12-24T22:44:08.336+0000] {processor.py:842} WARNING - No viable dags retrieved from /home/airflow/.local/lib/python3.8/site-packages/airflow/example_dags/plugins/listener_plugin.py
[2025-12-24T22:44:08.353+0000] {processor.py:183} INFO - Processing /home/airflow/.local/lib/python3.8/site-packages/airflow/example_dags/plugins/listener_plugin.py took 0.031 seconds
[2025-12-24T22:44:38.441+0000] {processor.py:161} INFO - Started process (PID=48980) to work on /home/airflow/.local/lib/python3.8/site-packages/airflow/example_dags/plugins/listener_plugin.py
[2025-12-24T22:44:38.442+0000] {processor.py:830} INFO - Processing file /home/airflow/.local/lib/python3.8/site-packages/airflow/example_dags/plugins/listener_plugin.py for tasks to queue
[2025-12-24T22:44:38.443+0000] {logging_mixin.py:188} INFO - [2025-12-24T22:44:38.443+0000] {dagbag.py:538} INFO - Filling up the DagBag from /home/airflow/.local/lib/python3.8/site-packages/airflow/example_dags/plugins/listener_plugin.py
[2025-12-24T22:44:38.446+0000] {processor.py:842} WARNING - No viable dags retrieved from /home/airflow/.local/lib/python3.8/site-packages/airflow/example_dags/plugins/listener_plugin.py
[2025-12-24T22:44:38.462+0000] {processor.py:183} INFO - Processing /home/airflow/.local/lib/python3.8/site-packages/airflow/example_dags/plugins/listener_plugin.py took 0.025 seconds
[2025-12-24T22:45:09.128+0000] {processor.py:161} INFO - Started process (PID=49040) to work on /home/airflow/.local/lib/python3.8/site-packages/airflow/example_dags/plugins/listener_plugin.py
[2025-12-24T22:45:09.129+0000] {processor.py:830} INFO - Processing file /home/airflow/.local/lib/python3.8/site-packages/airflow/example_dags/plugins/listener_plugin.py for tasks to queue
[2025-12-24T22:45:09.131+0000] {logging_mixin.py:188} INFO - [2025-12-24T22:45:09.130+0000] {dagbag.py:538} INFO - Filling up the DagBag from /home/airflow/.local/lib/python3.8/site-packages/airflow/example_dags/plugins/listener_plugin.py
[2025-12-24T22:45:09.134+0000] {processor.py:842} WARNING - No viable dags retrieved from /home/airflow/.local/lib/python3.8/site-packages/airflow/example_dags/plugins/listener_plugin.py
[2025-12-24T22:45:09.151+0000] {processor.py:183} INFO - Processing /home/airflow/.local/lib/python3.8/site-packages/airflow/example_dags/plugins/listener_plugin.py took 0.027 seconds
[2025-12-24T22:45:39.586+0000] {processor.py:161} INFO - Started process (PID=49103) to work on /home/airflow/.local/lib/python3.8/site-packages/airflow/example_dags/plugins/listener_plugin.py
[2025-12-24T22:45:39.587+0000] {processor.py:830} INFO - Processing file /home/airflow/.local/lib/python3.8/site-packages/airflow/example_dags/plugins/listener_plugin.py for tasks to queue
[2025-12-24T22:45:39.589+0000] {logging_mixin.py:188} INFO - [2025-12-24T22:45:39.588+0000] {dagbag.py:538} INFO - Filling up the DagBag from /home/airflow/.local/lib/python3.8/site-packages/airflow/example_dags/plugins/listener_plugin.py
[2025-12-24T22:45:39.594+0000] {processor.py:842} WARNING - No viable dags retrieved from /home/airflow/.local/lib/python3.8/site-packages/airflow/example_dags/plugins/listener_plugin.py
[2025-12-24T22:45:39.617+0000] {processor.py:183} INFO - Processing /home/airflow/.local/lib/python3.8/site-packages/airflow/example_dags/plugins/listener_plugin.py took 0.037 seconds
[2025-12-24T22:46:10.349+0000] {processor.py:161} INFO - Started process (PID=49168) to work on /home/airflow/.local/lib/python3.8/site-packages/airflow/example_dags/plugins/listener_plugin.py
[2025-12-24T22:46:10.351+0000] {processor.py:830} INFO - Processing file /home/airflow/.local/lib/python3.8/site-packages/airflow/example_dags/plugins/listener_plugin.py for tasks to queue
[2025-12-24T22:46:10.352+0000] {logging_mixin.py:188} INFO - [2025-12-24T22:46:10.352+0000] {dagbag.py:538} INFO - Filling up the DagBag from /home/airflow/.local/lib/python3.8/site-packages/airflow/example_dags/plugins/listener_plugin.py
[2025-12-24T22:46:10.355+0000] {processor.py:842} WARNING - No viable dags retrieved from /home/airflow/.local/lib/python3.8/site-packages/airflow/example_dags/plugins/listener_plugin.py
[2025-12-24T22:46:10.377+0000] {processor.py:183} INFO - Processing /home/airflow/.local/lib/python3.8/site-packages/airflow/example_dags/plugins/listener_plugin.py took 0.031 seconds
[2025-12-24T22:46:40.681+0000] {processor.py:161} INFO - Started process (PID=49236) to work on /home/airflow/.local/lib/python3.8/site-packages/airflow/example_dags/plugins/listener_plugin.py
[2025-12-24T22:46:40.682+0000] {processor.py:830} INFO - Processing file /home/airflow/.local/lib/python3.8/site-packages/airflow/example_dags/plugins/listener_plugin.py for tasks to queue
[2025-12-24T22:46:40.683+0000] {logging_mixin.py:188} INFO - [2025-12-24T22:46:40.683+0000] {dagbag.py:538} INFO - Filling up the DagBag from /home/airflow/.local/lib/python3.8/site-packages/airflow/example_dags/plugins/listener_plugin.py
[2025-12-24T22:46:40.686+0000] {processor.py:842} WARNING - No viable dags retrieved from /home/airflow/.local/lib/python3.8/site-packages/airflow/example_dags/plugins/listener_plugin.py
[2025-12-24T22:46:40.706+0000] {processor.py:183} INFO - Processing /home/airflow/.local/lib/python3.8/site-packages/airflow/example_dags/plugins/listener_plugin.py took 0.029 seconds
[2025-12-24T22:47:11.179+0000] {processor.py:161} INFO - Started process (PID=49304) to work on /home/airflow/.local/lib/python3.8/site-packages/airflow/example_dags/plugins/listener_plugin.py
[2025-12-24T22:47:11.181+0000] {processor.py:830} INFO - Processing file /home/airflow/.local/lib/python3.8/site-packages/airflow/example_dags/plugins/listener_plugin.py for tasks to queue
[2025-12-24T22:47:11.182+0000] {logging_mixin.py:188} INFO - [2025-12-24T22:47:11.181+0000] {dagbag.py:538} INFO - Filling up the DagBag from /home/airflow/.local/lib/python3.8/site-packages/airflow/example_dags/plugins/listener_plugin.py
[2025-12-24T22:47:11.185+0000] {processor.py:842} WARNING - No viable dags retrieved from /home/airflow/.local/lib/python3.8/site-packages/airflow/example_dags/plugins/listener_plugin.py
[2025-12-24T22:47:11.199+0000] {processor.py:183} INFO - Processing /home/airflow/.local/lib/python3.8/site-packages/airflow/example_dags/plugins/listener_plugin.py took 0.024 seconds
[2025-12-24T22:47:42.790+0000] {processor.py:161} INFO - Started process (PID=49374) to work on /home/airflow/.local/lib/python3.8/site-packages/airflow/example_dags/plugins/listener_plugin.py
[2025-12-24T22:47:42.793+0000] {processor.py:830} INFO - Processing file /home/airflow/.local/lib/python3.8/site-packages/airflow/example_dags/plugins/listener_plugin.py for tasks to queue
[2025-12-24T22:47:42.796+0000] {logging_mixin.py:188} INFO - [2025-12-24T22:47:42.795+0000] {dagbag.py:538} INFO - Filling up the DagBag from /home/airflow/.local/lib/python3.8/site-packages/airflow/example_dags/plugins/listener_plugin.py
[2025-12-24T22:47:42.802+0000] {processor.py:842} WARNING - No viable dags retrieved from /home/airflow/.local/lib/python3.8/site-packages/airflow/example_dags/plugins/listener_plugin.py
[2025-12-24T22:47:42.968+0000] {processor.py:183} INFO - Processing /home/airflow/.local/lib/python3.8/site-packages/airflow/example_dags/plugins/listener_plugin.py took 0.184 seconds
[2025-12-24T22:48:13.331+0000] {processor.py:161} INFO - Started process (PID=49441) to work on /home/airflow/.local/lib/python3.8/site-packages/airflow/example_dags/plugins/listener_plugin.py
[2025-12-24T22:48:13.333+0000] {processor.py:830} INFO - Processing file /home/airflow/.local/lib/python3.8/site-packages/airflow/example_dags/plugins/listener_plugin.py for tasks to queue
[2025-12-24T22:48:13.335+0000] {logging_mixin.py:188} INFO - [2025-12-24T22:48:13.334+0000] {dagbag.py:538} INFO - Filling up the DagBag from /home/airflow/.local/lib/python3.8/site-packages/airflow/example_dags/plugins/listener_plugin.py
[2025-12-24T22:48:13.339+0000] {processor.py:842} WARNING - No viable dags retrieved from /home/airflow/.local/lib/python3.8/site-packages/airflow/example_dags/plugins/listener_plugin.py
[2025-12-24T22:48:13.363+0000] {processor.py:183} INFO - Processing /home/airflow/.local/lib/python3.8/site-packages/airflow/example_dags/plugins/listener_plugin.py took 0.040 seconds
[2025-12-24T22:48:43.555+0000] {processor.py:161} INFO - Started process (PID=49510) to work on /home/airflow/.local/lib/python3.8/site-packages/airflow/example_dags/plugins/listener_plugin.py
[2025-12-24T22:48:43.556+0000] {processor.py:830} INFO - Processing file /home/airflow/.local/lib/python3.8/site-packages/airflow/example_dags/plugins/listener_plugin.py for tasks to queue
[2025-12-24T22:48:43.558+0000] {logging_mixin.py:188} INFO - [2025-12-24T22:48:43.558+0000] {dagbag.py:538} INFO - Filling up the DagBag from /home/airflow/.local/lib/python3.8/site-packages/airflow/example_dags/plugins/listener_plugin.py
[2025-12-24T22:48:43.562+0000] {processor.py:842} WARNING - No viable dags retrieved from /home/airflow/.local/lib/python3.8/site-packages/airflow/example_dags/plugins/listener_plugin.py
[2025-12-24T22:48:43.595+0000] {processor.py:183} INFO - Processing /home/airflow/.local/lib/python3.8/site-packages/airflow/example_dags/plugins/listener_plugin.py took 0.044 seconds
[2025-12-24T22:49:13.824+0000] {processor.py:161} INFO - Started process (PID=49574) to work on /home/airflow/.local/lib/python3.8/site-packages/airflow/example_dags/plugins/listener_plugin.py
[2025-12-24T22:49:13.827+0000] {processor.py:830} INFO - Processing file /home/airflow/.local/lib/python3.8/site-packages/airflow/example_dags/plugins/listener_plugin.py for tasks to queue
[2025-12-24T22:49:13.829+0000] {logging_mixin.py:188} INFO - [2025-12-24T22:49:13.828+0000] {dagbag.py:538} INFO - Filling up the DagBag from /home/airflow/.local/lib/python3.8/site-packages/airflow/example_dags/plugins/listener_plugin.py
[2025-12-24T22:49:13.835+0000] {processor.py:842} WARNING - No viable dags retrieved from /home/airflow/.local/lib/python3.8/site-packages/airflow/example_dags/plugins/listener_plugin.py
[2025-12-24T22:49:13.863+0000] {processor.py:183} INFO - Processing /home/airflow/.local/lib/python3.8/site-packages/airflow/example_dags/plugins/listener_plugin.py took 0.047 seconds
[2025-12-24T22:49:44.283+0000] {processor.py:161} INFO - Started process (PID=49634) to work on /home/airflow/.local/lib/python3.8/site-packages/airflow/example_dags/plugins/listener_plugin.py
[2025-12-24T22:49:44.288+0000] {processor.py:830} INFO - Processing file /home/airflow/.local/lib/python3.8/site-packages/airflow/example_dags/plugins/listener_plugin.py for tasks to queue
[2025-12-24T22:49:44.290+0000] {logging_mixin.py:188} INFO - [2025-12-24T22:49:44.289+0000] {dagbag.py:538} INFO - Filling up the DagBag from /home/airflow/.local/lib/python3.8/site-packages/airflow/example_dags/plugins/listener_plugin.py
[2025-12-24T22:49:44.295+0000] {processor.py:842} WARNING - No viable dags retrieved from /home/airflow/.local/lib/python3.8/site-packages/airflow/example_dags/plugins/listener_plugin.py
[2025-12-24T22:49:44.317+0000] {processor.py:183} INFO - Processing /home/airflow/.local/lib/python3.8/site-packages/airflow/example_dags/plugins/listener_plugin.py took 0.041 seconds
[2025-12-24T22:50:14.762+0000] {processor.py:161} INFO - Started process (PID=49702) to work on /home/airflow/.local/lib/python3.8/site-packages/airflow/example_dags/plugins/listener_plugin.py
[2025-12-24T22:50:14.763+0000] {processor.py:830} INFO - Processing file /home/airflow/.local/lib/python3.8/site-packages/airflow/example_dags/plugins/listener_plugin.py for tasks to queue
[2025-12-24T22:50:14.764+0000] {logging_mixin.py:188} INFO - [2025-12-24T22:50:14.764+0000] {dagbag.py:538} INFO - Filling up the DagBag from /home/airflow/.local/lib/python3.8/site-packages/airflow/example_dags/plugins/listener_plugin.py
[2025-12-24T22:50:14.767+0000] {processor.py:842} WARNING - No viable dags retrieved from /home/airflow/.local/lib/python3.8/site-packages/airflow/example_dags/plugins/listener_plugin.py
[2025-12-24T22:50:14.784+0000] {processor.py:183} INFO - Processing /home/airflow/.local/lib/python3.8/site-packages/airflow/example_dags/plugins/listener_plugin.py took 0.026 seconds
[2025-12-24T22:50:45.290+0000] {processor.py:161} INFO - Started process (PID=49768) to work on /home/airflow/.local/lib/python3.8/site-packages/airflow/example_dags/plugins/listener_plugin.py
[2025-12-24T22:50:45.291+0000] {processor.py:830} INFO - Processing file /home/airflow/.local/lib/python3.8/site-packages/airflow/example_dags/plugins/listener_plugin.py for tasks to queue
[2025-12-24T22:50:45.293+0000] {logging_mixin.py:188} INFO - [2025-12-24T22:50:45.292+0000] {dagbag.py:538} INFO - Filling up the DagBag from /home/airflow/.local/lib/python3.8/site-packages/airflow/example_dags/plugins/listener_plugin.py
[2025-12-24T22:50:45.296+0000] {processor.py:842} WARNING - No viable dags retrieved from /home/airflow/.local/lib/python3.8/site-packages/airflow/example_dags/plugins/listener_plugin.py
[2025-12-24T22:50:45.311+0000] {processor.py:183} INFO - Processing /home/airflow/.local/lib/python3.8/site-packages/airflow/example_dags/plugins/listener_plugin.py took 0.025 seconds
[2025-12-24T22:51:16.211+0000] {processor.py:161} INFO - Started process (PID=49827) to work on /home/airflow/.local/lib/python3.8/site-packages/airflow/example_dags/plugins/listener_plugin.py
[2025-12-24T22:51:16.213+0000] {processor.py:830} INFO - Processing file /home/airflow/.local/lib/python3.8/site-packages/airflow/example_dags/plugins/listener_plugin.py for tasks to queue
[2025-12-24T22:51:16.214+0000] {logging_mixin.py:188} INFO - [2025-12-24T22:51:16.213+0000] {dagbag.py:538} INFO - Filling up the DagBag from /home/airflow/.local/lib/python3.8/site-packages/airflow/example_dags/plugins/listener_plugin.py
[2025-12-24T22:51:16.217+0000] {processor.py:842} WARNING - No viable dags retrieved from /home/airflow/.local/lib/python3.8/site-packages/airflow/example_dags/plugins/listener_plugin.py
[2025-12-24T22:51:16.232+0000] {processor.py:183} INFO - Processing /home/airflow/.local/lib/python3.8/site-packages/airflow/example_dags/plugins/listener_plugin.py took 0.025 seconds
[2025-12-24T22:51:46.983+0000] {processor.py:161} INFO - Started process (PID=49886) to work on /home/airflow/.local/lib/python3.8/site-packages/airflow/example_dags/plugins/listener_plugin.py
[2025-12-24T22:51:46.985+0000] {processor.py:830} INFO - Processing file /home/airflow/.local/lib/python3.8/site-packages/airflow/example_dags/plugins/listener_plugin.py for tasks to queue
[2025-12-24T22:51:46.986+0000] {logging_mixin.py:188} INFO - [2025-12-24T22:51:46.985+0000] {dagbag.py:538} INFO - Filling up the DagBag from /home/airflow/.local/lib/python3.8/site-packages/airflow/example_dags/plugins/listener_plugin.py
[2025-12-24T22:51:46.988+0000] {processor.py:842} WARNING - No viable dags retrieved from /home/airflow/.local/lib/python3.8/site-packages/airflow/example_dags/plugins/listener_plugin.py
[2025-12-24T22:51:47.002+0000] {processor.py:183} INFO - Processing /home/airflow/.local/lib/python3.8/site-packages/airflow/example_dags/plugins/listener_plugin.py took 0.022 seconds
[2025-12-24T22:52:17.371+0000] {processor.py:161} INFO - Started process (PID=49945) to work on /home/airflow/.local/lib/python3.8/site-packages/airflow/example_dags/plugins/listener_plugin.py
[2025-12-24T22:52:17.372+0000] {processor.py:830} INFO - Processing file /home/airflow/.local/lib/python3.8/site-packages/airflow/example_dags/plugins/listener_plugin.py for tasks to queue
[2025-12-24T22:52:17.374+0000] {logging_mixin.py:188} INFO - [2025-12-24T22:52:17.373+0000] {dagbag.py:538} INFO - Filling up the DagBag from /home/airflow/.local/lib/python3.8/site-packages/airflow/example_dags/plugins/listener_plugin.py
[2025-12-24T22:52:17.378+0000] {processor.py:842} WARNING - No viable dags retrieved from /home/airflow/.local/lib/python3.8/site-packages/airflow/example_dags/plugins/listener_plugin.py
[2025-12-24T22:52:17.397+0000] {processor.py:183} INFO - Processing /home/airflow/.local/lib/python3.8/site-packages/airflow/example_dags/plugins/listener_plugin.py took 0.031 seconds
[2025-12-24T22:52:48.190+0000] {processor.py:161} INFO - Started process (PID=50004) to work on /home/airflow/.local/lib/python3.8/site-packages/airflow/example_dags/plugins/listener_plugin.py
[2025-12-24T22:52:48.192+0000] {processor.py:830} INFO - Processing file /home/airflow/.local/lib/python3.8/site-packages/airflow/example_dags/plugins/listener_plugin.py for tasks to queue
[2025-12-24T22:52:48.194+0000] {logging_mixin.py:188} INFO - [2025-12-24T22:52:48.193+0000] {dagbag.py:538} INFO - Filling up the DagBag from /home/airflow/.local/lib/python3.8/site-packages/airflow/example_dags/plugins/listener_plugin.py
[2025-12-24T22:52:48.199+0000] {processor.py:842} WARNING - No viable dags retrieved from /home/airflow/.local/lib/python3.8/site-packages/airflow/example_dags/plugins/listener_plugin.py
[2025-12-24T22:52:48.217+0000] {processor.py:183} INFO - Processing /home/airflow/.local/lib/python3.8/site-packages/airflow/example_dags/plugins/listener_plugin.py took 0.031 seconds
[2025-12-24T22:53:19.130+0000] {processor.py:161} INFO - Started process (PID=50062) to work on /home/airflow/.local/lib/python3.8/site-packages/airflow/example_dags/plugins/listener_plugin.py
[2025-12-24T22:53:19.131+0000] {processor.py:830} INFO - Processing file /home/airflow/.local/lib/python3.8/site-packages/airflow/example_dags/plugins/listener_plugin.py for tasks to queue
[2025-12-24T22:53:19.132+0000] {logging_mixin.py:188} INFO - [2025-12-24T22:53:19.132+0000] {dagbag.py:538} INFO - Filling up the DagBag from /home/airflow/.local/lib/python3.8/site-packages/airflow/example_dags/plugins/listener_plugin.py
[2025-12-24T22:53:19.135+0000] {processor.py:842} WARNING - No viable dags retrieved from /home/airflow/.local/lib/python3.8/site-packages/airflow/example_dags/plugins/listener_plugin.py
[2025-12-24T22:53:19.149+0000] {processor.py:183} INFO - Processing /home/airflow/.local/lib/python3.8/site-packages/airflow/example_dags/plugins/listener_plugin.py took 0.023 seconds
[2025-12-24T22:53:49.586+0000] {processor.py:161} INFO - Started process (PID=50121) to work on /home/airflow/.local/lib/python3.8/site-packages/airflow/example_dags/plugins/listener_plugin.py
[2025-12-24T22:53:49.588+0000] {processor.py:830} INFO - Processing file /home/airflow/.local/lib/python3.8/site-packages/airflow/example_dags/plugins/listener_plugin.py for tasks to queue
[2025-12-24T22:53:49.589+0000] {logging_mixin.py:188} INFO - [2025-12-24T22:53:49.588+0000] {dagbag.py:538} INFO - Filling up the DagBag from /home/airflow/.local/lib/python3.8/site-packages/airflow/example_dags/plugins/listener_plugin.py
[2025-12-24T22:53:49.595+0000] {processor.py:842} WARNING - No viable dags retrieved from /home/airflow/.local/lib/python3.8/site-packages/airflow/example_dags/plugins/listener_plugin.py
[2025-12-24T22:53:49.614+0000] {processor.py:183} INFO - Processing /home/airflow/.local/lib/python3.8/site-packages/airflow/example_dags/plugins/listener_plugin.py took 0.032 seconds
[2025-12-24T22:54:19.901+0000] {processor.py:161} INFO - Started process (PID=50185) to work on /home/airflow/.local/lib/python3.8/site-packages/airflow/example_dags/plugins/listener_plugin.py
[2025-12-24T22:54:19.903+0000] {processor.py:830} INFO - Processing file /home/airflow/.local/lib/python3.8/site-packages/airflow/example_dags/plugins/listener_plugin.py for tasks to queue
[2025-12-24T22:54:19.905+0000] {logging_mixin.py:188} INFO - [2025-12-24T22:54:19.905+0000] {dagbag.py:538} INFO - Filling up the DagBag from /home/airflow/.local/lib/python3.8/site-packages/airflow/example_dags/plugins/listener_plugin.py
[2025-12-24T22:54:19.912+0000] {processor.py:842} WARNING - No viable dags retrieved from /home/airflow/.local/lib/python3.8/site-packages/airflow/example_dags/plugins/listener_plugin.py
[2025-12-24T22:54:19.936+0000] {processor.py:183} INFO - Processing /home/airflow/.local/lib/python3.8/site-packages/airflow/example_dags/plugins/listener_plugin.py took 0.040 seconds
[2025-12-24T22:54:50.245+0000] {processor.py:161} INFO - Started process (PID=50244) to work on /home/airflow/.local/lib/python3.8/site-packages/airflow/example_dags/plugins/listener_plugin.py
[2025-12-24T22:54:50.264+0000] {processor.py:830} INFO - Processing file /home/airflow/.local/lib/python3.8/site-packages/airflow/example_dags/plugins/listener_plugin.py for tasks to queue
[2025-12-24T22:54:50.265+0000] {logging_mixin.py:188} INFO - [2025-12-24T22:54:50.265+0000] {dagbag.py:538} INFO - Filling up the DagBag from /home/airflow/.local/lib/python3.8/site-packages/airflow/example_dags/plugins/listener_plugin.py
[2025-12-24T22:54:50.269+0000] {processor.py:842} WARNING - No viable dags retrieved from /home/airflow/.local/lib/python3.8/site-packages/airflow/example_dags/plugins/listener_plugin.py
[2025-12-24T22:54:50.288+0000] {processor.py:183} INFO - Processing /home/airflow/.local/lib/python3.8/site-packages/airflow/example_dags/plugins/listener_plugin.py took 0.047 seconds
[2025-12-24T22:55:20.560+0000] {processor.py:161} INFO - Started process (PID=50303) to work on /home/airflow/.local/lib/python3.8/site-packages/airflow/example_dags/plugins/listener_plugin.py
[2025-12-24T22:55:20.561+0000] {processor.py:830} INFO - Processing file /home/airflow/.local/lib/python3.8/site-packages/airflow/example_dags/plugins/listener_plugin.py for tasks to queue
[2025-12-24T22:55:20.563+0000] {logging_mixin.py:188} INFO - [2025-12-24T22:55:20.562+0000] {dagbag.py:538} INFO - Filling up the DagBag from /home/airflow/.local/lib/python3.8/site-packages/airflow/example_dags/plugins/listener_plugin.py
[2025-12-24T22:55:20.566+0000] {processor.py:842} WARNING - No viable dags retrieved from /home/airflow/.local/lib/python3.8/site-packages/airflow/example_dags/plugins/listener_plugin.py
[2025-12-24T22:55:20.581+0000] {processor.py:183} INFO - Processing /home/airflow/.local/lib/python3.8/site-packages/airflow/example_dags/plugins/listener_plugin.py took 0.026 seconds
[2025-12-24T22:55:50.751+0000] {processor.py:161} INFO - Started process (PID=50362) to work on /home/airflow/.local/lib/python3.8/site-packages/airflow/example_dags/plugins/listener_plugin.py
[2025-12-24T22:55:50.753+0000] {processor.py:830} INFO - Processing file /home/airflow/.local/lib/python3.8/site-packages/airflow/example_dags/plugins/listener_plugin.py for tasks to queue
[2025-12-24T22:55:50.754+0000] {logging_mixin.py:188} INFO - [2025-12-24T22:55:50.753+0000] {dagbag.py:538} INFO - Filling up the DagBag from /home/airflow/.local/lib/python3.8/site-packages/airflow/example_dags/plugins/listener_plugin.py
[2025-12-24T22:55:50.757+0000] {processor.py:842} WARNING - No viable dags retrieved from /home/airflow/.local/lib/python3.8/site-packages/airflow/example_dags/plugins/listener_plugin.py
[2025-12-24T22:55:50.771+0000] {processor.py:183} INFO - Processing /home/airflow/.local/lib/python3.8/site-packages/airflow/example_dags/plugins/listener_plugin.py took 0.023 seconds
[2025-12-24T22:56:21.259+0000] {processor.py:161} INFO - Started process (PID=50422) to work on /home/airflow/.local/lib/python3.8/site-packages/airflow/example_dags/plugins/listener_plugin.py
[2025-12-24T22:56:21.260+0000] {processor.py:830} INFO - Processing file /home/airflow/.local/lib/python3.8/site-packages/airflow/example_dags/plugins/listener_plugin.py for tasks to queue
[2025-12-24T22:56:21.261+0000] {logging_mixin.py:188} INFO - [2025-12-24T22:56:21.261+0000] {dagbag.py:538} INFO - Filling up the DagBag from /home/airflow/.local/lib/python3.8/site-packages/airflow/example_dags/plugins/listener_plugin.py
[2025-12-24T22:56:21.265+0000] {processor.py:842} WARNING - No viable dags retrieved from /home/airflow/.local/lib/python3.8/site-packages/airflow/example_dags/plugins/listener_plugin.py
[2025-12-24T22:56:21.280+0000] {processor.py:183} INFO - Processing /home/airflow/.local/lib/python3.8/site-packages/airflow/example_dags/plugins/listener_plugin.py took 0.026 seconds
[2025-12-24T22:56:51.764+0000] {processor.py:161} INFO - Started process (PID=50481) to work on /home/airflow/.local/lib/python3.8/site-packages/airflow/example_dags/plugins/listener_plugin.py
[2025-12-24T22:56:51.766+0000] {processor.py:830} INFO - Processing file /home/airflow/.local/lib/python3.8/site-packages/airflow/example_dags/plugins/listener_plugin.py for tasks to queue
[2025-12-24T22:56:51.767+0000] {logging_mixin.py:188} INFO - [2025-12-24T22:56:51.767+0000] {dagbag.py:538} INFO - Filling up the DagBag from /home/airflow/.local/lib/python3.8/site-packages/airflow/example_dags/plugins/listener_plugin.py
[2025-12-24T22:56:51.770+0000] {processor.py:842} WARNING - No viable dags retrieved from /home/airflow/.local/lib/python3.8/site-packages/airflow/example_dags/plugins/listener_plugin.py
[2025-12-24T22:56:51.786+0000] {processor.py:183} INFO - Processing /home/airflow/.local/lib/python3.8/site-packages/airflow/example_dags/plugins/listener_plugin.py took 0.025 seconds
[2025-12-24T22:57:22.158+0000] {processor.py:161} INFO - Started process (PID=50539) to work on /home/airflow/.local/lib/python3.8/site-packages/airflow/example_dags/plugins/listener_plugin.py
[2025-12-24T22:57:22.159+0000] {processor.py:830} INFO - Processing file /home/airflow/.local/lib/python3.8/site-packages/airflow/example_dags/plugins/listener_plugin.py for tasks to queue
[2025-12-24T22:57:22.160+0000] {logging_mixin.py:188} INFO - [2025-12-24T22:57:22.160+0000] {dagbag.py:538} INFO - Filling up the DagBag from /home/airflow/.local/lib/python3.8/site-packages/airflow/example_dags/plugins/listener_plugin.py
[2025-12-24T22:57:22.164+0000] {processor.py:842} WARNING - No viable dags retrieved from /home/airflow/.local/lib/python3.8/site-packages/airflow/example_dags/plugins/listener_plugin.py
[2025-12-24T22:57:22.182+0000] {processor.py:183} INFO - Processing /home/airflow/.local/lib/python3.8/site-packages/airflow/example_dags/plugins/listener_plugin.py took 0.028 seconds
[2025-12-24T22:57:52.701+0000] {processor.py:161} INFO - Started process (PID=50598) to work on /home/airflow/.local/lib/python3.8/site-packages/airflow/example_dags/plugins/listener_plugin.py
[2025-12-24T22:57:52.703+0000] {processor.py:830} INFO - Processing file /home/airflow/.local/lib/python3.8/site-packages/airflow/example_dags/plugins/listener_plugin.py for tasks to queue
[2025-12-24T22:57:52.704+0000] {logging_mixin.py:188} INFO - [2025-12-24T22:57:52.704+0000] {dagbag.py:538} INFO - Filling up the DagBag from /home/airflow/.local/lib/python3.8/site-packages/airflow/example_dags/plugins/listener_plugin.py
[2025-12-24T22:57:52.708+0000] {processor.py:842} WARNING - No viable dags retrieved from /home/airflow/.local/lib/python3.8/site-packages/airflow/example_dags/plugins/listener_plugin.py
[2025-12-24T22:57:52.729+0000] {processor.py:183} INFO - Processing /home/airflow/.local/lib/python3.8/site-packages/airflow/example_dags/plugins/listener_plugin.py took 0.032 seconds
[2025-12-24T22:58:23.204+0000] {processor.py:161} INFO - Started process (PID=50657) to work on /home/airflow/.local/lib/python3.8/site-packages/airflow/example_dags/plugins/listener_plugin.py
[2025-12-24T22:58:23.206+0000] {processor.py:830} INFO - Processing file /home/airflow/.local/lib/python3.8/site-packages/airflow/example_dags/plugins/listener_plugin.py for tasks to queue
[2025-12-24T22:58:23.207+0000] {logging_mixin.py:188} INFO - [2025-12-24T22:58:23.207+0000] {dagbag.py:538} INFO - Filling up the DagBag from /home/airflow/.local/lib/python3.8/site-packages/airflow/example_dags/plugins/listener_plugin.py
[2025-12-24T22:58:23.212+0000] {processor.py:842} WARNING - No viable dags retrieved from /home/airflow/.local/lib/python3.8/site-packages/airflow/example_dags/plugins/listener_plugin.py
[2025-12-24T22:58:23.226+0000] {processor.py:183} INFO - Processing /home/airflow/.local/lib/python3.8/site-packages/airflow/example_dags/plugins/listener_plugin.py took 0.026 seconds
[2025-12-24T22:58:53.808+0000] {processor.py:161} INFO - Started process (PID=50716) to work on /home/airflow/.local/lib/python3.8/site-packages/airflow/example_dags/plugins/listener_plugin.py
[2025-12-24T22:58:53.810+0000] {processor.py:830} INFO - Processing file /home/airflow/.local/lib/python3.8/site-packages/airflow/example_dags/plugins/listener_plugin.py for tasks to queue
[2025-12-24T22:58:53.812+0000] {logging_mixin.py:188} INFO - [2025-12-24T22:58:53.811+0000] {dagbag.py:538} INFO - Filling up the DagBag from /home/airflow/.local/lib/python3.8/site-packages/airflow/example_dags/plugins/listener_plugin.py
[2025-12-24T22:58:53.817+0000] {processor.py:842} WARNING - No viable dags retrieved from /home/airflow/.local/lib/python3.8/site-packages/airflow/example_dags/plugins/listener_plugin.py
[2025-12-24T22:58:53.840+0000] {processor.py:183} INFO - Processing /home/airflow/.local/lib/python3.8/site-packages/airflow/example_dags/plugins/listener_plugin.py took 0.038 seconds
