[2025-12-24T15:33:53.445+0000] {processor.py:161} INFO - Started process (PID=104) to work on /home/airflow/.local/lib/python3.8/site-packages/airflow/example_dags/plugins/workday.py
[2025-12-24T15:33:53.448+0000] {processor.py:830} INFO - Processing file /home/airflow/.local/lib/python3.8/site-packages/airflow/example_dags/plugins/workday.py for tasks to queue
[2025-12-24T15:33:53.453+0000] {logging_mixin.py:188} INFO - [2025-12-24T15:33:53.452+0000] {dagbag.py:538} INFO - Filling up the DagBag from /home/airflow/.local/lib/python3.8/site-packages/airflow/example_dags/plugins/workday.py
[2025-12-24T15:33:58.904+0000] {processor.py:842} WARNING - No viable dags retrieved from /home/airflow/.local/lib/python3.8/site-packages/airflow/example_dags/plugins/workday.py
[2025-12-24T15:33:58.926+0000] {processor.py:183} INFO - Processing /home/airflow/.local/lib/python3.8/site-packages/airflow/example_dags/plugins/workday.py took 5.488 seconds
[2025-12-24T15:34:29.789+0000] {processor.py:161} INFO - Started process (PID=163) to work on /home/airflow/.local/lib/python3.8/site-packages/airflow/example_dags/plugins/workday.py
[2025-12-24T15:34:29.790+0000] {processor.py:830} INFO - Processing file /home/airflow/.local/lib/python3.8/site-packages/airflow/example_dags/plugins/workday.py for tasks to queue
[2025-12-24T15:34:29.793+0000] {logging_mixin.py:188} INFO - [2025-12-24T15:34:29.792+0000] {dagbag.py:538} INFO - Filling up the DagBag from /home/airflow/.local/lib/python3.8/site-packages/airflow/example_dags/plugins/workday.py
[2025-12-24T15:34:30.434+0000] {processor.py:842} WARNING - No viable dags retrieved from /home/airflow/.local/lib/python3.8/site-packages/airflow/example_dags/plugins/workday.py
[2025-12-24T15:34:30.466+0000] {processor.py:183} INFO - Processing /home/airflow/.local/lib/python3.8/site-packages/airflow/example_dags/plugins/workday.py took 0.681 seconds
[2025-12-24T15:35:00.950+0000] {processor.py:161} INFO - Started process (PID=220) to work on /home/airflow/.local/lib/python3.8/site-packages/airflow/example_dags/plugins/workday.py
[2025-12-24T15:35:00.952+0000] {processor.py:830} INFO - Processing file /home/airflow/.local/lib/python3.8/site-packages/airflow/example_dags/plugins/workday.py for tasks to queue
[2025-12-24T15:35:00.955+0000] {logging_mixin.py:188} INFO - [2025-12-24T15:35:00.954+0000] {dagbag.py:538} INFO - Filling up the DagBag from /home/airflow/.local/lib/python3.8/site-packages/airflow/example_dags/plugins/workday.py
[2025-12-24T15:35:01.516+0000] {processor.py:842} WARNING - No viable dags retrieved from /home/airflow/.local/lib/python3.8/site-packages/airflow/example_dags/plugins/workday.py
[2025-12-24T15:35:01.539+0000] {processor.py:183} INFO - Processing /home/airflow/.local/lib/python3.8/site-packages/airflow/example_dags/plugins/workday.py took 0.594 seconds
[2025-12-24T15:35:31.806+0000] {processor.py:161} INFO - Started process (PID=276) to work on /home/airflow/.local/lib/python3.8/site-packages/airflow/example_dags/plugins/workday.py
[2025-12-24T15:35:31.807+0000] {processor.py:830} INFO - Processing file /home/airflow/.local/lib/python3.8/site-packages/airflow/example_dags/plugins/workday.py for tasks to queue
[2025-12-24T15:35:31.809+0000] {logging_mixin.py:188} INFO - [2025-12-24T15:35:31.809+0000] {dagbag.py:538} INFO - Filling up the DagBag from /home/airflow/.local/lib/python3.8/site-packages/airflow/example_dags/plugins/workday.py
[2025-12-24T15:35:32.210+0000] {processor.py:842} WARNING - No viable dags retrieved from /home/airflow/.local/lib/python3.8/site-packages/airflow/example_dags/plugins/workday.py
[2025-12-24T15:35:32.223+0000] {processor.py:183} INFO - Processing /home/airflow/.local/lib/python3.8/site-packages/airflow/example_dags/plugins/workday.py took 0.420 seconds
[2025-12-24T15:36:02.307+0000] {processor.py:161} INFO - Started process (PID=332) to work on /home/airflow/.local/lib/python3.8/site-packages/airflow/example_dags/plugins/workday.py
[2025-12-24T15:36:02.308+0000] {processor.py:830} INFO - Processing file /home/airflow/.local/lib/python3.8/site-packages/airflow/example_dags/plugins/workday.py for tasks to queue
[2025-12-24T15:36:02.310+0000] {logging_mixin.py:188} INFO - [2025-12-24T15:36:02.310+0000] {dagbag.py:538} INFO - Filling up the DagBag from /home/airflow/.local/lib/python3.8/site-packages/airflow/example_dags/plugins/workday.py
[2025-12-24T15:36:02.695+0000] {processor.py:842} WARNING - No viable dags retrieved from /home/airflow/.local/lib/python3.8/site-packages/airflow/example_dags/plugins/workday.py
[2025-12-24T15:36:02.706+0000] {processor.py:183} INFO - Processing /home/airflow/.local/lib/python3.8/site-packages/airflow/example_dags/plugins/workday.py took 0.402 seconds
[2025-12-24T15:36:33.295+0000] {processor.py:161} INFO - Started process (PID=388) to work on /home/airflow/.local/lib/python3.8/site-packages/airflow/example_dags/plugins/workday.py
[2025-12-24T15:36:33.296+0000] {processor.py:830} INFO - Processing file /home/airflow/.local/lib/python3.8/site-packages/airflow/example_dags/plugins/workday.py for tasks to queue
[2025-12-24T15:36:33.298+0000] {logging_mixin.py:188} INFO - [2025-12-24T15:36:33.297+0000] {dagbag.py:538} INFO - Filling up the DagBag from /home/airflow/.local/lib/python3.8/site-packages/airflow/example_dags/plugins/workday.py
[2025-12-24T15:36:33.680+0000] {processor.py:842} WARNING - No viable dags retrieved from /home/airflow/.local/lib/python3.8/site-packages/airflow/example_dags/plugins/workday.py
[2025-12-24T15:36:33.694+0000] {processor.py:183} INFO - Processing /home/airflow/.local/lib/python3.8/site-packages/airflow/example_dags/plugins/workday.py took 0.403 seconds
[2025-12-24T15:37:04.224+0000] {processor.py:161} INFO - Started process (PID=444) to work on /home/airflow/.local/lib/python3.8/site-packages/airflow/example_dags/plugins/workday.py
[2025-12-24T15:37:04.226+0000] {processor.py:830} INFO - Processing file /home/airflow/.local/lib/python3.8/site-packages/airflow/example_dags/plugins/workday.py for tasks to queue
[2025-12-24T15:37:04.228+0000] {logging_mixin.py:188} INFO - [2025-12-24T15:37:04.228+0000] {dagbag.py:538} INFO - Filling up the DagBag from /home/airflow/.local/lib/python3.8/site-packages/airflow/example_dags/plugins/workday.py
[2025-12-24T15:37:04.688+0000] {processor.py:842} WARNING - No viable dags retrieved from /home/airflow/.local/lib/python3.8/site-packages/airflow/example_dags/plugins/workday.py
[2025-12-24T15:37:04.700+0000] {processor.py:183} INFO - Processing /home/airflow/.local/lib/python3.8/site-packages/airflow/example_dags/plugins/workday.py took 0.480 seconds
[2025-12-24T15:37:34.821+0000] {processor.py:161} INFO - Started process (PID=500) to work on /home/airflow/.local/lib/python3.8/site-packages/airflow/example_dags/plugins/workday.py
[2025-12-24T15:37:34.823+0000] {processor.py:830} INFO - Processing file /home/airflow/.local/lib/python3.8/site-packages/airflow/example_dags/plugins/workday.py for tasks to queue
[2025-12-24T15:37:34.825+0000] {logging_mixin.py:188} INFO - [2025-12-24T15:37:34.825+0000] {dagbag.py:538} INFO - Filling up the DagBag from /home/airflow/.local/lib/python3.8/site-packages/airflow/example_dags/plugins/workday.py
[2025-12-24T15:37:35.222+0000] {processor.py:842} WARNING - No viable dags retrieved from /home/airflow/.local/lib/python3.8/site-packages/airflow/example_dags/plugins/workday.py
[2025-12-24T15:37:35.234+0000] {processor.py:183} INFO - Processing /home/airflow/.local/lib/python3.8/site-packages/airflow/example_dags/plugins/workday.py took 0.417 seconds
[2025-12-24T15:38:05.989+0000] {processor.py:161} INFO - Started process (PID=556) to work on /home/airflow/.local/lib/python3.8/site-packages/airflow/example_dags/plugins/workday.py
[2025-12-24T15:38:05.990+0000] {processor.py:830} INFO - Processing file /home/airflow/.local/lib/python3.8/site-packages/airflow/example_dags/plugins/workday.py for tasks to queue
[2025-12-24T15:38:05.992+0000] {logging_mixin.py:188} INFO - [2025-12-24T15:38:05.991+0000] {dagbag.py:538} INFO - Filling up the DagBag from /home/airflow/.local/lib/python3.8/site-packages/airflow/example_dags/plugins/workday.py
[2025-12-24T15:38:06.346+0000] {processor.py:842} WARNING - No viable dags retrieved from /home/airflow/.local/lib/python3.8/site-packages/airflow/example_dags/plugins/workday.py
[2025-12-24T15:38:06.358+0000] {processor.py:183} INFO - Processing /home/airflow/.local/lib/python3.8/site-packages/airflow/example_dags/plugins/workday.py took 0.373 seconds
[2025-12-24T15:38:36.440+0000] {processor.py:161} INFO - Started process (PID=612) to work on /home/airflow/.local/lib/python3.8/site-packages/airflow/example_dags/plugins/workday.py
[2025-12-24T15:38:36.441+0000] {processor.py:830} INFO - Processing file /home/airflow/.local/lib/python3.8/site-packages/airflow/example_dags/plugins/workday.py for tasks to queue
[2025-12-24T15:38:36.443+0000] {logging_mixin.py:188} INFO - [2025-12-24T15:38:36.442+0000] {dagbag.py:538} INFO - Filling up the DagBag from /home/airflow/.local/lib/python3.8/site-packages/airflow/example_dags/plugins/workday.py
[2025-12-24T15:38:36.792+0000] {processor.py:842} WARNING - No viable dags retrieved from /home/airflow/.local/lib/python3.8/site-packages/airflow/example_dags/plugins/workday.py
[2025-12-24T15:38:36.804+0000] {processor.py:183} INFO - Processing /home/airflow/.local/lib/python3.8/site-packages/airflow/example_dags/plugins/workday.py took 0.368 seconds
[2025-12-24T15:39:07.544+0000] {processor.py:161} INFO - Started process (PID=668) to work on /home/airflow/.local/lib/python3.8/site-packages/airflow/example_dags/plugins/workday.py
[2025-12-24T15:39:07.545+0000] {processor.py:830} INFO - Processing file /home/airflow/.local/lib/python3.8/site-packages/airflow/example_dags/plugins/workday.py for tasks to queue
[2025-12-24T15:39:07.547+0000] {logging_mixin.py:188} INFO - [2025-12-24T15:39:07.547+0000] {dagbag.py:538} INFO - Filling up the DagBag from /home/airflow/.local/lib/python3.8/site-packages/airflow/example_dags/plugins/workday.py
[2025-12-24T15:39:07.898+0000] {processor.py:842} WARNING - No viable dags retrieved from /home/airflow/.local/lib/python3.8/site-packages/airflow/example_dags/plugins/workday.py
[2025-12-24T15:39:07.910+0000] {processor.py:183} INFO - Processing /home/airflow/.local/lib/python3.8/site-packages/airflow/example_dags/plugins/workday.py took 0.369 seconds
[2025-12-24T15:39:38.939+0000] {processor.py:161} INFO - Started process (PID=724) to work on /home/airflow/.local/lib/python3.8/site-packages/airflow/example_dags/plugins/workday.py
[2025-12-24T15:39:38.941+0000] {processor.py:830} INFO - Processing file /home/airflow/.local/lib/python3.8/site-packages/airflow/example_dags/plugins/workday.py for tasks to queue
[2025-12-24T15:39:38.943+0000] {logging_mixin.py:188} INFO - [2025-12-24T15:39:38.942+0000] {dagbag.py:538} INFO - Filling up the DagBag from /home/airflow/.local/lib/python3.8/site-packages/airflow/example_dags/plugins/workday.py
[2025-12-24T15:39:39.314+0000] {processor.py:842} WARNING - No viable dags retrieved from /home/airflow/.local/lib/python3.8/site-packages/airflow/example_dags/plugins/workday.py
[2025-12-24T15:39:39.326+0000] {processor.py:183} INFO - Processing /home/airflow/.local/lib/python3.8/site-packages/airflow/example_dags/plugins/workday.py took 0.390 seconds
[2025-12-24T15:40:10.340+0000] {processor.py:161} INFO - Started process (PID=780) to work on /home/airflow/.local/lib/python3.8/site-packages/airflow/example_dags/plugins/workday.py
[2025-12-24T15:40:10.341+0000] {processor.py:830} INFO - Processing file /home/airflow/.local/lib/python3.8/site-packages/airflow/example_dags/plugins/workday.py for tasks to queue
[2025-12-24T15:40:10.343+0000] {logging_mixin.py:188} INFO - [2025-12-24T15:40:10.342+0000] {dagbag.py:538} INFO - Filling up the DagBag from /home/airflow/.local/lib/python3.8/site-packages/airflow/example_dags/plugins/workday.py
[2025-12-24T15:40:10.709+0000] {processor.py:842} WARNING - No viable dags retrieved from /home/airflow/.local/lib/python3.8/site-packages/airflow/example_dags/plugins/workday.py
[2025-12-24T15:40:10.722+0000] {processor.py:183} INFO - Processing /home/airflow/.local/lib/python3.8/site-packages/airflow/example_dags/plugins/workday.py took 0.386 seconds
[2025-12-24T15:40:41.599+0000] {processor.py:161} INFO - Started process (PID=836) to work on /home/airflow/.local/lib/python3.8/site-packages/airflow/example_dags/plugins/workday.py
[2025-12-24T15:40:41.600+0000] {processor.py:830} INFO - Processing file /home/airflow/.local/lib/python3.8/site-packages/airflow/example_dags/plugins/workday.py for tasks to queue
[2025-12-24T15:40:41.603+0000] {logging_mixin.py:188} INFO - [2025-12-24T15:40:41.602+0000] {dagbag.py:538} INFO - Filling up the DagBag from /home/airflow/.local/lib/python3.8/site-packages/airflow/example_dags/plugins/workday.py
[2025-12-24T15:40:41.996+0000] {processor.py:842} WARNING - No viable dags retrieved from /home/airflow/.local/lib/python3.8/site-packages/airflow/example_dags/plugins/workday.py
[2025-12-24T15:40:42.011+0000] {processor.py:183} INFO - Processing /home/airflow/.local/lib/python3.8/site-packages/airflow/example_dags/plugins/workday.py took 0.416 seconds
[2025-12-24T15:41:12.894+0000] {processor.py:161} INFO - Started process (PID=893) to work on /home/airflow/.local/lib/python3.8/site-packages/airflow/example_dags/plugins/workday.py
[2025-12-24T15:41:12.895+0000] {processor.py:830} INFO - Processing file /home/airflow/.local/lib/python3.8/site-packages/airflow/example_dags/plugins/workday.py for tasks to queue
[2025-12-24T15:41:12.897+0000] {logging_mixin.py:188} INFO - [2025-12-24T15:41:12.897+0000] {dagbag.py:538} INFO - Filling up the DagBag from /home/airflow/.local/lib/python3.8/site-packages/airflow/example_dags/plugins/workday.py
[2025-12-24T15:41:13.247+0000] {processor.py:842} WARNING - No viable dags retrieved from /home/airflow/.local/lib/python3.8/site-packages/airflow/example_dags/plugins/workday.py
[2025-12-24T15:41:13.264+0000] {processor.py:183} INFO - Processing /home/airflow/.local/lib/python3.8/site-packages/airflow/example_dags/plugins/workday.py took 0.373 seconds
[2025-12-24T15:41:44.103+0000] {processor.py:161} INFO - Started process (PID=949) to work on /home/airflow/.local/lib/python3.8/site-packages/airflow/example_dags/plugins/workday.py
[2025-12-24T15:41:44.105+0000] {processor.py:830} INFO - Processing file /home/airflow/.local/lib/python3.8/site-packages/airflow/example_dags/plugins/workday.py for tasks to queue
[2025-12-24T15:41:44.107+0000] {logging_mixin.py:188} INFO - [2025-12-24T15:41:44.107+0000] {dagbag.py:538} INFO - Filling up the DagBag from /home/airflow/.local/lib/python3.8/site-packages/airflow/example_dags/plugins/workday.py
[2025-12-24T15:41:44.498+0000] {processor.py:842} WARNING - No viable dags retrieved from /home/airflow/.local/lib/python3.8/site-packages/airflow/example_dags/plugins/workday.py
[2025-12-24T15:41:44.511+0000] {processor.py:183} INFO - Processing /home/airflow/.local/lib/python3.8/site-packages/airflow/example_dags/plugins/workday.py took 0.412 seconds
[2025-12-24T15:42:15.299+0000] {processor.py:161} INFO - Started process (PID=1005) to work on /home/airflow/.local/lib/python3.8/site-packages/airflow/example_dags/plugins/workday.py
[2025-12-24T15:42:15.301+0000] {processor.py:830} INFO - Processing file /home/airflow/.local/lib/python3.8/site-packages/airflow/example_dags/plugins/workday.py for tasks to queue
[2025-12-24T15:42:15.303+0000] {logging_mixin.py:188} INFO - [2025-12-24T15:42:15.302+0000] {dagbag.py:538} INFO - Filling up the DagBag from /home/airflow/.local/lib/python3.8/site-packages/airflow/example_dags/plugins/workday.py
[2025-12-24T15:42:15.651+0000] {processor.py:842} WARNING - No viable dags retrieved from /home/airflow/.local/lib/python3.8/site-packages/airflow/example_dags/plugins/workday.py
[2025-12-24T15:42:15.662+0000] {processor.py:183} INFO - Processing /home/airflow/.local/lib/python3.8/site-packages/airflow/example_dags/plugins/workday.py took 0.366 seconds
[2025-12-24T15:42:46.499+0000] {processor.py:161} INFO - Started process (PID=1061) to work on /home/airflow/.local/lib/python3.8/site-packages/airflow/example_dags/plugins/workday.py
[2025-12-24T15:42:46.500+0000] {processor.py:830} INFO - Processing file /home/airflow/.local/lib/python3.8/site-packages/airflow/example_dags/plugins/workday.py for tasks to queue
[2025-12-24T15:42:46.502+0000] {logging_mixin.py:188} INFO - [2025-12-24T15:42:46.502+0000] {dagbag.py:538} INFO - Filling up the DagBag from /home/airflow/.local/lib/python3.8/site-packages/airflow/example_dags/plugins/workday.py
[2025-12-24T15:42:46.870+0000] {processor.py:842} WARNING - No viable dags retrieved from /home/airflow/.local/lib/python3.8/site-packages/airflow/example_dags/plugins/workday.py
[2025-12-24T15:42:46.881+0000] {processor.py:183} INFO - Processing /home/airflow/.local/lib/python3.8/site-packages/airflow/example_dags/plugins/workday.py took 0.385 seconds
[2025-12-24T15:43:17.021+0000] {processor.py:161} INFO - Started process (PID=1117) to work on /home/airflow/.local/lib/python3.8/site-packages/airflow/example_dags/plugins/workday.py
[2025-12-24T15:43:17.022+0000] {processor.py:830} INFO - Processing file /home/airflow/.local/lib/python3.8/site-packages/airflow/example_dags/plugins/workday.py for tasks to queue
[2025-12-24T15:43:17.024+0000] {logging_mixin.py:188} INFO - [2025-12-24T15:43:17.024+0000] {dagbag.py:538} INFO - Filling up the DagBag from /home/airflow/.local/lib/python3.8/site-packages/airflow/example_dags/plugins/workday.py
[2025-12-24T15:43:17.410+0000] {processor.py:842} WARNING - No viable dags retrieved from /home/airflow/.local/lib/python3.8/site-packages/airflow/example_dags/plugins/workday.py
[2025-12-24T15:43:17.422+0000] {processor.py:183} INFO - Processing /home/airflow/.local/lib/python3.8/site-packages/airflow/example_dags/plugins/workday.py took 0.404 seconds
[2025-12-24T15:43:48.452+0000] {processor.py:161} INFO - Started process (PID=1173) to work on /home/airflow/.local/lib/python3.8/site-packages/airflow/example_dags/plugins/workday.py
[2025-12-24T15:43:48.453+0000] {processor.py:830} INFO - Processing file /home/airflow/.local/lib/python3.8/site-packages/airflow/example_dags/plugins/workday.py for tasks to queue
[2025-12-24T15:43:48.455+0000] {logging_mixin.py:188} INFO - [2025-12-24T15:43:48.455+0000] {dagbag.py:538} INFO - Filling up the DagBag from /home/airflow/.local/lib/python3.8/site-packages/airflow/example_dags/plugins/workday.py
[2025-12-24T15:43:48.805+0000] {processor.py:842} WARNING - No viable dags retrieved from /home/airflow/.local/lib/python3.8/site-packages/airflow/example_dags/plugins/workday.py
[2025-12-24T15:43:48.817+0000] {processor.py:183} INFO - Processing /home/airflow/.local/lib/python3.8/site-packages/airflow/example_dags/plugins/workday.py took 0.368 seconds
[2025-12-24T15:44:19.701+0000] {processor.py:161} INFO - Started process (PID=1229) to work on /home/airflow/.local/lib/python3.8/site-packages/airflow/example_dags/plugins/workday.py
[2025-12-24T15:44:19.702+0000] {processor.py:830} INFO - Processing file /home/airflow/.local/lib/python3.8/site-packages/airflow/example_dags/plugins/workday.py for tasks to queue
[2025-12-24T15:44:19.704+0000] {logging_mixin.py:188} INFO - [2025-12-24T15:44:19.704+0000] {dagbag.py:538} INFO - Filling up the DagBag from /home/airflow/.local/lib/python3.8/site-packages/airflow/example_dags/plugins/workday.py
[2025-12-24T15:44:20.063+0000] {processor.py:842} WARNING - No viable dags retrieved from /home/airflow/.local/lib/python3.8/site-packages/airflow/example_dags/plugins/workday.py
[2025-12-24T15:44:20.075+0000] {processor.py:183} INFO - Processing /home/airflow/.local/lib/python3.8/site-packages/airflow/example_dags/plugins/workday.py took 0.378 seconds
[2025-12-24T15:44:50.278+0000] {processor.py:161} INFO - Started process (PID=1285) to work on /home/airflow/.local/lib/python3.8/site-packages/airflow/example_dags/plugins/workday.py
[2025-12-24T15:44:50.279+0000] {processor.py:830} INFO - Processing file /home/airflow/.local/lib/python3.8/site-packages/airflow/example_dags/plugins/workday.py for tasks to queue
[2025-12-24T15:44:50.282+0000] {logging_mixin.py:188} INFO - [2025-12-24T15:44:50.282+0000] {dagbag.py:538} INFO - Filling up the DagBag from /home/airflow/.local/lib/python3.8/site-packages/airflow/example_dags/plugins/workday.py
[2025-12-24T15:44:50.687+0000] {processor.py:842} WARNING - No viable dags retrieved from /home/airflow/.local/lib/python3.8/site-packages/airflow/example_dags/plugins/workday.py
[2025-12-24T15:44:50.702+0000] {processor.py:183} INFO - Processing /home/airflow/.local/lib/python3.8/site-packages/airflow/example_dags/plugins/workday.py took 0.429 seconds
[2025-12-24T15:45:20.886+0000] {processor.py:161} INFO - Started process (PID=1347) to work on /home/airflow/.local/lib/python3.8/site-packages/airflow/example_dags/plugins/workday.py
[2025-12-24T15:45:20.887+0000] {processor.py:830} INFO - Processing file /home/airflow/.local/lib/python3.8/site-packages/airflow/example_dags/plugins/workday.py for tasks to queue
[2025-12-24T15:45:20.890+0000] {logging_mixin.py:188} INFO - [2025-12-24T15:45:20.889+0000] {dagbag.py:538} INFO - Filling up the DagBag from /home/airflow/.local/lib/python3.8/site-packages/airflow/example_dags/plugins/workday.py
[2025-12-24T15:45:21.309+0000] {processor.py:842} WARNING - No viable dags retrieved from /home/airflow/.local/lib/python3.8/site-packages/airflow/example_dags/plugins/workday.py
[2025-12-24T15:45:21.322+0000] {processor.py:183} INFO - Processing /home/airflow/.local/lib/python3.8/site-packages/airflow/example_dags/plugins/workday.py took 0.440 seconds
[2025-12-24T15:45:51.458+0000] {processor.py:161} INFO - Started process (PID=1403) to work on /home/airflow/.local/lib/python3.8/site-packages/airflow/example_dags/plugins/workday.py
[2025-12-24T15:45:51.459+0000] {processor.py:830} INFO - Processing file /home/airflow/.local/lib/python3.8/site-packages/airflow/example_dags/plugins/workday.py for tasks to queue
[2025-12-24T15:45:51.461+0000] {logging_mixin.py:188} INFO - [2025-12-24T15:45:51.461+0000] {dagbag.py:538} INFO - Filling up the DagBag from /home/airflow/.local/lib/python3.8/site-packages/airflow/example_dags/plugins/workday.py
[2025-12-24T15:45:51.870+0000] {processor.py:842} WARNING - No viable dags retrieved from /home/airflow/.local/lib/python3.8/site-packages/airflow/example_dags/plugins/workday.py
[2025-12-24T15:45:51.882+0000] {processor.py:183} INFO - Processing /home/airflow/.local/lib/python3.8/site-packages/airflow/example_dags/plugins/workday.py took 0.427 seconds
[2025-12-24T15:46:22.053+0000] {processor.py:161} INFO - Started process (PID=1461) to work on /home/airflow/.local/lib/python3.8/site-packages/airflow/example_dags/plugins/workday.py
[2025-12-24T15:46:22.054+0000] {processor.py:830} INFO - Processing file /home/airflow/.local/lib/python3.8/site-packages/airflow/example_dags/plugins/workday.py for tasks to queue
[2025-12-24T15:46:22.057+0000] {logging_mixin.py:188} INFO - [2025-12-24T15:46:22.056+0000] {dagbag.py:538} INFO - Filling up the DagBag from /home/airflow/.local/lib/python3.8/site-packages/airflow/example_dags/plugins/workday.py
[2025-12-24T15:46:22.438+0000] {processor.py:842} WARNING - No viable dags retrieved from /home/airflow/.local/lib/python3.8/site-packages/airflow/example_dags/plugins/workday.py
[2025-12-24T15:46:22.450+0000] {processor.py:183} INFO - Processing /home/airflow/.local/lib/python3.8/site-packages/airflow/example_dags/plugins/workday.py took 0.402 seconds
[2025-12-24T15:46:53.476+0000] {processor.py:161} INFO - Started process (PID=1517) to work on /home/airflow/.local/lib/python3.8/site-packages/airflow/example_dags/plugins/workday.py
[2025-12-24T15:46:53.477+0000] {processor.py:830} INFO - Processing file /home/airflow/.local/lib/python3.8/site-packages/airflow/example_dags/plugins/workday.py for tasks to queue
[2025-12-24T15:46:53.479+0000] {logging_mixin.py:188} INFO - [2025-12-24T15:46:53.479+0000] {dagbag.py:538} INFO - Filling up the DagBag from /home/airflow/.local/lib/python3.8/site-packages/airflow/example_dags/plugins/workday.py
[2025-12-24T15:46:54.189+0000] {processor.py:842} WARNING - No viable dags retrieved from /home/airflow/.local/lib/python3.8/site-packages/airflow/example_dags/plugins/workday.py
[2025-12-24T15:46:54.217+0000] {processor.py:183} INFO - Processing /home/airflow/.local/lib/python3.8/site-packages/airflow/example_dags/plugins/workday.py took 0.745 seconds
[2025-12-24T15:47:24.500+0000] {processor.py:161} INFO - Started process (PID=1577) to work on /home/airflow/.local/lib/python3.8/site-packages/airflow/example_dags/plugins/workday.py
[2025-12-24T15:47:24.501+0000] {processor.py:830} INFO - Processing file /home/airflow/.local/lib/python3.8/site-packages/airflow/example_dags/plugins/workday.py for tasks to queue
[2025-12-24T15:47:24.504+0000] {logging_mixin.py:188} INFO - [2025-12-24T15:47:24.504+0000] {dagbag.py:538} INFO - Filling up the DagBag from /home/airflow/.local/lib/python3.8/site-packages/airflow/example_dags/plugins/workday.py
[2025-12-24T15:47:25.033+0000] {processor.py:842} WARNING - No viable dags retrieved from /home/airflow/.local/lib/python3.8/site-packages/airflow/example_dags/plugins/workday.py
[2025-12-24T15:47:25.047+0000] {processor.py:183} INFO - Processing /home/airflow/.local/lib/python3.8/site-packages/airflow/example_dags/plugins/workday.py took 0.551 seconds
[2025-12-24T15:47:55.366+0000] {processor.py:161} INFO - Started process (PID=1633) to work on /home/airflow/.local/lib/python3.8/site-packages/airflow/example_dags/plugins/workday.py
[2025-12-24T15:47:55.367+0000] {processor.py:830} INFO - Processing file /home/airflow/.local/lib/python3.8/site-packages/airflow/example_dags/plugins/workday.py for tasks to queue
[2025-12-24T15:47:55.369+0000] {logging_mixin.py:188} INFO - [2025-12-24T15:47:55.369+0000] {dagbag.py:538} INFO - Filling up the DagBag from /home/airflow/.local/lib/python3.8/site-packages/airflow/example_dags/plugins/workday.py
[2025-12-24T15:47:55.795+0000] {processor.py:842} WARNING - No viable dags retrieved from /home/airflow/.local/lib/python3.8/site-packages/airflow/example_dags/plugins/workday.py
[2025-12-24T15:47:55.809+0000] {processor.py:183} INFO - Processing /home/airflow/.local/lib/python3.8/site-packages/airflow/example_dags/plugins/workday.py took 0.447 seconds
[2025-12-24T15:48:25.915+0000] {processor.py:161} INFO - Started process (PID=1689) to work on /home/airflow/.local/lib/python3.8/site-packages/airflow/example_dags/plugins/workday.py
[2025-12-24T15:48:25.916+0000] {processor.py:830} INFO - Processing file /home/airflow/.local/lib/python3.8/site-packages/airflow/example_dags/plugins/workday.py for tasks to queue
[2025-12-24T15:48:25.919+0000] {logging_mixin.py:188} INFO - [2025-12-24T15:48:25.919+0000] {dagbag.py:538} INFO - Filling up the DagBag from /home/airflow/.local/lib/python3.8/site-packages/airflow/example_dags/plugins/workday.py
[2025-12-24T15:48:26.416+0000] {processor.py:842} WARNING - No viable dags retrieved from /home/airflow/.local/lib/python3.8/site-packages/airflow/example_dags/plugins/workday.py
[2025-12-24T15:48:26.429+0000] {processor.py:183} INFO - Processing /home/airflow/.local/lib/python3.8/site-packages/airflow/example_dags/plugins/workday.py took 0.519 seconds
[2025-12-24T15:48:57.069+0000] {processor.py:161} INFO - Started process (PID=1745) to work on /home/airflow/.local/lib/python3.8/site-packages/airflow/example_dags/plugins/workday.py
[2025-12-24T15:48:57.071+0000] {processor.py:830} INFO - Processing file /home/airflow/.local/lib/python3.8/site-packages/airflow/example_dags/plugins/workday.py for tasks to queue
[2025-12-24T15:48:57.077+0000] {logging_mixin.py:188} INFO - [2025-12-24T15:48:57.076+0000] {dagbag.py:538} INFO - Filling up the DagBag from /home/airflow/.local/lib/python3.8/site-packages/airflow/example_dags/plugins/workday.py
[2025-12-24T15:48:57.716+0000] {processor.py:842} WARNING - No viable dags retrieved from /home/airflow/.local/lib/python3.8/site-packages/airflow/example_dags/plugins/workday.py
[2025-12-24T15:48:57.730+0000] {processor.py:183} INFO - Processing /home/airflow/.local/lib/python3.8/site-packages/airflow/example_dags/plugins/workday.py took 0.670 seconds
[2025-12-24T15:49:28.728+0000] {processor.py:161} INFO - Started process (PID=1804) to work on /home/airflow/.local/lib/python3.8/site-packages/airflow/example_dags/plugins/workday.py
[2025-12-24T15:49:28.729+0000] {processor.py:830} INFO - Processing file /home/airflow/.local/lib/python3.8/site-packages/airflow/example_dags/plugins/workday.py for tasks to queue
[2025-12-24T15:49:28.731+0000] {logging_mixin.py:188} INFO - [2025-12-24T15:49:28.731+0000] {dagbag.py:538} INFO - Filling up the DagBag from /home/airflow/.local/lib/python3.8/site-packages/airflow/example_dags/plugins/workday.py
[2025-12-24T15:49:29.183+0000] {processor.py:842} WARNING - No viable dags retrieved from /home/airflow/.local/lib/python3.8/site-packages/airflow/example_dags/plugins/workday.py
[2025-12-24T15:49:29.194+0000] {processor.py:183} INFO - Processing /home/airflow/.local/lib/python3.8/site-packages/airflow/example_dags/plugins/workday.py took 0.471 seconds
[2025-12-24T15:49:59.807+0000] {processor.py:161} INFO - Started process (PID=1863) to work on /home/airflow/.local/lib/python3.8/site-packages/airflow/example_dags/plugins/workday.py
[2025-12-24T15:49:59.808+0000] {processor.py:830} INFO - Processing file /home/airflow/.local/lib/python3.8/site-packages/airflow/example_dags/plugins/workday.py for tasks to queue
[2025-12-24T15:49:59.810+0000] {logging_mixin.py:188} INFO - [2025-12-24T15:49:59.810+0000] {dagbag.py:538} INFO - Filling up the DagBag from /home/airflow/.local/lib/python3.8/site-packages/airflow/example_dags/plugins/workday.py
[2025-12-24T15:50:00.250+0000] {processor.py:842} WARNING - No viable dags retrieved from /home/airflow/.local/lib/python3.8/site-packages/airflow/example_dags/plugins/workday.py
[2025-12-24T15:50:00.262+0000] {processor.py:183} INFO - Processing /home/airflow/.local/lib/python3.8/site-packages/airflow/example_dags/plugins/workday.py took 0.459 seconds
[2025-12-24T15:50:31.027+0000] {processor.py:161} INFO - Started process (PID=1929) to work on /home/airflow/.local/lib/python3.8/site-packages/airflow/example_dags/plugins/workday.py
[2025-12-24T15:50:31.029+0000] {processor.py:830} INFO - Processing file /home/airflow/.local/lib/python3.8/site-packages/airflow/example_dags/plugins/workday.py for tasks to queue
[2025-12-24T15:50:31.032+0000] {logging_mixin.py:188} INFO - [2025-12-24T15:50:31.031+0000] {dagbag.py:538} INFO - Filling up the DagBag from /home/airflow/.local/lib/python3.8/site-packages/airflow/example_dags/plugins/workday.py
[2025-12-24T15:50:31.546+0000] {processor.py:842} WARNING - No viable dags retrieved from /home/airflow/.local/lib/python3.8/site-packages/airflow/example_dags/plugins/workday.py
[2025-12-24T15:50:31.566+0000] {processor.py:183} INFO - Processing /home/airflow/.local/lib/python3.8/site-packages/airflow/example_dags/plugins/workday.py took 0.544 seconds
[2025-12-24T15:51:02.378+0000] {processor.py:161} INFO - Started process (PID=1988) to work on /home/airflow/.local/lib/python3.8/site-packages/airflow/example_dags/plugins/workday.py
[2025-12-24T15:51:02.380+0000] {processor.py:830} INFO - Processing file /home/airflow/.local/lib/python3.8/site-packages/airflow/example_dags/plugins/workday.py for tasks to queue
[2025-12-24T15:51:02.381+0000] {logging_mixin.py:188} INFO - [2025-12-24T15:51:02.381+0000] {dagbag.py:538} INFO - Filling up the DagBag from /home/airflow/.local/lib/python3.8/site-packages/airflow/example_dags/plugins/workday.py
[2025-12-24T15:51:03.041+0000] {processor.py:842} WARNING - No viable dags retrieved from /home/airflow/.local/lib/python3.8/site-packages/airflow/example_dags/plugins/workday.py
[2025-12-24T15:51:03.054+0000] {processor.py:183} INFO - Processing /home/airflow/.local/lib/python3.8/site-packages/airflow/example_dags/plugins/workday.py took 0.681 seconds
[2025-12-24T15:51:34.309+0000] {processor.py:161} INFO - Started process (PID=2052) to work on /home/airflow/.local/lib/python3.8/site-packages/airflow/example_dags/plugins/workday.py
[2025-12-24T15:51:34.310+0000] {processor.py:830} INFO - Processing file /home/airflow/.local/lib/python3.8/site-packages/airflow/example_dags/plugins/workday.py for tasks to queue
[2025-12-24T15:51:34.311+0000] {logging_mixin.py:188} INFO - [2025-12-24T15:51:34.311+0000] {dagbag.py:538} INFO - Filling up the DagBag from /home/airflow/.local/lib/python3.8/site-packages/airflow/example_dags/plugins/workday.py
[2025-12-24T15:51:35.038+0000] {processor.py:842} WARNING - No viable dags retrieved from /home/airflow/.local/lib/python3.8/site-packages/airflow/example_dags/plugins/workday.py
[2025-12-24T15:51:35.053+0000] {processor.py:183} INFO - Processing /home/airflow/.local/lib/python3.8/site-packages/airflow/example_dags/plugins/workday.py took 0.748 seconds
[2025-12-24T15:52:05.912+0000] {processor.py:161} INFO - Started process (PID=2110) to work on /home/airflow/.local/lib/python3.8/site-packages/airflow/example_dags/plugins/workday.py
[2025-12-24T15:52:05.913+0000] {processor.py:830} INFO - Processing file /home/airflow/.local/lib/python3.8/site-packages/airflow/example_dags/plugins/workday.py for tasks to queue
[2025-12-24T15:52:05.914+0000] {logging_mixin.py:188} INFO - [2025-12-24T15:52:05.913+0000] {dagbag.py:538} INFO - Filling up the DagBag from /home/airflow/.local/lib/python3.8/site-packages/airflow/example_dags/plugins/workday.py
[2025-12-24T15:52:06.322+0000] {processor.py:842} WARNING - No viable dags retrieved from /home/airflow/.local/lib/python3.8/site-packages/airflow/example_dags/plugins/workday.py
[2025-12-24T15:52:06.335+0000] {processor.py:183} INFO - Processing /home/airflow/.local/lib/python3.8/site-packages/airflow/example_dags/plugins/workday.py took 0.427 seconds
[2025-12-24T15:52:37.326+0000] {processor.py:161} INFO - Started process (PID=2167) to work on /home/airflow/.local/lib/python3.8/site-packages/airflow/example_dags/plugins/workday.py
[2025-12-24T15:52:37.327+0000] {processor.py:830} INFO - Processing file /home/airflow/.local/lib/python3.8/site-packages/airflow/example_dags/plugins/workday.py for tasks to queue
[2025-12-24T15:52:37.328+0000] {logging_mixin.py:188} INFO - [2025-12-24T15:52:37.328+0000] {dagbag.py:538} INFO - Filling up the DagBag from /home/airflow/.local/lib/python3.8/site-packages/airflow/example_dags/plugins/workday.py
[2025-12-24T15:52:37.760+0000] {processor.py:842} WARNING - No viable dags retrieved from /home/airflow/.local/lib/python3.8/site-packages/airflow/example_dags/plugins/workday.py
[2025-12-24T15:52:37.775+0000] {processor.py:183} INFO - Processing /home/airflow/.local/lib/python3.8/site-packages/airflow/example_dags/plugins/workday.py took 0.452 seconds
[2025-12-24T15:53:08.071+0000] {processor.py:161} INFO - Started process (PID=2223) to work on /home/airflow/.local/lib/python3.8/site-packages/airflow/example_dags/plugins/workday.py
[2025-12-24T15:53:08.072+0000] {processor.py:830} INFO - Processing file /home/airflow/.local/lib/python3.8/site-packages/airflow/example_dags/plugins/workday.py for tasks to queue
[2025-12-24T15:53:08.073+0000] {logging_mixin.py:188} INFO - [2025-12-24T15:53:08.073+0000] {dagbag.py:538} INFO - Filling up the DagBag from /home/airflow/.local/lib/python3.8/site-packages/airflow/example_dags/plugins/workday.py
[2025-12-24T15:53:08.494+0000] {processor.py:842} WARNING - No viable dags retrieved from /home/airflow/.local/lib/python3.8/site-packages/airflow/example_dags/plugins/workday.py
[2025-12-24T15:53:08.509+0000] {processor.py:183} INFO - Processing /home/airflow/.local/lib/python3.8/site-packages/airflow/example_dags/plugins/workday.py took 0.443 seconds
[2025-12-24T15:53:39.459+0000] {processor.py:161} INFO - Started process (PID=2283) to work on /home/airflow/.local/lib/python3.8/site-packages/airflow/example_dags/plugins/workday.py
[2025-12-24T15:53:39.460+0000] {processor.py:830} INFO - Processing file /home/airflow/.local/lib/python3.8/site-packages/airflow/example_dags/plugins/workday.py for tasks to queue
[2025-12-24T15:53:39.461+0000] {logging_mixin.py:188} INFO - [2025-12-24T15:53:39.461+0000] {dagbag.py:538} INFO - Filling up the DagBag from /home/airflow/.local/lib/python3.8/site-packages/airflow/example_dags/plugins/workday.py
[2025-12-24T15:53:39.869+0000] {processor.py:842} WARNING - No viable dags retrieved from /home/airflow/.local/lib/python3.8/site-packages/airflow/example_dags/plugins/workday.py
[2025-12-24T15:53:39.884+0000] {processor.py:183} INFO - Processing /home/airflow/.local/lib/python3.8/site-packages/airflow/example_dags/plugins/workday.py took 0.429 seconds
[2025-12-24T15:54:10.596+0000] {processor.py:161} INFO - Started process (PID=2339) to work on /home/airflow/.local/lib/python3.8/site-packages/airflow/example_dags/plugins/workday.py
[2025-12-24T15:54:10.598+0000] {processor.py:830} INFO - Processing file /home/airflow/.local/lib/python3.8/site-packages/airflow/example_dags/plugins/workday.py for tasks to queue
[2025-12-24T15:54:10.599+0000] {logging_mixin.py:188} INFO - [2025-12-24T15:54:10.598+0000] {dagbag.py:538} INFO - Filling up the DagBag from /home/airflow/.local/lib/python3.8/site-packages/airflow/example_dags/plugins/workday.py
[2025-12-24T15:54:10.990+0000] {processor.py:842} WARNING - No viable dags retrieved from /home/airflow/.local/lib/python3.8/site-packages/airflow/example_dags/plugins/workday.py
[2025-12-24T15:54:11.002+0000] {processor.py:183} INFO - Processing /home/airflow/.local/lib/python3.8/site-packages/airflow/example_dags/plugins/workday.py took 0.409 seconds
[2025-12-24T15:54:41.284+0000] {processor.py:161} INFO - Started process (PID=2397) to work on /home/airflow/.local/lib/python3.8/site-packages/airflow/example_dags/plugins/workday.py
[2025-12-24T15:54:41.286+0000] {processor.py:830} INFO - Processing file /home/airflow/.local/lib/python3.8/site-packages/airflow/example_dags/plugins/workday.py for tasks to queue
[2025-12-24T15:54:41.287+0000] {logging_mixin.py:188} INFO - [2025-12-24T15:54:41.287+0000] {dagbag.py:538} INFO - Filling up the DagBag from /home/airflow/.local/lib/python3.8/site-packages/airflow/example_dags/plugins/workday.py
[2025-12-24T15:54:41.779+0000] {processor.py:842} WARNING - No viable dags retrieved from /home/airflow/.local/lib/python3.8/site-packages/airflow/example_dags/plugins/workday.py
[2025-12-24T15:54:41.797+0000] {processor.py:183} INFO - Processing /home/airflow/.local/lib/python3.8/site-packages/airflow/example_dags/plugins/workday.py took 0.518 seconds
[2025-12-24T15:55:13.000+0000] {processor.py:161} INFO - Started process (PID=2455) to work on /home/airflow/.local/lib/python3.8/site-packages/airflow/example_dags/plugins/workday.py
[2025-12-24T15:55:13.002+0000] {processor.py:830} INFO - Processing file /home/airflow/.local/lib/python3.8/site-packages/airflow/example_dags/plugins/workday.py for tasks to queue
[2025-12-24T15:55:13.004+0000] {logging_mixin.py:188} INFO - [2025-12-24T15:55:13.003+0000] {dagbag.py:538} INFO - Filling up the DagBag from /home/airflow/.local/lib/python3.8/site-packages/airflow/example_dags/plugins/workday.py
[2025-12-24T15:55:13.517+0000] {processor.py:842} WARNING - No viable dags retrieved from /home/airflow/.local/lib/python3.8/site-packages/airflow/example_dags/plugins/workday.py
[2025-12-24T15:55:13.530+0000] {processor.py:183} INFO - Processing /home/airflow/.local/lib/python3.8/site-packages/airflow/example_dags/plugins/workday.py took 0.535 seconds
[2025-12-24T15:55:45.290+0000] {processor.py:161} INFO - Started process (PID=2521) to work on /home/airflow/.local/lib/python3.8/site-packages/airflow/example_dags/plugins/workday.py
[2025-12-24T15:55:45.291+0000] {processor.py:830} INFO - Processing file /home/airflow/.local/lib/python3.8/site-packages/airflow/example_dags/plugins/workday.py for tasks to queue
[2025-12-24T15:55:45.292+0000] {logging_mixin.py:188} INFO - [2025-12-24T15:55:45.292+0000] {dagbag.py:538} INFO - Filling up the DagBag from /home/airflow/.local/lib/python3.8/site-packages/airflow/example_dags/plugins/workday.py
[2025-12-24T15:55:45.676+0000] {processor.py:842} WARNING - No viable dags retrieved from /home/airflow/.local/lib/python3.8/site-packages/airflow/example_dags/plugins/workday.py
[2025-12-24T15:55:45.687+0000] {processor.py:183} INFO - Processing /home/airflow/.local/lib/python3.8/site-packages/airflow/example_dags/plugins/workday.py took 0.401 seconds
[2025-12-24T15:56:16.678+0000] {processor.py:161} INFO - Started process (PID=2578) to work on /home/airflow/.local/lib/python3.8/site-packages/airflow/example_dags/plugins/workday.py
[2025-12-24T15:56:16.679+0000] {processor.py:830} INFO - Processing file /home/airflow/.local/lib/python3.8/site-packages/airflow/example_dags/plugins/workday.py for tasks to queue
[2025-12-24T15:56:16.680+0000] {logging_mixin.py:188} INFO - [2025-12-24T15:56:16.680+0000] {dagbag.py:538} INFO - Filling up the DagBag from /home/airflow/.local/lib/python3.8/site-packages/airflow/example_dags/plugins/workday.py
[2025-12-24T15:56:17.040+0000] {processor.py:842} WARNING - No viable dags retrieved from /home/airflow/.local/lib/python3.8/site-packages/airflow/example_dags/plugins/workday.py
[2025-12-24T15:56:17.051+0000] {processor.py:183} INFO - Processing /home/airflow/.local/lib/python3.8/site-packages/airflow/example_dags/plugins/workday.py took 0.378 seconds
[2025-12-24T15:56:48.037+0000] {processor.py:161} INFO - Started process (PID=2638) to work on /home/airflow/.local/lib/python3.8/site-packages/airflow/example_dags/plugins/workday.py
[2025-12-24T15:56:48.039+0000] {processor.py:830} INFO - Processing file /home/airflow/.local/lib/python3.8/site-packages/airflow/example_dags/plugins/workday.py for tasks to queue
[2025-12-24T15:56:48.040+0000] {logging_mixin.py:188} INFO - [2025-12-24T15:56:48.040+0000] {dagbag.py:538} INFO - Filling up the DagBag from /home/airflow/.local/lib/python3.8/site-packages/airflow/example_dags/plugins/workday.py
[2025-12-24T15:56:48.294+0000] {processor.py:842} WARNING - No viable dags retrieved from /home/airflow/.local/lib/python3.8/site-packages/airflow/example_dags/plugins/workday.py
[2025-12-24T15:56:48.308+0000] {processor.py:183} INFO - Processing /home/airflow/.local/lib/python3.8/site-packages/airflow/example_dags/plugins/workday.py took 0.273 seconds
[2025-12-24T15:57:18.456+0000] {processor.py:161} INFO - Started process (PID=2696) to work on /home/airflow/.local/lib/python3.8/site-packages/airflow/example_dags/plugins/workday.py
[2025-12-24T15:57:18.457+0000] {processor.py:830} INFO - Processing file /home/airflow/.local/lib/python3.8/site-packages/airflow/example_dags/plugins/workday.py for tasks to queue
[2025-12-24T15:57:18.458+0000] {logging_mixin.py:188} INFO - [2025-12-24T15:57:18.458+0000] {dagbag.py:538} INFO - Filling up the DagBag from /home/airflow/.local/lib/python3.8/site-packages/airflow/example_dags/plugins/workday.py
[2025-12-24T15:57:18.729+0000] {processor.py:842} WARNING - No viable dags retrieved from /home/airflow/.local/lib/python3.8/site-packages/airflow/example_dags/plugins/workday.py
[2025-12-24T15:57:18.746+0000] {processor.py:183} INFO - Processing /home/airflow/.local/lib/python3.8/site-packages/airflow/example_dags/plugins/workday.py took 0.294 seconds
[2025-12-24T15:57:49.036+0000] {processor.py:161} INFO - Started process (PID=2751) to work on /home/airflow/.local/lib/python3.8/site-packages/airflow/example_dags/plugins/workday.py
[2025-12-24T15:57:49.037+0000] {processor.py:830} INFO - Processing file /home/airflow/.local/lib/python3.8/site-packages/airflow/example_dags/plugins/workday.py for tasks to queue
[2025-12-24T15:57:49.040+0000] {logging_mixin.py:188} INFO - [2025-12-24T15:57:49.039+0000] {dagbag.py:538} INFO - Filling up the DagBag from /home/airflow/.local/lib/python3.8/site-packages/airflow/example_dags/plugins/workday.py
[2025-12-24T15:57:49.330+0000] {processor.py:842} WARNING - No viable dags retrieved from /home/airflow/.local/lib/python3.8/site-packages/airflow/example_dags/plugins/workday.py
[2025-12-24T15:57:49.344+0000] {processor.py:183} INFO - Processing /home/airflow/.local/lib/python3.8/site-packages/airflow/example_dags/plugins/workday.py took 0.313 seconds
[2025-12-24T15:58:19.438+0000] {processor.py:161} INFO - Started process (PID=2810) to work on /home/airflow/.local/lib/python3.8/site-packages/airflow/example_dags/plugins/workday.py
[2025-12-24T15:58:19.440+0000] {processor.py:830} INFO - Processing file /home/airflow/.local/lib/python3.8/site-packages/airflow/example_dags/plugins/workday.py for tasks to queue
[2025-12-24T15:58:19.441+0000] {logging_mixin.py:188} INFO - [2025-12-24T15:58:19.441+0000] {dagbag.py:538} INFO - Filling up the DagBag from /home/airflow/.local/lib/python3.8/site-packages/airflow/example_dags/plugins/workday.py
[2025-12-24T15:58:19.723+0000] {processor.py:842} WARNING - No viable dags retrieved from /home/airflow/.local/lib/python3.8/site-packages/airflow/example_dags/plugins/workday.py
[2025-12-24T15:58:19.736+0000] {processor.py:183} INFO - Processing /home/airflow/.local/lib/python3.8/site-packages/airflow/example_dags/plugins/workday.py took 0.303 seconds
[2025-12-24T15:58:49.960+0000] {processor.py:161} INFO - Started process (PID=2866) to work on /home/airflow/.local/lib/python3.8/site-packages/airflow/example_dags/plugins/workday.py
[2025-12-24T15:58:49.962+0000] {processor.py:830} INFO - Processing file /home/airflow/.local/lib/python3.8/site-packages/airflow/example_dags/plugins/workday.py for tasks to queue
[2025-12-24T15:58:49.963+0000] {logging_mixin.py:188} INFO - [2025-12-24T15:58:49.962+0000] {dagbag.py:538} INFO - Filling up the DagBag from /home/airflow/.local/lib/python3.8/site-packages/airflow/example_dags/plugins/workday.py
[2025-12-24T15:58:50.216+0000] {processor.py:842} WARNING - No viable dags retrieved from /home/airflow/.local/lib/python3.8/site-packages/airflow/example_dags/plugins/workday.py
[2025-12-24T15:58:50.231+0000] {processor.py:183} INFO - Processing /home/airflow/.local/lib/python3.8/site-packages/airflow/example_dags/plugins/workday.py took 0.276 seconds
[2025-12-24T15:59:20.590+0000] {processor.py:161} INFO - Started process (PID=2922) to work on /home/airflow/.local/lib/python3.8/site-packages/airflow/example_dags/plugins/workday.py
[2025-12-24T15:59:20.592+0000] {processor.py:830} INFO - Processing file /home/airflow/.local/lib/python3.8/site-packages/airflow/example_dags/plugins/workday.py for tasks to queue
[2025-12-24T15:59:20.593+0000] {logging_mixin.py:188} INFO - [2025-12-24T15:59:20.593+0000] {dagbag.py:538} INFO - Filling up the DagBag from /home/airflow/.local/lib/python3.8/site-packages/airflow/example_dags/plugins/workday.py
[2025-12-24T15:59:20.923+0000] {processor.py:842} WARNING - No viable dags retrieved from /home/airflow/.local/lib/python3.8/site-packages/airflow/example_dags/plugins/workday.py
[2025-12-24T15:59:20.941+0000] {processor.py:183} INFO - Processing /home/airflow/.local/lib/python3.8/site-packages/airflow/example_dags/plugins/workday.py took 0.355 seconds
[2025-12-24T15:59:51.033+0000] {processor.py:161} INFO - Started process (PID=2978) to work on /home/airflow/.local/lib/python3.8/site-packages/airflow/example_dags/plugins/workday.py
[2025-12-24T15:59:51.035+0000] {processor.py:830} INFO - Processing file /home/airflow/.local/lib/python3.8/site-packages/airflow/example_dags/plugins/workday.py for tasks to queue
[2025-12-24T15:59:51.037+0000] {logging_mixin.py:188} INFO - [2025-12-24T15:59:51.037+0000] {dagbag.py:538} INFO - Filling up the DagBag from /home/airflow/.local/lib/python3.8/site-packages/airflow/example_dags/plugins/workday.py
[2025-12-24T15:59:51.309+0000] {processor.py:842} WARNING - No viable dags retrieved from /home/airflow/.local/lib/python3.8/site-packages/airflow/example_dags/plugins/workday.py
[2025-12-24T15:59:51.325+0000] {processor.py:183} INFO - Processing /home/airflow/.local/lib/python3.8/site-packages/airflow/example_dags/plugins/workday.py took 0.296 seconds
[2025-12-24T16:00:21.415+0000] {processor.py:161} INFO - Started process (PID=3035) to work on /home/airflow/.local/lib/python3.8/site-packages/airflow/example_dags/plugins/workday.py
[2025-12-24T16:00:21.416+0000] {processor.py:830} INFO - Processing file /home/airflow/.local/lib/python3.8/site-packages/airflow/example_dags/plugins/workday.py for tasks to queue
[2025-12-24T16:00:21.417+0000] {logging_mixin.py:188} INFO - [2025-12-24T16:00:21.417+0000] {dagbag.py:538} INFO - Filling up the DagBag from /home/airflow/.local/lib/python3.8/site-packages/airflow/example_dags/plugins/workday.py
[2025-12-24T16:00:21.714+0000] {processor.py:842} WARNING - No viable dags retrieved from /home/airflow/.local/lib/python3.8/site-packages/airflow/example_dags/plugins/workday.py
[2025-12-24T16:00:21.730+0000] {processor.py:183} INFO - Processing /home/airflow/.local/lib/python3.8/site-packages/airflow/example_dags/plugins/workday.py took 0.320 seconds
[2025-12-24T16:00:52.658+0000] {processor.py:161} INFO - Started process (PID=3091) to work on /home/airflow/.local/lib/python3.8/site-packages/airflow/example_dags/plugins/workday.py
[2025-12-24T16:00:52.660+0000] {processor.py:830} INFO - Processing file /home/airflow/.local/lib/python3.8/site-packages/airflow/example_dags/plugins/workday.py for tasks to queue
[2025-12-24T16:00:52.661+0000] {logging_mixin.py:188} INFO - [2025-12-24T16:00:52.661+0000] {dagbag.py:538} INFO - Filling up the DagBag from /home/airflow/.local/lib/python3.8/site-packages/airflow/example_dags/plugins/workday.py
[2025-12-24T16:00:53.154+0000] {processor.py:842} WARNING - No viable dags retrieved from /home/airflow/.local/lib/python3.8/site-packages/airflow/example_dags/plugins/workday.py
[2025-12-24T16:00:53.176+0000] {processor.py:183} INFO - Processing /home/airflow/.local/lib/python3.8/site-packages/airflow/example_dags/plugins/workday.py took 0.526 seconds
[2025-12-24T16:01:23.891+0000] {processor.py:161} INFO - Started process (PID=3153) to work on /home/airflow/.local/lib/python3.8/site-packages/airflow/example_dags/plugins/workday.py
[2025-12-24T16:01:23.893+0000] {processor.py:830} INFO - Processing file /home/airflow/.local/lib/python3.8/site-packages/airflow/example_dags/plugins/workday.py for tasks to queue
[2025-12-24T16:01:23.895+0000] {logging_mixin.py:188} INFO - [2025-12-24T16:01:23.895+0000] {dagbag.py:538} INFO - Filling up the DagBag from /home/airflow/.local/lib/python3.8/site-packages/airflow/example_dags/plugins/workday.py
[2025-12-24T16:01:24.173+0000] {processor.py:842} WARNING - No viable dags retrieved from /home/airflow/.local/lib/python3.8/site-packages/airflow/example_dags/plugins/workday.py
[2025-12-24T16:01:24.191+0000] {processor.py:183} INFO - Processing /home/airflow/.local/lib/python3.8/site-packages/airflow/example_dags/plugins/workday.py took 0.305 seconds
[2025-12-24T16:01:54.812+0000] {processor.py:161} INFO - Started process (PID=3213) to work on /home/airflow/.local/lib/python3.8/site-packages/airflow/example_dags/plugins/workday.py
[2025-12-24T16:01:54.813+0000] {processor.py:830} INFO - Processing file /home/airflow/.local/lib/python3.8/site-packages/airflow/example_dags/plugins/workday.py for tasks to queue
[2025-12-24T16:01:54.814+0000] {logging_mixin.py:188} INFO - [2025-12-24T16:01:54.814+0000] {dagbag.py:538} INFO - Filling up the DagBag from /home/airflow/.local/lib/python3.8/site-packages/airflow/example_dags/plugins/workday.py
[2025-12-24T16:01:55.253+0000] {processor.py:842} WARNING - No viable dags retrieved from /home/airflow/.local/lib/python3.8/site-packages/airflow/example_dags/plugins/workday.py
[2025-12-24T16:01:55.269+0000] {processor.py:183} INFO - Processing /home/airflow/.local/lib/python3.8/site-packages/airflow/example_dags/plugins/workday.py took 0.461 seconds
[2025-12-24T16:02:26.031+0000] {processor.py:161} INFO - Started process (PID=3269) to work on /home/airflow/.local/lib/python3.8/site-packages/airflow/example_dags/plugins/workday.py
[2025-12-24T16:02:26.033+0000] {processor.py:830} INFO - Processing file /home/airflow/.local/lib/python3.8/site-packages/airflow/example_dags/plugins/workday.py for tasks to queue
[2025-12-24T16:02:26.034+0000] {logging_mixin.py:188} INFO - [2025-12-24T16:02:26.034+0000] {dagbag.py:538} INFO - Filling up the DagBag from /home/airflow/.local/lib/python3.8/site-packages/airflow/example_dags/plugins/workday.py
[2025-12-24T16:02:26.737+0000] {processor.py:842} WARNING - No viable dags retrieved from /home/airflow/.local/lib/python3.8/site-packages/airflow/example_dags/plugins/workday.py
[2025-12-24T16:02:26.813+0000] {processor.py:183} INFO - Processing /home/airflow/.local/lib/python3.8/site-packages/airflow/example_dags/plugins/workday.py took 0.787 seconds
[2025-12-24T16:02:57.704+0000] {processor.py:161} INFO - Started process (PID=3325) to work on /home/airflow/.local/lib/python3.8/site-packages/airflow/example_dags/plugins/workday.py
[2025-12-24T16:02:57.706+0000] {processor.py:830} INFO - Processing file /home/airflow/.local/lib/python3.8/site-packages/airflow/example_dags/plugins/workday.py for tasks to queue
[2025-12-24T16:02:57.708+0000] {logging_mixin.py:188} INFO - [2025-12-24T16:02:57.707+0000] {dagbag.py:538} INFO - Filling up the DagBag from /home/airflow/.local/lib/python3.8/site-packages/airflow/example_dags/plugins/workday.py
[2025-12-24T16:02:57.983+0000] {processor.py:842} WARNING - No viable dags retrieved from /home/airflow/.local/lib/python3.8/site-packages/airflow/example_dags/plugins/workday.py
[2025-12-24T16:02:57.998+0000] {processor.py:183} INFO - Processing /home/airflow/.local/lib/python3.8/site-packages/airflow/example_dags/plugins/workday.py took 0.299 seconds
[2025-12-24T16:03:28.405+0000] {processor.py:161} INFO - Started process (PID=3381) to work on /home/airflow/.local/lib/python3.8/site-packages/airflow/example_dags/plugins/workday.py
[2025-12-24T16:03:28.407+0000] {processor.py:830} INFO - Processing file /home/airflow/.local/lib/python3.8/site-packages/airflow/example_dags/plugins/workday.py for tasks to queue
[2025-12-24T16:03:28.409+0000] {logging_mixin.py:188} INFO - [2025-12-24T16:03:28.408+0000] {dagbag.py:538} INFO - Filling up the DagBag from /home/airflow/.local/lib/python3.8/site-packages/airflow/example_dags/plugins/workday.py
[2025-12-24T16:03:28.780+0000] {processor.py:842} WARNING - No viable dags retrieved from /home/airflow/.local/lib/python3.8/site-packages/airflow/example_dags/plugins/workday.py
[2025-12-24T16:03:28.800+0000] {processor.py:183} INFO - Processing /home/airflow/.local/lib/python3.8/site-packages/airflow/example_dags/plugins/workday.py took 0.400 seconds
[2025-12-24T16:03:59.636+0000] {processor.py:161} INFO - Started process (PID=3436) to work on /home/airflow/.local/lib/python3.8/site-packages/airflow/example_dags/plugins/workday.py
[2025-12-24T16:03:59.638+0000] {processor.py:830} INFO - Processing file /home/airflow/.local/lib/python3.8/site-packages/airflow/example_dags/plugins/workday.py for tasks to queue
[2025-12-24T16:03:59.639+0000] {logging_mixin.py:188} INFO - [2025-12-24T16:03:59.638+0000] {dagbag.py:538} INFO - Filling up the DagBag from /home/airflow/.local/lib/python3.8/site-packages/airflow/example_dags/plugins/workday.py
[2025-12-24T16:03:59.910+0000] {processor.py:842} WARNING - No viable dags retrieved from /home/airflow/.local/lib/python3.8/site-packages/airflow/example_dags/plugins/workday.py
[2025-12-24T16:03:59.926+0000] {processor.py:183} INFO - Processing /home/airflow/.local/lib/python3.8/site-packages/airflow/example_dags/plugins/workday.py took 0.293 seconds
[2025-12-24T16:04:30.336+0000] {processor.py:161} INFO - Started process (PID=3493) to work on /home/airflow/.local/lib/python3.8/site-packages/airflow/example_dags/plugins/workday.py
[2025-12-24T16:04:30.337+0000] {processor.py:830} INFO - Processing file /home/airflow/.local/lib/python3.8/site-packages/airflow/example_dags/plugins/workday.py for tasks to queue
[2025-12-24T16:04:30.338+0000] {logging_mixin.py:188} INFO - [2025-12-24T16:04:30.338+0000] {dagbag.py:538} INFO - Filling up the DagBag from /home/airflow/.local/lib/python3.8/site-packages/airflow/example_dags/plugins/workday.py
[2025-12-24T16:04:30.599+0000] {processor.py:842} WARNING - No viable dags retrieved from /home/airflow/.local/lib/python3.8/site-packages/airflow/example_dags/plugins/workday.py
[2025-12-24T16:04:30.613+0000] {processor.py:183} INFO - Processing /home/airflow/.local/lib/python3.8/site-packages/airflow/example_dags/plugins/workday.py took 0.280 seconds
[2025-12-24T16:05:01.479+0000] {processor.py:161} INFO - Started process (PID=3554) to work on /home/airflow/.local/lib/python3.8/site-packages/airflow/example_dags/plugins/workday.py
[2025-12-24T16:05:01.481+0000] {processor.py:830} INFO - Processing file /home/airflow/.local/lib/python3.8/site-packages/airflow/example_dags/plugins/workday.py for tasks to queue
[2025-12-24T16:05:01.482+0000] {logging_mixin.py:188} INFO - [2025-12-24T16:05:01.481+0000] {dagbag.py:538} INFO - Filling up the DagBag from /home/airflow/.local/lib/python3.8/site-packages/airflow/example_dags/plugins/workday.py
[2025-12-24T16:05:01.797+0000] {processor.py:842} WARNING - No viable dags retrieved from /home/airflow/.local/lib/python3.8/site-packages/airflow/example_dags/plugins/workday.py
[2025-12-24T16:05:01.814+0000] {processor.py:183} INFO - Processing /home/airflow/.local/lib/python3.8/site-packages/airflow/example_dags/plugins/workday.py took 0.337 seconds
[2025-12-24T16:05:32.181+0000] {processor.py:161} INFO - Started process (PID=3610) to work on /home/airflow/.local/lib/python3.8/site-packages/airflow/example_dags/plugins/workday.py
[2025-12-24T16:05:32.182+0000] {processor.py:830} INFO - Processing file /home/airflow/.local/lib/python3.8/site-packages/airflow/example_dags/plugins/workday.py for tasks to queue
[2025-12-24T16:05:32.183+0000] {logging_mixin.py:188} INFO - [2025-12-24T16:05:32.183+0000] {dagbag.py:538} INFO - Filling up the DagBag from /home/airflow/.local/lib/python3.8/site-packages/airflow/example_dags/plugins/workday.py
[2025-12-24T16:05:32.544+0000] {processor.py:842} WARNING - No viable dags retrieved from /home/airflow/.local/lib/python3.8/site-packages/airflow/example_dags/plugins/workday.py
[2025-12-24T16:05:32.557+0000] {processor.py:183} INFO - Processing /home/airflow/.local/lib/python3.8/site-packages/airflow/example_dags/plugins/workday.py took 0.379 seconds
[2025-12-24T16:06:02.940+0000] {processor.py:161} INFO - Started process (PID=3670) to work on /home/airflow/.local/lib/python3.8/site-packages/airflow/example_dags/plugins/workday.py
[2025-12-24T16:06:02.946+0000] {processor.py:830} INFO - Processing file /home/airflow/.local/lib/python3.8/site-packages/airflow/example_dags/plugins/workday.py for tasks to queue
[2025-12-24T16:06:02.948+0000] {logging_mixin.py:188} INFO - [2025-12-24T16:06:02.947+0000] {dagbag.py:538} INFO - Filling up the DagBag from /home/airflow/.local/lib/python3.8/site-packages/airflow/example_dags/plugins/workday.py
[2025-12-24T16:06:03.453+0000] {processor.py:842} WARNING - No viable dags retrieved from /home/airflow/.local/lib/python3.8/site-packages/airflow/example_dags/plugins/workday.py
[2025-12-24T16:06:03.477+0000] {processor.py:183} INFO - Processing /home/airflow/.local/lib/python3.8/site-packages/airflow/example_dags/plugins/workday.py took 0.546 seconds
[2025-12-24T16:06:34.187+0000] {processor.py:161} INFO - Started process (PID=3734) to work on /home/airflow/.local/lib/python3.8/site-packages/airflow/example_dags/plugins/workday.py
[2025-12-24T16:06:34.188+0000] {processor.py:830} INFO - Processing file /home/airflow/.local/lib/python3.8/site-packages/airflow/example_dags/plugins/workday.py for tasks to queue
[2025-12-24T16:06:34.189+0000] {logging_mixin.py:188} INFO - [2025-12-24T16:06:34.189+0000] {dagbag.py:538} INFO - Filling up the DagBag from /home/airflow/.local/lib/python3.8/site-packages/airflow/example_dags/plugins/workday.py
[2025-12-24T16:06:34.451+0000] {processor.py:842} WARNING - No viable dags retrieved from /home/airflow/.local/lib/python3.8/site-packages/airflow/example_dags/plugins/workday.py
[2025-12-24T16:06:34.466+0000] {processor.py:183} INFO - Processing /home/airflow/.local/lib/python3.8/site-packages/airflow/example_dags/plugins/workday.py took 0.282 seconds
[2025-12-24T16:07:04.958+0000] {processor.py:161} INFO - Started process (PID=3793) to work on /home/airflow/.local/lib/python3.8/site-packages/airflow/example_dags/plugins/workday.py
[2025-12-24T16:07:04.960+0000] {processor.py:830} INFO - Processing file /home/airflow/.local/lib/python3.8/site-packages/airflow/example_dags/plugins/workday.py for tasks to queue
[2025-12-24T16:07:04.962+0000] {logging_mixin.py:188} INFO - [2025-12-24T16:07:04.961+0000] {dagbag.py:538} INFO - Filling up the DagBag from /home/airflow/.local/lib/python3.8/site-packages/airflow/example_dags/plugins/workday.py
[2025-12-24T16:07:05.299+0000] {processor.py:842} WARNING - No viable dags retrieved from /home/airflow/.local/lib/python3.8/site-packages/airflow/example_dags/plugins/workday.py
[2025-12-24T16:07:05.314+0000] {processor.py:183} INFO - Processing /home/airflow/.local/lib/python3.8/site-packages/airflow/example_dags/plugins/workday.py took 0.361 seconds
[2025-12-24T16:07:35.576+0000] {processor.py:161} INFO - Started process (PID=3849) to work on /home/airflow/.local/lib/python3.8/site-packages/airflow/example_dags/plugins/workday.py
[2025-12-24T16:07:35.577+0000] {processor.py:830} INFO - Processing file /home/airflow/.local/lib/python3.8/site-packages/airflow/example_dags/plugins/workday.py for tasks to queue
[2025-12-24T16:07:35.579+0000] {logging_mixin.py:188} INFO - [2025-12-24T16:07:35.578+0000] {dagbag.py:538} INFO - Filling up the DagBag from /home/airflow/.local/lib/python3.8/site-packages/airflow/example_dags/plugins/workday.py
[2025-12-24T16:07:35.935+0000] {processor.py:842} WARNING - No viable dags retrieved from /home/airflow/.local/lib/python3.8/site-packages/airflow/example_dags/plugins/workday.py
[2025-12-24T16:07:35.954+0000] {processor.py:183} INFO - Processing /home/airflow/.local/lib/python3.8/site-packages/airflow/example_dags/plugins/workday.py took 0.383 seconds
[2025-12-24T16:08:06.409+0000] {processor.py:161} INFO - Started process (PID=3905) to work on /home/airflow/.local/lib/python3.8/site-packages/airflow/example_dags/plugins/workday.py
[2025-12-24T16:08:06.411+0000] {processor.py:830} INFO - Processing file /home/airflow/.local/lib/python3.8/site-packages/airflow/example_dags/plugins/workday.py for tasks to queue
[2025-12-24T16:08:06.412+0000] {logging_mixin.py:188} INFO - [2025-12-24T16:08:06.411+0000] {dagbag.py:538} INFO - Filling up the DagBag from /home/airflow/.local/lib/python3.8/site-packages/airflow/example_dags/plugins/workday.py
[2025-12-24T16:08:06.712+0000] {processor.py:842} WARNING - No viable dags retrieved from /home/airflow/.local/lib/python3.8/site-packages/airflow/example_dags/plugins/workday.py
[2025-12-24T16:08:06.727+0000] {processor.py:183} INFO - Processing /home/airflow/.local/lib/python3.8/site-packages/airflow/example_dags/plugins/workday.py took 0.322 seconds
[2025-12-24T16:08:37.120+0000] {processor.py:161} INFO - Started process (PID=3961) to work on /home/airflow/.local/lib/python3.8/site-packages/airflow/example_dags/plugins/workday.py
[2025-12-24T16:08:37.121+0000] {processor.py:830} INFO - Processing file /home/airflow/.local/lib/python3.8/site-packages/airflow/example_dags/plugins/workday.py for tasks to queue
[2025-12-24T16:08:37.122+0000] {logging_mixin.py:188} INFO - [2025-12-24T16:08:37.122+0000] {dagbag.py:538} INFO - Filling up the DagBag from /home/airflow/.local/lib/python3.8/site-packages/airflow/example_dags/plugins/workday.py
[2025-12-24T16:08:37.384+0000] {processor.py:842} WARNING - No viable dags retrieved from /home/airflow/.local/lib/python3.8/site-packages/airflow/example_dags/plugins/workday.py
[2025-12-24T16:08:37.398+0000] {processor.py:183} INFO - Processing /home/airflow/.local/lib/python3.8/site-packages/airflow/example_dags/plugins/workday.py took 0.281 seconds
[2025-12-24T16:09:07.583+0000] {processor.py:161} INFO - Started process (PID=4017) to work on /home/airflow/.local/lib/python3.8/site-packages/airflow/example_dags/plugins/workday.py
[2025-12-24T16:09:07.585+0000] {processor.py:830} INFO - Processing file /home/airflow/.local/lib/python3.8/site-packages/airflow/example_dags/plugins/workday.py for tasks to queue
[2025-12-24T16:09:07.586+0000] {logging_mixin.py:188} INFO - [2025-12-24T16:09:07.586+0000] {dagbag.py:538} INFO - Filling up the DagBag from /home/airflow/.local/lib/python3.8/site-packages/airflow/example_dags/plugins/workday.py
[2025-12-24T16:09:08.096+0000] {processor.py:842} WARNING - No viable dags retrieved from /home/airflow/.local/lib/python3.8/site-packages/airflow/example_dags/plugins/workday.py
[2025-12-24T16:09:08.119+0000] {processor.py:183} INFO - Processing /home/airflow/.local/lib/python3.8/site-packages/airflow/example_dags/plugins/workday.py took 0.541 seconds
[2025-12-24T16:09:38.395+0000] {processor.py:161} INFO - Started process (PID=4073) to work on /home/airflow/.local/lib/python3.8/site-packages/airflow/example_dags/plugins/workday.py
[2025-12-24T16:09:38.396+0000] {processor.py:830} INFO - Processing file /home/airflow/.local/lib/python3.8/site-packages/airflow/example_dags/plugins/workday.py for tasks to queue
[2025-12-24T16:09:38.397+0000] {logging_mixin.py:188} INFO - [2025-12-24T16:09:38.397+0000] {dagbag.py:538} INFO - Filling up the DagBag from /home/airflow/.local/lib/python3.8/site-packages/airflow/example_dags/plugins/workday.py
[2025-12-24T16:09:38.661+0000] {processor.py:842} WARNING - No viable dags retrieved from /home/airflow/.local/lib/python3.8/site-packages/airflow/example_dags/plugins/workday.py
[2025-12-24T16:09:38.675+0000] {processor.py:183} INFO - Processing /home/airflow/.local/lib/python3.8/site-packages/airflow/example_dags/plugins/workday.py took 0.284 seconds
[2025-12-24T16:10:09.155+0000] {processor.py:161} INFO - Started process (PID=4129) to work on /home/airflow/.local/lib/python3.8/site-packages/airflow/example_dags/plugins/workday.py
[2025-12-24T16:10:09.155+0000] {processor.py:830} INFO - Processing file /home/airflow/.local/lib/python3.8/site-packages/airflow/example_dags/plugins/workday.py for tasks to queue
[2025-12-24T16:10:09.156+0000] {logging_mixin.py:188} INFO - [2025-12-24T16:10:09.156+0000] {dagbag.py:538} INFO - Filling up the DagBag from /home/airflow/.local/lib/python3.8/site-packages/airflow/example_dags/plugins/workday.py
[2025-12-24T16:10:09.413+0000] {processor.py:842} WARNING - No viable dags retrieved from /home/airflow/.local/lib/python3.8/site-packages/airflow/example_dags/plugins/workday.py
[2025-12-24T16:10:09.428+0000] {processor.py:183} INFO - Processing /home/airflow/.local/lib/python3.8/site-packages/airflow/example_dags/plugins/workday.py took 0.277 seconds
[2025-12-24T16:10:39.704+0000] {processor.py:161} INFO - Started process (PID=4185) to work on /home/airflow/.local/lib/python3.8/site-packages/airflow/example_dags/plugins/workday.py
[2025-12-24T16:10:39.705+0000] {processor.py:830} INFO - Processing file /home/airflow/.local/lib/python3.8/site-packages/airflow/example_dags/plugins/workday.py for tasks to queue
[2025-12-24T16:10:39.706+0000] {logging_mixin.py:188} INFO - [2025-12-24T16:10:39.706+0000] {dagbag.py:538} INFO - Filling up the DagBag from /home/airflow/.local/lib/python3.8/site-packages/airflow/example_dags/plugins/workday.py
[2025-12-24T16:10:39.975+0000] {processor.py:842} WARNING - No viable dags retrieved from /home/airflow/.local/lib/python3.8/site-packages/airflow/example_dags/plugins/workday.py
[2025-12-24T16:10:39.991+0000] {processor.py:183} INFO - Processing /home/airflow/.local/lib/python3.8/site-packages/airflow/example_dags/plugins/workday.py took 0.291 seconds
[2025-12-24T16:11:10.313+0000] {processor.py:161} INFO - Started process (PID=4241) to work on /home/airflow/.local/lib/python3.8/site-packages/airflow/example_dags/plugins/workday.py
[2025-12-24T16:11:10.315+0000] {processor.py:830} INFO - Processing file /home/airflow/.local/lib/python3.8/site-packages/airflow/example_dags/plugins/workday.py for tasks to queue
[2025-12-24T16:11:10.316+0000] {logging_mixin.py:188} INFO - [2025-12-24T16:11:10.316+0000] {dagbag.py:538} INFO - Filling up the DagBag from /home/airflow/.local/lib/python3.8/site-packages/airflow/example_dags/plugins/workday.py
[2025-12-24T16:11:10.715+0000] {processor.py:842} WARNING - No viable dags retrieved from /home/airflow/.local/lib/python3.8/site-packages/airflow/example_dags/plugins/workday.py
[2025-12-24T16:11:10.732+0000] {processor.py:183} INFO - Processing /home/airflow/.local/lib/python3.8/site-packages/airflow/example_dags/plugins/workday.py took 0.425 seconds
[2025-12-24T16:11:40.961+0000] {processor.py:161} INFO - Started process (PID=4297) to work on /home/airflow/.local/lib/python3.8/site-packages/airflow/example_dags/plugins/workday.py
[2025-12-24T16:11:40.962+0000] {processor.py:830} INFO - Processing file /home/airflow/.local/lib/python3.8/site-packages/airflow/example_dags/plugins/workday.py for tasks to queue
[2025-12-24T16:11:40.963+0000] {logging_mixin.py:188} INFO - [2025-12-24T16:11:40.963+0000] {dagbag.py:538} INFO - Filling up the DagBag from /home/airflow/.local/lib/python3.8/site-packages/airflow/example_dags/plugins/workday.py
[2025-12-24T16:11:41.227+0000] {processor.py:842} WARNING - No viable dags retrieved from /home/airflow/.local/lib/python3.8/site-packages/airflow/example_dags/plugins/workday.py
[2025-12-24T16:11:41.243+0000] {processor.py:183} INFO - Processing /home/airflow/.local/lib/python3.8/site-packages/airflow/example_dags/plugins/workday.py took 0.285 seconds
[2025-12-24T16:12:11.662+0000] {processor.py:161} INFO - Started process (PID=4354) to work on /home/airflow/.local/lib/python3.8/site-packages/airflow/example_dags/plugins/workday.py
[2025-12-24T16:12:11.663+0000] {processor.py:830} INFO - Processing file /home/airflow/.local/lib/python3.8/site-packages/airflow/example_dags/plugins/workday.py for tasks to queue
[2025-12-24T16:12:11.664+0000] {logging_mixin.py:188} INFO - [2025-12-24T16:12:11.663+0000] {dagbag.py:538} INFO - Filling up the DagBag from /home/airflow/.local/lib/python3.8/site-packages/airflow/example_dags/plugins/workday.py
[2025-12-24T16:12:12.294+0000] {processor.py:842} WARNING - No viable dags retrieved from /home/airflow/.local/lib/python3.8/site-packages/airflow/example_dags/plugins/workday.py
[2025-12-24T16:12:12.313+0000] {processor.py:183} INFO - Processing /home/airflow/.local/lib/python3.8/site-packages/airflow/example_dags/plugins/workday.py took 0.657 seconds
[2025-12-24T16:12:42.445+0000] {processor.py:161} INFO - Started process (PID=4412) to work on /home/airflow/.local/lib/python3.8/site-packages/airflow/example_dags/plugins/workday.py
[2025-12-24T16:12:42.446+0000] {processor.py:830} INFO - Processing file /home/airflow/.local/lib/python3.8/site-packages/airflow/example_dags/plugins/workday.py for tasks to queue
[2025-12-24T16:12:42.447+0000] {logging_mixin.py:188} INFO - [2025-12-24T16:12:42.447+0000] {dagbag.py:538} INFO - Filling up the DagBag from /home/airflow/.local/lib/python3.8/site-packages/airflow/example_dags/plugins/workday.py
[2025-12-24T16:12:42.907+0000] {processor.py:842} WARNING - No viable dags retrieved from /home/airflow/.local/lib/python3.8/site-packages/airflow/example_dags/plugins/workday.py
[2025-12-24T16:12:42.933+0000] {processor.py:183} INFO - Processing /home/airflow/.local/lib/python3.8/site-packages/airflow/example_dags/plugins/workday.py took 0.493 seconds
[2025-12-24T16:13:13.335+0000] {processor.py:161} INFO - Started process (PID=4471) to work on /home/airflow/.local/lib/python3.8/site-packages/airflow/example_dags/plugins/workday.py
[2025-12-24T16:13:13.336+0000] {processor.py:830} INFO - Processing file /home/airflow/.local/lib/python3.8/site-packages/airflow/example_dags/plugins/workday.py for tasks to queue
[2025-12-24T16:13:13.337+0000] {logging_mixin.py:188} INFO - [2025-12-24T16:13:13.337+0000] {dagbag.py:538} INFO - Filling up the DagBag from /home/airflow/.local/lib/python3.8/site-packages/airflow/example_dags/plugins/workday.py
[2025-12-24T16:13:13.649+0000] {processor.py:842} WARNING - No viable dags retrieved from /home/airflow/.local/lib/python3.8/site-packages/airflow/example_dags/plugins/workday.py
[2025-12-24T16:13:13.664+0000] {processor.py:183} INFO - Processing /home/airflow/.local/lib/python3.8/site-packages/airflow/example_dags/plugins/workday.py took 0.332 seconds
[2025-12-24T16:13:43.967+0000] {processor.py:161} INFO - Started process (PID=4527) to work on /home/airflow/.local/lib/python3.8/site-packages/airflow/example_dags/plugins/workday.py
[2025-12-24T16:13:43.969+0000] {processor.py:830} INFO - Processing file /home/airflow/.local/lib/python3.8/site-packages/airflow/example_dags/plugins/workday.py for tasks to queue
[2025-12-24T16:13:43.970+0000] {logging_mixin.py:188} INFO - [2025-12-24T16:13:43.970+0000] {dagbag.py:538} INFO - Filling up the DagBag from /home/airflow/.local/lib/python3.8/site-packages/airflow/example_dags/plugins/workday.py
[2025-12-24T16:13:44.244+0000] {processor.py:842} WARNING - No viable dags retrieved from /home/airflow/.local/lib/python3.8/site-packages/airflow/example_dags/plugins/workday.py
[2025-12-24T16:13:44.258+0000] {processor.py:183} INFO - Processing /home/airflow/.local/lib/python3.8/site-packages/airflow/example_dags/plugins/workday.py took 0.295 seconds
[2025-12-24T16:14:14.474+0000] {processor.py:161} INFO - Started process (PID=4583) to work on /home/airflow/.local/lib/python3.8/site-packages/airflow/example_dags/plugins/workday.py
[2025-12-24T16:14:14.475+0000] {processor.py:830} INFO - Processing file /home/airflow/.local/lib/python3.8/site-packages/airflow/example_dags/plugins/workday.py for tasks to queue
[2025-12-24T16:14:14.476+0000] {logging_mixin.py:188} INFO - [2025-12-24T16:14:14.476+0000] {dagbag.py:538} INFO - Filling up the DagBag from /home/airflow/.local/lib/python3.8/site-packages/airflow/example_dags/plugins/workday.py
[2025-12-24T16:14:14.771+0000] {processor.py:842} WARNING - No viable dags retrieved from /home/airflow/.local/lib/python3.8/site-packages/airflow/example_dags/plugins/workday.py
[2025-12-24T16:14:14.788+0000] {processor.py:183} INFO - Processing /home/airflow/.local/lib/python3.8/site-packages/airflow/example_dags/plugins/workday.py took 0.317 seconds
[2025-12-24T16:14:45.529+0000] {processor.py:161} INFO - Started process (PID=4639) to work on /home/airflow/.local/lib/python3.8/site-packages/airflow/example_dags/plugins/workday.py
[2025-12-24T16:14:45.531+0000] {processor.py:830} INFO - Processing file /home/airflow/.local/lib/python3.8/site-packages/airflow/example_dags/plugins/workday.py for tasks to queue
[2025-12-24T16:14:45.533+0000] {logging_mixin.py:188} INFO - [2025-12-24T16:14:45.533+0000] {dagbag.py:538} INFO - Filling up the DagBag from /home/airflow/.local/lib/python3.8/site-packages/airflow/example_dags/plugins/workday.py
[2025-12-24T16:14:45.869+0000] {processor.py:842} WARNING - No viable dags retrieved from /home/airflow/.local/lib/python3.8/site-packages/airflow/example_dags/plugins/workday.py
[2025-12-24T16:14:45.890+0000] {processor.py:183} INFO - Processing /home/airflow/.local/lib/python3.8/site-packages/airflow/example_dags/plugins/workday.py took 0.367 seconds
[2025-12-24T16:15:16.694+0000] {processor.py:161} INFO - Started process (PID=4695) to work on /home/airflow/.local/lib/python3.8/site-packages/airflow/example_dags/plugins/workday.py
[2025-12-24T16:15:16.695+0000] {processor.py:830} INFO - Processing file /home/airflow/.local/lib/python3.8/site-packages/airflow/example_dags/plugins/workday.py for tasks to queue
[2025-12-24T16:15:16.696+0000] {logging_mixin.py:188} INFO - [2025-12-24T16:15:16.696+0000] {dagbag.py:538} INFO - Filling up the DagBag from /home/airflow/.local/lib/python3.8/site-packages/airflow/example_dags/plugins/workday.py
[2025-12-24T16:15:17.032+0000] {processor.py:842} WARNING - No viable dags retrieved from /home/airflow/.local/lib/python3.8/site-packages/airflow/example_dags/plugins/workday.py
[2025-12-24T16:15:17.045+0000] {processor.py:183} INFO - Processing /home/airflow/.local/lib/python3.8/site-packages/airflow/example_dags/plugins/workday.py took 0.355 seconds
[2025-12-24T16:15:47.927+0000] {processor.py:161} INFO - Started process (PID=4751) to work on /home/airflow/.local/lib/python3.8/site-packages/airflow/example_dags/plugins/workday.py
[2025-12-24T16:15:47.928+0000] {processor.py:830} INFO - Processing file /home/airflow/.local/lib/python3.8/site-packages/airflow/example_dags/plugins/workday.py for tasks to queue
[2025-12-24T16:15:47.930+0000] {logging_mixin.py:188} INFO - [2025-12-24T16:15:47.930+0000] {dagbag.py:538} INFO - Filling up the DagBag from /home/airflow/.local/lib/python3.8/site-packages/airflow/example_dags/plugins/workday.py
[2025-12-24T16:15:48.252+0000] {processor.py:842} WARNING - No viable dags retrieved from /home/airflow/.local/lib/python3.8/site-packages/airflow/example_dags/plugins/workday.py
[2025-12-24T16:15:48.272+0000] {processor.py:183} INFO - Processing /home/airflow/.local/lib/python3.8/site-packages/airflow/example_dags/plugins/workday.py took 0.349 seconds
[2025-12-24T16:16:18.548+0000] {processor.py:161} INFO - Started process (PID=4812) to work on /home/airflow/.local/lib/python3.8/site-packages/airflow/example_dags/plugins/workday.py
[2025-12-24T16:16:18.550+0000] {processor.py:830} INFO - Processing file /home/airflow/.local/lib/python3.8/site-packages/airflow/example_dags/plugins/workday.py for tasks to queue
[2025-12-24T16:16:18.555+0000] {logging_mixin.py:188} INFO - [2025-12-24T16:16:18.552+0000] {dagbag.py:538} INFO - Filling up the DagBag from /home/airflow/.local/lib/python3.8/site-packages/airflow/example_dags/plugins/workday.py
[2025-12-24T16:16:20.694+0000] {processor.py:842} WARNING - No viable dags retrieved from /home/airflow/.local/lib/python3.8/site-packages/airflow/example_dags/plugins/workday.py
[2025-12-24T16:16:20.711+0000] {processor.py:183} INFO - Processing /home/airflow/.local/lib/python3.8/site-packages/airflow/example_dags/plugins/workday.py took 2.169 seconds
[2025-12-24T16:16:50.841+0000] {processor.py:161} INFO - Started process (PID=4868) to work on /home/airflow/.local/lib/python3.8/site-packages/airflow/example_dags/plugins/workday.py
[2025-12-24T16:16:50.842+0000] {processor.py:830} INFO - Processing file /home/airflow/.local/lib/python3.8/site-packages/airflow/example_dags/plugins/workday.py for tasks to queue
[2025-12-24T16:16:50.844+0000] {logging_mixin.py:188} INFO - [2025-12-24T16:16:50.843+0000] {dagbag.py:538} INFO - Filling up the DagBag from /home/airflow/.local/lib/python3.8/site-packages/airflow/example_dags/plugins/workday.py
[2025-12-24T16:16:51.305+0000] {processor.py:842} WARNING - No viable dags retrieved from /home/airflow/.local/lib/python3.8/site-packages/airflow/example_dags/plugins/workday.py
[2025-12-24T16:16:51.316+0000] {processor.py:183} INFO - Processing /home/airflow/.local/lib/python3.8/site-packages/airflow/example_dags/plugins/workday.py took 0.479 seconds
[2025-12-24T16:17:21.938+0000] {processor.py:161} INFO - Started process (PID=4924) to work on /home/airflow/.local/lib/python3.8/site-packages/airflow/example_dags/plugins/workday.py
[2025-12-24T16:17:21.939+0000] {processor.py:830} INFO - Processing file /home/airflow/.local/lib/python3.8/site-packages/airflow/example_dags/plugins/workday.py for tasks to queue
[2025-12-24T16:17:21.940+0000] {logging_mixin.py:188} INFO - [2025-12-24T16:17:21.940+0000] {dagbag.py:538} INFO - Filling up the DagBag from /home/airflow/.local/lib/python3.8/site-packages/airflow/example_dags/plugins/workday.py
[2025-12-24T16:17:22.401+0000] {processor.py:842} WARNING - No viable dags retrieved from /home/airflow/.local/lib/python3.8/site-packages/airflow/example_dags/plugins/workday.py
[2025-12-24T16:17:22.416+0000] {processor.py:183} INFO - Processing /home/airflow/.local/lib/python3.8/site-packages/airflow/example_dags/plugins/workday.py took 0.481 seconds
[2025-12-24T16:17:53.222+0000] {processor.py:161} INFO - Started process (PID=4980) to work on /home/airflow/.local/lib/python3.8/site-packages/airflow/example_dags/plugins/workday.py
[2025-12-24T16:17:53.223+0000] {processor.py:830} INFO - Processing file /home/airflow/.local/lib/python3.8/site-packages/airflow/example_dags/plugins/workday.py for tasks to queue
[2025-12-24T16:17:53.224+0000] {logging_mixin.py:188} INFO - [2025-12-24T16:17:53.224+0000] {dagbag.py:538} INFO - Filling up the DagBag from /home/airflow/.local/lib/python3.8/site-packages/airflow/example_dags/plugins/workday.py
[2025-12-24T16:17:53.601+0000] {processor.py:842} WARNING - No viable dags retrieved from /home/airflow/.local/lib/python3.8/site-packages/airflow/example_dags/plugins/workday.py
[2025-12-24T16:17:53.615+0000] {processor.py:183} INFO - Processing /home/airflow/.local/lib/python3.8/site-packages/airflow/example_dags/plugins/workday.py took 0.397 seconds
[2025-12-24T16:18:23.784+0000] {processor.py:161} INFO - Started process (PID=5036) to work on /home/airflow/.local/lib/python3.8/site-packages/airflow/example_dags/plugins/workday.py
[2025-12-24T16:18:23.785+0000] {processor.py:830} INFO - Processing file /home/airflow/.local/lib/python3.8/site-packages/airflow/example_dags/plugins/workday.py for tasks to queue
[2025-12-24T16:18:23.786+0000] {logging_mixin.py:188} INFO - [2025-12-24T16:18:23.786+0000] {dagbag.py:538} INFO - Filling up the DagBag from /home/airflow/.local/lib/python3.8/site-packages/airflow/example_dags/plugins/workday.py
[2025-12-24T16:18:24.233+0000] {processor.py:842} WARNING - No viable dags retrieved from /home/airflow/.local/lib/python3.8/site-packages/airflow/example_dags/plugins/workday.py
[2025-12-24T16:18:24.246+0000] {processor.py:183} INFO - Processing /home/airflow/.local/lib/python3.8/site-packages/airflow/example_dags/plugins/workday.py took 0.466 seconds
[2025-12-24T16:18:54.957+0000] {processor.py:161} INFO - Started process (PID=5092) to work on /home/airflow/.local/lib/python3.8/site-packages/airflow/example_dags/plugins/workday.py
[2025-12-24T16:18:54.958+0000] {processor.py:830} INFO - Processing file /home/airflow/.local/lib/python3.8/site-packages/airflow/example_dags/plugins/workday.py for tasks to queue
[2025-12-24T16:18:54.959+0000] {logging_mixin.py:188} INFO - [2025-12-24T16:18:54.959+0000] {dagbag.py:538} INFO - Filling up the DagBag from /home/airflow/.local/lib/python3.8/site-packages/airflow/example_dags/plugins/workday.py
[2025-12-24T16:18:55.381+0000] {processor.py:842} WARNING - No viable dags retrieved from /home/airflow/.local/lib/python3.8/site-packages/airflow/example_dags/plugins/workday.py
[2025-12-24T16:18:55.394+0000] {processor.py:183} INFO - Processing /home/airflow/.local/lib/python3.8/site-packages/airflow/example_dags/plugins/workday.py took 0.441 seconds
[2025-12-24T16:19:25.824+0000] {processor.py:161} INFO - Started process (PID=5148) to work on /home/airflow/.local/lib/python3.8/site-packages/airflow/example_dags/plugins/workday.py
[2025-12-24T16:19:25.826+0000] {processor.py:830} INFO - Processing file /home/airflow/.local/lib/python3.8/site-packages/airflow/example_dags/plugins/workday.py for tasks to queue
[2025-12-24T16:19:25.827+0000] {logging_mixin.py:188} INFO - [2025-12-24T16:19:25.826+0000] {dagbag.py:538} INFO - Filling up the DagBag from /home/airflow/.local/lib/python3.8/site-packages/airflow/example_dags/plugins/workday.py
[2025-12-24T16:19:26.216+0000] {processor.py:842} WARNING - No viable dags retrieved from /home/airflow/.local/lib/python3.8/site-packages/airflow/example_dags/plugins/workday.py
[2025-12-24T16:19:26.228+0000] {processor.py:183} INFO - Processing /home/airflow/.local/lib/python3.8/site-packages/airflow/example_dags/plugins/workday.py took 0.408 seconds
[2025-12-24T16:19:56.381+0000] {processor.py:161} INFO - Started process (PID=5210) to work on /home/airflow/.local/lib/python3.8/site-packages/airflow/example_dags/plugins/workday.py
[2025-12-24T16:19:56.383+0000] {processor.py:830} INFO - Processing file /home/airflow/.local/lib/python3.8/site-packages/airflow/example_dags/plugins/workday.py for tasks to queue
[2025-12-24T16:19:56.384+0000] {logging_mixin.py:188} INFO - [2025-12-24T16:19:56.384+0000] {dagbag.py:538} INFO - Filling up the DagBag from /home/airflow/.local/lib/python3.8/site-packages/airflow/example_dags/plugins/workday.py
[2025-12-24T16:19:56.824+0000] {processor.py:842} WARNING - No viable dags retrieved from /home/airflow/.local/lib/python3.8/site-packages/airflow/example_dags/plugins/workday.py
[2025-12-24T16:19:56.836+0000] {processor.py:183} INFO - Processing /home/airflow/.local/lib/python3.8/site-packages/airflow/example_dags/plugins/workday.py took 0.459 seconds
[2025-12-24T16:20:27.714+0000] {processor.py:161} INFO - Started process (PID=5266) to work on /home/airflow/.local/lib/python3.8/site-packages/airflow/example_dags/plugins/workday.py
[2025-12-24T16:20:27.718+0000] {processor.py:830} INFO - Processing file /home/airflow/.local/lib/python3.8/site-packages/airflow/example_dags/plugins/workday.py for tasks to queue
[2025-12-24T16:20:27.719+0000] {logging_mixin.py:188} INFO - [2025-12-24T16:20:27.719+0000] {dagbag.py:538} INFO - Filling up the DagBag from /home/airflow/.local/lib/python3.8/site-packages/airflow/example_dags/plugins/workday.py
[2025-12-24T16:20:28.259+0000] {processor.py:842} WARNING - No viable dags retrieved from /home/airflow/.local/lib/python3.8/site-packages/airflow/example_dags/plugins/workday.py
[2025-12-24T16:20:28.274+0000] {processor.py:183} INFO - Processing /home/airflow/.local/lib/python3.8/site-packages/airflow/example_dags/plugins/workday.py took 0.565 seconds
[2025-12-24T16:20:58.564+0000] {processor.py:161} INFO - Started process (PID=5322) to work on /home/airflow/.local/lib/python3.8/site-packages/airflow/example_dags/plugins/workday.py
[2025-12-24T16:20:58.566+0000] {processor.py:830} INFO - Processing file /home/airflow/.local/lib/python3.8/site-packages/airflow/example_dags/plugins/workday.py for tasks to queue
[2025-12-24T16:20:58.567+0000] {logging_mixin.py:188} INFO - [2025-12-24T16:20:58.567+0000] {dagbag.py:538} INFO - Filling up the DagBag from /home/airflow/.local/lib/python3.8/site-packages/airflow/example_dags/plugins/workday.py
[2025-12-24T16:20:59.236+0000] {processor.py:842} WARNING - No viable dags retrieved from /home/airflow/.local/lib/python3.8/site-packages/airflow/example_dags/plugins/workday.py
[2025-12-24T16:20:59.251+0000] {processor.py:183} INFO - Processing /home/airflow/.local/lib/python3.8/site-packages/airflow/example_dags/plugins/workday.py took 0.693 seconds
[2025-12-24T16:21:29.324+0000] {processor.py:161} INFO - Started process (PID=5378) to work on /home/airflow/.local/lib/python3.8/site-packages/airflow/example_dags/plugins/workday.py
[2025-12-24T16:21:29.325+0000] {processor.py:830} INFO - Processing file /home/airflow/.local/lib/python3.8/site-packages/airflow/example_dags/plugins/workday.py for tasks to queue
[2025-12-24T16:21:29.327+0000] {logging_mixin.py:188} INFO - [2025-12-24T16:21:29.326+0000] {dagbag.py:538} INFO - Filling up the DagBag from /home/airflow/.local/lib/python3.8/site-packages/airflow/example_dags/plugins/workday.py
[2025-12-24T16:21:29.788+0000] {processor.py:842} WARNING - No viable dags retrieved from /home/airflow/.local/lib/python3.8/site-packages/airflow/example_dags/plugins/workday.py
[2025-12-24T16:21:29.801+0000] {processor.py:183} INFO - Processing /home/airflow/.local/lib/python3.8/site-packages/airflow/example_dags/plugins/workday.py took 0.482 seconds
[2025-12-24T16:22:00.028+0000] {processor.py:161} INFO - Started process (PID=5435) to work on /home/airflow/.local/lib/python3.8/site-packages/airflow/example_dags/plugins/workday.py
[2025-12-24T16:22:00.030+0000] {processor.py:830} INFO - Processing file /home/airflow/.local/lib/python3.8/site-packages/airflow/example_dags/plugins/workday.py for tasks to queue
[2025-12-24T16:22:00.032+0000] {logging_mixin.py:188} INFO - [2025-12-24T16:22:00.031+0000] {dagbag.py:538} INFO - Filling up the DagBag from /home/airflow/.local/lib/python3.8/site-packages/airflow/example_dags/plugins/workday.py
[2025-12-24T16:22:00.577+0000] {processor.py:842} WARNING - No viable dags retrieved from /home/airflow/.local/lib/python3.8/site-packages/airflow/example_dags/plugins/workday.py
[2025-12-24T16:22:00.593+0000] {processor.py:183} INFO - Processing /home/airflow/.local/lib/python3.8/site-packages/airflow/example_dags/plugins/workday.py took 0.571 seconds
[2025-12-24T16:22:31.060+0000] {processor.py:161} INFO - Started process (PID=5491) to work on /home/airflow/.local/lib/python3.8/site-packages/airflow/example_dags/plugins/workday.py
[2025-12-24T16:22:31.061+0000] {processor.py:830} INFO - Processing file /home/airflow/.local/lib/python3.8/site-packages/airflow/example_dags/plugins/workday.py for tasks to queue
[2025-12-24T16:22:31.063+0000] {logging_mixin.py:188} INFO - [2025-12-24T16:22:31.063+0000] {dagbag.py:538} INFO - Filling up the DagBag from /home/airflow/.local/lib/python3.8/site-packages/airflow/example_dags/plugins/workday.py
[2025-12-24T16:22:31.480+0000] {processor.py:842} WARNING - No viable dags retrieved from /home/airflow/.local/lib/python3.8/site-packages/airflow/example_dags/plugins/workday.py
[2025-12-24T16:22:31.493+0000] {processor.py:183} INFO - Processing /home/airflow/.local/lib/python3.8/site-packages/airflow/example_dags/plugins/workday.py took 0.437 seconds
[2025-12-24T16:23:01.595+0000] {processor.py:161} INFO - Started process (PID=5547) to work on /home/airflow/.local/lib/python3.8/site-packages/airflow/example_dags/plugins/workday.py
[2025-12-24T16:23:01.596+0000] {processor.py:830} INFO - Processing file /home/airflow/.local/lib/python3.8/site-packages/airflow/example_dags/plugins/workday.py for tasks to queue
[2025-12-24T16:23:01.597+0000] {logging_mixin.py:188} INFO - [2025-12-24T16:23:01.597+0000] {dagbag.py:538} INFO - Filling up the DagBag from /home/airflow/.local/lib/python3.8/site-packages/airflow/example_dags/plugins/workday.py
[2025-12-24T16:23:01.978+0000] {processor.py:842} WARNING - No viable dags retrieved from /home/airflow/.local/lib/python3.8/site-packages/airflow/example_dags/plugins/workday.py
[2025-12-24T16:23:01.989+0000] {processor.py:183} INFO - Processing /home/airflow/.local/lib/python3.8/site-packages/airflow/example_dags/plugins/workday.py took 0.398 seconds
[2025-12-24T16:23:32.150+0000] {processor.py:161} INFO - Started process (PID=5603) to work on /home/airflow/.local/lib/python3.8/site-packages/airflow/example_dags/plugins/workday.py
[2025-12-24T16:23:32.152+0000] {processor.py:830} INFO - Processing file /home/airflow/.local/lib/python3.8/site-packages/airflow/example_dags/plugins/workday.py for tasks to queue
[2025-12-24T16:23:32.153+0000] {logging_mixin.py:188} INFO - [2025-12-24T16:23:32.152+0000] {dagbag.py:538} INFO - Filling up the DagBag from /home/airflow/.local/lib/python3.8/site-packages/airflow/example_dags/plugins/workday.py
[2025-12-24T16:23:32.524+0000] {processor.py:842} WARNING - No viable dags retrieved from /home/airflow/.local/lib/python3.8/site-packages/airflow/example_dags/plugins/workday.py
[2025-12-24T16:23:32.538+0000] {processor.py:183} INFO - Processing /home/airflow/.local/lib/python3.8/site-packages/airflow/example_dags/plugins/workday.py took 0.392 seconds
[2025-12-24T16:24:03.396+0000] {processor.py:161} INFO - Started process (PID=5659) to work on /home/airflow/.local/lib/python3.8/site-packages/airflow/example_dags/plugins/workday.py
[2025-12-24T16:24:03.398+0000] {processor.py:830} INFO - Processing file /home/airflow/.local/lib/python3.8/site-packages/airflow/example_dags/plugins/workday.py for tasks to queue
[2025-12-24T16:24:03.400+0000] {logging_mixin.py:188} INFO - [2025-12-24T16:24:03.400+0000] {dagbag.py:538} INFO - Filling up the DagBag from /home/airflow/.local/lib/python3.8/site-packages/airflow/example_dags/plugins/workday.py
[2025-12-24T16:24:04.334+0000] {processor.py:842} WARNING - No viable dags retrieved from /home/airflow/.local/lib/python3.8/site-packages/airflow/example_dags/plugins/workday.py
[2025-12-24T16:24:04.352+0000] {processor.py:183} INFO - Processing /home/airflow/.local/lib/python3.8/site-packages/airflow/example_dags/plugins/workday.py took 0.968 seconds
[2025-12-24T16:24:34.527+0000] {processor.py:161} INFO - Started process (PID=5715) to work on /home/airflow/.local/lib/python3.8/site-packages/airflow/example_dags/plugins/workday.py
[2025-12-24T16:24:34.529+0000] {processor.py:830} INFO - Processing file /home/airflow/.local/lib/python3.8/site-packages/airflow/example_dags/plugins/workday.py for tasks to queue
[2025-12-24T16:24:34.530+0000] {logging_mixin.py:188} INFO - [2025-12-24T16:24:34.530+0000] {dagbag.py:538} INFO - Filling up the DagBag from /home/airflow/.local/lib/python3.8/site-packages/airflow/example_dags/plugins/workday.py
[2025-12-24T16:24:34.906+0000] {processor.py:842} WARNING - No viable dags retrieved from /home/airflow/.local/lib/python3.8/site-packages/airflow/example_dags/plugins/workday.py
[2025-12-24T16:24:34.918+0000] {processor.py:183} INFO - Processing /home/airflow/.local/lib/python3.8/site-packages/airflow/example_dags/plugins/workday.py took 0.394 seconds
[2025-12-24T16:25:05.431+0000] {processor.py:161} INFO - Started process (PID=5771) to work on /home/airflow/.local/lib/python3.8/site-packages/airflow/example_dags/plugins/workday.py
[2025-12-24T16:25:05.432+0000] {processor.py:830} INFO - Processing file /home/airflow/.local/lib/python3.8/site-packages/airflow/example_dags/plugins/workday.py for tasks to queue
[2025-12-24T16:25:05.433+0000] {logging_mixin.py:188} INFO - [2025-12-24T16:25:05.433+0000] {dagbag.py:538} INFO - Filling up the DagBag from /home/airflow/.local/lib/python3.8/site-packages/airflow/example_dags/plugins/workday.py
[2025-12-24T16:25:05.829+0000] {processor.py:842} WARNING - No viable dags retrieved from /home/airflow/.local/lib/python3.8/site-packages/airflow/example_dags/plugins/workday.py
[2025-12-24T16:25:05.841+0000] {processor.py:183} INFO - Processing /home/airflow/.local/lib/python3.8/site-packages/airflow/example_dags/plugins/workday.py took 0.414 seconds
[2025-12-24T16:25:36.362+0000] {processor.py:161} INFO - Started process (PID=5829) to work on /home/airflow/.local/lib/python3.8/site-packages/airflow/example_dags/plugins/workday.py
[2025-12-24T16:25:36.363+0000] {processor.py:830} INFO - Processing file /home/airflow/.local/lib/python3.8/site-packages/airflow/example_dags/plugins/workday.py for tasks to queue
[2025-12-24T16:25:36.364+0000] {logging_mixin.py:188} INFO - [2025-12-24T16:25:36.364+0000] {dagbag.py:538} INFO - Filling up the DagBag from /home/airflow/.local/lib/python3.8/site-packages/airflow/example_dags/plugins/workday.py
[2025-12-24T16:25:36.715+0000] {processor.py:842} WARNING - No viable dags retrieved from /home/airflow/.local/lib/python3.8/site-packages/airflow/example_dags/plugins/workday.py
[2025-12-24T16:25:36.728+0000] {processor.py:183} INFO - Processing /home/airflow/.local/lib/python3.8/site-packages/airflow/example_dags/plugins/workday.py took 0.371 seconds
[2025-12-24T16:26:07.748+0000] {processor.py:161} INFO - Started process (PID=5885) to work on /home/airflow/.local/lib/python3.8/site-packages/airflow/example_dags/plugins/workday.py
[2025-12-24T16:26:07.750+0000] {processor.py:830} INFO - Processing file /home/airflow/.local/lib/python3.8/site-packages/airflow/example_dags/plugins/workday.py for tasks to queue
[2025-12-24T16:26:07.751+0000] {logging_mixin.py:188} INFO - [2025-12-24T16:26:07.751+0000] {dagbag.py:538} INFO - Filling up the DagBag from /home/airflow/.local/lib/python3.8/site-packages/airflow/example_dags/plugins/workday.py
[2025-12-24T16:26:08.224+0000] {processor.py:842} WARNING - No viable dags retrieved from /home/airflow/.local/lib/python3.8/site-packages/airflow/example_dags/plugins/workday.py
[2025-12-24T16:26:08.234+0000] {processor.py:183} INFO - Processing /home/airflow/.local/lib/python3.8/site-packages/airflow/example_dags/plugins/workday.py took 0.493 seconds
[2025-12-24T16:26:39.064+0000] {processor.py:161} INFO - Started process (PID=5943) to work on /home/airflow/.local/lib/python3.8/site-packages/airflow/example_dags/plugins/workday.py
[2025-12-24T16:26:39.065+0000] {processor.py:830} INFO - Processing file /home/airflow/.local/lib/python3.8/site-packages/airflow/example_dags/plugins/workday.py for tasks to queue
[2025-12-24T16:26:39.066+0000] {logging_mixin.py:188} INFO - [2025-12-24T16:26:39.066+0000] {dagbag.py:538} INFO - Filling up the DagBag from /home/airflow/.local/lib/python3.8/site-packages/airflow/example_dags/plugins/workday.py
[2025-12-24T16:26:39.521+0000] {processor.py:842} WARNING - No viable dags retrieved from /home/airflow/.local/lib/python3.8/site-packages/airflow/example_dags/plugins/workday.py
[2025-12-24T16:26:39.533+0000] {processor.py:183} INFO - Processing /home/airflow/.local/lib/python3.8/site-packages/airflow/example_dags/plugins/workday.py took 0.474 seconds
[2025-12-24T16:27:10.311+0000] {processor.py:161} INFO - Started process (PID=6000) to work on /home/airflow/.local/lib/python3.8/site-packages/airflow/example_dags/plugins/workday.py
[2025-12-24T16:27:10.313+0000] {processor.py:830} INFO - Processing file /home/airflow/.local/lib/python3.8/site-packages/airflow/example_dags/plugins/workday.py for tasks to queue
[2025-12-24T16:27:10.315+0000] {logging_mixin.py:188} INFO - [2025-12-24T16:27:10.314+0000] {dagbag.py:538} INFO - Filling up the DagBag from /home/airflow/.local/lib/python3.8/site-packages/airflow/example_dags/plugins/workday.py
[2025-12-24T16:27:10.768+0000] {processor.py:842} WARNING - No viable dags retrieved from /home/airflow/.local/lib/python3.8/site-packages/airflow/example_dags/plugins/workday.py
[2025-12-24T16:27:10.783+0000] {processor.py:183} INFO - Processing /home/airflow/.local/lib/python3.8/site-packages/airflow/example_dags/plugins/workday.py took 0.476 seconds
[2025-12-24T16:27:40.902+0000] {processor.py:161} INFO - Started process (PID=6058) to work on /home/airflow/.local/lib/python3.8/site-packages/airflow/example_dags/plugins/workday.py
[2025-12-24T16:27:40.903+0000] {processor.py:830} INFO - Processing file /home/airflow/.local/lib/python3.8/site-packages/airflow/example_dags/plugins/workday.py for tasks to queue
[2025-12-24T16:27:40.904+0000] {logging_mixin.py:188} INFO - [2025-12-24T16:27:40.904+0000] {dagbag.py:538} INFO - Filling up the DagBag from /home/airflow/.local/lib/python3.8/site-packages/airflow/example_dags/plugins/workday.py
[2025-12-24T16:27:41.377+0000] {processor.py:842} WARNING - No viable dags retrieved from /home/airflow/.local/lib/python3.8/site-packages/airflow/example_dags/plugins/workday.py
[2025-12-24T16:27:41.389+0000] {processor.py:183} INFO - Processing /home/airflow/.local/lib/python3.8/site-packages/airflow/example_dags/plugins/workday.py took 0.490 seconds
[2025-12-24T16:28:12.147+0000] {processor.py:161} INFO - Started process (PID=6114) to work on /home/airflow/.local/lib/python3.8/site-packages/airflow/example_dags/plugins/workday.py
[2025-12-24T16:28:12.148+0000] {processor.py:830} INFO - Processing file /home/airflow/.local/lib/python3.8/site-packages/airflow/example_dags/plugins/workday.py for tasks to queue
[2025-12-24T16:28:12.149+0000] {logging_mixin.py:188} INFO - [2025-12-24T16:28:12.149+0000] {dagbag.py:538} INFO - Filling up the DagBag from /home/airflow/.local/lib/python3.8/site-packages/airflow/example_dags/plugins/workday.py
[2025-12-24T16:28:12.564+0000] {processor.py:842} WARNING - No viable dags retrieved from /home/airflow/.local/lib/python3.8/site-packages/airflow/example_dags/plugins/workday.py
[2025-12-24T16:28:12.578+0000] {processor.py:183} INFO - Processing /home/airflow/.local/lib/python3.8/site-packages/airflow/example_dags/plugins/workday.py took 0.435 seconds
[2025-12-24T16:28:42.935+0000] {processor.py:161} INFO - Started process (PID=6173) to work on /home/airflow/.local/lib/python3.8/site-packages/airflow/example_dags/plugins/workday.py
[2025-12-24T16:28:42.936+0000] {processor.py:830} INFO - Processing file /home/airflow/.local/lib/python3.8/site-packages/airflow/example_dags/plugins/workday.py for tasks to queue
[2025-12-24T16:28:42.937+0000] {logging_mixin.py:188} INFO - [2025-12-24T16:28:42.937+0000] {dagbag.py:538} INFO - Filling up the DagBag from /home/airflow/.local/lib/python3.8/site-packages/airflow/example_dags/plugins/workday.py
[2025-12-24T16:28:43.317+0000] {processor.py:842} WARNING - No viable dags retrieved from /home/airflow/.local/lib/python3.8/site-packages/airflow/example_dags/plugins/workday.py
[2025-12-24T16:28:43.329+0000] {processor.py:183} INFO - Processing /home/airflow/.local/lib/python3.8/site-packages/airflow/example_dags/plugins/workday.py took 0.398 seconds
[2025-12-24T16:29:14.271+0000] {processor.py:161} INFO - Started process (PID=6229) to work on /home/airflow/.local/lib/python3.8/site-packages/airflow/example_dags/plugins/workday.py
[2025-12-24T16:29:14.272+0000] {processor.py:830} INFO - Processing file /home/airflow/.local/lib/python3.8/site-packages/airflow/example_dags/plugins/workday.py for tasks to queue
[2025-12-24T16:29:14.273+0000] {logging_mixin.py:188} INFO - [2025-12-24T16:29:14.272+0000] {dagbag.py:538} INFO - Filling up the DagBag from /home/airflow/.local/lib/python3.8/site-packages/airflow/example_dags/plugins/workday.py
[2025-12-24T16:29:14.658+0000] {processor.py:842} WARNING - No viable dags retrieved from /home/airflow/.local/lib/python3.8/site-packages/airflow/example_dags/plugins/workday.py
[2025-12-24T16:29:14.669+0000] {processor.py:183} INFO - Processing /home/airflow/.local/lib/python3.8/site-packages/airflow/example_dags/plugins/workday.py took 0.402 seconds
[2025-12-24T16:29:45.103+0000] {processor.py:161} INFO - Started process (PID=6286) to work on /home/airflow/.local/lib/python3.8/site-packages/airflow/example_dags/plugins/workday.py
[2025-12-24T16:29:45.105+0000] {processor.py:830} INFO - Processing file /home/airflow/.local/lib/python3.8/site-packages/airflow/example_dags/plugins/workday.py for tasks to queue
[2025-12-24T16:29:45.107+0000] {logging_mixin.py:188} INFO - [2025-12-24T16:29:45.106+0000] {dagbag.py:538} INFO - Filling up the DagBag from /home/airflow/.local/lib/python3.8/site-packages/airflow/example_dags/plugins/workday.py
[2025-12-24T16:29:45.605+0000] {processor.py:842} WARNING - No viable dags retrieved from /home/airflow/.local/lib/python3.8/site-packages/airflow/example_dags/plugins/workday.py
[2025-12-24T16:29:45.619+0000] {processor.py:183} INFO - Processing /home/airflow/.local/lib/python3.8/site-packages/airflow/example_dags/plugins/workday.py took 0.522 seconds
[2025-12-24T16:30:16.321+0000] {processor.py:161} INFO - Started process (PID=6342) to work on /home/airflow/.local/lib/python3.8/site-packages/airflow/example_dags/plugins/workday.py
[2025-12-24T16:30:16.322+0000] {processor.py:830} INFO - Processing file /home/airflow/.local/lib/python3.8/site-packages/airflow/example_dags/plugins/workday.py for tasks to queue
[2025-12-24T16:30:16.323+0000] {logging_mixin.py:188} INFO - [2025-12-24T16:30:16.323+0000] {dagbag.py:538} INFO - Filling up the DagBag from /home/airflow/.local/lib/python3.8/site-packages/airflow/example_dags/plugins/workday.py
[2025-12-24T16:30:16.762+0000] {processor.py:842} WARNING - No viable dags retrieved from /home/airflow/.local/lib/python3.8/site-packages/airflow/example_dags/plugins/workday.py
[2025-12-24T16:30:16.776+0000] {processor.py:183} INFO - Processing /home/airflow/.local/lib/python3.8/site-packages/airflow/example_dags/plugins/workday.py took 0.460 seconds
[2025-12-24T16:30:47.516+0000] {processor.py:161} INFO - Started process (PID=6398) to work on /home/airflow/.local/lib/python3.8/site-packages/airflow/example_dags/plugins/workday.py
[2025-12-24T16:30:47.517+0000] {processor.py:830} INFO - Processing file /home/airflow/.local/lib/python3.8/site-packages/airflow/example_dags/plugins/workday.py for tasks to queue
[2025-12-24T16:30:47.518+0000] {logging_mixin.py:188} INFO - [2025-12-24T16:30:47.518+0000] {dagbag.py:538} INFO - Filling up the DagBag from /home/airflow/.local/lib/python3.8/site-packages/airflow/example_dags/plugins/workday.py
[2025-12-24T16:30:47.959+0000] {processor.py:842} WARNING - No viable dags retrieved from /home/airflow/.local/lib/python3.8/site-packages/airflow/example_dags/plugins/workday.py
[2025-12-24T16:30:47.970+0000] {processor.py:183} INFO - Processing /home/airflow/.local/lib/python3.8/site-packages/airflow/example_dags/plugins/workday.py took 0.458 seconds
[2025-12-24T16:31:18.142+0000] {processor.py:161} INFO - Started process (PID=6454) to work on /home/airflow/.local/lib/python3.8/site-packages/airflow/example_dags/plugins/workday.py
[2025-12-24T16:31:18.156+0000] {processor.py:830} INFO - Processing file /home/airflow/.local/lib/python3.8/site-packages/airflow/example_dags/plugins/workday.py for tasks to queue
[2025-12-24T16:31:18.161+0000] {logging_mixin.py:188} INFO - [2025-12-24T16:31:18.160+0000] {dagbag.py:538} INFO - Filling up the DagBag from /home/airflow/.local/lib/python3.8/site-packages/airflow/example_dags/plugins/workday.py
[2025-12-24T16:31:18.894+0000] {processor.py:842} WARNING - No viable dags retrieved from /home/airflow/.local/lib/python3.8/site-packages/airflow/example_dags/plugins/workday.py
[2025-12-24T16:31:18.906+0000] {processor.py:183} INFO - Processing /home/airflow/.local/lib/python3.8/site-packages/airflow/example_dags/plugins/workday.py took 0.769 seconds
[2025-12-24T16:31:49.891+0000] {processor.py:161} INFO - Started process (PID=6519) to work on /home/airflow/.local/lib/python3.8/site-packages/airflow/example_dags/plugins/workday.py
[2025-12-24T16:31:49.892+0000] {processor.py:830} INFO - Processing file /home/airflow/.local/lib/python3.8/site-packages/airflow/example_dags/plugins/workday.py for tasks to queue
[2025-12-24T16:31:49.893+0000] {logging_mixin.py:188} INFO - [2025-12-24T16:31:49.893+0000] {dagbag.py:538} INFO - Filling up the DagBag from /home/airflow/.local/lib/python3.8/site-packages/airflow/example_dags/plugins/workday.py
[2025-12-24T16:31:50.541+0000] {processor.py:842} WARNING - No viable dags retrieved from /home/airflow/.local/lib/python3.8/site-packages/airflow/example_dags/plugins/workday.py
[2025-12-24T16:31:50.555+0000] {processor.py:183} INFO - Processing /home/airflow/.local/lib/python3.8/site-packages/airflow/example_dags/plugins/workday.py took 0.669 seconds
[2025-12-24T16:32:21.840+0000] {processor.py:161} INFO - Started process (PID=6580) to work on /home/airflow/.local/lib/python3.8/site-packages/airflow/example_dags/plugins/workday.py
[2025-12-24T16:32:21.841+0000] {processor.py:830} INFO - Processing file /home/airflow/.local/lib/python3.8/site-packages/airflow/example_dags/plugins/workday.py for tasks to queue
[2025-12-24T16:32:21.843+0000] {logging_mixin.py:188} INFO - [2025-12-24T16:32:21.842+0000] {dagbag.py:538} INFO - Filling up the DagBag from /home/airflow/.local/lib/python3.8/site-packages/airflow/example_dags/plugins/workday.py
[2025-12-24T16:32:22.306+0000] {processor.py:842} WARNING - No viable dags retrieved from /home/airflow/.local/lib/python3.8/site-packages/airflow/example_dags/plugins/workday.py
[2025-12-24T16:32:22.323+0000] {processor.py:183} INFO - Processing /home/airflow/.local/lib/python3.8/site-packages/airflow/example_dags/plugins/workday.py took 0.487 seconds
[2025-12-24T16:32:52.630+0000] {processor.py:161} INFO - Started process (PID=6636) to work on /home/airflow/.local/lib/python3.8/site-packages/airflow/example_dags/plugins/workday.py
[2025-12-24T16:32:52.631+0000] {processor.py:830} INFO - Processing file /home/airflow/.local/lib/python3.8/site-packages/airflow/example_dags/plugins/workday.py for tasks to queue
[2025-12-24T16:32:52.633+0000] {logging_mixin.py:188} INFO - [2025-12-24T16:32:52.632+0000] {dagbag.py:538} INFO - Filling up the DagBag from /home/airflow/.local/lib/python3.8/site-packages/airflow/example_dags/plugins/workday.py
[2025-12-24T16:32:53.101+0000] {processor.py:842} WARNING - No viable dags retrieved from /home/airflow/.local/lib/python3.8/site-packages/airflow/example_dags/plugins/workday.py
[2025-12-24T16:32:53.115+0000] {processor.py:183} INFO - Processing /home/airflow/.local/lib/python3.8/site-packages/airflow/example_dags/plugins/workday.py took 0.490 seconds
[2025-12-24T16:33:23.382+0000] {processor.py:161} INFO - Started process (PID=6696) to work on /home/airflow/.local/lib/python3.8/site-packages/airflow/example_dags/plugins/workday.py
[2025-12-24T16:33:23.384+0000] {processor.py:830} INFO - Processing file /home/airflow/.local/lib/python3.8/site-packages/airflow/example_dags/plugins/workday.py for tasks to queue
[2025-12-24T16:33:23.385+0000] {logging_mixin.py:188} INFO - [2025-12-24T16:33:23.384+0000] {dagbag.py:538} INFO - Filling up the DagBag from /home/airflow/.local/lib/python3.8/site-packages/airflow/example_dags/plugins/workday.py
[2025-12-24T16:33:23.784+0000] {processor.py:842} WARNING - No viable dags retrieved from /home/airflow/.local/lib/python3.8/site-packages/airflow/example_dags/plugins/workday.py
[2025-12-24T16:33:23.800+0000] {processor.py:183} INFO - Processing /home/airflow/.local/lib/python3.8/site-packages/airflow/example_dags/plugins/workday.py took 0.421 seconds
[2025-12-24T16:33:54.371+0000] {processor.py:161} INFO - Started process (PID=6755) to work on /home/airflow/.local/lib/python3.8/site-packages/airflow/example_dags/plugins/workday.py
[2025-12-24T16:33:54.372+0000] {processor.py:830} INFO - Processing file /home/airflow/.local/lib/python3.8/site-packages/airflow/example_dags/plugins/workday.py for tasks to queue
[2025-12-24T16:33:54.373+0000] {logging_mixin.py:188} INFO - [2025-12-24T16:33:54.372+0000] {dagbag.py:538} INFO - Filling up the DagBag from /home/airflow/.local/lib/python3.8/site-packages/airflow/example_dags/plugins/workday.py
[2025-12-24T16:33:54.773+0000] {processor.py:842} WARNING - No viable dags retrieved from /home/airflow/.local/lib/python3.8/site-packages/airflow/example_dags/plugins/workday.py
[2025-12-24T16:33:54.795+0000] {processor.py:183} INFO - Processing /home/airflow/.local/lib/python3.8/site-packages/airflow/example_dags/plugins/workday.py took 0.428 seconds
[2025-12-24T16:34:24.876+0000] {processor.py:161} INFO - Started process (PID=6811) to work on /home/airflow/.local/lib/python3.8/site-packages/airflow/example_dags/plugins/workday.py
[2025-12-24T16:34:24.877+0000] {processor.py:830} INFO - Processing file /home/airflow/.local/lib/python3.8/site-packages/airflow/example_dags/plugins/workday.py for tasks to queue
[2025-12-24T16:34:24.878+0000] {logging_mixin.py:188} INFO - [2025-12-24T16:34:24.877+0000] {dagbag.py:538} INFO - Filling up the DagBag from /home/airflow/.local/lib/python3.8/site-packages/airflow/example_dags/plugins/workday.py
[2025-12-24T16:34:25.263+0000] {processor.py:842} WARNING - No viable dags retrieved from /home/airflow/.local/lib/python3.8/site-packages/airflow/example_dags/plugins/workday.py
[2025-12-24T16:34:25.276+0000] {processor.py:183} INFO - Processing /home/airflow/.local/lib/python3.8/site-packages/airflow/example_dags/plugins/workday.py took 0.404 seconds
[2025-12-24T16:34:55.405+0000] {processor.py:161} INFO - Started process (PID=6867) to work on /home/airflow/.local/lib/python3.8/site-packages/airflow/example_dags/plugins/workday.py
[2025-12-24T16:34:55.406+0000] {processor.py:830} INFO - Processing file /home/airflow/.local/lib/python3.8/site-packages/airflow/example_dags/plugins/workday.py for tasks to queue
[2025-12-24T16:34:55.407+0000] {logging_mixin.py:188} INFO - [2025-12-24T16:34:55.407+0000] {dagbag.py:538} INFO - Filling up the DagBag from /home/airflow/.local/lib/python3.8/site-packages/airflow/example_dags/plugins/workday.py
[2025-12-24T16:34:55.813+0000] {processor.py:842} WARNING - No viable dags retrieved from /home/airflow/.local/lib/python3.8/site-packages/airflow/example_dags/plugins/workday.py
[2025-12-24T16:34:55.825+0000] {processor.py:183} INFO - Processing /home/airflow/.local/lib/python3.8/site-packages/airflow/example_dags/plugins/workday.py took 0.423 seconds
[2025-12-24T16:35:26.023+0000] {processor.py:161} INFO - Started process (PID=6924) to work on /home/airflow/.local/lib/python3.8/site-packages/airflow/example_dags/plugins/workday.py
[2025-12-24T16:35:26.024+0000] {processor.py:830} INFO - Processing file /home/airflow/.local/lib/python3.8/site-packages/airflow/example_dags/plugins/workday.py for tasks to queue
[2025-12-24T16:35:26.025+0000] {logging_mixin.py:188} INFO - [2025-12-24T16:35:26.025+0000] {dagbag.py:538} INFO - Filling up the DagBag from /home/airflow/.local/lib/python3.8/site-packages/airflow/example_dags/plugins/workday.py
[2025-12-24T16:35:26.430+0000] {processor.py:842} WARNING - No viable dags retrieved from /home/airflow/.local/lib/python3.8/site-packages/airflow/example_dags/plugins/workday.py
[2025-12-24T16:35:26.442+0000] {processor.py:183} INFO - Processing /home/airflow/.local/lib/python3.8/site-packages/airflow/example_dags/plugins/workday.py took 0.423 seconds
[2025-12-24T16:35:56.531+0000] {processor.py:161} INFO - Started process (PID=6980) to work on /home/airflow/.local/lib/python3.8/site-packages/airflow/example_dags/plugins/workday.py
[2025-12-24T16:35:56.533+0000] {processor.py:830} INFO - Processing file /home/airflow/.local/lib/python3.8/site-packages/airflow/example_dags/plugins/workday.py for tasks to queue
[2025-12-24T16:35:56.535+0000] {logging_mixin.py:188} INFO - [2025-12-24T16:35:56.534+0000] {dagbag.py:538} INFO - Filling up the DagBag from /home/airflow/.local/lib/python3.8/site-packages/airflow/example_dags/plugins/workday.py
[2025-12-24T16:35:56.940+0000] {processor.py:842} WARNING - No viable dags retrieved from /home/airflow/.local/lib/python3.8/site-packages/airflow/example_dags/plugins/workday.py
[2025-12-24T16:35:56.952+0000] {processor.py:183} INFO - Processing /home/airflow/.local/lib/python3.8/site-packages/airflow/example_dags/plugins/workday.py took 0.425 seconds
[2025-12-24T16:36:27.242+0000] {processor.py:161} INFO - Started process (PID=7037) to work on /home/airflow/.local/lib/python3.8/site-packages/airflow/example_dags/plugins/workday.py
[2025-12-24T16:36:27.244+0000] {processor.py:830} INFO - Processing file /home/airflow/.local/lib/python3.8/site-packages/airflow/example_dags/plugins/workday.py for tasks to queue
[2025-12-24T16:36:27.245+0000] {logging_mixin.py:188} INFO - [2025-12-24T16:36:27.244+0000] {dagbag.py:538} INFO - Filling up the DagBag from /home/airflow/.local/lib/python3.8/site-packages/airflow/example_dags/plugins/workday.py
[2025-12-24T16:36:27.738+0000] {processor.py:842} WARNING - No viable dags retrieved from /home/airflow/.local/lib/python3.8/site-packages/airflow/example_dags/plugins/workday.py
[2025-12-24T16:36:27.758+0000] {processor.py:183} INFO - Processing /home/airflow/.local/lib/python3.8/site-packages/airflow/example_dags/plugins/workday.py took 0.519 seconds
[2025-12-24T16:36:58.623+0000] {processor.py:161} INFO - Started process (PID=7100) to work on /home/airflow/.local/lib/python3.8/site-packages/airflow/example_dags/plugins/workday.py
[2025-12-24T16:36:58.625+0000] {processor.py:830} INFO - Processing file /home/airflow/.local/lib/python3.8/site-packages/airflow/example_dags/plugins/workday.py for tasks to queue
[2025-12-24T16:36:58.626+0000] {logging_mixin.py:188} INFO - [2025-12-24T16:36:58.625+0000] {dagbag.py:538} INFO - Filling up the DagBag from /home/airflow/.local/lib/python3.8/site-packages/airflow/example_dags/plugins/workday.py
[2025-12-24T16:36:59.004+0000] {processor.py:842} WARNING - No viable dags retrieved from /home/airflow/.local/lib/python3.8/site-packages/airflow/example_dags/plugins/workday.py
[2025-12-24T16:36:59.017+0000] {processor.py:183} INFO - Processing /home/airflow/.local/lib/python3.8/site-packages/airflow/example_dags/plugins/workday.py took 0.397 seconds
[2025-12-24T16:37:29.415+0000] {processor.py:161} INFO - Started process (PID=7160) to work on /home/airflow/.local/lib/python3.8/site-packages/airflow/example_dags/plugins/workday.py
[2025-12-24T16:37:29.416+0000] {processor.py:830} INFO - Processing file /home/airflow/.local/lib/python3.8/site-packages/airflow/example_dags/plugins/workday.py for tasks to queue
[2025-12-24T16:37:29.418+0000] {logging_mixin.py:188} INFO - [2025-12-24T16:37:29.417+0000] {dagbag.py:538} INFO - Filling up the DagBag from /home/airflow/.local/lib/python3.8/site-packages/airflow/example_dags/plugins/workday.py
[2025-12-24T16:37:34.923+0000] {processor.py:842} WARNING - No viable dags retrieved from /home/airflow/.local/lib/python3.8/site-packages/airflow/example_dags/plugins/workday.py
[2025-12-24T16:37:35.018+0000] {processor.py:183} INFO - Processing /home/airflow/.local/lib/python3.8/site-packages/airflow/example_dags/plugins/workday.py took 5.608 seconds
[2025-12-24T16:38:05.597+0000] {processor.py:161} INFO - Started process (PID=7223) to work on /home/airflow/.local/lib/python3.8/site-packages/airflow/example_dags/plugins/workday.py
[2025-12-24T16:38:05.599+0000] {processor.py:830} INFO - Processing file /home/airflow/.local/lib/python3.8/site-packages/airflow/example_dags/plugins/workday.py for tasks to queue
[2025-12-24T16:38:05.600+0000] {logging_mixin.py:188} INFO - [2025-12-24T16:38:05.600+0000] {dagbag.py:538} INFO - Filling up the DagBag from /home/airflow/.local/lib/python3.8/site-packages/airflow/example_dags/plugins/workday.py
[2025-12-24T16:38:06.021+0000] {processor.py:842} WARNING - No viable dags retrieved from /home/airflow/.local/lib/python3.8/site-packages/airflow/example_dags/plugins/workday.py
[2025-12-24T16:38:06.034+0000] {processor.py:183} INFO - Processing /home/airflow/.local/lib/python3.8/site-packages/airflow/example_dags/plugins/workday.py took 0.441 seconds
[2025-12-24T16:38:36.512+0000] {processor.py:161} INFO - Started process (PID=7279) to work on /home/airflow/.local/lib/python3.8/site-packages/airflow/example_dags/plugins/workday.py
[2025-12-24T16:38:36.513+0000] {processor.py:830} INFO - Processing file /home/airflow/.local/lib/python3.8/site-packages/airflow/example_dags/plugins/workday.py for tasks to queue
[2025-12-24T16:38:36.514+0000] {logging_mixin.py:188} INFO - [2025-12-24T16:38:36.513+0000] {dagbag.py:538} INFO - Filling up the DagBag from /home/airflow/.local/lib/python3.8/site-packages/airflow/example_dags/plugins/workday.py
[2025-12-24T16:38:37.030+0000] {processor.py:842} WARNING - No viable dags retrieved from /home/airflow/.local/lib/python3.8/site-packages/airflow/example_dags/plugins/workday.py
[2025-12-24T16:38:37.044+0000] {processor.py:183} INFO - Processing /home/airflow/.local/lib/python3.8/site-packages/airflow/example_dags/plugins/workday.py took 0.537 seconds
[2025-12-24T16:39:07.219+0000] {processor.py:161} INFO - Started process (PID=7336) to work on /home/airflow/.local/lib/python3.8/site-packages/airflow/example_dags/plugins/workday.py
[2025-12-24T16:39:07.221+0000] {processor.py:830} INFO - Processing file /home/airflow/.local/lib/python3.8/site-packages/airflow/example_dags/plugins/workday.py for tasks to queue
[2025-12-24T16:39:07.222+0000] {logging_mixin.py:188} INFO - [2025-12-24T16:39:07.221+0000] {dagbag.py:538} INFO - Filling up the DagBag from /home/airflow/.local/lib/python3.8/site-packages/airflow/example_dags/plugins/workday.py
[2025-12-24T16:39:07.651+0000] {processor.py:842} WARNING - No viable dags retrieved from /home/airflow/.local/lib/python3.8/site-packages/airflow/example_dags/plugins/workday.py
[2025-12-24T16:39:07.664+0000] {processor.py:183} INFO - Processing /home/airflow/.local/lib/python3.8/site-packages/airflow/example_dags/plugins/workday.py took 0.449 seconds
[2025-12-24T16:39:38.606+0000] {processor.py:161} INFO - Started process (PID=7394) to work on /home/airflow/.local/lib/python3.8/site-packages/airflow/example_dags/plugins/workday.py
[2025-12-24T16:39:38.608+0000] {processor.py:830} INFO - Processing file /home/airflow/.local/lib/python3.8/site-packages/airflow/example_dags/plugins/workday.py for tasks to queue
[2025-12-24T16:39:38.609+0000] {logging_mixin.py:188} INFO - [2025-12-24T16:39:38.609+0000] {dagbag.py:538} INFO - Filling up the DagBag from /home/airflow/.local/lib/python3.8/site-packages/airflow/example_dags/plugins/workday.py
[2025-12-24T16:39:39.326+0000] {processor.py:842} WARNING - No viable dags retrieved from /home/airflow/.local/lib/python3.8/site-packages/airflow/example_dags/plugins/workday.py
[2025-12-24T16:39:39.344+0000] {processor.py:183} INFO - Processing /home/airflow/.local/lib/python3.8/site-packages/airflow/example_dags/plugins/workday.py took 0.742 seconds
[2025-12-24T16:40:09.415+0000] {processor.py:161} INFO - Started process (PID=7450) to work on /home/airflow/.local/lib/python3.8/site-packages/airflow/example_dags/plugins/workday.py
[2025-12-24T16:40:09.416+0000] {processor.py:830} INFO - Processing file /home/airflow/.local/lib/python3.8/site-packages/airflow/example_dags/plugins/workday.py for tasks to queue
[2025-12-24T16:40:09.417+0000] {logging_mixin.py:188} INFO - [2025-12-24T16:40:09.417+0000] {dagbag.py:538} INFO - Filling up the DagBag from /home/airflow/.local/lib/python3.8/site-packages/airflow/example_dags/plugins/workday.py
[2025-12-24T16:40:09.783+0000] {processor.py:842} WARNING - No viable dags retrieved from /home/airflow/.local/lib/python3.8/site-packages/airflow/example_dags/plugins/workday.py
[2025-12-24T16:40:09.794+0000] {processor.py:183} INFO - Processing /home/airflow/.local/lib/python3.8/site-packages/airflow/example_dags/plugins/workday.py took 0.383 seconds
[2025-12-24T16:40:40.985+0000] {processor.py:161} INFO - Started process (PID=7510) to work on /home/airflow/.local/lib/python3.8/site-packages/airflow/example_dags/plugins/workday.py
[2025-12-24T16:40:40.989+0000] {processor.py:830} INFO - Processing file /home/airflow/.local/lib/python3.8/site-packages/airflow/example_dags/plugins/workday.py for tasks to queue
[2025-12-24T16:40:40.991+0000] {logging_mixin.py:188} INFO - [2025-12-24T16:40:40.990+0000] {dagbag.py:538} INFO - Filling up the DagBag from /home/airflow/.local/lib/python3.8/site-packages/airflow/example_dags/plugins/workday.py
[2025-12-24T16:40:41.394+0000] {processor.py:842} WARNING - No viable dags retrieved from /home/airflow/.local/lib/python3.8/site-packages/airflow/example_dags/plugins/workday.py
[2025-12-24T16:40:41.407+0000] {processor.py:183} INFO - Processing /home/airflow/.local/lib/python3.8/site-packages/airflow/example_dags/plugins/workday.py took 0.428 seconds
[2025-12-24T16:41:12.208+0000] {processor.py:161} INFO - Started process (PID=7568) to work on /home/airflow/.local/lib/python3.8/site-packages/airflow/example_dags/plugins/workday.py
[2025-12-24T16:41:12.210+0000] {processor.py:830} INFO - Processing file /home/airflow/.local/lib/python3.8/site-packages/airflow/example_dags/plugins/workday.py for tasks to queue
[2025-12-24T16:41:12.211+0000] {logging_mixin.py:188} INFO - [2025-12-24T16:41:12.211+0000] {dagbag.py:538} INFO - Filling up the DagBag from /home/airflow/.local/lib/python3.8/site-packages/airflow/example_dags/plugins/workday.py
[2025-12-24T16:41:12.463+0000] {processor.py:842} WARNING - No viable dags retrieved from /home/airflow/.local/lib/python3.8/site-packages/airflow/example_dags/plugins/workday.py
[2025-12-24T16:41:12.478+0000] {processor.py:183} INFO - Processing /home/airflow/.local/lib/python3.8/site-packages/airflow/example_dags/plugins/workday.py took 0.275 seconds
[2025-12-24T16:41:42.646+0000] {processor.py:161} INFO - Started process (PID=7624) to work on /home/airflow/.local/lib/python3.8/site-packages/airflow/example_dags/plugins/workday.py
[2025-12-24T16:41:42.647+0000] {processor.py:830} INFO - Processing file /home/airflow/.local/lib/python3.8/site-packages/airflow/example_dags/plugins/workday.py for tasks to queue
[2025-12-24T16:41:42.649+0000] {logging_mixin.py:188} INFO - [2025-12-24T16:41:42.648+0000] {dagbag.py:538} INFO - Filling up the DagBag from /home/airflow/.local/lib/python3.8/site-packages/airflow/example_dags/plugins/workday.py
[2025-12-24T16:41:42.892+0000] {processor.py:842} WARNING - No viable dags retrieved from /home/airflow/.local/lib/python3.8/site-packages/airflow/example_dags/plugins/workday.py
[2025-12-24T16:41:42.909+0000] {processor.py:183} INFO - Processing /home/airflow/.local/lib/python3.8/site-packages/airflow/example_dags/plugins/workday.py took 0.267 seconds
[2025-12-24T16:42:13.474+0000] {processor.py:161} INFO - Started process (PID=7680) to work on /home/airflow/.local/lib/python3.8/site-packages/airflow/example_dags/plugins/workday.py
[2025-12-24T16:42:13.475+0000] {processor.py:830} INFO - Processing file /home/airflow/.local/lib/python3.8/site-packages/airflow/example_dags/plugins/workday.py for tasks to queue
[2025-12-24T16:42:13.476+0000] {logging_mixin.py:188} INFO - [2025-12-24T16:42:13.475+0000] {dagbag.py:538} INFO - Filling up the DagBag from /home/airflow/.local/lib/python3.8/site-packages/airflow/example_dags/plugins/workday.py
[2025-12-24T16:42:13.717+0000] {processor.py:842} WARNING - No viable dags retrieved from /home/airflow/.local/lib/python3.8/site-packages/airflow/example_dags/plugins/workday.py
[2025-12-24T16:42:13.731+0000] {processor.py:183} INFO - Processing /home/airflow/.local/lib/python3.8/site-packages/airflow/example_dags/plugins/workday.py took 0.261 seconds
[2025-12-24T16:42:44.402+0000] {processor.py:161} INFO - Started process (PID=7736) to work on /home/airflow/.local/lib/python3.8/site-packages/airflow/example_dags/plugins/workday.py
[2025-12-24T16:42:44.403+0000] {processor.py:830} INFO - Processing file /home/airflow/.local/lib/python3.8/site-packages/airflow/example_dags/plugins/workday.py for tasks to queue
[2025-12-24T16:42:44.404+0000] {logging_mixin.py:188} INFO - [2025-12-24T16:42:44.404+0000] {dagbag.py:538} INFO - Filling up the DagBag from /home/airflow/.local/lib/python3.8/site-packages/airflow/example_dags/plugins/workday.py
[2025-12-24T16:42:44.646+0000] {processor.py:842} WARNING - No viable dags retrieved from /home/airflow/.local/lib/python3.8/site-packages/airflow/example_dags/plugins/workday.py
[2025-12-24T16:42:44.662+0000] {processor.py:183} INFO - Processing /home/airflow/.local/lib/python3.8/site-packages/airflow/example_dags/plugins/workday.py took 0.265 seconds
[2025-12-24T16:43:15.118+0000] {processor.py:161} INFO - Started process (PID=7792) to work on /home/airflow/.local/lib/python3.8/site-packages/airflow/example_dags/plugins/workday.py
[2025-12-24T16:43:15.120+0000] {processor.py:830} INFO - Processing file /home/airflow/.local/lib/python3.8/site-packages/airflow/example_dags/plugins/workday.py for tasks to queue
[2025-12-24T16:43:15.121+0000] {logging_mixin.py:188} INFO - [2025-12-24T16:43:15.121+0000] {dagbag.py:538} INFO - Filling up the DagBag from /home/airflow/.local/lib/python3.8/site-packages/airflow/example_dags/plugins/workday.py
[2025-12-24T16:43:15.363+0000] {processor.py:842} WARNING - No viable dags retrieved from /home/airflow/.local/lib/python3.8/site-packages/airflow/example_dags/plugins/workday.py
[2025-12-24T16:43:15.379+0000] {processor.py:183} INFO - Processing /home/airflow/.local/lib/python3.8/site-packages/airflow/example_dags/plugins/workday.py took 0.264 seconds
[2025-12-24T16:43:46.069+0000] {processor.py:161} INFO - Started process (PID=7848) to work on /home/airflow/.local/lib/python3.8/site-packages/airflow/example_dags/plugins/workday.py
[2025-12-24T16:43:46.071+0000] {processor.py:830} INFO - Processing file /home/airflow/.local/lib/python3.8/site-packages/airflow/example_dags/plugins/workday.py for tasks to queue
[2025-12-24T16:43:46.072+0000] {logging_mixin.py:188} INFO - [2025-12-24T16:43:46.072+0000] {dagbag.py:538} INFO - Filling up the DagBag from /home/airflow/.local/lib/python3.8/site-packages/airflow/example_dags/plugins/workday.py
[2025-12-24T16:43:46.395+0000] {processor.py:842} WARNING - No viable dags retrieved from /home/airflow/.local/lib/python3.8/site-packages/airflow/example_dags/plugins/workday.py
[2025-12-24T16:43:46.409+0000] {processor.py:183} INFO - Processing /home/airflow/.local/lib/python3.8/site-packages/airflow/example_dags/plugins/workday.py took 0.344 seconds
[2025-12-24T16:44:16.809+0000] {processor.py:161} INFO - Started process (PID=7911) to work on /home/airflow/.local/lib/python3.8/site-packages/airflow/example_dags/plugins/workday.py
[2025-12-24T16:44:16.810+0000] {processor.py:830} INFO - Processing file /home/airflow/.local/lib/python3.8/site-packages/airflow/example_dags/plugins/workday.py for tasks to queue
[2025-12-24T16:44:16.812+0000] {logging_mixin.py:188} INFO - [2025-12-24T16:44:16.811+0000] {dagbag.py:538} INFO - Filling up the DagBag from /home/airflow/.local/lib/python3.8/site-packages/airflow/example_dags/plugins/workday.py
[2025-12-24T16:44:17.063+0000] {processor.py:842} WARNING - No viable dags retrieved from /home/airflow/.local/lib/python3.8/site-packages/airflow/example_dags/plugins/workday.py
[2025-12-24T16:44:17.078+0000] {processor.py:183} INFO - Processing /home/airflow/.local/lib/python3.8/site-packages/airflow/example_dags/plugins/workday.py took 0.274 seconds
[2025-12-24T16:44:48.170+0000] {processor.py:161} INFO - Started process (PID=7981) to work on /home/airflow/.local/lib/python3.8/site-packages/airflow/example_dags/plugins/workday.py
[2025-12-24T16:44:48.171+0000] {processor.py:830} INFO - Processing file /home/airflow/.local/lib/python3.8/site-packages/airflow/example_dags/plugins/workday.py for tasks to queue
[2025-12-24T16:44:48.172+0000] {logging_mixin.py:188} INFO - [2025-12-24T16:44:48.172+0000] {dagbag.py:538} INFO - Filling up the DagBag from /home/airflow/.local/lib/python3.8/site-packages/airflow/example_dags/plugins/workday.py
[2025-12-24T16:44:48.607+0000] {processor.py:842} WARNING - No viable dags retrieved from /home/airflow/.local/lib/python3.8/site-packages/airflow/example_dags/plugins/workday.py
[2025-12-24T16:44:48.624+0000] {processor.py:183} INFO - Processing /home/airflow/.local/lib/python3.8/site-packages/airflow/example_dags/plugins/workday.py took 0.460 seconds
[2025-12-24T16:45:18.802+0000] {processor.py:161} INFO - Started process (PID=8040) to work on /home/airflow/.local/lib/python3.8/site-packages/airflow/example_dags/plugins/workday.py
[2025-12-24T16:45:18.803+0000] {processor.py:830} INFO - Processing file /home/airflow/.local/lib/python3.8/site-packages/airflow/example_dags/plugins/workday.py for tasks to queue
[2025-12-24T16:45:18.805+0000] {logging_mixin.py:188} INFO - [2025-12-24T16:45:18.804+0000] {dagbag.py:538} INFO - Filling up the DagBag from /home/airflow/.local/lib/python3.8/site-packages/airflow/example_dags/plugins/workday.py
[2025-12-24T16:45:19.093+0000] {processor.py:842} WARNING - No viable dags retrieved from /home/airflow/.local/lib/python3.8/site-packages/airflow/example_dags/plugins/workday.py
[2025-12-24T16:45:19.115+0000] {processor.py:183} INFO - Processing /home/airflow/.local/lib/python3.8/site-packages/airflow/example_dags/plugins/workday.py took 0.318 seconds
[2025-12-24T16:45:49.431+0000] {processor.py:161} INFO - Started process (PID=8105) to work on /home/airflow/.local/lib/python3.8/site-packages/airflow/example_dags/plugins/workday.py
[2025-12-24T16:45:49.433+0000] {processor.py:830} INFO - Processing file /home/airflow/.local/lib/python3.8/site-packages/airflow/example_dags/plugins/workday.py for tasks to queue
[2025-12-24T16:45:49.434+0000] {logging_mixin.py:188} INFO - [2025-12-24T16:45:49.434+0000] {dagbag.py:538} INFO - Filling up the DagBag from /home/airflow/.local/lib/python3.8/site-packages/airflow/example_dags/plugins/workday.py
[2025-12-24T16:45:49.769+0000] {processor.py:842} WARNING - No viable dags retrieved from /home/airflow/.local/lib/python3.8/site-packages/airflow/example_dags/plugins/workday.py
[2025-12-24T16:45:49.786+0000] {processor.py:183} INFO - Processing /home/airflow/.local/lib/python3.8/site-packages/airflow/example_dags/plugins/workday.py took 0.359 seconds
[2025-12-24T16:46:20.217+0000] {processor.py:161} INFO - Started process (PID=8177) to work on /home/airflow/.local/lib/python3.8/site-packages/airflow/example_dags/plugins/workday.py
[2025-12-24T16:46:20.219+0000] {processor.py:830} INFO - Processing file /home/airflow/.local/lib/python3.8/site-packages/airflow/example_dags/plugins/workday.py for tasks to queue
[2025-12-24T16:46:20.220+0000] {logging_mixin.py:188} INFO - [2025-12-24T16:46:20.220+0000] {dagbag.py:538} INFO - Filling up the DagBag from /home/airflow/.local/lib/python3.8/site-packages/airflow/example_dags/plugins/workday.py
[2025-12-24T16:46:20.511+0000] {processor.py:842} WARNING - No viable dags retrieved from /home/airflow/.local/lib/python3.8/site-packages/airflow/example_dags/plugins/workday.py
[2025-12-24T16:46:20.525+0000] {processor.py:183} INFO - Processing /home/airflow/.local/lib/python3.8/site-packages/airflow/example_dags/plugins/workday.py took 0.313 seconds
[2025-12-24T16:46:51.406+0000] {processor.py:161} INFO - Started process (PID=8247) to work on /home/airflow/.local/lib/python3.8/site-packages/airflow/example_dags/plugins/workday.py
[2025-12-24T16:46:51.408+0000] {processor.py:830} INFO - Processing file /home/airflow/.local/lib/python3.8/site-packages/airflow/example_dags/plugins/workday.py for tasks to queue
[2025-12-24T16:46:51.410+0000] {logging_mixin.py:188} INFO - [2025-12-24T16:46:51.409+0000] {dagbag.py:538} INFO - Filling up the DagBag from /home/airflow/.local/lib/python3.8/site-packages/airflow/example_dags/plugins/workday.py
[2025-12-24T16:46:51.672+0000] {processor.py:842} WARNING - No viable dags retrieved from /home/airflow/.local/lib/python3.8/site-packages/airflow/example_dags/plugins/workday.py
[2025-12-24T16:46:51.686+0000] {processor.py:183} INFO - Processing /home/airflow/.local/lib/python3.8/site-packages/airflow/example_dags/plugins/workday.py took 0.284 seconds
[2025-12-24T16:47:22.232+0000] {processor.py:161} INFO - Started process (PID=8305) to work on /home/airflow/.local/lib/python3.8/site-packages/airflow/example_dags/plugins/workday.py
[2025-12-24T16:47:22.233+0000] {processor.py:830} INFO - Processing file /home/airflow/.local/lib/python3.8/site-packages/airflow/example_dags/plugins/workday.py for tasks to queue
[2025-12-24T16:47:22.234+0000] {logging_mixin.py:188} INFO - [2025-12-24T16:47:22.234+0000] {dagbag.py:538} INFO - Filling up the DagBag from /home/airflow/.local/lib/python3.8/site-packages/airflow/example_dags/plugins/workday.py
[2025-12-24T16:47:22.588+0000] {processor.py:842} WARNING - No viable dags retrieved from /home/airflow/.local/lib/python3.8/site-packages/airflow/example_dags/plugins/workday.py
[2025-12-24T16:47:22.604+0000] {processor.py:183} INFO - Processing /home/airflow/.local/lib/python3.8/site-packages/airflow/example_dags/plugins/workday.py took 0.375 seconds
[2025-12-24T16:47:53.079+0000] {processor.py:161} INFO - Started process (PID=8362) to work on /home/airflow/.local/lib/python3.8/site-packages/airflow/example_dags/plugins/workday.py
[2025-12-24T16:47:53.080+0000] {processor.py:830} INFO - Processing file /home/airflow/.local/lib/python3.8/site-packages/airflow/example_dags/plugins/workday.py for tasks to queue
[2025-12-24T16:47:53.082+0000] {logging_mixin.py:188} INFO - [2025-12-24T16:47:53.081+0000] {dagbag.py:538} INFO - Filling up the DagBag from /home/airflow/.local/lib/python3.8/site-packages/airflow/example_dags/plugins/workday.py
[2025-12-24T16:47:53.353+0000] {processor.py:842} WARNING - No viable dags retrieved from /home/airflow/.local/lib/python3.8/site-packages/airflow/example_dags/plugins/workday.py
[2025-12-24T16:47:53.367+0000] {processor.py:183} INFO - Processing /home/airflow/.local/lib/python3.8/site-packages/airflow/example_dags/plugins/workday.py took 0.291 seconds
[2025-12-24T16:48:24.308+0000] {processor.py:161} INFO - Started process (PID=8422) to work on /home/airflow/.local/lib/python3.8/site-packages/airflow/example_dags/plugins/workday.py
[2025-12-24T16:48:24.309+0000] {processor.py:830} INFO - Processing file /home/airflow/.local/lib/python3.8/site-packages/airflow/example_dags/plugins/workday.py for tasks to queue
[2025-12-24T16:48:24.310+0000] {logging_mixin.py:188} INFO - [2025-12-24T16:48:24.310+0000] {dagbag.py:538} INFO - Filling up the DagBag from /home/airflow/.local/lib/python3.8/site-packages/airflow/example_dags/plugins/workday.py
[2025-12-24T16:48:24.605+0000] {processor.py:842} WARNING - No viable dags retrieved from /home/airflow/.local/lib/python3.8/site-packages/airflow/example_dags/plugins/workday.py
[2025-12-24T16:48:24.619+0000] {processor.py:183} INFO - Processing /home/airflow/.local/lib/python3.8/site-packages/airflow/example_dags/plugins/workday.py took 0.315 seconds
[2025-12-24T16:48:55.072+0000] {processor.py:161} INFO - Started process (PID=8481) to work on /home/airflow/.local/lib/python3.8/site-packages/airflow/example_dags/plugins/workday.py
[2025-12-24T16:48:55.073+0000] {processor.py:830} INFO - Processing file /home/airflow/.local/lib/python3.8/site-packages/airflow/example_dags/plugins/workday.py for tasks to queue
[2025-12-24T16:48:55.074+0000] {logging_mixin.py:188} INFO - [2025-12-24T16:48:55.074+0000] {dagbag.py:538} INFO - Filling up the DagBag from /home/airflow/.local/lib/python3.8/site-packages/airflow/example_dags/plugins/workday.py
[2025-12-24T16:48:55.316+0000] {processor.py:842} WARNING - No viable dags retrieved from /home/airflow/.local/lib/python3.8/site-packages/airflow/example_dags/plugins/workday.py
[2025-12-24T16:48:55.331+0000] {processor.py:183} INFO - Processing /home/airflow/.local/lib/python3.8/site-packages/airflow/example_dags/plugins/workday.py took 0.263 seconds
[2025-12-24T16:49:25.657+0000] {processor.py:161} INFO - Started process (PID=8538) to work on /home/airflow/.local/lib/python3.8/site-packages/airflow/example_dags/plugins/workday.py
[2025-12-24T16:49:25.658+0000] {processor.py:830} INFO - Processing file /home/airflow/.local/lib/python3.8/site-packages/airflow/example_dags/plugins/workday.py for tasks to queue
[2025-12-24T16:49:25.659+0000] {logging_mixin.py:188} INFO - [2025-12-24T16:49:25.659+0000] {dagbag.py:538} INFO - Filling up the DagBag from /home/airflow/.local/lib/python3.8/site-packages/airflow/example_dags/plugins/workday.py
[2025-12-24T16:49:25.917+0000] {processor.py:842} WARNING - No viable dags retrieved from /home/airflow/.local/lib/python3.8/site-packages/airflow/example_dags/plugins/workday.py
[2025-12-24T16:49:25.933+0000] {processor.py:183} INFO - Processing /home/airflow/.local/lib/python3.8/site-packages/airflow/example_dags/plugins/workday.py took 0.280 seconds
[2025-12-24T16:49:56.619+0000] {processor.py:161} INFO - Started process (PID=8595) to work on /home/airflow/.local/lib/python3.8/site-packages/airflow/example_dags/plugins/workday.py
[2025-12-24T16:49:56.620+0000] {processor.py:830} INFO - Processing file /home/airflow/.local/lib/python3.8/site-packages/airflow/example_dags/plugins/workday.py for tasks to queue
[2025-12-24T16:49:56.621+0000] {logging_mixin.py:188} INFO - [2025-12-24T16:49:56.621+0000] {dagbag.py:538} INFO - Filling up the DagBag from /home/airflow/.local/lib/python3.8/site-packages/airflow/example_dags/plugins/workday.py
[2025-12-24T16:49:56.871+0000] {processor.py:842} WARNING - No viable dags retrieved from /home/airflow/.local/lib/python3.8/site-packages/airflow/example_dags/plugins/workday.py
[2025-12-24T16:49:56.885+0000] {processor.py:183} INFO - Processing /home/airflow/.local/lib/python3.8/site-packages/airflow/example_dags/plugins/workday.py took 0.269 seconds
[2025-12-24T16:50:27.293+0000] {processor.py:161} INFO - Started process (PID=8652) to work on /home/airflow/.local/lib/python3.8/site-packages/airflow/example_dags/plugins/workday.py
[2025-12-24T16:50:27.294+0000] {processor.py:830} INFO - Processing file /home/airflow/.local/lib/python3.8/site-packages/airflow/example_dags/plugins/workday.py for tasks to queue
[2025-12-24T16:50:27.296+0000] {logging_mixin.py:188} INFO - [2025-12-24T16:50:27.295+0000] {dagbag.py:538} INFO - Filling up the DagBag from /home/airflow/.local/lib/python3.8/site-packages/airflow/example_dags/plugins/workday.py
[2025-12-24T16:50:27.612+0000] {processor.py:842} WARNING - No viable dags retrieved from /home/airflow/.local/lib/python3.8/site-packages/airflow/example_dags/plugins/workday.py
[2025-12-24T16:50:27.629+0000] {processor.py:183} INFO - Processing /home/airflow/.local/lib/python3.8/site-packages/airflow/example_dags/plugins/workday.py took 0.340 seconds
[2025-12-24T16:50:58.002+0000] {processor.py:161} INFO - Started process (PID=8709) to work on /home/airflow/.local/lib/python3.8/site-packages/airflow/example_dags/plugins/workday.py
[2025-12-24T16:50:58.004+0000] {processor.py:830} INFO - Processing file /home/airflow/.local/lib/python3.8/site-packages/airflow/example_dags/plugins/workday.py for tasks to queue
[2025-12-24T16:50:58.006+0000] {logging_mixin.py:188} INFO - [2025-12-24T16:50:58.005+0000] {dagbag.py:538} INFO - Filling up the DagBag from /home/airflow/.local/lib/python3.8/site-packages/airflow/example_dags/plugins/workday.py
[2025-12-24T16:50:58.303+0000] {processor.py:842} WARNING - No viable dags retrieved from /home/airflow/.local/lib/python3.8/site-packages/airflow/example_dags/plugins/workday.py
[2025-12-24T16:50:58.320+0000] {processor.py:183} INFO - Processing /home/airflow/.local/lib/python3.8/site-packages/airflow/example_dags/plugins/workday.py took 0.322 seconds
[2025-12-24T16:51:29.190+0000] {processor.py:161} INFO - Started process (PID=8766) to work on /home/airflow/.local/lib/python3.8/site-packages/airflow/example_dags/plugins/workday.py
[2025-12-24T16:51:29.191+0000] {processor.py:830} INFO - Processing file /home/airflow/.local/lib/python3.8/site-packages/airflow/example_dags/plugins/workday.py for tasks to queue
[2025-12-24T16:51:29.192+0000] {logging_mixin.py:188} INFO - [2025-12-24T16:51:29.191+0000] {dagbag.py:538} INFO - Filling up the DagBag from /home/airflow/.local/lib/python3.8/site-packages/airflow/example_dags/plugins/workday.py
[2025-12-24T16:51:29.434+0000] {processor.py:842} WARNING - No viable dags retrieved from /home/airflow/.local/lib/python3.8/site-packages/airflow/example_dags/plugins/workday.py
[2025-12-24T16:51:29.450+0000] {processor.py:183} INFO - Processing /home/airflow/.local/lib/python3.8/site-packages/airflow/example_dags/plugins/workday.py took 0.264 seconds
[2025-12-24T16:52:00.520+0000] {processor.py:161} INFO - Started process (PID=8831) to work on /home/airflow/.local/lib/python3.8/site-packages/airflow/example_dags/plugins/workday.py
[2025-12-24T16:52:00.521+0000] {processor.py:830} INFO - Processing file /home/airflow/.local/lib/python3.8/site-packages/airflow/example_dags/plugins/workday.py for tasks to queue
[2025-12-24T16:52:00.522+0000] {logging_mixin.py:188} INFO - [2025-12-24T16:52:00.522+0000] {dagbag.py:538} INFO - Filling up the DagBag from /home/airflow/.local/lib/python3.8/site-packages/airflow/example_dags/plugins/workday.py
[2025-12-24T16:52:00.764+0000] {processor.py:842} WARNING - No viable dags retrieved from /home/airflow/.local/lib/python3.8/site-packages/airflow/example_dags/plugins/workday.py
[2025-12-24T16:52:00.779+0000] {processor.py:183} INFO - Processing /home/airflow/.local/lib/python3.8/site-packages/airflow/example_dags/plugins/workday.py took 0.263 seconds
[2025-12-24T16:52:31.318+0000] {processor.py:161} INFO - Started process (PID=8888) to work on /home/airflow/.local/lib/python3.8/site-packages/airflow/example_dags/plugins/workday.py
[2025-12-24T16:52:31.320+0000] {processor.py:830} INFO - Processing file /home/airflow/.local/lib/python3.8/site-packages/airflow/example_dags/plugins/workday.py for tasks to queue
[2025-12-24T16:52:31.321+0000] {logging_mixin.py:188} INFO - [2025-12-24T16:52:31.320+0000] {dagbag.py:538} INFO - Filling up the DagBag from /home/airflow/.local/lib/python3.8/site-packages/airflow/example_dags/plugins/workday.py
[2025-12-24T16:52:31.560+0000] {processor.py:842} WARNING - No viable dags retrieved from /home/airflow/.local/lib/python3.8/site-packages/airflow/example_dags/plugins/workday.py
[2025-12-24T16:52:31.576+0000] {processor.py:183} INFO - Processing /home/airflow/.local/lib/python3.8/site-packages/airflow/example_dags/plugins/workday.py took 0.261 seconds
[2025-12-24T16:53:01.668+0000] {processor.py:161} INFO - Started process (PID=8945) to work on /home/airflow/.local/lib/python3.8/site-packages/airflow/example_dags/plugins/workday.py
[2025-12-24T16:53:01.669+0000] {processor.py:830} INFO - Processing file /home/airflow/.local/lib/python3.8/site-packages/airflow/example_dags/plugins/workday.py for tasks to queue
[2025-12-24T16:53:01.671+0000] {logging_mixin.py:188} INFO - [2025-12-24T16:53:01.670+0000] {dagbag.py:538} INFO - Filling up the DagBag from /home/airflow/.local/lib/python3.8/site-packages/airflow/example_dags/plugins/workday.py
[2025-12-24T16:53:01.912+0000] {processor.py:842} WARNING - No viable dags retrieved from /home/airflow/.local/lib/python3.8/site-packages/airflow/example_dags/plugins/workday.py
[2025-12-24T16:53:01.929+0000] {processor.py:183} INFO - Processing /home/airflow/.local/lib/python3.8/site-packages/airflow/example_dags/plugins/workday.py took 0.265 seconds
[2025-12-24T16:53:32.127+0000] {processor.py:161} INFO - Started process (PID=9002) to work on /home/airflow/.local/lib/python3.8/site-packages/airflow/example_dags/plugins/workday.py
[2025-12-24T16:53:32.139+0000] {processor.py:830} INFO - Processing file /home/airflow/.local/lib/python3.8/site-packages/airflow/example_dags/plugins/workday.py for tasks to queue
[2025-12-24T16:53:32.141+0000] {logging_mixin.py:188} INFO - [2025-12-24T16:53:32.140+0000] {dagbag.py:538} INFO - Filling up the DagBag from /home/airflow/.local/lib/python3.8/site-packages/airflow/example_dags/plugins/workday.py
[2025-12-24T16:53:32.650+0000] {processor.py:842} WARNING - No viable dags retrieved from /home/airflow/.local/lib/python3.8/site-packages/airflow/example_dags/plugins/workday.py
[2025-12-24T16:53:32.673+0000] {processor.py:183} INFO - Processing /home/airflow/.local/lib/python3.8/site-packages/airflow/example_dags/plugins/workday.py took 0.553 seconds
[2025-12-24T16:54:02.933+0000] {processor.py:161} INFO - Started process (PID=9059) to work on /home/airflow/.local/lib/python3.8/site-packages/airflow/example_dags/plugins/workday.py
[2025-12-24T16:54:02.934+0000] {processor.py:830} INFO - Processing file /home/airflow/.local/lib/python3.8/site-packages/airflow/example_dags/plugins/workday.py for tasks to queue
[2025-12-24T16:54:02.936+0000] {logging_mixin.py:188} INFO - [2025-12-24T16:54:02.935+0000] {dagbag.py:538} INFO - Filling up the DagBag from /home/airflow/.local/lib/python3.8/site-packages/airflow/example_dags/plugins/workday.py
[2025-12-24T16:54:03.187+0000] {processor.py:842} WARNING - No viable dags retrieved from /home/airflow/.local/lib/python3.8/site-packages/airflow/example_dags/plugins/workday.py
[2025-12-24T16:54:03.205+0000] {processor.py:183} INFO - Processing /home/airflow/.local/lib/python3.8/site-packages/airflow/example_dags/plugins/workday.py took 0.276 seconds
[2025-12-24T16:54:33.345+0000] {processor.py:161} INFO - Started process (PID=9116) to work on /home/airflow/.local/lib/python3.8/site-packages/airflow/example_dags/plugins/workday.py
[2025-12-24T16:54:33.346+0000] {processor.py:830} INFO - Processing file /home/airflow/.local/lib/python3.8/site-packages/airflow/example_dags/plugins/workday.py for tasks to queue
[2025-12-24T16:54:33.347+0000] {logging_mixin.py:188} INFO - [2025-12-24T16:54:33.347+0000] {dagbag.py:538} INFO - Filling up the DagBag from /home/airflow/.local/lib/python3.8/site-packages/airflow/example_dags/plugins/workday.py
[2025-12-24T16:54:33.789+0000] {processor.py:842} WARNING - No viable dags retrieved from /home/airflow/.local/lib/python3.8/site-packages/airflow/example_dags/plugins/workday.py
[2025-12-24T16:54:33.824+0000] {processor.py:183} INFO - Processing /home/airflow/.local/lib/python3.8/site-packages/airflow/example_dags/plugins/workday.py took 0.482 seconds
[2025-12-24T16:55:04.034+0000] {processor.py:161} INFO - Started process (PID=9173) to work on /home/airflow/.local/lib/python3.8/site-packages/airflow/example_dags/plugins/workday.py
[2025-12-24T16:55:04.035+0000] {processor.py:830} INFO - Processing file /home/airflow/.local/lib/python3.8/site-packages/airflow/example_dags/plugins/workday.py for tasks to queue
[2025-12-24T16:55:04.037+0000] {logging_mixin.py:188} INFO - [2025-12-24T16:55:04.036+0000] {dagbag.py:538} INFO - Filling up the DagBag from /home/airflow/.local/lib/python3.8/site-packages/airflow/example_dags/plugins/workday.py
[2025-12-24T16:55:04.331+0000] {processor.py:842} WARNING - No viable dags retrieved from /home/airflow/.local/lib/python3.8/site-packages/airflow/example_dags/plugins/workday.py
[2025-12-24T16:55:04.347+0000] {processor.py:183} INFO - Processing /home/airflow/.local/lib/python3.8/site-packages/airflow/example_dags/plugins/workday.py took 0.318 seconds
[2025-12-24T16:55:35.267+0000] {processor.py:161} INFO - Started process (PID=9230) to work on /home/airflow/.local/lib/python3.8/site-packages/airflow/example_dags/plugins/workday.py
[2025-12-24T16:55:35.268+0000] {processor.py:830} INFO - Processing file /home/airflow/.local/lib/python3.8/site-packages/airflow/example_dags/plugins/workday.py for tasks to queue
[2025-12-24T16:55:35.269+0000] {logging_mixin.py:188} INFO - [2025-12-24T16:55:35.269+0000] {dagbag.py:538} INFO - Filling up the DagBag from /home/airflow/.local/lib/python3.8/site-packages/airflow/example_dags/plugins/workday.py
[2025-12-24T16:55:35.526+0000] {processor.py:842} WARNING - No viable dags retrieved from /home/airflow/.local/lib/python3.8/site-packages/airflow/example_dags/plugins/workday.py
[2025-12-24T16:55:35.542+0000] {processor.py:183} INFO - Processing /home/airflow/.local/lib/python3.8/site-packages/airflow/example_dags/plugins/workday.py took 0.278 seconds
[2025-12-24T16:56:05.742+0000] {processor.py:161} INFO - Started process (PID=9287) to work on /home/airflow/.local/lib/python3.8/site-packages/airflow/example_dags/plugins/workday.py
[2025-12-24T16:56:05.744+0000] {processor.py:830} INFO - Processing file /home/airflow/.local/lib/python3.8/site-packages/airflow/example_dags/plugins/workday.py for tasks to queue
[2025-12-24T16:56:05.746+0000] {logging_mixin.py:188} INFO - [2025-12-24T16:56:05.745+0000] {dagbag.py:538} INFO - Filling up the DagBag from /home/airflow/.local/lib/python3.8/site-packages/airflow/example_dags/plugins/workday.py
[2025-12-24T16:56:06.164+0000] {processor.py:842} WARNING - No viable dags retrieved from /home/airflow/.local/lib/python3.8/site-packages/airflow/example_dags/plugins/workday.py
[2025-12-24T16:56:06.182+0000] {processor.py:183} INFO - Processing /home/airflow/.local/lib/python3.8/site-packages/airflow/example_dags/plugins/workday.py took 0.448 seconds
[2025-12-24T16:56:36.990+0000] {processor.py:161} INFO - Started process (PID=9344) to work on /home/airflow/.local/lib/python3.8/site-packages/airflow/example_dags/plugins/workday.py
[2025-12-24T16:56:36.991+0000] {processor.py:830} INFO - Processing file /home/airflow/.local/lib/python3.8/site-packages/airflow/example_dags/plugins/workday.py for tasks to queue
[2025-12-24T16:56:36.992+0000] {logging_mixin.py:188} INFO - [2025-12-24T16:56:36.992+0000] {dagbag.py:538} INFO - Filling up the DagBag from /home/airflow/.local/lib/python3.8/site-packages/airflow/example_dags/plugins/workday.py
[2025-12-24T16:56:37.256+0000] {processor.py:842} WARNING - No viable dags retrieved from /home/airflow/.local/lib/python3.8/site-packages/airflow/example_dags/plugins/workday.py
[2025-12-24T16:56:37.271+0000] {processor.py:183} INFO - Processing /home/airflow/.local/lib/python3.8/site-packages/airflow/example_dags/plugins/workday.py took 0.285 seconds
[2025-12-24T16:57:08.073+0000] {processor.py:161} INFO - Started process (PID=9411) to work on /home/airflow/.local/lib/python3.8/site-packages/airflow/example_dags/plugins/workday.py
[2025-12-24T16:57:08.074+0000] {processor.py:830} INFO - Processing file /home/airflow/.local/lib/python3.8/site-packages/airflow/example_dags/plugins/workday.py for tasks to queue
[2025-12-24T16:57:08.075+0000] {logging_mixin.py:188} INFO - [2025-12-24T16:57:08.075+0000] {dagbag.py:538} INFO - Filling up the DagBag from /home/airflow/.local/lib/python3.8/site-packages/airflow/example_dags/plugins/workday.py
[2025-12-24T16:57:08.350+0000] {processor.py:842} WARNING - No viable dags retrieved from /home/airflow/.local/lib/python3.8/site-packages/airflow/example_dags/plugins/workday.py
[2025-12-24T16:57:08.365+0000] {processor.py:183} INFO - Processing /home/airflow/.local/lib/python3.8/site-packages/airflow/example_dags/plugins/workday.py took 0.295 seconds
[2025-12-24T16:57:39.431+0000] {processor.py:161} INFO - Started process (PID=9470) to work on /home/airflow/.local/lib/python3.8/site-packages/airflow/example_dags/plugins/workday.py
[2025-12-24T16:57:39.433+0000] {processor.py:830} INFO - Processing file /home/airflow/.local/lib/python3.8/site-packages/airflow/example_dags/plugins/workday.py for tasks to queue
[2025-12-24T16:57:39.434+0000] {logging_mixin.py:188} INFO - [2025-12-24T16:57:39.433+0000] {dagbag.py:538} INFO - Filling up the DagBag from /home/airflow/.local/lib/python3.8/site-packages/airflow/example_dags/plugins/workday.py
[2025-12-24T16:57:39.678+0000] {processor.py:842} WARNING - No viable dags retrieved from /home/airflow/.local/lib/python3.8/site-packages/airflow/example_dags/plugins/workday.py
[2025-12-24T16:57:39.695+0000] {processor.py:183} INFO - Processing /home/airflow/.local/lib/python3.8/site-packages/airflow/example_dags/plugins/workday.py took 0.267 seconds
[2025-12-24T16:58:10.630+0000] {processor.py:161} INFO - Started process (PID=9527) to work on /home/airflow/.local/lib/python3.8/site-packages/airflow/example_dags/plugins/workday.py
[2025-12-24T16:58:10.631+0000] {processor.py:830} INFO - Processing file /home/airflow/.local/lib/python3.8/site-packages/airflow/example_dags/plugins/workday.py for tasks to queue
[2025-12-24T16:58:10.632+0000] {logging_mixin.py:188} INFO - [2025-12-24T16:58:10.632+0000] {dagbag.py:538} INFO - Filling up the DagBag from /home/airflow/.local/lib/python3.8/site-packages/airflow/example_dags/plugins/workday.py
[2025-12-24T16:58:10.873+0000] {processor.py:842} WARNING - No viable dags retrieved from /home/airflow/.local/lib/python3.8/site-packages/airflow/example_dags/plugins/workday.py
[2025-12-24T16:58:10.888+0000] {processor.py:183} INFO - Processing /home/airflow/.local/lib/python3.8/site-packages/airflow/example_dags/plugins/workday.py took 0.261 seconds
[2025-12-24T16:58:41.442+0000] {processor.py:161} INFO - Started process (PID=9584) to work on /home/airflow/.local/lib/python3.8/site-packages/airflow/example_dags/plugins/workday.py
[2025-12-24T16:58:41.443+0000] {processor.py:830} INFO - Processing file /home/airflow/.local/lib/python3.8/site-packages/airflow/example_dags/plugins/workday.py for tasks to queue
[2025-12-24T16:58:41.444+0000] {logging_mixin.py:188} INFO - [2025-12-24T16:58:41.443+0000] {dagbag.py:538} INFO - Filling up the DagBag from /home/airflow/.local/lib/python3.8/site-packages/airflow/example_dags/plugins/workday.py
[2025-12-24T16:58:41.684+0000] {processor.py:842} WARNING - No viable dags retrieved from /home/airflow/.local/lib/python3.8/site-packages/airflow/example_dags/plugins/workday.py
[2025-12-24T16:58:41.699+0000] {processor.py:183} INFO - Processing /home/airflow/.local/lib/python3.8/site-packages/airflow/example_dags/plugins/workday.py took 0.261 seconds
[2025-12-24T16:59:12.019+0000] {processor.py:161} INFO - Started process (PID=9641) to work on /home/airflow/.local/lib/python3.8/site-packages/airflow/example_dags/plugins/workday.py
[2025-12-24T16:59:12.020+0000] {processor.py:830} INFO - Processing file /home/airflow/.local/lib/python3.8/site-packages/airflow/example_dags/plugins/workday.py for tasks to queue
[2025-12-24T16:59:12.021+0000] {logging_mixin.py:188} INFO - [2025-12-24T16:59:12.021+0000] {dagbag.py:538} INFO - Filling up the DagBag from /home/airflow/.local/lib/python3.8/site-packages/airflow/example_dags/plugins/workday.py
[2025-12-24T16:59:12.285+0000] {processor.py:842} WARNING - No viable dags retrieved from /home/airflow/.local/lib/python3.8/site-packages/airflow/example_dags/plugins/workday.py
[2025-12-24T16:59:12.299+0000] {processor.py:183} INFO - Processing /home/airflow/.local/lib/python3.8/site-packages/airflow/example_dags/plugins/workday.py took 0.284 seconds
[2025-12-24T16:59:42.736+0000] {processor.py:161} INFO - Started process (PID=9698) to work on /home/airflow/.local/lib/python3.8/site-packages/airflow/example_dags/plugins/workday.py
[2025-12-24T16:59:42.737+0000] {processor.py:830} INFO - Processing file /home/airflow/.local/lib/python3.8/site-packages/airflow/example_dags/plugins/workday.py for tasks to queue
[2025-12-24T16:59:42.738+0000] {logging_mixin.py:188} INFO - [2025-12-24T16:59:42.738+0000] {dagbag.py:538} INFO - Filling up the DagBag from /home/airflow/.local/lib/python3.8/site-packages/airflow/example_dags/plugins/workday.py
[2025-12-24T16:59:42.980+0000] {processor.py:842} WARNING - No viable dags retrieved from /home/airflow/.local/lib/python3.8/site-packages/airflow/example_dags/plugins/workday.py
[2025-12-24T16:59:42.994+0000] {processor.py:183} INFO - Processing /home/airflow/.local/lib/python3.8/site-packages/airflow/example_dags/plugins/workday.py took 0.262 seconds
[2025-12-24T17:00:13.337+0000] {processor.py:161} INFO - Started process (PID=9755) to work on /home/airflow/.local/lib/python3.8/site-packages/airflow/example_dags/plugins/workday.py
[2025-12-24T17:00:13.338+0000] {processor.py:830} INFO - Processing file /home/airflow/.local/lib/python3.8/site-packages/airflow/example_dags/plugins/workday.py for tasks to queue
[2025-12-24T17:00:13.340+0000] {logging_mixin.py:188} INFO - [2025-12-24T17:00:13.339+0000] {dagbag.py:538} INFO - Filling up the DagBag from /home/airflow/.local/lib/python3.8/site-packages/airflow/example_dags/plugins/workday.py
[2025-12-24T17:00:13.612+0000] {processor.py:842} WARNING - No viable dags retrieved from /home/airflow/.local/lib/python3.8/site-packages/airflow/example_dags/plugins/workday.py
[2025-12-24T17:00:13.627+0000] {processor.py:183} INFO - Processing /home/airflow/.local/lib/python3.8/site-packages/airflow/example_dags/plugins/workday.py took 0.294 seconds
[2025-12-24T17:00:43.979+0000] {processor.py:161} INFO - Started process (PID=9812) to work on /home/airflow/.local/lib/python3.8/site-packages/airflow/example_dags/plugins/workday.py
[2025-12-24T17:00:43.980+0000] {processor.py:830} INFO - Processing file /home/airflow/.local/lib/python3.8/site-packages/airflow/example_dags/plugins/workday.py for tasks to queue
[2025-12-24T17:00:43.981+0000] {logging_mixin.py:188} INFO - [2025-12-24T17:00:43.981+0000] {dagbag.py:538} INFO - Filling up the DagBag from /home/airflow/.local/lib/python3.8/site-packages/airflow/example_dags/plugins/workday.py
[2025-12-24T17:00:44.276+0000] {processor.py:842} WARNING - No viable dags retrieved from /home/airflow/.local/lib/python3.8/site-packages/airflow/example_dags/plugins/workday.py
[2025-12-24T17:00:44.291+0000] {processor.py:183} INFO - Processing /home/airflow/.local/lib/python3.8/site-packages/airflow/example_dags/plugins/workday.py took 0.316 seconds
[2025-12-24T17:01:14.517+0000] {processor.py:161} INFO - Started process (PID=9869) to work on /home/airflow/.local/lib/python3.8/site-packages/airflow/example_dags/plugins/workday.py
[2025-12-24T17:01:14.519+0000] {processor.py:830} INFO - Processing file /home/airflow/.local/lib/python3.8/site-packages/airflow/example_dags/plugins/workday.py for tasks to queue
[2025-12-24T17:01:14.520+0000] {logging_mixin.py:188} INFO - [2025-12-24T17:01:14.520+0000] {dagbag.py:538} INFO - Filling up the DagBag from /home/airflow/.local/lib/python3.8/site-packages/airflow/example_dags/plugins/workday.py
[2025-12-24T17:01:14.797+0000] {processor.py:842} WARNING - No viable dags retrieved from /home/airflow/.local/lib/python3.8/site-packages/airflow/example_dags/plugins/workday.py
[2025-12-24T17:01:14.812+0000] {processor.py:183} INFO - Processing /home/airflow/.local/lib/python3.8/site-packages/airflow/example_dags/plugins/workday.py took 0.298 seconds
[2025-12-24T17:01:45.003+0000] {processor.py:161} INFO - Started process (PID=9926) to work on /home/airflow/.local/lib/python3.8/site-packages/airflow/example_dags/plugins/workday.py
[2025-12-24T17:01:45.004+0000] {processor.py:830} INFO - Processing file /home/airflow/.local/lib/python3.8/site-packages/airflow/example_dags/plugins/workday.py for tasks to queue
[2025-12-24T17:01:45.006+0000] {logging_mixin.py:188} INFO - [2025-12-24T17:01:45.005+0000] {dagbag.py:538} INFO - Filling up the DagBag from /home/airflow/.local/lib/python3.8/site-packages/airflow/example_dags/plugins/workday.py
[2025-12-24T17:01:45.332+0000] {processor.py:842} WARNING - No viable dags retrieved from /home/airflow/.local/lib/python3.8/site-packages/airflow/example_dags/plugins/workday.py
[2025-12-24T17:01:45.347+0000] {processor.py:183} INFO - Processing /home/airflow/.local/lib/python3.8/site-packages/airflow/example_dags/plugins/workday.py took 0.347 seconds
[2025-12-24T17:02:15.773+0000] {processor.py:161} INFO - Started process (PID=9986) to work on /home/airflow/.local/lib/python3.8/site-packages/airflow/example_dags/plugins/workday.py
[2025-12-24T17:02:15.774+0000] {processor.py:830} INFO - Processing file /home/airflow/.local/lib/python3.8/site-packages/airflow/example_dags/plugins/workday.py for tasks to queue
[2025-12-24T17:02:15.775+0000] {logging_mixin.py:188} INFO - [2025-12-24T17:02:15.775+0000] {dagbag.py:538} INFO - Filling up the DagBag from /home/airflow/.local/lib/python3.8/site-packages/airflow/example_dags/plugins/workday.py
[2025-12-24T17:02:16.058+0000] {processor.py:842} WARNING - No viable dags retrieved from /home/airflow/.local/lib/python3.8/site-packages/airflow/example_dags/plugins/workday.py
[2025-12-24T17:02:16.074+0000] {processor.py:183} INFO - Processing /home/airflow/.local/lib/python3.8/site-packages/airflow/example_dags/plugins/workday.py took 0.304 seconds
[2025-12-24T17:02:47.113+0000] {processor.py:161} INFO - Started process (PID=10043) to work on /home/airflow/.local/lib/python3.8/site-packages/airflow/example_dags/plugins/workday.py
[2025-12-24T17:02:47.115+0000] {processor.py:830} INFO - Processing file /home/airflow/.local/lib/python3.8/site-packages/airflow/example_dags/plugins/workday.py for tasks to queue
[2025-12-24T17:02:47.117+0000] {logging_mixin.py:188} INFO - [2025-12-24T17:02:47.116+0000] {dagbag.py:538} INFO - Filling up the DagBag from /home/airflow/.local/lib/python3.8/site-packages/airflow/example_dags/plugins/workday.py
[2025-12-24T17:02:47.410+0000] {processor.py:842} WARNING - No viable dags retrieved from /home/airflow/.local/lib/python3.8/site-packages/airflow/example_dags/plugins/workday.py
[2025-12-24T17:02:47.426+0000] {processor.py:183} INFO - Processing /home/airflow/.local/lib/python3.8/site-packages/airflow/example_dags/plugins/workday.py took 0.318 seconds
[2025-12-24T17:03:17.489+0000] {processor.py:161} INFO - Started process (PID=10100) to work on /home/airflow/.local/lib/python3.8/site-packages/airflow/example_dags/plugins/workday.py
[2025-12-24T17:03:17.490+0000] {processor.py:830} INFO - Processing file /home/airflow/.local/lib/python3.8/site-packages/airflow/example_dags/plugins/workday.py for tasks to queue
[2025-12-24T17:03:17.492+0000] {logging_mixin.py:188} INFO - [2025-12-24T17:03:17.491+0000] {dagbag.py:538} INFO - Filling up the DagBag from /home/airflow/.local/lib/python3.8/site-packages/airflow/example_dags/plugins/workday.py
[2025-12-24T17:03:17.758+0000] {processor.py:842} WARNING - No viable dags retrieved from /home/airflow/.local/lib/python3.8/site-packages/airflow/example_dags/plugins/workday.py
[2025-12-24T17:03:17.773+0000] {processor.py:183} INFO - Processing /home/airflow/.local/lib/python3.8/site-packages/airflow/example_dags/plugins/workday.py took 0.288 seconds
[2025-12-24T17:03:48.729+0000] {processor.py:161} INFO - Started process (PID=10157) to work on /home/airflow/.local/lib/python3.8/site-packages/airflow/example_dags/plugins/workday.py
[2025-12-24T17:03:48.730+0000] {processor.py:830} INFO - Processing file /home/airflow/.local/lib/python3.8/site-packages/airflow/example_dags/plugins/workday.py for tasks to queue
[2025-12-24T17:03:48.731+0000] {logging_mixin.py:188} INFO - [2025-12-24T17:03:48.731+0000] {dagbag.py:538} INFO - Filling up the DagBag from /home/airflow/.local/lib/python3.8/site-packages/airflow/example_dags/plugins/workday.py
[2025-12-24T17:03:49.030+0000] {processor.py:842} WARNING - No viable dags retrieved from /home/airflow/.local/lib/python3.8/site-packages/airflow/example_dags/plugins/workday.py
[2025-12-24T17:03:49.046+0000] {processor.py:183} INFO - Processing /home/airflow/.local/lib/python3.8/site-packages/airflow/example_dags/plugins/workday.py took 0.320 seconds
[2025-12-24T17:04:19.338+0000] {processor.py:161} INFO - Started process (PID=10214) to work on /home/airflow/.local/lib/python3.8/site-packages/airflow/example_dags/plugins/workday.py
[2025-12-24T17:04:19.340+0000] {processor.py:830} INFO - Processing file /home/airflow/.local/lib/python3.8/site-packages/airflow/example_dags/plugins/workday.py for tasks to queue
[2025-12-24T17:04:19.341+0000] {logging_mixin.py:188} INFO - [2025-12-24T17:04:19.341+0000] {dagbag.py:538} INFO - Filling up the DagBag from /home/airflow/.local/lib/python3.8/site-packages/airflow/example_dags/plugins/workday.py
[2025-12-24T17:04:19.630+0000] {processor.py:842} WARNING - No viable dags retrieved from /home/airflow/.local/lib/python3.8/site-packages/airflow/example_dags/plugins/workday.py
[2025-12-24T17:04:19.644+0000] {processor.py:183} INFO - Processing /home/airflow/.local/lib/python3.8/site-packages/airflow/example_dags/plugins/workday.py took 0.308 seconds
[2025-12-24T17:04:50.530+0000] {processor.py:161} INFO - Started process (PID=10271) to work on /home/airflow/.local/lib/python3.8/site-packages/airflow/example_dags/plugins/workday.py
[2025-12-24T17:04:50.532+0000] {processor.py:830} INFO - Processing file /home/airflow/.local/lib/python3.8/site-packages/airflow/example_dags/plugins/workday.py for tasks to queue
[2025-12-24T17:04:50.536+0000] {logging_mixin.py:188} INFO - [2025-12-24T17:04:50.535+0000] {dagbag.py:538} INFO - Filling up the DagBag from /home/airflow/.local/lib/python3.8/site-packages/airflow/example_dags/plugins/workday.py
[2025-12-24T17:04:51.089+0000] {processor.py:842} WARNING - No viable dags retrieved from /home/airflow/.local/lib/python3.8/site-packages/airflow/example_dags/plugins/workday.py
[2025-12-24T17:04:51.116+0000] {processor.py:183} INFO - Processing /home/airflow/.local/lib/python3.8/site-packages/airflow/example_dags/plugins/workday.py took 0.592 seconds
[2025-12-24T17:05:21.796+0000] {processor.py:161} INFO - Started process (PID=10332) to work on /home/airflow/.local/lib/python3.8/site-packages/airflow/example_dags/plugins/workday.py
[2025-12-24T17:05:21.799+0000] {processor.py:830} INFO - Processing file /home/airflow/.local/lib/python3.8/site-packages/airflow/example_dags/plugins/workday.py for tasks to queue
[2025-12-24T17:05:21.800+0000] {logging_mixin.py:188} INFO - [2025-12-24T17:05:21.800+0000] {dagbag.py:538} INFO - Filling up the DagBag from /home/airflow/.local/lib/python3.8/site-packages/airflow/example_dags/plugins/workday.py
[2025-12-24T17:05:22.133+0000] {processor.py:842} WARNING - No viable dags retrieved from /home/airflow/.local/lib/python3.8/site-packages/airflow/example_dags/plugins/workday.py
[2025-12-24T17:05:22.150+0000] {processor.py:183} INFO - Processing /home/airflow/.local/lib/python3.8/site-packages/airflow/example_dags/plugins/workday.py took 0.360 seconds
[2025-12-24T17:05:53.061+0000] {processor.py:161} INFO - Started process (PID=10389) to work on /home/airflow/.local/lib/python3.8/site-packages/airflow/example_dags/plugins/workday.py
[2025-12-24T17:05:53.063+0000] {processor.py:830} INFO - Processing file /home/airflow/.local/lib/python3.8/site-packages/airflow/example_dags/plugins/workday.py for tasks to queue
[2025-12-24T17:05:53.064+0000] {logging_mixin.py:188} INFO - [2025-12-24T17:05:53.064+0000] {dagbag.py:538} INFO - Filling up the DagBag from /home/airflow/.local/lib/python3.8/site-packages/airflow/example_dags/plugins/workday.py
[2025-12-24T17:05:53.312+0000] {processor.py:842} WARNING - No viable dags retrieved from /home/airflow/.local/lib/python3.8/site-packages/airflow/example_dags/plugins/workday.py
[2025-12-24T17:05:53.327+0000] {processor.py:183} INFO - Processing /home/airflow/.local/lib/python3.8/site-packages/airflow/example_dags/plugins/workday.py took 0.269 seconds
[2025-12-24T17:06:23.904+0000] {processor.py:161} INFO - Started process (PID=10446) to work on /home/airflow/.local/lib/python3.8/site-packages/airflow/example_dags/plugins/workday.py
[2025-12-24T17:06:23.906+0000] {processor.py:830} INFO - Processing file /home/airflow/.local/lib/python3.8/site-packages/airflow/example_dags/plugins/workday.py for tasks to queue
[2025-12-24T17:06:23.907+0000] {logging_mixin.py:188} INFO - [2025-12-24T17:06:23.907+0000] {dagbag.py:538} INFO - Filling up the DagBag from /home/airflow/.local/lib/python3.8/site-packages/airflow/example_dags/plugins/workday.py
[2025-12-24T17:06:24.167+0000] {processor.py:842} WARNING - No viable dags retrieved from /home/airflow/.local/lib/python3.8/site-packages/airflow/example_dags/plugins/workday.py
[2025-12-24T17:06:24.183+0000] {processor.py:183} INFO - Processing /home/airflow/.local/lib/python3.8/site-packages/airflow/example_dags/plugins/workday.py took 0.282 seconds
[2025-12-24T17:06:54.658+0000] {processor.py:161} INFO - Started process (PID=10504) to work on /home/airflow/.local/lib/python3.8/site-packages/airflow/example_dags/plugins/workday.py
[2025-12-24T17:06:54.659+0000] {processor.py:830} INFO - Processing file /home/airflow/.local/lib/python3.8/site-packages/airflow/example_dags/plugins/workday.py for tasks to queue
[2025-12-24T17:06:54.661+0000] {logging_mixin.py:188} INFO - [2025-12-24T17:06:54.661+0000] {dagbag.py:538} INFO - Filling up the DagBag from /home/airflow/.local/lib/python3.8/site-packages/airflow/example_dags/plugins/workday.py
[2025-12-24T17:06:55.010+0000] {processor.py:842} WARNING - No viable dags retrieved from /home/airflow/.local/lib/python3.8/site-packages/airflow/example_dags/plugins/workday.py
[2025-12-24T17:06:55.029+0000] {processor.py:183} INFO - Processing /home/airflow/.local/lib/python3.8/site-packages/airflow/example_dags/plugins/workday.py took 0.376 seconds
[2025-12-24T17:07:25.083+0000] {processor.py:161} INFO - Started process (PID=10561) to work on /home/airflow/.local/lib/python3.8/site-packages/airflow/example_dags/plugins/workday.py
[2025-12-24T17:07:25.084+0000] {processor.py:830} INFO - Processing file /home/airflow/.local/lib/python3.8/site-packages/airflow/example_dags/plugins/workday.py for tasks to queue
[2025-12-24T17:07:25.085+0000] {logging_mixin.py:188} INFO - [2025-12-24T17:07:25.085+0000] {dagbag.py:538} INFO - Filling up the DagBag from /home/airflow/.local/lib/python3.8/site-packages/airflow/example_dags/plugins/workday.py
[2025-12-24T17:07:25.619+0000] {processor.py:842} WARNING - No viable dags retrieved from /home/airflow/.local/lib/python3.8/site-packages/airflow/example_dags/plugins/workday.py
[2025-12-24T17:07:25.640+0000] {processor.py:183} INFO - Processing /home/airflow/.local/lib/python3.8/site-packages/airflow/example_dags/plugins/workday.py took 0.562 seconds
[2025-12-24T17:07:56.215+0000] {processor.py:161} INFO - Started process (PID=10618) to work on /home/airflow/.local/lib/python3.8/site-packages/airflow/example_dags/plugins/workday.py
[2025-12-24T17:07:56.217+0000] {processor.py:830} INFO - Processing file /home/airflow/.local/lib/python3.8/site-packages/airflow/example_dags/plugins/workday.py for tasks to queue
[2025-12-24T17:07:56.218+0000] {logging_mixin.py:188} INFO - [2025-12-24T17:07:56.217+0000] {dagbag.py:538} INFO - Filling up the DagBag from /home/airflow/.local/lib/python3.8/site-packages/airflow/example_dags/plugins/workday.py
[2025-12-24T17:07:56.484+0000] {processor.py:842} WARNING - No viable dags retrieved from /home/airflow/.local/lib/python3.8/site-packages/airflow/example_dags/plugins/workday.py
[2025-12-24T17:07:56.499+0000] {processor.py:183} INFO - Processing /home/airflow/.local/lib/python3.8/site-packages/airflow/example_dags/plugins/workday.py took 0.288 seconds
[2025-12-24T17:08:27.362+0000] {processor.py:161} INFO - Started process (PID=10675) to work on /home/airflow/.local/lib/python3.8/site-packages/airflow/example_dags/plugins/workday.py
[2025-12-24T17:08:27.364+0000] {processor.py:830} INFO - Processing file /home/airflow/.local/lib/python3.8/site-packages/airflow/example_dags/plugins/workday.py for tasks to queue
[2025-12-24T17:08:27.365+0000] {logging_mixin.py:188} INFO - [2025-12-24T17:08:27.365+0000] {dagbag.py:538} INFO - Filling up the DagBag from /home/airflow/.local/lib/python3.8/site-packages/airflow/example_dags/plugins/workday.py
[2025-12-24T17:08:27.638+0000] {processor.py:842} WARNING - No viable dags retrieved from /home/airflow/.local/lib/python3.8/site-packages/airflow/example_dags/plugins/workday.py
[2025-12-24T17:08:27.653+0000] {processor.py:183} INFO - Processing /home/airflow/.local/lib/python3.8/site-packages/airflow/example_dags/plugins/workday.py took 0.295 seconds
[2025-12-24T17:08:58.053+0000] {processor.py:161} INFO - Started process (PID=10732) to work on /home/airflow/.local/lib/python3.8/site-packages/airflow/example_dags/plugins/workday.py
[2025-12-24T17:08:58.055+0000] {processor.py:830} INFO - Processing file /home/airflow/.local/lib/python3.8/site-packages/airflow/example_dags/plugins/workday.py for tasks to queue
[2025-12-24T17:08:58.057+0000] {logging_mixin.py:188} INFO - [2025-12-24T17:08:58.056+0000] {dagbag.py:538} INFO - Filling up the DagBag from /home/airflow/.local/lib/python3.8/site-packages/airflow/example_dags/plugins/workday.py
[2025-12-24T17:08:58.428+0000] {processor.py:842} WARNING - No viable dags retrieved from /home/airflow/.local/lib/python3.8/site-packages/airflow/example_dags/plugins/workday.py
[2025-12-24T17:08:58.444+0000] {processor.py:183} INFO - Processing /home/airflow/.local/lib/python3.8/site-packages/airflow/example_dags/plugins/workday.py took 0.396 seconds
[2025-12-24T17:09:29.352+0000] {processor.py:161} INFO - Started process (PID=10789) to work on /home/airflow/.local/lib/python3.8/site-packages/airflow/example_dags/plugins/workday.py
[2025-12-24T17:09:29.353+0000] {processor.py:830} INFO - Processing file /home/airflow/.local/lib/python3.8/site-packages/airflow/example_dags/plugins/workday.py for tasks to queue
[2025-12-24T17:09:29.354+0000] {logging_mixin.py:188} INFO - [2025-12-24T17:09:29.354+0000] {dagbag.py:538} INFO - Filling up the DagBag from /home/airflow/.local/lib/python3.8/site-packages/airflow/example_dags/plugins/workday.py
[2025-12-24T17:09:29.614+0000] {processor.py:842} WARNING - No viable dags retrieved from /home/airflow/.local/lib/python3.8/site-packages/airflow/example_dags/plugins/workday.py
[2025-12-24T17:09:29.629+0000] {processor.py:183} INFO - Processing /home/airflow/.local/lib/python3.8/site-packages/airflow/example_dags/plugins/workday.py took 0.281 seconds
[2025-12-24T17:09:59.878+0000] {processor.py:161} INFO - Started process (PID=10846) to work on /home/airflow/.local/lib/python3.8/site-packages/airflow/example_dags/plugins/workday.py
[2025-12-24T17:09:59.879+0000] {processor.py:830} INFO - Processing file /home/airflow/.local/lib/python3.8/site-packages/airflow/example_dags/plugins/workday.py for tasks to queue
[2025-12-24T17:09:59.880+0000] {logging_mixin.py:188} INFO - [2025-12-24T17:09:59.880+0000] {dagbag.py:538} INFO - Filling up the DagBag from /home/airflow/.local/lib/python3.8/site-packages/airflow/example_dags/plugins/workday.py
[2025-12-24T17:10:00.121+0000] {processor.py:842} WARNING - No viable dags retrieved from /home/airflow/.local/lib/python3.8/site-packages/airflow/example_dags/plugins/workday.py
[2025-12-24T17:10:00.135+0000] {processor.py:183} INFO - Processing /home/airflow/.local/lib/python3.8/site-packages/airflow/example_dags/plugins/workday.py took 0.261 seconds
[2025-12-24T17:10:30.338+0000] {processor.py:161} INFO - Started process (PID=10903) to work on /home/airflow/.local/lib/python3.8/site-packages/airflow/example_dags/plugins/workday.py
[2025-12-24T17:10:30.340+0000] {processor.py:830} INFO - Processing file /home/airflow/.local/lib/python3.8/site-packages/airflow/example_dags/plugins/workday.py for tasks to queue
[2025-12-24T17:10:30.341+0000] {logging_mixin.py:188} INFO - [2025-12-24T17:10:30.340+0000] {dagbag.py:538} INFO - Filling up the DagBag from /home/airflow/.local/lib/python3.8/site-packages/airflow/example_dags/plugins/workday.py
[2025-12-24T17:10:30.603+0000] {processor.py:842} WARNING - No viable dags retrieved from /home/airflow/.local/lib/python3.8/site-packages/airflow/example_dags/plugins/workday.py
[2025-12-24T17:10:30.618+0000] {processor.py:183} INFO - Processing /home/airflow/.local/lib/python3.8/site-packages/airflow/example_dags/plugins/workday.py took 0.284 seconds
[2025-12-24T17:11:01.571+0000] {processor.py:161} INFO - Started process (PID=10961) to work on /home/airflow/.local/lib/python3.8/site-packages/airflow/example_dags/plugins/workday.py
[2025-12-24T17:11:01.572+0000] {processor.py:830} INFO - Processing file /home/airflow/.local/lib/python3.8/site-packages/airflow/example_dags/plugins/workday.py for tasks to queue
[2025-12-24T17:11:01.573+0000] {logging_mixin.py:188} INFO - [2025-12-24T17:11:01.573+0000] {dagbag.py:538} INFO - Filling up the DagBag from /home/airflow/.local/lib/python3.8/site-packages/airflow/example_dags/plugins/workday.py
[2025-12-24T17:11:01.827+0000] {processor.py:842} WARNING - No viable dags retrieved from /home/airflow/.local/lib/python3.8/site-packages/airflow/example_dags/plugins/workday.py
[2025-12-24T17:11:01.844+0000] {processor.py:183} INFO - Processing /home/airflow/.local/lib/python3.8/site-packages/airflow/example_dags/plugins/workday.py took 0.278 seconds
[2025-12-24T17:11:32.224+0000] {processor.py:161} INFO - Started process (PID=11020) to work on /home/airflow/.local/lib/python3.8/site-packages/airflow/example_dags/plugins/workday.py
[2025-12-24T17:11:32.225+0000] {processor.py:830} INFO - Processing file /home/airflow/.local/lib/python3.8/site-packages/airflow/example_dags/plugins/workday.py for tasks to queue
[2025-12-24T17:11:32.226+0000] {logging_mixin.py:188} INFO - [2025-12-24T17:11:32.226+0000] {dagbag.py:538} INFO - Filling up the DagBag from /home/airflow/.local/lib/python3.8/site-packages/airflow/example_dags/plugins/workday.py
[2025-12-24T17:11:32.487+0000] {processor.py:842} WARNING - No viable dags retrieved from /home/airflow/.local/lib/python3.8/site-packages/airflow/example_dags/plugins/workday.py
[2025-12-24T17:11:32.502+0000] {processor.py:183} INFO - Processing /home/airflow/.local/lib/python3.8/site-packages/airflow/example_dags/plugins/workday.py took 0.282 seconds
[2025-12-24T17:12:02.673+0000] {processor.py:161} INFO - Started process (PID=11078) to work on /home/airflow/.local/lib/python3.8/site-packages/airflow/example_dags/plugins/workday.py
[2025-12-24T17:12:02.674+0000] {processor.py:830} INFO - Processing file /home/airflow/.local/lib/python3.8/site-packages/airflow/example_dags/plugins/workday.py for tasks to queue
[2025-12-24T17:12:02.675+0000] {logging_mixin.py:188} INFO - [2025-12-24T17:12:02.675+0000] {dagbag.py:538} INFO - Filling up the DagBag from /home/airflow/.local/lib/python3.8/site-packages/airflow/example_dags/plugins/workday.py
[2025-12-24T17:12:02.949+0000] {processor.py:842} WARNING - No viable dags retrieved from /home/airflow/.local/lib/python3.8/site-packages/airflow/example_dags/plugins/workday.py
[2025-12-24T17:12:02.966+0000] {processor.py:183} INFO - Processing /home/airflow/.local/lib/python3.8/site-packages/airflow/example_dags/plugins/workday.py took 0.297 seconds
[2025-12-24T17:12:33.400+0000] {processor.py:161} INFO - Started process (PID=11142) to work on /home/airflow/.local/lib/python3.8/site-packages/airflow/example_dags/plugins/workday.py
[2025-12-24T17:12:33.401+0000] {processor.py:830} INFO - Processing file /home/airflow/.local/lib/python3.8/site-packages/airflow/example_dags/plugins/workday.py for tasks to queue
[2025-12-24T17:12:33.402+0000] {logging_mixin.py:188} INFO - [2025-12-24T17:12:33.402+0000] {dagbag.py:538} INFO - Filling up the DagBag from /home/airflow/.local/lib/python3.8/site-packages/airflow/example_dags/plugins/workday.py
[2025-12-24T17:12:33.674+0000] {processor.py:842} WARNING - No viable dags retrieved from /home/airflow/.local/lib/python3.8/site-packages/airflow/example_dags/plugins/workday.py
[2025-12-24T17:12:33.689+0000] {processor.py:183} INFO - Processing /home/airflow/.local/lib/python3.8/site-packages/airflow/example_dags/plugins/workday.py took 0.294 seconds
[2025-12-24T17:13:04.739+0000] {processor.py:161} INFO - Started process (PID=11201) to work on /home/airflow/.local/lib/python3.8/site-packages/airflow/example_dags/plugins/workday.py
[2025-12-24T17:13:04.741+0000] {processor.py:830} INFO - Processing file /home/airflow/.local/lib/python3.8/site-packages/airflow/example_dags/plugins/workday.py for tasks to queue
[2025-12-24T17:13:04.742+0000] {logging_mixin.py:188} INFO - [2025-12-24T17:13:04.742+0000] {dagbag.py:538} INFO - Filling up the DagBag from /home/airflow/.local/lib/python3.8/site-packages/airflow/example_dags/plugins/workday.py
[2025-12-24T17:13:05.085+0000] {processor.py:842} WARNING - No viable dags retrieved from /home/airflow/.local/lib/python3.8/site-packages/airflow/example_dags/plugins/workday.py
[2025-12-24T17:13:05.098+0000] {processor.py:183} INFO - Processing /home/airflow/.local/lib/python3.8/site-packages/airflow/example_dags/plugins/workday.py took 0.363 seconds
[2025-12-24T17:13:35.988+0000] {processor.py:161} INFO - Started process (PID=11258) to work on /home/airflow/.local/lib/python3.8/site-packages/airflow/example_dags/plugins/workday.py
[2025-12-24T17:13:35.990+0000] {processor.py:830} INFO - Processing file /home/airflow/.local/lib/python3.8/site-packages/airflow/example_dags/plugins/workday.py for tasks to queue
[2025-12-24T17:13:35.991+0000] {logging_mixin.py:188} INFO - [2025-12-24T17:13:35.990+0000] {dagbag.py:538} INFO - Filling up the DagBag from /home/airflow/.local/lib/python3.8/site-packages/airflow/example_dags/plugins/workday.py
[2025-12-24T17:13:36.275+0000] {processor.py:842} WARNING - No viable dags retrieved from /home/airflow/.local/lib/python3.8/site-packages/airflow/example_dags/plugins/workday.py
[2025-12-24T17:13:36.291+0000] {processor.py:183} INFO - Processing /home/airflow/.local/lib/python3.8/site-packages/airflow/example_dags/plugins/workday.py took 0.306 seconds
[2025-12-24T17:14:06.921+0000] {processor.py:161} INFO - Started process (PID=11315) to work on /home/airflow/.local/lib/python3.8/site-packages/airflow/example_dags/plugins/workday.py
[2025-12-24T17:14:06.922+0000] {processor.py:830} INFO - Processing file /home/airflow/.local/lib/python3.8/site-packages/airflow/example_dags/plugins/workday.py for tasks to queue
[2025-12-24T17:14:06.923+0000] {logging_mixin.py:188} INFO - [2025-12-24T17:14:06.923+0000] {dagbag.py:538} INFO - Filling up the DagBag from /home/airflow/.local/lib/python3.8/site-packages/airflow/example_dags/plugins/workday.py
[2025-12-24T17:14:07.204+0000] {processor.py:842} WARNING - No viable dags retrieved from /home/airflow/.local/lib/python3.8/site-packages/airflow/example_dags/plugins/workday.py
[2025-12-24T17:14:07.222+0000] {processor.py:183} INFO - Processing /home/airflow/.local/lib/python3.8/site-packages/airflow/example_dags/plugins/workday.py took 0.305 seconds
[2025-12-24T17:14:38.212+0000] {processor.py:161} INFO - Started process (PID=11374) to work on /home/airflow/.local/lib/python3.8/site-packages/airflow/example_dags/plugins/workday.py
[2025-12-24T17:14:38.213+0000] {processor.py:830} INFO - Processing file /home/airflow/.local/lib/python3.8/site-packages/airflow/example_dags/plugins/workday.py for tasks to queue
[2025-12-24T17:14:38.214+0000] {logging_mixin.py:188} INFO - [2025-12-24T17:14:38.214+0000] {dagbag.py:538} INFO - Filling up the DagBag from /home/airflow/.local/lib/python3.8/site-packages/airflow/example_dags/plugins/workday.py
[2025-12-24T17:14:38.564+0000] {processor.py:842} WARNING - No viable dags retrieved from /home/airflow/.local/lib/python3.8/site-packages/airflow/example_dags/plugins/workday.py
[2025-12-24T17:14:38.580+0000] {processor.py:183} INFO - Processing /home/airflow/.local/lib/python3.8/site-packages/airflow/example_dags/plugins/workday.py took 0.372 seconds
[2025-12-24T17:15:09.674+0000] {processor.py:161} INFO - Started process (PID=11435) to work on /home/airflow/.local/lib/python3.8/site-packages/airflow/example_dags/plugins/workday.py
[2025-12-24T17:15:09.675+0000] {processor.py:830} INFO - Processing file /home/airflow/.local/lib/python3.8/site-packages/airflow/example_dags/plugins/workday.py for tasks to queue
[2025-12-24T17:15:09.677+0000] {logging_mixin.py:188} INFO - [2025-12-24T17:15:09.676+0000] {dagbag.py:538} INFO - Filling up the DagBag from /home/airflow/.local/lib/python3.8/site-packages/airflow/example_dags/plugins/workday.py
[2025-12-24T17:15:09.926+0000] {processor.py:842} WARNING - No viable dags retrieved from /home/airflow/.local/lib/python3.8/site-packages/airflow/example_dags/plugins/workday.py
[2025-12-24T17:15:09.940+0000] {processor.py:183} INFO - Processing /home/airflow/.local/lib/python3.8/site-packages/airflow/example_dags/plugins/workday.py took 0.270 seconds
[2025-12-24T17:15:40.011+0000] {processor.py:161} INFO - Started process (PID=11492) to work on /home/airflow/.local/lib/python3.8/site-packages/airflow/example_dags/plugins/workday.py
[2025-12-24T17:15:40.013+0000] {processor.py:830} INFO - Processing file /home/airflow/.local/lib/python3.8/site-packages/airflow/example_dags/plugins/workday.py for tasks to queue
[2025-12-24T17:15:40.014+0000] {logging_mixin.py:188} INFO - [2025-12-24T17:15:40.014+0000] {dagbag.py:538} INFO - Filling up the DagBag from /home/airflow/.local/lib/python3.8/site-packages/airflow/example_dags/plugins/workday.py
[2025-12-24T17:15:40.289+0000] {processor.py:842} WARNING - No viable dags retrieved from /home/airflow/.local/lib/python3.8/site-packages/airflow/example_dags/plugins/workday.py
[2025-12-24T17:15:40.306+0000] {processor.py:183} INFO - Processing /home/airflow/.local/lib/python3.8/site-packages/airflow/example_dags/plugins/workday.py took 0.300 seconds
[2025-12-24T17:16:10.472+0000] {processor.py:161} INFO - Started process (PID=11549) to work on /home/airflow/.local/lib/python3.8/site-packages/airflow/example_dags/plugins/workday.py
[2025-12-24T17:16:10.473+0000] {processor.py:830} INFO - Processing file /home/airflow/.local/lib/python3.8/site-packages/airflow/example_dags/plugins/workday.py for tasks to queue
[2025-12-24T17:16:10.474+0000] {logging_mixin.py:188} INFO - [2025-12-24T17:16:10.474+0000] {dagbag.py:538} INFO - Filling up the DagBag from /home/airflow/.local/lib/python3.8/site-packages/airflow/example_dags/plugins/workday.py
[2025-12-24T17:16:10.737+0000] {processor.py:842} WARNING - No viable dags retrieved from /home/airflow/.local/lib/python3.8/site-packages/airflow/example_dags/plugins/workday.py
[2025-12-24T17:16:10.753+0000] {processor.py:183} INFO - Processing /home/airflow/.local/lib/python3.8/site-packages/airflow/example_dags/plugins/workday.py took 0.285 seconds
[2025-12-24T17:16:41.851+0000] {processor.py:161} INFO - Started process (PID=11609) to work on /home/airflow/.local/lib/python3.8/site-packages/airflow/example_dags/plugins/workday.py
[2025-12-24T17:16:41.852+0000] {processor.py:830} INFO - Processing file /home/airflow/.local/lib/python3.8/site-packages/airflow/example_dags/plugins/workday.py for tasks to queue
[2025-12-24T17:16:41.853+0000] {logging_mixin.py:188} INFO - [2025-12-24T17:16:41.853+0000] {dagbag.py:538} INFO - Filling up the DagBag from /home/airflow/.local/lib/python3.8/site-packages/airflow/example_dags/plugins/workday.py
[2025-12-24T17:16:42.111+0000] {processor.py:842} WARNING - No viable dags retrieved from /home/airflow/.local/lib/python3.8/site-packages/airflow/example_dags/plugins/workday.py
[2025-12-24T17:16:42.129+0000] {processor.py:183} INFO - Processing /home/airflow/.local/lib/python3.8/site-packages/airflow/example_dags/plugins/workday.py took 0.282 seconds
[2025-12-24T17:17:12.422+0000] {processor.py:161} INFO - Started process (PID=11666) to work on /home/airflow/.local/lib/python3.8/site-packages/airflow/example_dags/plugins/workday.py
[2025-12-24T17:17:12.423+0000] {processor.py:830} INFO - Processing file /home/airflow/.local/lib/python3.8/site-packages/airflow/example_dags/plugins/workday.py for tasks to queue
[2025-12-24T17:17:12.424+0000] {logging_mixin.py:188} INFO - [2025-12-24T17:17:12.424+0000] {dagbag.py:538} INFO - Filling up the DagBag from /home/airflow/.local/lib/python3.8/site-packages/airflow/example_dags/plugins/workday.py
[2025-12-24T17:17:12.703+0000] {processor.py:842} WARNING - No viable dags retrieved from /home/airflow/.local/lib/python3.8/site-packages/airflow/example_dags/plugins/workday.py
[2025-12-24T17:17:12.717+0000] {processor.py:183} INFO - Processing /home/airflow/.local/lib/python3.8/site-packages/airflow/example_dags/plugins/workday.py took 0.297 seconds
[2025-12-24T17:17:42.941+0000] {processor.py:161} INFO - Started process (PID=11725) to work on /home/airflow/.local/lib/python3.8/site-packages/airflow/example_dags/plugins/workday.py
[2025-12-24T17:17:42.942+0000] {processor.py:830} INFO - Processing file /home/airflow/.local/lib/python3.8/site-packages/airflow/example_dags/plugins/workday.py for tasks to queue
[2025-12-24T17:17:42.943+0000] {logging_mixin.py:188} INFO - [2025-12-24T17:17:42.943+0000] {dagbag.py:538} INFO - Filling up the DagBag from /home/airflow/.local/lib/python3.8/site-packages/airflow/example_dags/plugins/workday.py
[2025-12-24T17:17:43.200+0000] {processor.py:842} WARNING - No viable dags retrieved from /home/airflow/.local/lib/python3.8/site-packages/airflow/example_dags/plugins/workday.py
[2025-12-24T17:17:43.213+0000] {processor.py:183} INFO - Processing /home/airflow/.local/lib/python3.8/site-packages/airflow/example_dags/plugins/workday.py took 0.278 seconds
[2025-12-24T17:18:13.300+0000] {processor.py:161} INFO - Started process (PID=11782) to work on /home/airflow/.local/lib/python3.8/site-packages/airflow/example_dags/plugins/workday.py
[2025-12-24T17:18:13.301+0000] {processor.py:830} INFO - Processing file /home/airflow/.local/lib/python3.8/site-packages/airflow/example_dags/plugins/workday.py for tasks to queue
[2025-12-24T17:18:13.303+0000] {logging_mixin.py:188} INFO - [2025-12-24T17:18:13.302+0000] {dagbag.py:538} INFO - Filling up the DagBag from /home/airflow/.local/lib/python3.8/site-packages/airflow/example_dags/plugins/workday.py
[2025-12-24T17:18:13.569+0000] {processor.py:842} WARNING - No viable dags retrieved from /home/airflow/.local/lib/python3.8/site-packages/airflow/example_dags/plugins/workday.py
[2025-12-24T17:18:13.584+0000] {processor.py:183} INFO - Processing /home/airflow/.local/lib/python3.8/site-packages/airflow/example_dags/plugins/workday.py took 0.289 seconds
[2025-12-24T17:18:44.377+0000] {processor.py:161} INFO - Started process (PID=11839) to work on /home/airflow/.local/lib/python3.8/site-packages/airflow/example_dags/plugins/workday.py
[2025-12-24T17:18:44.378+0000] {processor.py:830} INFO - Processing file /home/airflow/.local/lib/python3.8/site-packages/airflow/example_dags/plugins/workday.py for tasks to queue
[2025-12-24T17:18:44.379+0000] {logging_mixin.py:188} INFO - [2025-12-24T17:18:44.379+0000] {dagbag.py:538} INFO - Filling up the DagBag from /home/airflow/.local/lib/python3.8/site-packages/airflow/example_dags/plugins/workday.py
[2025-12-24T17:18:44.757+0000] {processor.py:842} WARNING - No viable dags retrieved from /home/airflow/.local/lib/python3.8/site-packages/airflow/example_dags/plugins/workday.py
[2025-12-24T17:18:44.769+0000] {processor.py:183} INFO - Processing /home/airflow/.local/lib/python3.8/site-packages/airflow/example_dags/plugins/workday.py took 0.396 seconds
[2025-12-24T17:19:15.636+0000] {processor.py:161} INFO - Started process (PID=11896) to work on /home/airflow/.local/lib/python3.8/site-packages/airflow/example_dags/plugins/workday.py
[2025-12-24T17:19:15.637+0000] {processor.py:830} INFO - Processing file /home/airflow/.local/lib/python3.8/site-packages/airflow/example_dags/plugins/workday.py for tasks to queue
[2025-12-24T17:19:15.638+0000] {logging_mixin.py:188} INFO - [2025-12-24T17:19:15.638+0000] {dagbag.py:538} INFO - Filling up the DagBag from /home/airflow/.local/lib/python3.8/site-packages/airflow/example_dags/plugins/workday.py
[2025-12-24T17:19:16.011+0000] {processor.py:842} WARNING - No viable dags retrieved from /home/airflow/.local/lib/python3.8/site-packages/airflow/example_dags/plugins/workday.py
[2025-12-24T17:19:16.022+0000] {processor.py:183} INFO - Processing /home/airflow/.local/lib/python3.8/site-packages/airflow/example_dags/plugins/workday.py took 0.390 seconds
[2025-12-24T17:19:46.924+0000] {processor.py:161} INFO - Started process (PID=11954) to work on /home/airflow/.local/lib/python3.8/site-packages/airflow/example_dags/plugins/workday.py
[2025-12-24T17:19:46.925+0000] {processor.py:830} INFO - Processing file /home/airflow/.local/lib/python3.8/site-packages/airflow/example_dags/plugins/workday.py for tasks to queue
[2025-12-24T17:19:46.926+0000] {logging_mixin.py:188} INFO - [2025-12-24T17:19:46.926+0000] {dagbag.py:538} INFO - Filling up the DagBag from /home/airflow/.local/lib/python3.8/site-packages/airflow/example_dags/plugins/workday.py
[2025-12-24T17:19:47.217+0000] {processor.py:842} WARNING - No viable dags retrieved from /home/airflow/.local/lib/python3.8/site-packages/airflow/example_dags/plugins/workday.py
[2025-12-24T17:19:47.231+0000] {processor.py:183} INFO - Processing /home/airflow/.local/lib/python3.8/site-packages/airflow/example_dags/plugins/workday.py took 0.311 seconds
[2025-12-24T17:20:17.399+0000] {processor.py:161} INFO - Started process (PID=12011) to work on /home/airflow/.local/lib/python3.8/site-packages/airflow/example_dags/plugins/workday.py
[2025-12-24T17:20:17.401+0000] {processor.py:830} INFO - Processing file /home/airflow/.local/lib/python3.8/site-packages/airflow/example_dags/plugins/workday.py for tasks to queue
[2025-12-24T17:20:17.402+0000] {logging_mixin.py:188} INFO - [2025-12-24T17:20:17.402+0000] {dagbag.py:538} INFO - Filling up the DagBag from /home/airflow/.local/lib/python3.8/site-packages/airflow/example_dags/plugins/workday.py
[2025-12-24T17:20:17.915+0000] {processor.py:842} WARNING - No viable dags retrieved from /home/airflow/.local/lib/python3.8/site-packages/airflow/example_dags/plugins/workday.py
[2025-12-24T17:20:17.927+0000] {processor.py:183} INFO - Processing /home/airflow/.local/lib/python3.8/site-packages/airflow/example_dags/plugins/workday.py took 0.533 seconds
[2025-12-24T17:20:48.061+0000] {processor.py:161} INFO - Started process (PID=12068) to work on /home/airflow/.local/lib/python3.8/site-packages/airflow/example_dags/plugins/workday.py
[2025-12-24T17:20:48.063+0000] {processor.py:830} INFO - Processing file /home/airflow/.local/lib/python3.8/site-packages/airflow/example_dags/plugins/workday.py for tasks to queue
[2025-12-24T17:20:48.065+0000] {logging_mixin.py:188} INFO - [2025-12-24T17:20:48.065+0000] {dagbag.py:538} INFO - Filling up the DagBag from /home/airflow/.local/lib/python3.8/site-packages/airflow/example_dags/plugins/workday.py
[2025-12-24T17:20:48.487+0000] {processor.py:842} WARNING - No viable dags retrieved from /home/airflow/.local/lib/python3.8/site-packages/airflow/example_dags/plugins/workday.py
[2025-12-24T17:20:48.499+0000] {processor.py:183} INFO - Processing /home/airflow/.local/lib/python3.8/site-packages/airflow/example_dags/plugins/workday.py took 0.443 seconds
[2025-12-24T17:21:18.702+0000] {processor.py:161} INFO - Started process (PID=12125) to work on /home/airflow/.local/lib/python3.8/site-packages/airflow/example_dags/plugins/workday.py
[2025-12-24T17:21:18.703+0000] {processor.py:830} INFO - Processing file /home/airflow/.local/lib/python3.8/site-packages/airflow/example_dags/plugins/workday.py for tasks to queue
[2025-12-24T17:21:18.705+0000] {logging_mixin.py:188} INFO - [2025-12-24T17:21:18.704+0000] {dagbag.py:538} INFO - Filling up the DagBag from /home/airflow/.local/lib/python3.8/site-packages/airflow/example_dags/plugins/workday.py
[2025-12-24T17:21:19.186+0000] {processor.py:842} WARNING - No viable dags retrieved from /home/airflow/.local/lib/python3.8/site-packages/airflow/example_dags/plugins/workday.py
[2025-12-24T17:21:19.208+0000] {processor.py:183} INFO - Processing /home/airflow/.local/lib/python3.8/site-packages/airflow/example_dags/plugins/workday.py took 0.510 seconds
[2025-12-24T17:21:49.993+0000] {processor.py:161} INFO - Started process (PID=12182) to work on /home/airflow/.local/lib/python3.8/site-packages/airflow/example_dags/plugins/workday.py
[2025-12-24T17:21:49.994+0000] {processor.py:830} INFO - Processing file /home/airflow/.local/lib/python3.8/site-packages/airflow/example_dags/plugins/workday.py for tasks to queue
[2025-12-24T17:21:49.996+0000] {logging_mixin.py:188} INFO - [2025-12-24T17:21:49.996+0000] {dagbag.py:538} INFO - Filling up the DagBag from /home/airflow/.local/lib/python3.8/site-packages/airflow/example_dags/plugins/workday.py
[2025-12-24T17:21:50.476+0000] {processor.py:842} WARNING - No viable dags retrieved from /home/airflow/.local/lib/python3.8/site-packages/airflow/example_dags/plugins/workday.py
[2025-12-24T17:21:50.488+0000] {processor.py:183} INFO - Processing /home/airflow/.local/lib/python3.8/site-packages/airflow/example_dags/plugins/workday.py took 0.499 seconds
[2025-12-24T17:22:21.193+0000] {processor.py:161} INFO - Started process (PID=12239) to work on /home/airflow/.local/lib/python3.8/site-packages/airflow/example_dags/plugins/workday.py
[2025-12-24T17:22:21.195+0000] {processor.py:830} INFO - Processing file /home/airflow/.local/lib/python3.8/site-packages/airflow/example_dags/plugins/workday.py for tasks to queue
[2025-12-24T17:22:21.197+0000] {logging_mixin.py:188} INFO - [2025-12-24T17:22:21.196+0000] {dagbag.py:538} INFO - Filling up the DagBag from /home/airflow/.local/lib/python3.8/site-packages/airflow/example_dags/plugins/workday.py
[2025-12-24T17:22:21.664+0000] {processor.py:842} WARNING - No viable dags retrieved from /home/airflow/.local/lib/python3.8/site-packages/airflow/example_dags/plugins/workday.py
[2025-12-24T17:22:21.681+0000] {processor.py:183} INFO - Processing /home/airflow/.local/lib/python3.8/site-packages/airflow/example_dags/plugins/workday.py took 0.494 seconds
[2025-12-24T17:22:52.231+0000] {processor.py:161} INFO - Started process (PID=12296) to work on /home/airflow/.local/lib/python3.8/site-packages/airflow/example_dags/plugins/workday.py
[2025-12-24T17:22:52.233+0000] {processor.py:830} INFO - Processing file /home/airflow/.local/lib/python3.8/site-packages/airflow/example_dags/plugins/workday.py for tasks to queue
[2025-12-24T17:22:52.234+0000] {logging_mixin.py:188} INFO - [2025-12-24T17:22:52.233+0000] {dagbag.py:538} INFO - Filling up the DagBag from /home/airflow/.local/lib/python3.8/site-packages/airflow/example_dags/plugins/workday.py
[2025-12-24T17:22:52.701+0000] {processor.py:842} WARNING - No viable dags retrieved from /home/airflow/.local/lib/python3.8/site-packages/airflow/example_dags/plugins/workday.py
[2025-12-24T17:22:52.715+0000] {processor.py:183} INFO - Processing /home/airflow/.local/lib/python3.8/site-packages/airflow/example_dags/plugins/workday.py took 0.488 seconds
[2025-12-24T17:23:23.026+0000] {processor.py:161} INFO - Started process (PID=12354) to work on /home/airflow/.local/lib/python3.8/site-packages/airflow/example_dags/plugins/workday.py
[2025-12-24T17:23:23.028+0000] {processor.py:830} INFO - Processing file /home/airflow/.local/lib/python3.8/site-packages/airflow/example_dags/plugins/workday.py for tasks to queue
[2025-12-24T17:23:23.029+0000] {logging_mixin.py:188} INFO - [2025-12-24T17:23:23.029+0000] {dagbag.py:538} INFO - Filling up the DagBag from /home/airflow/.local/lib/python3.8/site-packages/airflow/example_dags/plugins/workday.py
[2025-12-24T17:23:23.438+0000] {processor.py:842} WARNING - No viable dags retrieved from /home/airflow/.local/lib/python3.8/site-packages/airflow/example_dags/plugins/workday.py
[2025-12-24T17:23:23.449+0000] {processor.py:183} INFO - Processing /home/airflow/.local/lib/python3.8/site-packages/airflow/example_dags/plugins/workday.py took 0.426 seconds
[2025-12-24T17:23:54.318+0000] {processor.py:161} INFO - Started process (PID=12412) to work on /home/airflow/.local/lib/python3.8/site-packages/airflow/example_dags/plugins/workday.py
[2025-12-24T17:23:54.320+0000] {processor.py:830} INFO - Processing file /home/airflow/.local/lib/python3.8/site-packages/airflow/example_dags/plugins/workday.py for tasks to queue
[2025-12-24T17:23:54.321+0000] {logging_mixin.py:188} INFO - [2025-12-24T17:23:54.321+0000] {dagbag.py:538} INFO - Filling up the DagBag from /home/airflow/.local/lib/python3.8/site-packages/airflow/example_dags/plugins/workday.py
[2025-12-24T17:23:54.755+0000] {processor.py:842} WARNING - No viable dags retrieved from /home/airflow/.local/lib/python3.8/site-packages/airflow/example_dags/plugins/workday.py
[2025-12-24T17:23:54.768+0000] {processor.py:183} INFO - Processing /home/airflow/.local/lib/python3.8/site-packages/airflow/example_dags/plugins/workday.py took 0.454 seconds
[2025-12-24T17:24:25.765+0000] {processor.py:161} INFO - Started process (PID=12469) to work on /home/airflow/.local/lib/python3.8/site-packages/airflow/example_dags/plugins/workday.py
[2025-12-24T17:24:25.766+0000] {processor.py:830} INFO - Processing file /home/airflow/.local/lib/python3.8/site-packages/airflow/example_dags/plugins/workday.py for tasks to queue
[2025-12-24T17:24:25.767+0000] {logging_mixin.py:188} INFO - [2025-12-24T17:24:25.767+0000] {dagbag.py:538} INFO - Filling up the DagBag from /home/airflow/.local/lib/python3.8/site-packages/airflow/example_dags/plugins/workday.py
[2025-12-24T17:24:26.148+0000] {processor.py:842} WARNING - No viable dags retrieved from /home/airflow/.local/lib/python3.8/site-packages/airflow/example_dags/plugins/workday.py
[2025-12-24T17:24:26.159+0000] {processor.py:183} INFO - Processing /home/airflow/.local/lib/python3.8/site-packages/airflow/example_dags/plugins/workday.py took 0.397 seconds
[2025-12-24T17:24:57.249+0000] {processor.py:161} INFO - Started process (PID=12530) to work on /home/airflow/.local/lib/python3.8/site-packages/airflow/example_dags/plugins/workday.py
[2025-12-24T17:24:57.250+0000] {processor.py:830} INFO - Processing file /home/airflow/.local/lib/python3.8/site-packages/airflow/example_dags/plugins/workday.py for tasks to queue
[2025-12-24T17:24:57.251+0000] {logging_mixin.py:188} INFO - [2025-12-24T17:24:57.251+0000] {dagbag.py:538} INFO - Filling up the DagBag from /home/airflow/.local/lib/python3.8/site-packages/airflow/example_dags/plugins/workday.py
[2025-12-24T17:24:57.687+0000] {processor.py:842} WARNING - No viable dags retrieved from /home/airflow/.local/lib/python3.8/site-packages/airflow/example_dags/plugins/workday.py
[2025-12-24T17:24:57.699+0000] {processor.py:183} INFO - Processing /home/airflow/.local/lib/python3.8/site-packages/airflow/example_dags/plugins/workday.py took 0.453 seconds
[2025-12-24T17:25:27.801+0000] {processor.py:161} INFO - Started process (PID=12587) to work on /home/airflow/.local/lib/python3.8/site-packages/airflow/example_dags/plugins/workday.py
[2025-12-24T17:25:27.802+0000] {processor.py:830} INFO - Processing file /home/airflow/.local/lib/python3.8/site-packages/airflow/example_dags/plugins/workday.py for tasks to queue
[2025-12-24T17:25:27.804+0000] {logging_mixin.py:188} INFO - [2025-12-24T17:25:27.803+0000] {dagbag.py:538} INFO - Filling up the DagBag from /home/airflow/.local/lib/python3.8/site-packages/airflow/example_dags/plugins/workday.py
[2025-12-24T17:25:28.189+0000] {processor.py:842} WARNING - No viable dags retrieved from /home/airflow/.local/lib/python3.8/site-packages/airflow/example_dags/plugins/workday.py
[2025-12-24T17:25:28.201+0000] {processor.py:183} INFO - Processing /home/airflow/.local/lib/python3.8/site-packages/airflow/example_dags/plugins/workday.py took 0.404 seconds
[2025-12-24T17:25:58.267+0000] {processor.py:161} INFO - Started process (PID=12644) to work on /home/airflow/.local/lib/python3.8/site-packages/airflow/example_dags/plugins/workday.py
[2025-12-24T17:25:58.268+0000] {processor.py:830} INFO - Processing file /home/airflow/.local/lib/python3.8/site-packages/airflow/example_dags/plugins/workday.py for tasks to queue
[2025-12-24T17:25:58.269+0000] {logging_mixin.py:188} INFO - [2025-12-24T17:25:58.269+0000] {dagbag.py:538} INFO - Filling up the DagBag from /home/airflow/.local/lib/python3.8/site-packages/airflow/example_dags/plugins/workday.py
[2025-12-24T17:25:58.651+0000] {processor.py:842} WARNING - No viable dags retrieved from /home/airflow/.local/lib/python3.8/site-packages/airflow/example_dags/plugins/workday.py
[2025-12-24T17:25:58.665+0000] {processor.py:183} INFO - Processing /home/airflow/.local/lib/python3.8/site-packages/airflow/example_dags/plugins/workday.py took 0.402 seconds
[2025-12-24T17:26:28.715+0000] {processor.py:161} INFO - Started process (PID=12701) to work on /home/airflow/.local/lib/python3.8/site-packages/airflow/example_dags/plugins/workday.py
[2025-12-24T17:26:28.716+0000] {processor.py:830} INFO - Processing file /home/airflow/.local/lib/python3.8/site-packages/airflow/example_dags/plugins/workday.py for tasks to queue
[2025-12-24T17:26:28.717+0000] {logging_mixin.py:188} INFO - [2025-12-24T17:26:28.717+0000] {dagbag.py:538} INFO - Filling up the DagBag from /home/airflow/.local/lib/python3.8/site-packages/airflow/example_dags/plugins/workday.py
[2025-12-24T17:26:29.150+0000] {processor.py:842} WARNING - No viable dags retrieved from /home/airflow/.local/lib/python3.8/site-packages/airflow/example_dags/plugins/workday.py
[2025-12-24T17:26:29.167+0000] {processor.py:183} INFO - Processing /home/airflow/.local/lib/python3.8/site-packages/airflow/example_dags/plugins/workday.py took 0.456 seconds
[2025-12-24T17:27:00.042+0000] {processor.py:161} INFO - Started process (PID=12758) to work on /home/airflow/.local/lib/python3.8/site-packages/airflow/example_dags/plugins/workday.py
[2025-12-24T17:27:00.044+0000] {processor.py:830} INFO - Processing file /home/airflow/.local/lib/python3.8/site-packages/airflow/example_dags/plugins/workday.py for tasks to queue
[2025-12-24T17:27:00.045+0000] {logging_mixin.py:188} INFO - [2025-12-24T17:27:00.045+0000] {dagbag.py:538} INFO - Filling up the DagBag from /home/airflow/.local/lib/python3.8/site-packages/airflow/example_dags/plugins/workday.py
[2025-12-24T17:27:00.496+0000] {processor.py:842} WARNING - No viable dags retrieved from /home/airflow/.local/lib/python3.8/site-packages/airflow/example_dags/plugins/workday.py
[2025-12-24T17:27:00.509+0000] {processor.py:183} INFO - Processing /home/airflow/.local/lib/python3.8/site-packages/airflow/example_dags/plugins/workday.py took 0.470 seconds
[2025-12-24T17:27:31.899+0000] {processor.py:161} INFO - Started process (PID=12823) to work on /home/airflow/.local/lib/python3.8/site-packages/airflow/example_dags/plugins/workday.py
[2025-12-24T17:27:31.901+0000] {processor.py:830} INFO - Processing file /home/airflow/.local/lib/python3.8/site-packages/airflow/example_dags/plugins/workday.py for tasks to queue
[2025-12-24T17:27:31.902+0000] {logging_mixin.py:188} INFO - [2025-12-24T17:27:31.901+0000] {dagbag.py:538} INFO - Filling up the DagBag from /home/airflow/.local/lib/python3.8/site-packages/airflow/example_dags/plugins/workday.py
[2025-12-24T17:27:32.280+0000] {processor.py:842} WARNING - No viable dags retrieved from /home/airflow/.local/lib/python3.8/site-packages/airflow/example_dags/plugins/workday.py
[2025-12-24T17:27:32.293+0000] {processor.py:183} INFO - Processing /home/airflow/.local/lib/python3.8/site-packages/airflow/example_dags/plugins/workday.py took 0.398 seconds
[2025-12-24T17:28:02.392+0000] {processor.py:161} INFO - Started process (PID=12880) to work on /home/airflow/.local/lib/python3.8/site-packages/airflow/example_dags/plugins/workday.py
[2025-12-24T17:28:02.393+0000] {processor.py:830} INFO - Processing file /home/airflow/.local/lib/python3.8/site-packages/airflow/example_dags/plugins/workday.py for tasks to queue
[2025-12-24T17:28:02.394+0000] {logging_mixin.py:188} INFO - [2025-12-24T17:28:02.394+0000] {dagbag.py:538} INFO - Filling up the DagBag from /home/airflow/.local/lib/python3.8/site-packages/airflow/example_dags/plugins/workday.py
[2025-12-24T17:28:02.791+0000] {processor.py:842} WARNING - No viable dags retrieved from /home/airflow/.local/lib/python3.8/site-packages/airflow/example_dags/plugins/workday.py
[2025-12-24T17:28:02.804+0000] {processor.py:183} INFO - Processing /home/airflow/.local/lib/python3.8/site-packages/airflow/example_dags/plugins/workday.py took 0.416 seconds
[2025-12-24T17:28:32.902+0000] {processor.py:161} INFO - Started process (PID=12938) to work on /home/airflow/.local/lib/python3.8/site-packages/airflow/example_dags/plugins/workday.py
[2025-12-24T17:28:32.903+0000] {processor.py:830} INFO - Processing file /home/airflow/.local/lib/python3.8/site-packages/airflow/example_dags/plugins/workday.py for tasks to queue
[2025-12-24T17:28:32.904+0000] {logging_mixin.py:188} INFO - [2025-12-24T17:28:32.904+0000] {dagbag.py:538} INFO - Filling up the DagBag from /home/airflow/.local/lib/python3.8/site-packages/airflow/example_dags/plugins/workday.py
[2025-12-24T17:28:33.328+0000] {processor.py:842} WARNING - No viable dags retrieved from /home/airflow/.local/lib/python3.8/site-packages/airflow/example_dags/plugins/workday.py
[2025-12-24T17:28:33.340+0000] {processor.py:183} INFO - Processing /home/airflow/.local/lib/python3.8/site-packages/airflow/example_dags/plugins/workday.py took 0.442 seconds
[2025-12-24T17:29:04.018+0000] {processor.py:161} INFO - Started process (PID=12995) to work on /home/airflow/.local/lib/python3.8/site-packages/airflow/example_dags/plugins/workday.py
[2025-12-24T17:29:04.020+0000] {processor.py:830} INFO - Processing file /home/airflow/.local/lib/python3.8/site-packages/airflow/example_dags/plugins/workday.py for tasks to queue
[2025-12-24T17:29:04.021+0000] {logging_mixin.py:188} INFO - [2025-12-24T17:29:04.020+0000] {dagbag.py:538} INFO - Filling up the DagBag from /home/airflow/.local/lib/python3.8/site-packages/airflow/example_dags/plugins/workday.py
[2025-12-24T17:29:04.428+0000] {processor.py:842} WARNING - No viable dags retrieved from /home/airflow/.local/lib/python3.8/site-packages/airflow/example_dags/plugins/workday.py
[2025-12-24T17:29:04.441+0000] {processor.py:183} INFO - Processing /home/airflow/.local/lib/python3.8/site-packages/airflow/example_dags/plugins/workday.py took 0.427 seconds
[2025-12-24T17:29:35.427+0000] {processor.py:161} INFO - Started process (PID=13061) to work on /home/airflow/.local/lib/python3.8/site-packages/airflow/example_dags/plugins/workday.py
[2025-12-24T17:29:35.428+0000] {processor.py:830} INFO - Processing file /home/airflow/.local/lib/python3.8/site-packages/airflow/example_dags/plugins/workday.py for tasks to queue
[2025-12-24T17:29:35.429+0000] {logging_mixin.py:188} INFO - [2025-12-24T17:29:35.429+0000] {dagbag.py:538} INFO - Filling up the DagBag from /home/airflow/.local/lib/python3.8/site-packages/airflow/example_dags/plugins/workday.py
[2025-12-24T17:29:35.788+0000] {processor.py:842} WARNING - No viable dags retrieved from /home/airflow/.local/lib/python3.8/site-packages/airflow/example_dags/plugins/workday.py
[2025-12-24T17:29:35.800+0000] {processor.py:183} INFO - Processing /home/airflow/.local/lib/python3.8/site-packages/airflow/example_dags/plugins/workday.py took 0.376 seconds
[2025-12-24T17:30:05.918+0000] {processor.py:161} INFO - Started process (PID=13118) to work on /home/airflow/.local/lib/python3.8/site-packages/airflow/example_dags/plugins/workday.py
[2025-12-24T17:30:05.919+0000] {processor.py:830} INFO - Processing file /home/airflow/.local/lib/python3.8/site-packages/airflow/example_dags/plugins/workday.py for tasks to queue
[2025-12-24T17:30:05.920+0000] {logging_mixin.py:188} INFO - [2025-12-24T17:30:05.920+0000] {dagbag.py:538} INFO - Filling up the DagBag from /home/airflow/.local/lib/python3.8/site-packages/airflow/example_dags/plugins/workday.py
[2025-12-24T17:30:06.299+0000] {processor.py:842} WARNING - No viable dags retrieved from /home/airflow/.local/lib/python3.8/site-packages/airflow/example_dags/plugins/workday.py
[2025-12-24T17:30:06.312+0000] {processor.py:183} INFO - Processing /home/airflow/.local/lib/python3.8/site-packages/airflow/example_dags/plugins/workday.py took 0.397 seconds
[2025-12-24T17:30:37.366+0000] {processor.py:161} INFO - Started process (PID=13177) to work on /home/airflow/.local/lib/python3.8/site-packages/airflow/example_dags/plugins/workday.py
[2025-12-24T17:30:37.368+0000] {processor.py:830} INFO - Processing file /home/airflow/.local/lib/python3.8/site-packages/airflow/example_dags/plugins/workday.py for tasks to queue
[2025-12-24T17:30:37.369+0000] {logging_mixin.py:188} INFO - [2025-12-24T17:30:37.369+0000] {dagbag.py:538} INFO - Filling up the DagBag from /home/airflow/.local/lib/python3.8/site-packages/airflow/example_dags/plugins/workday.py
[2025-12-24T17:30:37.789+0000] {processor.py:842} WARNING - No viable dags retrieved from /home/airflow/.local/lib/python3.8/site-packages/airflow/example_dags/plugins/workday.py
[2025-12-24T17:30:37.803+0000] {processor.py:183} INFO - Processing /home/airflow/.local/lib/python3.8/site-packages/airflow/example_dags/plugins/workday.py took 0.441 seconds
[2025-12-24T17:31:08.795+0000] {processor.py:161} INFO - Started process (PID=13235) to work on /home/airflow/.local/lib/python3.8/site-packages/airflow/example_dags/plugins/workday.py
[2025-12-24T17:31:08.796+0000] {processor.py:830} INFO - Processing file /home/airflow/.local/lib/python3.8/site-packages/airflow/example_dags/plugins/workday.py for tasks to queue
[2025-12-24T17:31:08.798+0000] {logging_mixin.py:188} INFO - [2025-12-24T17:31:08.798+0000] {dagbag.py:538} INFO - Filling up the DagBag from /home/airflow/.local/lib/python3.8/site-packages/airflow/example_dags/plugins/workday.py
[2025-12-24T17:31:09.312+0000] {processor.py:842} WARNING - No viable dags retrieved from /home/airflow/.local/lib/python3.8/site-packages/airflow/example_dags/plugins/workday.py
[2025-12-24T17:31:09.324+0000] {processor.py:183} INFO - Processing /home/airflow/.local/lib/python3.8/site-packages/airflow/example_dags/plugins/workday.py took 0.537 seconds
[2025-12-24T17:31:40.223+0000] {processor.py:161} INFO - Started process (PID=13292) to work on /home/airflow/.local/lib/python3.8/site-packages/airflow/example_dags/plugins/workday.py
[2025-12-24T17:31:40.224+0000] {processor.py:830} INFO - Processing file /home/airflow/.local/lib/python3.8/site-packages/airflow/example_dags/plugins/workday.py for tasks to queue
[2025-12-24T17:31:40.225+0000] {logging_mixin.py:188} INFO - [2025-12-24T17:31:40.225+0000] {dagbag.py:538} INFO - Filling up the DagBag from /home/airflow/.local/lib/python3.8/site-packages/airflow/example_dags/plugins/workday.py
[2025-12-24T17:31:40.860+0000] {processor.py:842} WARNING - No viable dags retrieved from /home/airflow/.local/lib/python3.8/site-packages/airflow/example_dags/plugins/workday.py
[2025-12-24T17:31:40.874+0000] {processor.py:183} INFO - Processing /home/airflow/.local/lib/python3.8/site-packages/airflow/example_dags/plugins/workday.py took 0.654 seconds
[2025-12-24T17:32:10.938+0000] {processor.py:161} INFO - Started process (PID=13349) to work on /home/airflow/.local/lib/python3.8/site-packages/airflow/example_dags/plugins/workday.py
[2025-12-24T17:32:10.939+0000] {processor.py:830} INFO - Processing file /home/airflow/.local/lib/python3.8/site-packages/airflow/example_dags/plugins/workday.py for tasks to queue
[2025-12-24T17:32:10.940+0000] {logging_mixin.py:188} INFO - [2025-12-24T17:32:10.940+0000] {dagbag.py:538} INFO - Filling up the DagBag from /home/airflow/.local/lib/python3.8/site-packages/airflow/example_dags/plugins/workday.py
[2025-12-24T17:32:11.309+0000] {processor.py:842} WARNING - No viable dags retrieved from /home/airflow/.local/lib/python3.8/site-packages/airflow/example_dags/plugins/workday.py
[2025-12-24T17:32:11.323+0000] {processor.py:183} INFO - Processing /home/airflow/.local/lib/python3.8/site-packages/airflow/example_dags/plugins/workday.py took 0.390 seconds
[2025-12-24T17:32:41.464+0000] {processor.py:161} INFO - Started process (PID=13406) to work on /home/airflow/.local/lib/python3.8/site-packages/airflow/example_dags/plugins/workday.py
[2025-12-24T17:32:41.465+0000] {processor.py:830} INFO - Processing file /home/airflow/.local/lib/python3.8/site-packages/airflow/example_dags/plugins/workday.py for tasks to queue
[2025-12-24T17:32:41.466+0000] {logging_mixin.py:188} INFO - [2025-12-24T17:32:41.466+0000] {dagbag.py:538} INFO - Filling up the DagBag from /home/airflow/.local/lib/python3.8/site-packages/airflow/example_dags/plugins/workday.py
[2025-12-24T17:32:41.897+0000] {processor.py:842} WARNING - No viable dags retrieved from /home/airflow/.local/lib/python3.8/site-packages/airflow/example_dags/plugins/workday.py
[2025-12-24T17:32:41.914+0000] {processor.py:183} INFO - Processing /home/airflow/.local/lib/python3.8/site-packages/airflow/example_dags/plugins/workday.py took 0.454 seconds
[2025-12-24T17:33:12.089+0000] {processor.py:161} INFO - Started process (PID=13463) to work on /home/airflow/.local/lib/python3.8/site-packages/airflow/example_dags/plugins/workday.py
[2025-12-24T17:33:12.090+0000] {processor.py:830} INFO - Processing file /home/airflow/.local/lib/python3.8/site-packages/airflow/example_dags/plugins/workday.py for tasks to queue
[2025-12-24T17:33:12.091+0000] {logging_mixin.py:188} INFO - [2025-12-24T17:33:12.091+0000] {dagbag.py:538} INFO - Filling up the DagBag from /home/airflow/.local/lib/python3.8/site-packages/airflow/example_dags/plugins/workday.py
[2025-12-24T17:33:12.528+0000] {processor.py:842} WARNING - No viable dags retrieved from /home/airflow/.local/lib/python3.8/site-packages/airflow/example_dags/plugins/workday.py
[2025-12-24T17:33:12.540+0000] {processor.py:183} INFO - Processing /home/airflow/.local/lib/python3.8/site-packages/airflow/example_dags/plugins/workday.py took 0.456 seconds
[2025-12-24T17:33:43.274+0000] {processor.py:161} INFO - Started process (PID=13521) to work on /home/airflow/.local/lib/python3.8/site-packages/airflow/example_dags/plugins/workday.py
[2025-12-24T17:33:43.276+0000] {processor.py:830} INFO - Processing file /home/airflow/.local/lib/python3.8/site-packages/airflow/example_dags/plugins/workday.py for tasks to queue
[2025-12-24T17:33:43.277+0000] {logging_mixin.py:188} INFO - [2025-12-24T17:33:43.276+0000] {dagbag.py:538} INFO - Filling up the DagBag from /home/airflow/.local/lib/python3.8/site-packages/airflow/example_dags/plugins/workday.py
[2025-12-24T17:33:43.728+0000] {processor.py:842} WARNING - No viable dags retrieved from /home/airflow/.local/lib/python3.8/site-packages/airflow/example_dags/plugins/workday.py
[2025-12-24T17:33:43.741+0000] {processor.py:183} INFO - Processing /home/airflow/.local/lib/python3.8/site-packages/airflow/example_dags/plugins/workday.py took 0.471 seconds
[2025-12-24T17:34:14.649+0000] {processor.py:161} INFO - Started process (PID=13579) to work on /home/airflow/.local/lib/python3.8/site-packages/airflow/example_dags/plugins/workday.py
[2025-12-24T17:34:14.650+0000] {processor.py:830} INFO - Processing file /home/airflow/.local/lib/python3.8/site-packages/airflow/example_dags/plugins/workday.py for tasks to queue
[2025-12-24T17:34:14.651+0000] {logging_mixin.py:188} INFO - [2025-12-24T17:34:14.651+0000] {dagbag.py:538} INFO - Filling up the DagBag from /home/airflow/.local/lib/python3.8/site-packages/airflow/example_dags/plugins/workday.py
[2025-12-24T17:34:15.129+0000] {processor.py:842} WARNING - No viable dags retrieved from /home/airflow/.local/lib/python3.8/site-packages/airflow/example_dags/plugins/workday.py
[2025-12-24T17:34:15.140+0000] {processor.py:183} INFO - Processing /home/airflow/.local/lib/python3.8/site-packages/airflow/example_dags/plugins/workday.py took 0.495 seconds
[2025-12-24T17:34:45.872+0000] {processor.py:161} INFO - Started process (PID=13638) to work on /home/airflow/.local/lib/python3.8/site-packages/airflow/example_dags/plugins/workday.py
[2025-12-24T17:34:45.874+0000] {processor.py:830} INFO - Processing file /home/airflow/.local/lib/python3.8/site-packages/airflow/example_dags/plugins/workday.py for tasks to queue
[2025-12-24T17:34:45.875+0000] {logging_mixin.py:188} INFO - [2025-12-24T17:34:45.874+0000] {dagbag.py:538} INFO - Filling up the DagBag from /home/airflow/.local/lib/python3.8/site-packages/airflow/example_dags/plugins/workday.py
[2025-12-24T17:34:46.285+0000] {processor.py:842} WARNING - No viable dags retrieved from /home/airflow/.local/lib/python3.8/site-packages/airflow/example_dags/plugins/workday.py
[2025-12-24T17:34:46.298+0000] {processor.py:183} INFO - Processing /home/airflow/.local/lib/python3.8/site-packages/airflow/example_dags/plugins/workday.py took 0.429 seconds
[2025-12-24T17:35:17.182+0000] {processor.py:161} INFO - Started process (PID=13695) to work on /home/airflow/.local/lib/python3.8/site-packages/airflow/example_dags/plugins/workday.py
[2025-12-24T17:35:17.183+0000] {processor.py:830} INFO - Processing file /home/airflow/.local/lib/python3.8/site-packages/airflow/example_dags/plugins/workday.py for tasks to queue
[2025-12-24T17:35:17.184+0000] {logging_mixin.py:188} INFO - [2025-12-24T17:35:17.183+0000] {dagbag.py:538} INFO - Filling up the DagBag from /home/airflow/.local/lib/python3.8/site-packages/airflow/example_dags/plugins/workday.py
[2025-12-24T17:35:17.562+0000] {processor.py:842} WARNING - No viable dags retrieved from /home/airflow/.local/lib/python3.8/site-packages/airflow/example_dags/plugins/workday.py
[2025-12-24T17:35:17.574+0000] {processor.py:183} INFO - Processing /home/airflow/.local/lib/python3.8/site-packages/airflow/example_dags/plugins/workday.py took 0.396 seconds
[2025-12-24T17:35:48.657+0000] {processor.py:161} INFO - Started process (PID=13755) to work on /home/airflow/.local/lib/python3.8/site-packages/airflow/example_dags/plugins/workday.py
[2025-12-24T17:35:48.658+0000] {processor.py:830} INFO - Processing file /home/airflow/.local/lib/python3.8/site-packages/airflow/example_dags/plugins/workday.py for tasks to queue
[2025-12-24T17:35:48.660+0000] {logging_mixin.py:188} INFO - [2025-12-24T17:35:48.659+0000] {dagbag.py:538} INFO - Filling up the DagBag from /home/airflow/.local/lib/python3.8/site-packages/airflow/example_dags/plugins/workday.py
[2025-12-24T17:35:49.075+0000] {processor.py:842} WARNING - No viable dags retrieved from /home/airflow/.local/lib/python3.8/site-packages/airflow/example_dags/plugins/workday.py
[2025-12-24T17:35:49.086+0000] {processor.py:183} INFO - Processing /home/airflow/.local/lib/python3.8/site-packages/airflow/example_dags/plugins/workday.py took 0.435 seconds
[2025-12-24T17:36:19.927+0000] {processor.py:161} INFO - Started process (PID=13814) to work on /home/airflow/.local/lib/python3.8/site-packages/airflow/example_dags/plugins/workday.py
[2025-12-24T17:36:19.928+0000] {processor.py:830} INFO - Processing file /home/airflow/.local/lib/python3.8/site-packages/airflow/example_dags/plugins/workday.py for tasks to queue
[2025-12-24T17:36:19.929+0000] {logging_mixin.py:188} INFO - [2025-12-24T17:36:19.928+0000] {dagbag.py:538} INFO - Filling up the DagBag from /home/airflow/.local/lib/python3.8/site-packages/airflow/example_dags/plugins/workday.py
[2025-12-24T17:36:20.294+0000] {processor.py:842} WARNING - No viable dags retrieved from /home/airflow/.local/lib/python3.8/site-packages/airflow/example_dags/plugins/workday.py
[2025-12-24T17:36:20.306+0000] {processor.py:183} INFO - Processing /home/airflow/.local/lib/python3.8/site-packages/airflow/example_dags/plugins/workday.py took 0.383 seconds
[2025-12-24T17:36:51.162+0000] {processor.py:161} INFO - Started process (PID=13871) to work on /home/airflow/.local/lib/python3.8/site-packages/airflow/example_dags/plugins/workday.py
[2025-12-24T17:36:51.163+0000] {processor.py:830} INFO - Processing file /home/airflow/.local/lib/python3.8/site-packages/airflow/example_dags/plugins/workday.py for tasks to queue
[2025-12-24T17:36:51.164+0000] {logging_mixin.py:188} INFO - [2025-12-24T17:36:51.164+0000] {dagbag.py:538} INFO - Filling up the DagBag from /home/airflow/.local/lib/python3.8/site-packages/airflow/example_dags/plugins/workday.py
[2025-12-24T17:36:51.541+0000] {processor.py:842} WARNING - No viable dags retrieved from /home/airflow/.local/lib/python3.8/site-packages/airflow/example_dags/plugins/workday.py
[2025-12-24T17:36:51.554+0000] {processor.py:183} INFO - Processing /home/airflow/.local/lib/python3.8/site-packages/airflow/example_dags/plugins/workday.py took 0.395 seconds
[2025-12-24T17:37:22.340+0000] {processor.py:161} INFO - Started process (PID=13928) to work on /home/airflow/.local/lib/python3.8/site-packages/airflow/example_dags/plugins/workday.py
[2025-12-24T17:37:22.341+0000] {processor.py:830} INFO - Processing file /home/airflow/.local/lib/python3.8/site-packages/airflow/example_dags/plugins/workday.py for tasks to queue
[2025-12-24T17:37:22.342+0000] {logging_mixin.py:188} INFO - [2025-12-24T17:37:22.342+0000] {dagbag.py:538} INFO - Filling up the DagBag from /home/airflow/.local/lib/python3.8/site-packages/airflow/example_dags/plugins/workday.py
[2025-12-24T17:37:22.783+0000] {processor.py:842} WARNING - No viable dags retrieved from /home/airflow/.local/lib/python3.8/site-packages/airflow/example_dags/plugins/workday.py
[2025-12-24T17:37:22.795+0000] {processor.py:183} INFO - Processing /home/airflow/.local/lib/python3.8/site-packages/airflow/example_dags/plugins/workday.py took 0.458 seconds
[2025-12-24T17:37:53.702+0000] {processor.py:161} INFO - Started process (PID=13985) to work on /home/airflow/.local/lib/python3.8/site-packages/airflow/example_dags/plugins/workday.py
[2025-12-24T17:37:53.703+0000] {processor.py:830} INFO - Processing file /home/airflow/.local/lib/python3.8/site-packages/airflow/example_dags/plugins/workday.py for tasks to queue
[2025-12-24T17:37:53.704+0000] {logging_mixin.py:188} INFO - [2025-12-24T17:37:53.704+0000] {dagbag.py:538} INFO - Filling up the DagBag from /home/airflow/.local/lib/python3.8/site-packages/airflow/example_dags/plugins/workday.py
[2025-12-24T17:37:54.157+0000] {processor.py:842} WARNING - No viable dags retrieved from /home/airflow/.local/lib/python3.8/site-packages/airflow/example_dags/plugins/workday.py
[2025-12-24T17:37:54.170+0000] {processor.py:183} INFO - Processing /home/airflow/.local/lib/python3.8/site-packages/airflow/example_dags/plugins/workday.py took 0.471 seconds
[2025-12-24T17:38:25.405+0000] {processor.py:161} INFO - Started process (PID=14046) to work on /home/airflow/.local/lib/python3.8/site-packages/airflow/example_dags/plugins/workday.py
[2025-12-24T17:38:25.407+0000] {processor.py:830} INFO - Processing file /home/airflow/.local/lib/python3.8/site-packages/airflow/example_dags/plugins/workday.py for tasks to queue
[2025-12-24T17:38:25.408+0000] {logging_mixin.py:188} INFO - [2025-12-24T17:38:25.408+0000] {dagbag.py:538} INFO - Filling up the DagBag from /home/airflow/.local/lib/python3.8/site-packages/airflow/example_dags/plugins/workday.py
[2025-12-24T17:38:25.826+0000] {processor.py:842} WARNING - No viable dags retrieved from /home/airflow/.local/lib/python3.8/site-packages/airflow/example_dags/plugins/workday.py
[2025-12-24T17:38:25.839+0000] {processor.py:183} INFO - Processing /home/airflow/.local/lib/python3.8/site-packages/airflow/example_dags/plugins/workday.py took 0.438 seconds
[2025-12-24T17:38:56.727+0000] {processor.py:161} INFO - Started process (PID=14105) to work on /home/airflow/.local/lib/python3.8/site-packages/airflow/example_dags/plugins/workday.py
[2025-12-24T17:38:56.729+0000] {processor.py:830} INFO - Processing file /home/airflow/.local/lib/python3.8/site-packages/airflow/example_dags/plugins/workday.py for tasks to queue
[2025-12-24T17:38:56.731+0000] {logging_mixin.py:188} INFO - [2025-12-24T17:38:56.731+0000] {dagbag.py:538} INFO - Filling up the DagBag from /home/airflow/.local/lib/python3.8/site-packages/airflow/example_dags/plugins/workday.py
[2025-12-24T17:38:57.153+0000] {processor.py:842} WARNING - No viable dags retrieved from /home/airflow/.local/lib/python3.8/site-packages/airflow/example_dags/plugins/workday.py
[2025-12-24T17:38:57.166+0000] {processor.py:183} INFO - Processing /home/airflow/.local/lib/python3.8/site-packages/airflow/example_dags/plugins/workday.py took 0.444 seconds
[2025-12-24T17:39:27.673+0000] {processor.py:161} INFO - Started process (PID=14162) to work on /home/airflow/.local/lib/python3.8/site-packages/airflow/example_dags/plugins/workday.py
[2025-12-24T17:39:27.674+0000] {processor.py:830} INFO - Processing file /home/airflow/.local/lib/python3.8/site-packages/airflow/example_dags/plugins/workday.py for tasks to queue
[2025-12-24T17:39:27.675+0000] {logging_mixin.py:188} INFO - [2025-12-24T17:39:27.675+0000] {dagbag.py:538} INFO - Filling up the DagBag from /home/airflow/.local/lib/python3.8/site-packages/airflow/example_dags/plugins/workday.py
[2025-12-24T17:39:28.054+0000] {processor.py:842} WARNING - No viable dags retrieved from /home/airflow/.local/lib/python3.8/site-packages/airflow/example_dags/plugins/workday.py
[2025-12-24T17:39:28.066+0000] {processor.py:183} INFO - Processing /home/airflow/.local/lib/python3.8/site-packages/airflow/example_dags/plugins/workday.py took 0.396 seconds
[2025-12-24T17:39:59.201+0000] {processor.py:161} INFO - Started process (PID=14221) to work on /home/airflow/.local/lib/python3.8/site-packages/airflow/example_dags/plugins/workday.py
[2025-12-24T17:39:59.202+0000] {processor.py:830} INFO - Processing file /home/airflow/.local/lib/python3.8/site-packages/airflow/example_dags/plugins/workday.py for tasks to queue
[2025-12-24T17:39:59.203+0000] {logging_mixin.py:188} INFO - [2025-12-24T17:39:59.203+0000] {dagbag.py:538} INFO - Filling up the DagBag from /home/airflow/.local/lib/python3.8/site-packages/airflow/example_dags/plugins/workday.py
[2025-12-24T17:39:59.617+0000] {processor.py:842} WARNING - No viable dags retrieved from /home/airflow/.local/lib/python3.8/site-packages/airflow/example_dags/plugins/workday.py
[2025-12-24T17:39:59.630+0000] {processor.py:183} INFO - Processing /home/airflow/.local/lib/python3.8/site-packages/airflow/example_dags/plugins/workday.py took 0.433 seconds
[2025-12-24T17:40:29.766+0000] {processor.py:161} INFO - Started process (PID=14278) to work on /home/airflow/.local/lib/python3.8/site-packages/airflow/example_dags/plugins/workday.py
[2025-12-24T17:40:29.767+0000] {processor.py:830} INFO - Processing file /home/airflow/.local/lib/python3.8/site-packages/airflow/example_dags/plugins/workday.py for tasks to queue
[2025-12-24T17:40:29.768+0000] {logging_mixin.py:188} INFO - [2025-12-24T17:40:29.768+0000] {dagbag.py:538} INFO - Filling up the DagBag from /home/airflow/.local/lib/python3.8/site-packages/airflow/example_dags/plugins/workday.py
[2025-12-24T17:40:30.187+0000] {processor.py:842} WARNING - No viable dags retrieved from /home/airflow/.local/lib/python3.8/site-packages/airflow/example_dags/plugins/workday.py
[2025-12-24T17:40:30.201+0000] {processor.py:183} INFO - Processing /home/airflow/.local/lib/python3.8/site-packages/airflow/example_dags/plugins/workday.py took 0.439 seconds
[2025-12-24T17:41:01.222+0000] {processor.py:161} INFO - Started process (PID=14337) to work on /home/airflow/.local/lib/python3.8/site-packages/airflow/example_dags/plugins/workday.py
[2025-12-24T17:41:01.223+0000] {processor.py:830} INFO - Processing file /home/airflow/.local/lib/python3.8/site-packages/airflow/example_dags/plugins/workday.py for tasks to queue
[2025-12-24T17:41:01.224+0000] {logging_mixin.py:188} INFO - [2025-12-24T17:41:01.223+0000] {dagbag.py:538} INFO - Filling up the DagBag from /home/airflow/.local/lib/python3.8/site-packages/airflow/example_dags/plugins/workday.py
[2025-12-24T17:41:01.619+0000] {processor.py:842} WARNING - No viable dags retrieved from /home/airflow/.local/lib/python3.8/site-packages/airflow/example_dags/plugins/workday.py
[2025-12-24T17:41:01.632+0000] {processor.py:183} INFO - Processing /home/airflow/.local/lib/python3.8/site-packages/airflow/example_dags/plugins/workday.py took 0.413 seconds
[2025-12-24T17:41:32.529+0000] {processor.py:161} INFO - Started process (PID=14396) to work on /home/airflow/.local/lib/python3.8/site-packages/airflow/example_dags/plugins/workday.py
[2025-12-24T17:41:32.530+0000] {processor.py:830} INFO - Processing file /home/airflow/.local/lib/python3.8/site-packages/airflow/example_dags/plugins/workday.py for tasks to queue
[2025-12-24T17:41:32.531+0000] {logging_mixin.py:188} INFO - [2025-12-24T17:41:32.531+0000] {dagbag.py:538} INFO - Filling up the DagBag from /home/airflow/.local/lib/python3.8/site-packages/airflow/example_dags/plugins/workday.py
[2025-12-24T17:41:32.942+0000] {processor.py:842} WARNING - No viable dags retrieved from /home/airflow/.local/lib/python3.8/site-packages/airflow/example_dags/plugins/workday.py
[2025-12-24T17:41:32.956+0000] {processor.py:183} INFO - Processing /home/airflow/.local/lib/python3.8/site-packages/airflow/example_dags/plugins/workday.py took 0.430 seconds
[2025-12-24T17:42:04.211+0000] {processor.py:161} INFO - Started process (PID=14457) to work on /home/airflow/.local/lib/python3.8/site-packages/airflow/example_dags/plugins/workday.py
[2025-12-24T17:42:04.212+0000] {processor.py:830} INFO - Processing file /home/airflow/.local/lib/python3.8/site-packages/airflow/example_dags/plugins/workday.py for tasks to queue
[2025-12-24T17:42:04.213+0000] {logging_mixin.py:188} INFO - [2025-12-24T17:42:04.213+0000] {dagbag.py:538} INFO - Filling up the DagBag from /home/airflow/.local/lib/python3.8/site-packages/airflow/example_dags/plugins/workday.py
[2025-12-24T17:42:04.598+0000] {processor.py:842} WARNING - No viable dags retrieved from /home/airflow/.local/lib/python3.8/site-packages/airflow/example_dags/plugins/workday.py
[2025-12-24T17:42:04.611+0000] {processor.py:183} INFO - Processing /home/airflow/.local/lib/python3.8/site-packages/airflow/example_dags/plugins/workday.py took 0.403 seconds
[2025-12-24T17:42:35.414+0000] {processor.py:161} INFO - Started process (PID=14514) to work on /home/airflow/.local/lib/python3.8/site-packages/airflow/example_dags/plugins/workday.py
[2025-12-24T17:42:35.415+0000] {processor.py:830} INFO - Processing file /home/airflow/.local/lib/python3.8/site-packages/airflow/example_dags/plugins/workday.py for tasks to queue
[2025-12-24T17:42:35.416+0000] {logging_mixin.py:188} INFO - [2025-12-24T17:42:35.415+0000] {dagbag.py:538} INFO - Filling up the DagBag from /home/airflow/.local/lib/python3.8/site-packages/airflow/example_dags/plugins/workday.py
[2025-12-24T17:42:35.805+0000] {processor.py:842} WARNING - No viable dags retrieved from /home/airflow/.local/lib/python3.8/site-packages/airflow/example_dags/plugins/workday.py
[2025-12-24T17:42:35.817+0000] {processor.py:183} INFO - Processing /home/airflow/.local/lib/python3.8/site-packages/airflow/example_dags/plugins/workday.py took 0.407 seconds
[2025-12-24T17:43:05.914+0000] {processor.py:161} INFO - Started process (PID=14571) to work on /home/airflow/.local/lib/python3.8/site-packages/airflow/example_dags/plugins/workday.py
[2025-12-24T17:43:05.915+0000] {processor.py:830} INFO - Processing file /home/airflow/.local/lib/python3.8/site-packages/airflow/example_dags/plugins/workday.py for tasks to queue
[2025-12-24T17:43:05.916+0000] {logging_mixin.py:188} INFO - [2025-12-24T17:43:05.916+0000] {dagbag.py:538} INFO - Filling up the DagBag from /home/airflow/.local/lib/python3.8/site-packages/airflow/example_dags/plugins/workday.py
[2025-12-24T17:43:06.297+0000] {processor.py:842} WARNING - No viable dags retrieved from /home/airflow/.local/lib/python3.8/site-packages/airflow/example_dags/plugins/workday.py
[2025-12-24T17:43:06.308+0000] {processor.py:183} INFO - Processing /home/airflow/.local/lib/python3.8/site-packages/airflow/example_dags/plugins/workday.py took 0.398 seconds
[2025-12-24T17:43:36.479+0000] {processor.py:161} INFO - Started process (PID=14628) to work on /home/airflow/.local/lib/python3.8/site-packages/airflow/example_dags/plugins/workday.py
[2025-12-24T17:43:36.480+0000] {processor.py:830} INFO - Processing file /home/airflow/.local/lib/python3.8/site-packages/airflow/example_dags/plugins/workday.py for tasks to queue
[2025-12-24T17:43:36.481+0000] {logging_mixin.py:188} INFO - [2025-12-24T17:43:36.481+0000] {dagbag.py:538} INFO - Filling up the DagBag from /home/airflow/.local/lib/python3.8/site-packages/airflow/example_dags/plugins/workday.py
[2025-12-24T17:43:36.850+0000] {processor.py:842} WARNING - No viable dags retrieved from /home/airflow/.local/lib/python3.8/site-packages/airflow/example_dags/plugins/workday.py
[2025-12-24T17:43:36.863+0000] {processor.py:183} INFO - Processing /home/airflow/.local/lib/python3.8/site-packages/airflow/example_dags/plugins/workday.py took 0.388 seconds
[2025-12-24T17:44:07.778+0000] {processor.py:161} INFO - Started process (PID=14691) to work on /home/airflow/.local/lib/python3.8/site-packages/airflow/example_dags/plugins/workday.py
[2025-12-24T17:44:07.779+0000] {processor.py:830} INFO - Processing file /home/airflow/.local/lib/python3.8/site-packages/airflow/example_dags/plugins/workday.py for tasks to queue
[2025-12-24T17:44:07.780+0000] {logging_mixin.py:188} INFO - [2025-12-24T17:44:07.780+0000] {dagbag.py:538} INFO - Filling up the DagBag from /home/airflow/.local/lib/python3.8/site-packages/airflow/example_dags/plugins/workday.py
[2025-12-24T17:44:08.163+0000] {processor.py:842} WARNING - No viable dags retrieved from /home/airflow/.local/lib/python3.8/site-packages/airflow/example_dags/plugins/workday.py
[2025-12-24T17:44:08.175+0000] {processor.py:183} INFO - Processing /home/airflow/.local/lib/python3.8/site-packages/airflow/example_dags/plugins/workday.py took 0.400 seconds
[2025-12-24T17:44:39.076+0000] {processor.py:161} INFO - Started process (PID=14748) to work on /home/airflow/.local/lib/python3.8/site-packages/airflow/example_dags/plugins/workday.py
[2025-12-24T17:44:39.077+0000] {processor.py:830} INFO - Processing file /home/airflow/.local/lib/python3.8/site-packages/airflow/example_dags/plugins/workday.py for tasks to queue
[2025-12-24T17:44:39.078+0000] {logging_mixin.py:188} INFO - [2025-12-24T17:44:39.077+0000] {dagbag.py:538} INFO - Filling up the DagBag from /home/airflow/.local/lib/python3.8/site-packages/airflow/example_dags/plugins/workday.py
[2025-12-24T17:44:39.504+0000] {processor.py:842} WARNING - No viable dags retrieved from /home/airflow/.local/lib/python3.8/site-packages/airflow/example_dags/plugins/workday.py
[2025-12-24T17:44:39.517+0000] {processor.py:183} INFO - Processing /home/airflow/.local/lib/python3.8/site-packages/airflow/example_dags/plugins/workday.py took 0.445 seconds
[2025-12-24T17:45:10.395+0000] {processor.py:161} INFO - Started process (PID=14805) to work on /home/airflow/.local/lib/python3.8/site-packages/airflow/example_dags/plugins/workday.py
[2025-12-24T17:45:10.396+0000] {processor.py:830} INFO - Processing file /home/airflow/.local/lib/python3.8/site-packages/airflow/example_dags/plugins/workday.py for tasks to queue
[2025-12-24T17:45:10.397+0000] {logging_mixin.py:188} INFO - [2025-12-24T17:45:10.397+0000] {dagbag.py:538} INFO - Filling up the DagBag from /home/airflow/.local/lib/python3.8/site-packages/airflow/example_dags/plugins/workday.py
[2025-12-24T17:45:10.791+0000] {processor.py:842} WARNING - No viable dags retrieved from /home/airflow/.local/lib/python3.8/site-packages/airflow/example_dags/plugins/workday.py
[2025-12-24T17:45:10.803+0000] {processor.py:183} INFO - Processing /home/airflow/.local/lib/python3.8/site-packages/airflow/example_dags/plugins/workday.py took 0.412 seconds
[2025-12-24T17:45:40.982+0000] {processor.py:161} INFO - Started process (PID=14864) to work on /home/airflow/.local/lib/python3.8/site-packages/airflow/example_dags/plugins/workday.py
[2025-12-24T17:45:40.983+0000] {processor.py:830} INFO - Processing file /home/airflow/.local/lib/python3.8/site-packages/airflow/example_dags/plugins/workday.py for tasks to queue
[2025-12-24T17:45:40.984+0000] {logging_mixin.py:188} INFO - [2025-12-24T17:45:40.984+0000] {dagbag.py:538} INFO - Filling up the DagBag from /home/airflow/.local/lib/python3.8/site-packages/airflow/example_dags/plugins/workday.py
[2025-12-24T17:45:41.359+0000] {processor.py:842} WARNING - No viable dags retrieved from /home/airflow/.local/lib/python3.8/site-packages/airflow/example_dags/plugins/workday.py
[2025-12-24T17:45:41.371+0000] {processor.py:183} INFO - Processing /home/airflow/.local/lib/python3.8/site-packages/airflow/example_dags/plugins/workday.py took 0.392 seconds
[2025-12-24T17:46:11.964+0000] {processor.py:161} INFO - Started process (PID=14921) to work on /home/airflow/.local/lib/python3.8/site-packages/airflow/example_dags/plugins/workday.py
[2025-12-24T17:46:11.965+0000] {processor.py:830} INFO - Processing file /home/airflow/.local/lib/python3.8/site-packages/airflow/example_dags/plugins/workday.py for tasks to queue
[2025-12-24T17:46:11.967+0000] {logging_mixin.py:188} INFO - [2025-12-24T17:46:11.966+0000] {dagbag.py:538} INFO - Filling up the DagBag from /home/airflow/.local/lib/python3.8/site-packages/airflow/example_dags/plugins/workday.py
[2025-12-24T17:46:12.314+0000] {processor.py:842} WARNING - No viable dags retrieved from /home/airflow/.local/lib/python3.8/site-packages/airflow/example_dags/plugins/workday.py
[2025-12-24T17:46:12.327+0000] {processor.py:183} INFO - Processing /home/airflow/.local/lib/python3.8/site-packages/airflow/example_dags/plugins/workday.py took 0.367 seconds
[2025-12-24T17:46:42.575+0000] {processor.py:161} INFO - Started process (PID=14978) to work on /home/airflow/.local/lib/python3.8/site-packages/airflow/example_dags/plugins/workday.py
[2025-12-24T17:46:42.576+0000] {processor.py:830} INFO - Processing file /home/airflow/.local/lib/python3.8/site-packages/airflow/example_dags/plugins/workday.py for tasks to queue
[2025-12-24T17:46:42.578+0000] {logging_mixin.py:188} INFO - [2025-12-24T17:46:42.577+0000] {dagbag.py:538} INFO - Filling up the DagBag from /home/airflow/.local/lib/python3.8/site-packages/airflow/example_dags/plugins/workday.py
[2025-12-24T17:46:42.947+0000] {processor.py:842} WARNING - No viable dags retrieved from /home/airflow/.local/lib/python3.8/site-packages/airflow/example_dags/plugins/workday.py
[2025-12-24T17:46:42.960+0000] {processor.py:183} INFO - Processing /home/airflow/.local/lib/python3.8/site-packages/airflow/example_dags/plugins/workday.py took 0.389 seconds
[2025-12-24T17:47:13.123+0000] {processor.py:161} INFO - Started process (PID=15035) to work on /home/airflow/.local/lib/python3.8/site-packages/airflow/example_dags/plugins/workday.py
[2025-12-24T17:47:13.124+0000] {processor.py:830} INFO - Processing file /home/airflow/.local/lib/python3.8/site-packages/airflow/example_dags/plugins/workday.py for tasks to queue
[2025-12-24T17:47:13.126+0000] {logging_mixin.py:188} INFO - [2025-12-24T17:47:13.125+0000] {dagbag.py:538} INFO - Filling up the DagBag from /home/airflow/.local/lib/python3.8/site-packages/airflow/example_dags/plugins/workday.py
[2025-12-24T17:47:13.520+0000] {processor.py:842} WARNING - No viable dags retrieved from /home/airflow/.local/lib/python3.8/site-packages/airflow/example_dags/plugins/workday.py
[2025-12-24T17:47:13.534+0000] {processor.py:183} INFO - Processing /home/airflow/.local/lib/python3.8/site-packages/airflow/example_dags/plugins/workday.py took 0.416 seconds
[2025-12-24T17:47:44.152+0000] {processor.py:161} INFO - Started process (PID=15093) to work on /home/airflow/.local/lib/python3.8/site-packages/airflow/example_dags/plugins/workday.py
[2025-12-24T17:47:44.154+0000] {processor.py:830} INFO - Processing file /home/airflow/.local/lib/python3.8/site-packages/airflow/example_dags/plugins/workday.py for tasks to queue
[2025-12-24T17:47:44.155+0000] {logging_mixin.py:188} INFO - [2025-12-24T17:47:44.155+0000] {dagbag.py:538} INFO - Filling up the DagBag from /home/airflow/.local/lib/python3.8/site-packages/airflow/example_dags/plugins/workday.py
[2025-12-24T17:47:44.592+0000] {processor.py:842} WARNING - No viable dags retrieved from /home/airflow/.local/lib/python3.8/site-packages/airflow/example_dags/plugins/workday.py
[2025-12-24T17:47:44.606+0000] {processor.py:183} INFO - Processing /home/airflow/.local/lib/python3.8/site-packages/airflow/example_dags/plugins/workday.py took 0.459 seconds
[2025-12-24T17:48:15.407+0000] {processor.py:161} INFO - Started process (PID=15152) to work on /home/airflow/.local/lib/python3.8/site-packages/airflow/example_dags/plugins/workday.py
[2025-12-24T17:48:15.408+0000] {processor.py:830} INFO - Processing file /home/airflow/.local/lib/python3.8/site-packages/airflow/example_dags/plugins/workday.py for tasks to queue
[2025-12-24T17:48:15.409+0000] {logging_mixin.py:188} INFO - [2025-12-24T17:48:15.409+0000] {dagbag.py:538} INFO - Filling up the DagBag from /home/airflow/.local/lib/python3.8/site-packages/airflow/example_dags/plugins/workday.py
[2025-12-24T17:48:15.830+0000] {processor.py:842} WARNING - No viable dags retrieved from /home/airflow/.local/lib/python3.8/site-packages/airflow/example_dags/plugins/workday.py
[2025-12-24T17:48:15.841+0000] {processor.py:183} INFO - Processing /home/airflow/.local/lib/python3.8/site-packages/airflow/example_dags/plugins/workday.py took 0.439 seconds
[2025-12-24T17:48:46.811+0000] {processor.py:161} INFO - Started process (PID=15210) to work on /home/airflow/.local/lib/python3.8/site-packages/airflow/example_dags/plugins/workday.py
[2025-12-24T17:48:46.812+0000] {processor.py:830} INFO - Processing file /home/airflow/.local/lib/python3.8/site-packages/airflow/example_dags/plugins/workday.py for tasks to queue
[2025-12-24T17:48:46.813+0000] {logging_mixin.py:188} INFO - [2025-12-24T17:48:46.813+0000] {dagbag.py:538} INFO - Filling up the DagBag from /home/airflow/.local/lib/python3.8/site-packages/airflow/example_dags/plugins/workday.py
[2025-12-24T17:48:47.080+0000] {processor.py:842} WARNING - No viable dags retrieved from /home/airflow/.local/lib/python3.8/site-packages/airflow/example_dags/plugins/workday.py
[2025-12-24T17:48:47.097+0000] {processor.py:183} INFO - Processing /home/airflow/.local/lib/python3.8/site-packages/airflow/example_dags/plugins/workday.py took 0.289 seconds
[2025-12-24T17:49:17.733+0000] {processor.py:161} INFO - Started process (PID=15269) to work on /home/airflow/.local/lib/python3.8/site-packages/airflow/example_dags/plugins/workday.py
[2025-12-24T17:49:17.734+0000] {processor.py:830} INFO - Processing file /home/airflow/.local/lib/python3.8/site-packages/airflow/example_dags/plugins/workday.py for tasks to queue
[2025-12-24T17:49:17.735+0000] {logging_mixin.py:188} INFO - [2025-12-24T17:49:17.734+0000] {dagbag.py:538} INFO - Filling up the DagBag from /home/airflow/.local/lib/python3.8/site-packages/airflow/example_dags/plugins/workday.py
[2025-12-24T17:49:17.979+0000] {processor.py:842} WARNING - No viable dags retrieved from /home/airflow/.local/lib/python3.8/site-packages/airflow/example_dags/plugins/workday.py
[2025-12-24T17:49:17.995+0000] {processor.py:183} INFO - Processing /home/airflow/.local/lib/python3.8/site-packages/airflow/example_dags/plugins/workday.py took 0.266 seconds
[2025-12-24T17:49:48.062+0000] {processor.py:161} INFO - Started process (PID=15327) to work on /home/airflow/.local/lib/python3.8/site-packages/airflow/example_dags/plugins/workday.py
[2025-12-24T17:49:48.063+0000] {processor.py:830} INFO - Processing file /home/airflow/.local/lib/python3.8/site-packages/airflow/example_dags/plugins/workday.py for tasks to queue
[2025-12-24T17:49:48.064+0000] {logging_mixin.py:188} INFO - [2025-12-24T17:49:48.064+0000] {dagbag.py:538} INFO - Filling up the DagBag from /home/airflow/.local/lib/python3.8/site-packages/airflow/example_dags/plugins/workday.py
[2025-12-24T17:49:48.311+0000] {processor.py:842} WARNING - No viable dags retrieved from /home/airflow/.local/lib/python3.8/site-packages/airflow/example_dags/plugins/workday.py
[2025-12-24T17:49:48.328+0000] {processor.py:183} INFO - Processing /home/airflow/.local/lib/python3.8/site-packages/airflow/example_dags/plugins/workday.py took 0.270 seconds
[2025-12-24T17:50:18.453+0000] {processor.py:161} INFO - Started process (PID=15384) to work on /home/airflow/.local/lib/python3.8/site-packages/airflow/example_dags/plugins/workday.py
[2025-12-24T17:50:18.454+0000] {processor.py:830} INFO - Processing file /home/airflow/.local/lib/python3.8/site-packages/airflow/example_dags/plugins/workday.py for tasks to queue
[2025-12-24T17:50:18.456+0000] {logging_mixin.py:188} INFO - [2025-12-24T17:50:18.455+0000] {dagbag.py:538} INFO - Filling up the DagBag from /home/airflow/.local/lib/python3.8/site-packages/airflow/example_dags/plugins/workday.py
[2025-12-24T17:50:18.699+0000] {processor.py:842} WARNING - No viable dags retrieved from /home/airflow/.local/lib/python3.8/site-packages/airflow/example_dags/plugins/workday.py
[2025-12-24T17:50:18.717+0000] {processor.py:183} INFO - Processing /home/airflow/.local/lib/python3.8/site-packages/airflow/example_dags/plugins/workday.py took 0.267 seconds
[2025-12-24T17:50:49.492+0000] {processor.py:161} INFO - Started process (PID=15441) to work on /home/airflow/.local/lib/python3.8/site-packages/airflow/example_dags/plugins/workday.py
[2025-12-24T17:50:49.493+0000] {processor.py:830} INFO - Processing file /home/airflow/.local/lib/python3.8/site-packages/airflow/example_dags/plugins/workday.py for tasks to queue
[2025-12-24T17:50:49.494+0000] {logging_mixin.py:188} INFO - [2025-12-24T17:50:49.494+0000] {dagbag.py:538} INFO - Filling up the DagBag from /home/airflow/.local/lib/python3.8/site-packages/airflow/example_dags/plugins/workday.py
[2025-12-24T17:50:49.759+0000] {processor.py:842} WARNING - No viable dags retrieved from /home/airflow/.local/lib/python3.8/site-packages/airflow/example_dags/plugins/workday.py
[2025-12-24T17:50:49.775+0000] {processor.py:183} INFO - Processing /home/airflow/.local/lib/python3.8/site-packages/airflow/example_dags/plugins/workday.py took 0.286 seconds
[2025-12-24T17:51:20.053+0000] {processor.py:161} INFO - Started process (PID=15500) to work on /home/airflow/.local/lib/python3.8/site-packages/airflow/example_dags/plugins/workday.py
[2025-12-24T17:51:20.054+0000] {processor.py:830} INFO - Processing file /home/airflow/.local/lib/python3.8/site-packages/airflow/example_dags/plugins/workday.py for tasks to queue
[2025-12-24T17:51:20.055+0000] {logging_mixin.py:188} INFO - [2025-12-24T17:51:20.055+0000] {dagbag.py:538} INFO - Filling up the DagBag from /home/airflow/.local/lib/python3.8/site-packages/airflow/example_dags/plugins/workday.py
[2025-12-24T17:51:20.295+0000] {processor.py:842} WARNING - No viable dags retrieved from /home/airflow/.local/lib/python3.8/site-packages/airflow/example_dags/plugins/workday.py
[2025-12-24T17:51:20.311+0000] {processor.py:183} INFO - Processing /home/airflow/.local/lib/python3.8/site-packages/airflow/example_dags/plugins/workday.py took 0.262 seconds
[2025-12-24T17:51:51.323+0000] {processor.py:161} INFO - Started process (PID=15558) to work on /home/airflow/.local/lib/python3.8/site-packages/airflow/example_dags/plugins/workday.py
[2025-12-24T17:51:51.325+0000] {processor.py:830} INFO - Processing file /home/airflow/.local/lib/python3.8/site-packages/airflow/example_dags/plugins/workday.py for tasks to queue
[2025-12-24T17:51:51.326+0000] {logging_mixin.py:188} INFO - [2025-12-24T17:51:51.325+0000] {dagbag.py:538} INFO - Filling up the DagBag from /home/airflow/.local/lib/python3.8/site-packages/airflow/example_dags/plugins/workday.py
[2025-12-24T17:51:51.580+0000] {processor.py:842} WARNING - No viable dags retrieved from /home/airflow/.local/lib/python3.8/site-packages/airflow/example_dags/plugins/workday.py
[2025-12-24T17:51:51.594+0000] {processor.py:183} INFO - Processing /home/airflow/.local/lib/python3.8/site-packages/airflow/example_dags/plugins/workday.py took 0.273 seconds
[2025-12-24T17:52:22.825+0000] {processor.py:161} INFO - Started process (PID=15618) to work on /home/airflow/.local/lib/python3.8/site-packages/airflow/example_dags/plugins/workday.py
[2025-12-24T17:52:22.826+0000] {processor.py:830} INFO - Processing file /home/airflow/.local/lib/python3.8/site-packages/airflow/example_dags/plugins/workday.py for tasks to queue
[2025-12-24T17:52:22.828+0000] {logging_mixin.py:188} INFO - [2025-12-24T17:52:22.827+0000] {dagbag.py:538} INFO - Filling up the DagBag from /home/airflow/.local/lib/python3.8/site-packages/airflow/example_dags/plugins/workday.py
[2025-12-24T17:52:23.136+0000] {processor.py:842} WARNING - No viable dags retrieved from /home/airflow/.local/lib/python3.8/site-packages/airflow/example_dags/plugins/workday.py
[2025-12-24T17:52:23.150+0000] {processor.py:183} INFO - Processing /home/airflow/.local/lib/python3.8/site-packages/airflow/example_dags/plugins/workday.py took 0.328 seconds
[2025-12-24T17:52:53.294+0000] {processor.py:161} INFO - Started process (PID=15677) to work on /home/airflow/.local/lib/python3.8/site-packages/airflow/example_dags/plugins/workday.py
[2025-12-24T17:52:53.295+0000] {processor.py:830} INFO - Processing file /home/airflow/.local/lib/python3.8/site-packages/airflow/example_dags/plugins/workday.py for tasks to queue
[2025-12-24T17:52:53.297+0000] {logging_mixin.py:188} INFO - [2025-12-24T17:52:53.296+0000] {dagbag.py:538} INFO - Filling up the DagBag from /home/airflow/.local/lib/python3.8/site-packages/airflow/example_dags/plugins/workday.py
[2025-12-24T17:52:53.578+0000] {processor.py:842} WARNING - No viable dags retrieved from /home/airflow/.local/lib/python3.8/site-packages/airflow/example_dags/plugins/workday.py
[2025-12-24T17:52:53.595+0000] {processor.py:183} INFO - Processing /home/airflow/.local/lib/python3.8/site-packages/airflow/example_dags/plugins/workday.py took 0.305 seconds
[2025-12-24T17:53:23.701+0000] {processor.py:161} INFO - Started process (PID=15734) to work on /home/airflow/.local/lib/python3.8/site-packages/airflow/example_dags/plugins/workday.py
[2025-12-24T17:53:23.703+0000] {processor.py:830} INFO - Processing file /home/airflow/.local/lib/python3.8/site-packages/airflow/example_dags/plugins/workday.py for tasks to queue
[2025-12-24T17:53:23.707+0000] {logging_mixin.py:188} INFO - [2025-12-24T17:53:23.706+0000] {dagbag.py:538} INFO - Filling up the DagBag from /home/airflow/.local/lib/python3.8/site-packages/airflow/example_dags/plugins/workday.py
[2025-12-24T17:53:23.998+0000] {processor.py:842} WARNING - No viable dags retrieved from /home/airflow/.local/lib/python3.8/site-packages/airflow/example_dags/plugins/workday.py
[2025-12-24T17:53:24.015+0000] {processor.py:183} INFO - Processing /home/airflow/.local/lib/python3.8/site-packages/airflow/example_dags/plugins/workday.py took 0.318 seconds
[2025-12-24T17:53:54.856+0000] {processor.py:161} INFO - Started process (PID=15792) to work on /home/airflow/.local/lib/python3.8/site-packages/airflow/example_dags/plugins/workday.py
[2025-12-24T17:53:54.858+0000] {processor.py:830} INFO - Processing file /home/airflow/.local/lib/python3.8/site-packages/airflow/example_dags/plugins/workday.py for tasks to queue
[2025-12-24T17:53:54.859+0000] {logging_mixin.py:188} INFO - [2025-12-24T17:53:54.859+0000] {dagbag.py:538} INFO - Filling up the DagBag from /home/airflow/.local/lib/python3.8/site-packages/airflow/example_dags/plugins/workday.py
[2025-12-24T17:53:55.140+0000] {processor.py:842} WARNING - No viable dags retrieved from /home/airflow/.local/lib/python3.8/site-packages/airflow/example_dags/plugins/workday.py
[2025-12-24T17:53:55.162+0000] {processor.py:183} INFO - Processing /home/airflow/.local/lib/python3.8/site-packages/airflow/example_dags/plugins/workday.py took 0.312 seconds
[2025-12-24T17:54:26.131+0000] {processor.py:161} INFO - Started process (PID=15851) to work on /home/airflow/.local/lib/python3.8/site-packages/airflow/example_dags/plugins/workday.py
[2025-12-24T17:54:26.132+0000] {processor.py:830} INFO - Processing file /home/airflow/.local/lib/python3.8/site-packages/airflow/example_dags/plugins/workday.py for tasks to queue
[2025-12-24T17:54:26.133+0000] {logging_mixin.py:188} INFO - [2025-12-24T17:54:26.133+0000] {dagbag.py:538} INFO - Filling up the DagBag from /home/airflow/.local/lib/python3.8/site-packages/airflow/example_dags/plugins/workday.py
[2025-12-24T17:54:26.370+0000] {processor.py:842} WARNING - No viable dags retrieved from /home/airflow/.local/lib/python3.8/site-packages/airflow/example_dags/plugins/workday.py
[2025-12-24T17:54:26.385+0000] {processor.py:183} INFO - Processing /home/airflow/.local/lib/python3.8/site-packages/airflow/example_dags/plugins/workday.py took 0.257 seconds
[2025-12-24T17:54:57.359+0000] {processor.py:161} INFO - Started process (PID=15908) to work on /home/airflow/.local/lib/python3.8/site-packages/airflow/example_dags/plugins/workday.py
[2025-12-24T17:54:57.361+0000] {processor.py:830} INFO - Processing file /home/airflow/.local/lib/python3.8/site-packages/airflow/example_dags/plugins/workday.py for tasks to queue
[2025-12-24T17:54:57.361+0000] {logging_mixin.py:188} INFO - [2025-12-24T17:54:57.361+0000] {dagbag.py:538} INFO - Filling up the DagBag from /home/airflow/.local/lib/python3.8/site-packages/airflow/example_dags/plugins/workday.py
[2025-12-24T17:54:57.598+0000] {processor.py:842} WARNING - No viable dags retrieved from /home/airflow/.local/lib/python3.8/site-packages/airflow/example_dags/plugins/workday.py
[2025-12-24T17:54:57.611+0000] {processor.py:183} INFO - Processing /home/airflow/.local/lib/python3.8/site-packages/airflow/example_dags/plugins/workday.py took 0.255 seconds
[2025-12-24T17:55:27.977+0000] {processor.py:161} INFO - Started process (PID=15968) to work on /home/airflow/.local/lib/python3.8/site-packages/airflow/example_dags/plugins/workday.py
[2025-12-24T17:55:27.978+0000] {processor.py:830} INFO - Processing file /home/airflow/.local/lib/python3.8/site-packages/airflow/example_dags/plugins/workday.py for tasks to queue
[2025-12-24T17:55:27.979+0000] {logging_mixin.py:188} INFO - [2025-12-24T17:55:27.979+0000] {dagbag.py:538} INFO - Filling up the DagBag from /home/airflow/.local/lib/python3.8/site-packages/airflow/example_dags/plugins/workday.py
[2025-12-24T17:55:28.227+0000] {processor.py:842} WARNING - No viable dags retrieved from /home/airflow/.local/lib/python3.8/site-packages/airflow/example_dags/plugins/workday.py
[2025-12-24T17:55:28.241+0000] {processor.py:183} INFO - Processing /home/airflow/.local/lib/python3.8/site-packages/airflow/example_dags/plugins/workday.py took 0.269 seconds
[2025-12-24T17:55:58.651+0000] {processor.py:161} INFO - Started process (PID=16025) to work on /home/airflow/.local/lib/python3.8/site-packages/airflow/example_dags/plugins/workday.py
[2025-12-24T17:55:58.652+0000] {processor.py:830} INFO - Processing file /home/airflow/.local/lib/python3.8/site-packages/airflow/example_dags/plugins/workday.py for tasks to queue
[2025-12-24T17:55:58.653+0000] {logging_mixin.py:188} INFO - [2025-12-24T17:55:58.652+0000] {dagbag.py:538} INFO - Filling up the DagBag from /home/airflow/.local/lib/python3.8/site-packages/airflow/example_dags/plugins/workday.py
[2025-12-24T17:55:58.889+0000] {processor.py:842} WARNING - No viable dags retrieved from /home/airflow/.local/lib/python3.8/site-packages/airflow/example_dags/plugins/workday.py
[2025-12-24T17:55:58.904+0000] {processor.py:183} INFO - Processing /home/airflow/.local/lib/python3.8/site-packages/airflow/example_dags/plugins/workday.py took 0.257 seconds
[2025-12-24T17:56:29.413+0000] {processor.py:161} INFO - Started process (PID=16082) to work on /home/airflow/.local/lib/python3.8/site-packages/airflow/example_dags/plugins/workday.py
[2025-12-24T17:56:29.414+0000] {processor.py:830} INFO - Processing file /home/airflow/.local/lib/python3.8/site-packages/airflow/example_dags/plugins/workday.py for tasks to queue
[2025-12-24T17:56:29.415+0000] {logging_mixin.py:188} INFO - [2025-12-24T17:56:29.415+0000] {dagbag.py:538} INFO - Filling up the DagBag from /home/airflow/.local/lib/python3.8/site-packages/airflow/example_dags/plugins/workday.py
[2025-12-24T17:56:29.658+0000] {processor.py:842} WARNING - No viable dags retrieved from /home/airflow/.local/lib/python3.8/site-packages/airflow/example_dags/plugins/workday.py
[2025-12-24T17:56:29.673+0000] {processor.py:183} INFO - Processing /home/airflow/.local/lib/python3.8/site-packages/airflow/example_dags/plugins/workday.py took 0.263 seconds
[2025-12-24T17:57:00.064+0000] {processor.py:161} INFO - Started process (PID=16139) to work on /home/airflow/.local/lib/python3.8/site-packages/airflow/example_dags/plugins/workday.py
[2025-12-24T17:57:00.065+0000] {processor.py:830} INFO - Processing file /home/airflow/.local/lib/python3.8/site-packages/airflow/example_dags/plugins/workday.py for tasks to queue
[2025-12-24T17:57:00.065+0000] {logging_mixin.py:188} INFO - [2025-12-24T17:57:00.065+0000] {dagbag.py:538} INFO - Filling up the DagBag from /home/airflow/.local/lib/python3.8/site-packages/airflow/example_dags/plugins/workday.py
[2025-12-24T17:57:00.316+0000] {processor.py:842} WARNING - No viable dags retrieved from /home/airflow/.local/lib/python3.8/site-packages/airflow/example_dags/plugins/workday.py
[2025-12-24T17:57:00.330+0000] {processor.py:183} INFO - Processing /home/airflow/.local/lib/python3.8/site-packages/airflow/example_dags/plugins/workday.py took 0.270 seconds
[2025-12-24T17:57:31.192+0000] {processor.py:161} INFO - Started process (PID=16196) to work on /home/airflow/.local/lib/python3.8/site-packages/airflow/example_dags/plugins/workday.py
[2025-12-24T17:57:31.193+0000] {processor.py:830} INFO - Processing file /home/airflow/.local/lib/python3.8/site-packages/airflow/example_dags/plugins/workday.py for tasks to queue
[2025-12-24T17:57:31.194+0000] {logging_mixin.py:188} INFO - [2025-12-24T17:57:31.193+0000] {dagbag.py:538} INFO - Filling up the DagBag from /home/airflow/.local/lib/python3.8/site-packages/airflow/example_dags/plugins/workday.py
[2025-12-24T17:57:31.443+0000] {processor.py:842} WARNING - No viable dags retrieved from /home/airflow/.local/lib/python3.8/site-packages/airflow/example_dags/plugins/workday.py
[2025-12-24T17:57:31.457+0000] {processor.py:183} INFO - Processing /home/airflow/.local/lib/python3.8/site-packages/airflow/example_dags/plugins/workday.py took 0.269 seconds
[2025-12-24T17:58:01.597+0000] {processor.py:161} INFO - Started process (PID=16254) to work on /home/airflow/.local/lib/python3.8/site-packages/airflow/example_dags/plugins/workday.py
[2025-12-24T17:58:01.598+0000] {processor.py:830} INFO - Processing file /home/airflow/.local/lib/python3.8/site-packages/airflow/example_dags/plugins/workday.py for tasks to queue
[2025-12-24T17:58:01.599+0000] {logging_mixin.py:188} INFO - [2025-12-24T17:58:01.598+0000] {dagbag.py:538} INFO - Filling up the DagBag from /home/airflow/.local/lib/python3.8/site-packages/airflow/example_dags/plugins/workday.py
[2025-12-24T17:58:01.845+0000] {processor.py:842} WARNING - No viable dags retrieved from /home/airflow/.local/lib/python3.8/site-packages/airflow/example_dags/plugins/workday.py
[2025-12-24T17:58:01.859+0000] {processor.py:183} INFO - Processing /home/airflow/.local/lib/python3.8/site-packages/airflow/example_dags/plugins/workday.py took 0.266 seconds
[2025-12-24T17:58:31.938+0000] {processor.py:161} INFO - Started process (PID=16311) to work on /home/airflow/.local/lib/python3.8/site-packages/airflow/example_dags/plugins/workday.py
[2025-12-24T17:58:31.939+0000] {processor.py:830} INFO - Processing file /home/airflow/.local/lib/python3.8/site-packages/airflow/example_dags/plugins/workday.py for tasks to queue
[2025-12-24T17:58:31.941+0000] {logging_mixin.py:188} INFO - [2025-12-24T17:58:31.940+0000] {dagbag.py:538} INFO - Filling up the DagBag from /home/airflow/.local/lib/python3.8/site-packages/airflow/example_dags/plugins/workday.py
[2025-12-24T17:58:32.248+0000] {processor.py:842} WARNING - No viable dags retrieved from /home/airflow/.local/lib/python3.8/site-packages/airflow/example_dags/plugins/workday.py
[2025-12-24T17:58:32.269+0000] {processor.py:183} INFO - Processing /home/airflow/.local/lib/python3.8/site-packages/airflow/example_dags/plugins/workday.py took 0.336 seconds
[2025-12-24T17:59:02.623+0000] {processor.py:161} INFO - Started process (PID=16368) to work on /home/airflow/.local/lib/python3.8/site-packages/airflow/example_dags/plugins/workday.py
[2025-12-24T17:59:02.624+0000] {processor.py:830} INFO - Processing file /home/airflow/.local/lib/python3.8/site-packages/airflow/example_dags/plugins/workday.py for tasks to queue
[2025-12-24T17:59:02.625+0000] {logging_mixin.py:188} INFO - [2025-12-24T17:59:02.624+0000] {dagbag.py:538} INFO - Filling up the DagBag from /home/airflow/.local/lib/python3.8/site-packages/airflow/example_dags/plugins/workday.py
[2025-12-24T17:59:02.864+0000] {processor.py:842} WARNING - No viable dags retrieved from /home/airflow/.local/lib/python3.8/site-packages/airflow/example_dags/plugins/workday.py
[2025-12-24T17:59:02.877+0000] {processor.py:183} INFO - Processing /home/airflow/.local/lib/python3.8/site-packages/airflow/example_dags/plugins/workday.py took 0.258 seconds
[2025-12-24T17:59:33.176+0000] {processor.py:161} INFO - Started process (PID=16425) to work on /home/airflow/.local/lib/python3.8/site-packages/airflow/example_dags/plugins/workday.py
[2025-12-24T17:59:33.177+0000] {processor.py:830} INFO - Processing file /home/airflow/.local/lib/python3.8/site-packages/airflow/example_dags/plugins/workday.py for tasks to queue
[2025-12-24T17:59:33.178+0000] {logging_mixin.py:188} INFO - [2025-12-24T17:59:33.178+0000] {dagbag.py:538} INFO - Filling up the DagBag from /home/airflow/.local/lib/python3.8/site-packages/airflow/example_dags/plugins/workday.py
[2025-12-24T17:59:33.416+0000] {processor.py:842} WARNING - No viable dags retrieved from /home/airflow/.local/lib/python3.8/site-packages/airflow/example_dags/plugins/workday.py
[2025-12-24T17:59:33.429+0000] {processor.py:183} INFO - Processing /home/airflow/.local/lib/python3.8/site-packages/airflow/example_dags/plugins/workday.py took 0.257 seconds
[2025-12-24T18:00:04.385+0000] {processor.py:161} INFO - Started process (PID=16482) to work on /home/airflow/.local/lib/python3.8/site-packages/airflow/example_dags/plugins/workday.py
[2025-12-24T18:00:04.386+0000] {processor.py:830} INFO - Processing file /home/airflow/.local/lib/python3.8/site-packages/airflow/example_dags/plugins/workday.py for tasks to queue
[2025-12-24T18:00:04.387+0000] {logging_mixin.py:188} INFO - [2025-12-24T18:00:04.387+0000] {dagbag.py:538} INFO - Filling up the DagBag from /home/airflow/.local/lib/python3.8/site-packages/airflow/example_dags/plugins/workday.py
[2025-12-24T18:00:04.665+0000] {processor.py:842} WARNING - No viable dags retrieved from /home/airflow/.local/lib/python3.8/site-packages/airflow/example_dags/plugins/workday.py
[2025-12-24T18:00:04.681+0000] {processor.py:183} INFO - Processing /home/airflow/.local/lib/python3.8/site-packages/airflow/example_dags/plugins/workday.py took 0.300 seconds
[2025-12-24T18:00:35.590+0000] {processor.py:161} INFO - Started process (PID=16541) to work on /home/airflow/.local/lib/python3.8/site-packages/airflow/example_dags/plugins/workday.py
[2025-12-24T18:00:35.592+0000] {processor.py:830} INFO - Processing file /home/airflow/.local/lib/python3.8/site-packages/airflow/example_dags/plugins/workday.py for tasks to queue
[2025-12-24T18:00:35.593+0000] {logging_mixin.py:188} INFO - [2025-12-24T18:00:35.593+0000] {dagbag.py:538} INFO - Filling up the DagBag from /home/airflow/.local/lib/python3.8/site-packages/airflow/example_dags/plugins/workday.py
[2025-12-24T18:00:35.885+0000] {processor.py:842} WARNING - No viable dags retrieved from /home/airflow/.local/lib/python3.8/site-packages/airflow/example_dags/plugins/workday.py
[2025-12-24T18:00:35.901+0000] {processor.py:183} INFO - Processing /home/airflow/.local/lib/python3.8/site-packages/airflow/example_dags/plugins/workday.py took 0.314 seconds
[2025-12-24T18:01:05.983+0000] {processor.py:161} INFO - Started process (PID=16598) to work on /home/airflow/.local/lib/python3.8/site-packages/airflow/example_dags/plugins/workday.py
[2025-12-24T18:01:05.984+0000] {processor.py:830} INFO - Processing file /home/airflow/.local/lib/python3.8/site-packages/airflow/example_dags/plugins/workday.py for tasks to queue
[2025-12-24T18:01:05.985+0000] {logging_mixin.py:188} INFO - [2025-12-24T18:01:05.984+0000] {dagbag.py:538} INFO - Filling up the DagBag from /home/airflow/.local/lib/python3.8/site-packages/airflow/example_dags/plugins/workday.py
[2025-12-24T18:01:06.244+0000] {processor.py:842} WARNING - No viable dags retrieved from /home/airflow/.local/lib/python3.8/site-packages/airflow/example_dags/plugins/workday.py
[2025-12-24T18:01:06.257+0000] {processor.py:183} INFO - Processing /home/airflow/.local/lib/python3.8/site-packages/airflow/example_dags/plugins/workday.py took 0.278 seconds
[2025-12-24T18:01:37.281+0000] {processor.py:161} INFO - Started process (PID=16656) to work on /home/airflow/.local/lib/python3.8/site-packages/airflow/example_dags/plugins/workday.py
[2025-12-24T18:01:37.282+0000] {processor.py:830} INFO - Processing file /home/airflow/.local/lib/python3.8/site-packages/airflow/example_dags/plugins/workday.py for tasks to queue
[2025-12-24T18:01:37.283+0000] {logging_mixin.py:188} INFO - [2025-12-24T18:01:37.283+0000] {dagbag.py:538} INFO - Filling up the DagBag from /home/airflow/.local/lib/python3.8/site-packages/airflow/example_dags/plugins/workday.py
[2025-12-24T18:01:37.548+0000] {processor.py:842} WARNING - No viable dags retrieved from /home/airflow/.local/lib/python3.8/site-packages/airflow/example_dags/plugins/workday.py
[2025-12-24T18:01:37.563+0000] {processor.py:183} INFO - Processing /home/airflow/.local/lib/python3.8/site-packages/airflow/example_dags/plugins/workday.py took 0.285 seconds
[2025-12-24T18:02:07.765+0000] {processor.py:161} INFO - Started process (PID=16715) to work on /home/airflow/.local/lib/python3.8/site-packages/airflow/example_dags/plugins/workday.py
[2025-12-24T18:02:07.766+0000] {processor.py:830} INFO - Processing file /home/airflow/.local/lib/python3.8/site-packages/airflow/example_dags/plugins/workday.py for tasks to queue
[2025-12-24T18:02:07.767+0000] {logging_mixin.py:188} INFO - [2025-12-24T18:02:07.767+0000] {dagbag.py:538} INFO - Filling up the DagBag from /home/airflow/.local/lib/python3.8/site-packages/airflow/example_dags/plugins/workday.py
[2025-12-24T18:02:08.013+0000] {processor.py:842} WARNING - No viable dags retrieved from /home/airflow/.local/lib/python3.8/site-packages/airflow/example_dags/plugins/workday.py
[2025-12-24T18:02:08.029+0000] {processor.py:183} INFO - Processing /home/airflow/.local/lib/python3.8/site-packages/airflow/example_dags/plugins/workday.py took 0.268 seconds
[2025-12-24T18:02:38.088+0000] {processor.py:161} INFO - Started process (PID=16772) to work on /home/airflow/.local/lib/python3.8/site-packages/airflow/example_dags/plugins/workday.py
[2025-12-24T18:02:38.090+0000] {processor.py:830} INFO - Processing file /home/airflow/.local/lib/python3.8/site-packages/airflow/example_dags/plugins/workday.py for tasks to queue
[2025-12-24T18:02:38.091+0000] {logging_mixin.py:188} INFO - [2025-12-24T18:02:38.091+0000] {dagbag.py:538} INFO - Filling up the DagBag from /home/airflow/.local/lib/python3.8/site-packages/airflow/example_dags/plugins/workday.py
[2025-12-24T18:02:38.336+0000] {processor.py:842} WARNING - No viable dags retrieved from /home/airflow/.local/lib/python3.8/site-packages/airflow/example_dags/plugins/workday.py
[2025-12-24T18:02:38.350+0000] {processor.py:183} INFO - Processing /home/airflow/.local/lib/python3.8/site-packages/airflow/example_dags/plugins/workday.py took 0.265 seconds
[2025-12-24T18:03:08.587+0000] {processor.py:161} INFO - Started process (PID=16829) to work on /home/airflow/.local/lib/python3.8/site-packages/airflow/example_dags/plugins/workday.py
[2025-12-24T18:03:08.588+0000] {processor.py:830} INFO - Processing file /home/airflow/.local/lib/python3.8/site-packages/airflow/example_dags/plugins/workday.py for tasks to queue
[2025-12-24T18:03:08.590+0000] {logging_mixin.py:188} INFO - [2025-12-24T18:03:08.589+0000] {dagbag.py:538} INFO - Filling up the DagBag from /home/airflow/.local/lib/python3.8/site-packages/airflow/example_dags/plugins/workday.py
[2025-12-24T18:03:08.878+0000] {processor.py:842} WARNING - No viable dags retrieved from /home/airflow/.local/lib/python3.8/site-packages/airflow/example_dags/plugins/workday.py
[2025-12-24T18:03:08.894+0000] {processor.py:183} INFO - Processing /home/airflow/.local/lib/python3.8/site-packages/airflow/example_dags/plugins/workday.py took 0.311 seconds
[2025-12-24T18:03:39.693+0000] {processor.py:161} INFO - Started process (PID=16893) to work on /home/airflow/.local/lib/python3.8/site-packages/airflow/example_dags/plugins/workday.py
[2025-12-24T18:03:39.694+0000] {processor.py:830} INFO - Processing file /home/airflow/.local/lib/python3.8/site-packages/airflow/example_dags/plugins/workday.py for tasks to queue
[2025-12-24T18:03:39.695+0000] {logging_mixin.py:188} INFO - [2025-12-24T18:03:39.695+0000] {dagbag.py:538} INFO - Filling up the DagBag from /home/airflow/.local/lib/python3.8/site-packages/airflow/example_dags/plugins/workday.py
[2025-12-24T18:03:39.946+0000] {processor.py:842} WARNING - No viable dags retrieved from /home/airflow/.local/lib/python3.8/site-packages/airflow/example_dags/plugins/workday.py
[2025-12-24T18:03:39.962+0000] {processor.py:183} INFO - Processing /home/airflow/.local/lib/python3.8/site-packages/airflow/example_dags/plugins/workday.py took 0.273 seconds
[2025-12-24T18:04:10.099+0000] {processor.py:161} INFO - Started process (PID=16950) to work on /home/airflow/.local/lib/python3.8/site-packages/airflow/example_dags/plugins/workday.py
[2025-12-24T18:04:10.100+0000] {processor.py:830} INFO - Processing file /home/airflow/.local/lib/python3.8/site-packages/airflow/example_dags/plugins/workday.py for tasks to queue
[2025-12-24T18:04:10.101+0000] {logging_mixin.py:188} INFO - [2025-12-24T18:04:10.101+0000] {dagbag.py:538} INFO - Filling up the DagBag from /home/airflow/.local/lib/python3.8/site-packages/airflow/example_dags/plugins/workday.py
[2025-12-24T18:04:10.389+0000] {processor.py:842} WARNING - No viable dags retrieved from /home/airflow/.local/lib/python3.8/site-packages/airflow/example_dags/plugins/workday.py
[2025-12-24T18:04:10.404+0000] {processor.py:183} INFO - Processing /home/airflow/.local/lib/python3.8/site-packages/airflow/example_dags/plugins/workday.py took 0.310 seconds
[2025-12-24T18:04:40.486+0000] {processor.py:161} INFO - Started process (PID=17007) to work on /home/airflow/.local/lib/python3.8/site-packages/airflow/example_dags/plugins/workday.py
[2025-12-24T18:04:40.487+0000] {processor.py:830} INFO - Processing file /home/airflow/.local/lib/python3.8/site-packages/airflow/example_dags/plugins/workday.py for tasks to queue
[2025-12-24T18:04:40.488+0000] {logging_mixin.py:188} INFO - [2025-12-24T18:04:40.488+0000] {dagbag.py:538} INFO - Filling up the DagBag from /home/airflow/.local/lib/python3.8/site-packages/airflow/example_dags/plugins/workday.py
[2025-12-24T18:04:40.726+0000] {processor.py:842} WARNING - No viable dags retrieved from /home/airflow/.local/lib/python3.8/site-packages/airflow/example_dags/plugins/workday.py
[2025-12-24T18:04:40.741+0000] {processor.py:183} INFO - Processing /home/airflow/.local/lib/python3.8/site-packages/airflow/example_dags/plugins/workday.py took 0.259 seconds
[2025-12-24T18:05:10.838+0000] {processor.py:161} INFO - Started process (PID=17064) to work on /home/airflow/.local/lib/python3.8/site-packages/airflow/example_dags/plugins/workday.py
[2025-12-24T18:05:10.839+0000] {processor.py:830} INFO - Processing file /home/airflow/.local/lib/python3.8/site-packages/airflow/example_dags/plugins/workday.py for tasks to queue
[2025-12-24T18:05:10.840+0000] {logging_mixin.py:188} INFO - [2025-12-24T18:05:10.840+0000] {dagbag.py:538} INFO - Filling up the DagBag from /home/airflow/.local/lib/python3.8/site-packages/airflow/example_dags/plugins/workday.py
[2025-12-24T18:05:11.086+0000] {processor.py:842} WARNING - No viable dags retrieved from /home/airflow/.local/lib/python3.8/site-packages/airflow/example_dags/plugins/workday.py
[2025-12-24T18:05:11.100+0000] {processor.py:183} INFO - Processing /home/airflow/.local/lib/python3.8/site-packages/airflow/example_dags/plugins/workday.py took 0.266 seconds
[2025-12-24T18:05:41.155+0000] {processor.py:161} INFO - Started process (PID=17121) to work on /home/airflow/.local/lib/python3.8/site-packages/airflow/example_dags/plugins/workday.py
[2025-12-24T18:05:41.156+0000] {processor.py:830} INFO - Processing file /home/airflow/.local/lib/python3.8/site-packages/airflow/example_dags/plugins/workday.py for tasks to queue
[2025-12-24T18:05:41.156+0000] {logging_mixin.py:188} INFO - [2025-12-24T18:05:41.156+0000] {dagbag.py:538} INFO - Filling up the DagBag from /home/airflow/.local/lib/python3.8/site-packages/airflow/example_dags/plugins/workday.py
[2025-12-24T18:05:41.419+0000] {processor.py:842} WARNING - No viable dags retrieved from /home/airflow/.local/lib/python3.8/site-packages/airflow/example_dags/plugins/workday.py
[2025-12-24T18:05:41.439+0000] {processor.py:183} INFO - Processing /home/airflow/.local/lib/python3.8/site-packages/airflow/example_dags/plugins/workday.py took 0.288 seconds
[2025-12-24T18:06:11.577+0000] {processor.py:161} INFO - Started process (PID=17178) to work on /home/airflow/.local/lib/python3.8/site-packages/airflow/example_dags/plugins/workday.py
[2025-12-24T18:06:11.578+0000] {processor.py:830} INFO - Processing file /home/airflow/.local/lib/python3.8/site-packages/airflow/example_dags/plugins/workday.py for tasks to queue
[2025-12-24T18:06:11.580+0000] {logging_mixin.py:188} INFO - [2025-12-24T18:06:11.579+0000] {dagbag.py:538} INFO - Filling up the DagBag from /home/airflow/.local/lib/python3.8/site-packages/airflow/example_dags/plugins/workday.py
[2025-12-24T18:06:11.825+0000] {processor.py:842} WARNING - No viable dags retrieved from /home/airflow/.local/lib/python3.8/site-packages/airflow/example_dags/plugins/workday.py
[2025-12-24T18:06:11.842+0000] {processor.py:183} INFO - Processing /home/airflow/.local/lib/python3.8/site-packages/airflow/example_dags/plugins/workday.py took 0.272 seconds
[2025-12-24T18:06:42.040+0000] {processor.py:161} INFO - Started process (PID=17236) to work on /home/airflow/.local/lib/python3.8/site-packages/airflow/example_dags/plugins/workday.py
[2025-12-24T18:06:42.041+0000] {processor.py:830} INFO - Processing file /home/airflow/.local/lib/python3.8/site-packages/airflow/example_dags/plugins/workday.py for tasks to queue
[2025-12-24T18:06:42.042+0000] {logging_mixin.py:188} INFO - [2025-12-24T18:06:42.042+0000] {dagbag.py:538} INFO - Filling up the DagBag from /home/airflow/.local/lib/python3.8/site-packages/airflow/example_dags/plugins/workday.py
[2025-12-24T18:06:42.278+0000] {processor.py:842} WARNING - No viable dags retrieved from /home/airflow/.local/lib/python3.8/site-packages/airflow/example_dags/plugins/workday.py
[2025-12-24T18:06:42.294+0000] {processor.py:183} INFO - Processing /home/airflow/.local/lib/python3.8/site-packages/airflow/example_dags/plugins/workday.py took 0.258 seconds
[2025-12-24T18:07:13.061+0000] {processor.py:161} INFO - Started process (PID=17293) to work on /home/airflow/.local/lib/python3.8/site-packages/airflow/example_dags/plugins/workday.py
[2025-12-24T18:07:13.062+0000] {processor.py:830} INFO - Processing file /home/airflow/.local/lib/python3.8/site-packages/airflow/example_dags/plugins/workday.py for tasks to queue
[2025-12-24T18:07:13.063+0000] {logging_mixin.py:188} INFO - [2025-12-24T18:07:13.063+0000] {dagbag.py:538} INFO - Filling up the DagBag from /home/airflow/.local/lib/python3.8/site-packages/airflow/example_dags/plugins/workday.py
[2025-12-24T18:07:13.341+0000] {processor.py:842} WARNING - No viable dags retrieved from /home/airflow/.local/lib/python3.8/site-packages/airflow/example_dags/plugins/workday.py
[2025-12-24T18:07:13.354+0000] {processor.py:183} INFO - Processing /home/airflow/.local/lib/python3.8/site-packages/airflow/example_dags/plugins/workday.py took 0.298 seconds
[2025-12-24T18:07:43.524+0000] {processor.py:161} INFO - Started process (PID=17350) to work on /home/airflow/.local/lib/python3.8/site-packages/airflow/example_dags/plugins/workday.py
[2025-12-24T18:07:43.535+0000] {processor.py:830} INFO - Processing file /home/airflow/.local/lib/python3.8/site-packages/airflow/example_dags/plugins/workday.py for tasks to queue
[2025-12-24T18:07:43.537+0000] {logging_mixin.py:188} INFO - [2025-12-24T18:07:43.537+0000] {dagbag.py:538} INFO - Filling up the DagBag from /home/airflow/.local/lib/python3.8/site-packages/airflow/example_dags/plugins/workday.py
[2025-12-24T18:07:43.827+0000] {processor.py:842} WARNING - No viable dags retrieved from /home/airflow/.local/lib/python3.8/site-packages/airflow/example_dags/plugins/workday.py
[2025-12-24T18:07:43.842+0000] {processor.py:183} INFO - Processing /home/airflow/.local/lib/python3.8/site-packages/airflow/example_dags/plugins/workday.py took 0.326 seconds
[2025-12-24T18:08:14.631+0000] {processor.py:161} INFO - Started process (PID=17407) to work on /home/airflow/.local/lib/python3.8/site-packages/airflow/example_dags/plugins/workday.py
[2025-12-24T18:08:14.632+0000] {processor.py:830} INFO - Processing file /home/airflow/.local/lib/python3.8/site-packages/airflow/example_dags/plugins/workday.py for tasks to queue
[2025-12-24T18:08:14.634+0000] {logging_mixin.py:188} INFO - [2025-12-24T18:08:14.633+0000] {dagbag.py:538} INFO - Filling up the DagBag from /home/airflow/.local/lib/python3.8/site-packages/airflow/example_dags/plugins/workday.py
[2025-12-24T18:08:14.892+0000] {processor.py:842} WARNING - No viable dags retrieved from /home/airflow/.local/lib/python3.8/site-packages/airflow/example_dags/plugins/workday.py
[2025-12-24T18:08:14.908+0000] {processor.py:183} INFO - Processing /home/airflow/.local/lib/python3.8/site-packages/airflow/example_dags/plugins/workday.py took 0.282 seconds
[2025-12-24T18:08:45.139+0000] {processor.py:161} INFO - Started process (PID=17464) to work on /home/airflow/.local/lib/python3.8/site-packages/airflow/example_dags/plugins/workday.py
[2025-12-24T18:08:45.140+0000] {processor.py:830} INFO - Processing file /home/airflow/.local/lib/python3.8/site-packages/airflow/example_dags/plugins/workday.py for tasks to queue
[2025-12-24T18:08:45.142+0000] {logging_mixin.py:188} INFO - [2025-12-24T18:08:45.141+0000] {dagbag.py:538} INFO - Filling up the DagBag from /home/airflow/.local/lib/python3.8/site-packages/airflow/example_dags/plugins/workday.py
[2025-12-24T18:08:45.392+0000] {processor.py:842} WARNING - No viable dags retrieved from /home/airflow/.local/lib/python3.8/site-packages/airflow/example_dags/plugins/workday.py
[2025-12-24T18:08:45.406+0000] {processor.py:183} INFO - Processing /home/airflow/.local/lib/python3.8/site-packages/airflow/example_dags/plugins/workday.py took 0.272 seconds
[2025-12-24T18:09:15.530+0000] {processor.py:161} INFO - Started process (PID=17521) to work on /home/airflow/.local/lib/python3.8/site-packages/airflow/example_dags/plugins/workday.py
[2025-12-24T18:09:15.532+0000] {processor.py:830} INFO - Processing file /home/airflow/.local/lib/python3.8/site-packages/airflow/example_dags/plugins/workday.py for tasks to queue
[2025-12-24T18:09:15.533+0000] {logging_mixin.py:188} INFO - [2025-12-24T18:09:15.533+0000] {dagbag.py:538} INFO - Filling up the DagBag from /home/airflow/.local/lib/python3.8/site-packages/airflow/example_dags/plugins/workday.py
[2025-12-24T18:09:15.867+0000] {processor.py:842} WARNING - No viable dags retrieved from /home/airflow/.local/lib/python3.8/site-packages/airflow/example_dags/plugins/workday.py
[2025-12-24T18:09:15.884+0000] {processor.py:183} INFO - Processing /home/airflow/.local/lib/python3.8/site-packages/airflow/example_dags/plugins/workday.py took 0.358 seconds
[2025-12-24T18:09:46.483+0000] {processor.py:161} INFO - Started process (PID=17578) to work on /home/airflow/.local/lib/python3.8/site-packages/airflow/example_dags/plugins/workday.py
[2025-12-24T18:09:46.484+0000] {processor.py:830} INFO - Processing file /home/airflow/.local/lib/python3.8/site-packages/airflow/example_dags/plugins/workday.py for tasks to queue
[2025-12-24T18:09:46.485+0000] {logging_mixin.py:188} INFO - [2025-12-24T18:09:46.485+0000] {dagbag.py:538} INFO - Filling up the DagBag from /home/airflow/.local/lib/python3.8/site-packages/airflow/example_dags/plugins/workday.py
[2025-12-24T18:09:46.733+0000] {processor.py:842} WARNING - No viable dags retrieved from /home/airflow/.local/lib/python3.8/site-packages/airflow/example_dags/plugins/workday.py
[2025-12-24T18:09:46.750+0000] {processor.py:183} INFO - Processing /home/airflow/.local/lib/python3.8/site-packages/airflow/example_dags/plugins/workday.py took 0.271 seconds
[2025-12-24T18:10:17.066+0000] {processor.py:161} INFO - Started process (PID=17637) to work on /home/airflow/.local/lib/python3.8/site-packages/airflow/example_dags/plugins/workday.py
[2025-12-24T18:10:17.067+0000] {processor.py:830} INFO - Processing file /home/airflow/.local/lib/python3.8/site-packages/airflow/example_dags/plugins/workday.py for tasks to queue
[2025-12-24T18:10:17.068+0000] {logging_mixin.py:188} INFO - [2025-12-24T18:10:17.068+0000] {dagbag.py:538} INFO - Filling up the DagBag from /home/airflow/.local/lib/python3.8/site-packages/airflow/example_dags/plugins/workday.py
[2025-12-24T18:10:17.306+0000] {processor.py:842} WARNING - No viable dags retrieved from /home/airflow/.local/lib/python3.8/site-packages/airflow/example_dags/plugins/workday.py
[2025-12-24T18:10:17.320+0000] {processor.py:183} INFO - Processing /home/airflow/.local/lib/python3.8/site-packages/airflow/example_dags/plugins/workday.py took 0.258 seconds
[2025-12-24T18:10:47.971+0000] {processor.py:161} INFO - Started process (PID=17695) to work on /home/airflow/.local/lib/python3.8/site-packages/airflow/example_dags/plugins/workday.py
[2025-12-24T18:10:47.972+0000] {processor.py:830} INFO - Processing file /home/airflow/.local/lib/python3.8/site-packages/airflow/example_dags/plugins/workday.py for tasks to queue
[2025-12-24T18:10:47.973+0000] {logging_mixin.py:188} INFO - [2025-12-24T18:10:47.973+0000] {dagbag.py:538} INFO - Filling up the DagBag from /home/airflow/.local/lib/python3.8/site-packages/airflow/example_dags/plugins/workday.py
[2025-12-24T18:10:48.210+0000] {processor.py:842} WARNING - No viable dags retrieved from /home/airflow/.local/lib/python3.8/site-packages/airflow/example_dags/plugins/workday.py
[2025-12-24T18:10:48.224+0000] {processor.py:183} INFO - Processing /home/airflow/.local/lib/python3.8/site-packages/airflow/example_dags/plugins/workday.py took 0.258 seconds
[2025-12-24T18:11:19.382+0000] {processor.py:161} INFO - Started process (PID=17757) to work on /home/airflow/.local/lib/python3.8/site-packages/airflow/example_dags/plugins/workday.py
[2025-12-24T18:11:19.384+0000] {processor.py:830} INFO - Processing file /home/airflow/.local/lib/python3.8/site-packages/airflow/example_dags/plugins/workday.py for tasks to queue
[2025-12-24T18:11:19.384+0000] {logging_mixin.py:188} INFO - [2025-12-24T18:11:19.384+0000] {dagbag.py:538} INFO - Filling up the DagBag from /home/airflow/.local/lib/python3.8/site-packages/airflow/example_dags/plugins/workday.py
[2025-12-24T18:11:19.619+0000] {processor.py:842} WARNING - No viable dags retrieved from /home/airflow/.local/lib/python3.8/site-packages/airflow/example_dags/plugins/workday.py
[2025-12-24T18:11:19.633+0000] {processor.py:183} INFO - Processing /home/airflow/.local/lib/python3.8/site-packages/airflow/example_dags/plugins/workday.py took 0.255 seconds
[2025-12-24T18:11:49.807+0000] {processor.py:161} INFO - Started process (PID=17814) to work on /home/airflow/.local/lib/python3.8/site-packages/airflow/example_dags/plugins/workday.py
[2025-12-24T18:11:49.809+0000] {processor.py:830} INFO - Processing file /home/airflow/.local/lib/python3.8/site-packages/airflow/example_dags/plugins/workday.py for tasks to queue
[2025-12-24T18:11:49.816+0000] {logging_mixin.py:188} INFO - [2025-12-24T18:11:49.815+0000] {dagbag.py:538} INFO - Filling up the DagBag from /home/airflow/.local/lib/python3.8/site-packages/airflow/example_dags/plugins/workday.py
[2025-12-24T18:11:50.184+0000] {processor.py:842} WARNING - No viable dags retrieved from /home/airflow/.local/lib/python3.8/site-packages/airflow/example_dags/plugins/workday.py
[2025-12-24T18:11:50.198+0000] {processor.py:183} INFO - Processing /home/airflow/.local/lib/python3.8/site-packages/airflow/example_dags/plugins/workday.py took 0.396 seconds
[2025-12-24T18:12:20.240+0000] {processor.py:161} INFO - Started process (PID=17871) to work on /home/airflow/.local/lib/python3.8/site-packages/airflow/example_dags/plugins/workday.py
[2025-12-24T18:12:20.241+0000] {processor.py:830} INFO - Processing file /home/airflow/.local/lib/python3.8/site-packages/airflow/example_dags/plugins/workday.py for tasks to queue
[2025-12-24T18:12:20.243+0000] {logging_mixin.py:188} INFO - [2025-12-24T18:12:20.242+0000] {dagbag.py:538} INFO - Filling up the DagBag from /home/airflow/.local/lib/python3.8/site-packages/airflow/example_dags/plugins/workday.py
[2025-12-24T18:12:20.485+0000] {processor.py:842} WARNING - No viable dags retrieved from /home/airflow/.local/lib/python3.8/site-packages/airflow/example_dags/plugins/workday.py
[2025-12-24T18:12:20.499+0000] {processor.py:183} INFO - Processing /home/airflow/.local/lib/python3.8/site-packages/airflow/example_dags/plugins/workday.py took 0.262 seconds
[2025-12-24T18:12:51.357+0000] {processor.py:161} INFO - Started process (PID=17928) to work on /home/airflow/.local/lib/python3.8/site-packages/airflow/example_dags/plugins/workday.py
[2025-12-24T18:12:51.359+0000] {processor.py:830} INFO - Processing file /home/airflow/.local/lib/python3.8/site-packages/airflow/example_dags/plugins/workday.py for tasks to queue
[2025-12-24T18:12:51.360+0000] {logging_mixin.py:188} INFO - [2025-12-24T18:12:51.360+0000] {dagbag.py:538} INFO - Filling up the DagBag from /home/airflow/.local/lib/python3.8/site-packages/airflow/example_dags/plugins/workday.py
[2025-12-24T18:12:51.607+0000] {processor.py:842} WARNING - No viable dags retrieved from /home/airflow/.local/lib/python3.8/site-packages/airflow/example_dags/plugins/workday.py
[2025-12-24T18:12:51.623+0000] {processor.py:183} INFO - Processing /home/airflow/.local/lib/python3.8/site-packages/airflow/example_dags/plugins/workday.py took 0.268 seconds
[2025-12-24T18:13:21.712+0000] {processor.py:161} INFO - Started process (PID=17984) to work on /home/airflow/.local/lib/python3.8/site-packages/airflow/example_dags/plugins/workday.py
[2025-12-24T18:13:21.713+0000] {processor.py:830} INFO - Processing file /home/airflow/.local/lib/python3.8/site-packages/airflow/example_dags/plugins/workday.py for tasks to queue
[2025-12-24T18:13:21.714+0000] {logging_mixin.py:188} INFO - [2025-12-24T18:13:21.714+0000] {dagbag.py:538} INFO - Filling up the DagBag from /home/airflow/.local/lib/python3.8/site-packages/airflow/example_dags/plugins/workday.py
[2025-12-24T18:13:21.962+0000] {processor.py:842} WARNING - No viable dags retrieved from /home/airflow/.local/lib/python3.8/site-packages/airflow/example_dags/plugins/workday.py
[2025-12-24T18:13:21.978+0000] {processor.py:183} INFO - Processing /home/airflow/.local/lib/python3.8/site-packages/airflow/example_dags/plugins/workday.py took 0.271 seconds
[2025-12-24T18:13:52.539+0000] {processor.py:161} INFO - Started process (PID=18044) to work on /home/airflow/.local/lib/python3.8/site-packages/airflow/example_dags/plugins/workday.py
[2025-12-24T18:13:52.540+0000] {processor.py:830} INFO - Processing file /home/airflow/.local/lib/python3.8/site-packages/airflow/example_dags/plugins/workday.py for tasks to queue
[2025-12-24T18:13:52.541+0000] {logging_mixin.py:188} INFO - [2025-12-24T18:13:52.541+0000] {dagbag.py:538} INFO - Filling up the DagBag from /home/airflow/.local/lib/python3.8/site-packages/airflow/example_dags/plugins/workday.py
[2025-12-24T18:13:52.836+0000] {processor.py:842} WARNING - No viable dags retrieved from /home/airflow/.local/lib/python3.8/site-packages/airflow/example_dags/plugins/workday.py
[2025-12-24T18:13:52.850+0000] {processor.py:183} INFO - Processing /home/airflow/.local/lib/python3.8/site-packages/airflow/example_dags/plugins/workday.py took 0.315 seconds
[2025-12-24T18:14:22.983+0000] {processor.py:161} INFO - Started process (PID=18102) to work on /home/airflow/.local/lib/python3.8/site-packages/airflow/example_dags/plugins/workday.py
[2025-12-24T18:14:22.984+0000] {processor.py:830} INFO - Processing file /home/airflow/.local/lib/python3.8/site-packages/airflow/example_dags/plugins/workday.py for tasks to queue
[2025-12-24T18:14:22.986+0000] {logging_mixin.py:188} INFO - [2025-12-24T18:14:22.985+0000] {dagbag.py:538} INFO - Filling up the DagBag from /home/airflow/.local/lib/python3.8/site-packages/airflow/example_dags/plugins/workday.py
[2025-12-24T18:14:23.273+0000] {processor.py:842} WARNING - No viable dags retrieved from /home/airflow/.local/lib/python3.8/site-packages/airflow/example_dags/plugins/workday.py
[2025-12-24T18:14:23.290+0000] {processor.py:183} INFO - Processing /home/airflow/.local/lib/python3.8/site-packages/airflow/example_dags/plugins/workday.py took 0.313 seconds
[2025-12-24T18:14:54.311+0000] {processor.py:161} INFO - Started process (PID=18158) to work on /home/airflow/.local/lib/python3.8/site-packages/airflow/example_dags/plugins/workday.py
[2025-12-24T18:14:54.315+0000] {processor.py:830} INFO - Processing file /home/airflow/.local/lib/python3.8/site-packages/airflow/example_dags/plugins/workday.py for tasks to queue
[2025-12-24T18:14:54.316+0000] {logging_mixin.py:188} INFO - [2025-12-24T18:14:54.316+0000] {dagbag.py:538} INFO - Filling up the DagBag from /home/airflow/.local/lib/python3.8/site-packages/airflow/example_dags/plugins/workday.py
[2025-12-24T18:14:54.566+0000] {processor.py:842} WARNING - No viable dags retrieved from /home/airflow/.local/lib/python3.8/site-packages/airflow/example_dags/plugins/workday.py
[2025-12-24T18:14:54.581+0000] {processor.py:183} INFO - Processing /home/airflow/.local/lib/python3.8/site-packages/airflow/example_dags/plugins/workday.py took 0.273 seconds
[2025-12-24T18:15:25.644+0000] {processor.py:161} INFO - Started process (PID=18217) to work on /home/airflow/.local/lib/python3.8/site-packages/airflow/example_dags/plugins/workday.py
[2025-12-24T18:15:25.645+0000] {processor.py:830} INFO - Processing file /home/airflow/.local/lib/python3.8/site-packages/airflow/example_dags/plugins/workday.py for tasks to queue
[2025-12-24T18:15:25.647+0000] {logging_mixin.py:188} INFO - [2025-12-24T18:15:25.646+0000] {dagbag.py:538} INFO - Filling up the DagBag from /home/airflow/.local/lib/python3.8/site-packages/airflow/example_dags/plugins/workday.py
[2025-12-24T18:15:25.929+0000] {processor.py:842} WARNING - No viable dags retrieved from /home/airflow/.local/lib/python3.8/site-packages/airflow/example_dags/plugins/workday.py
[2025-12-24T18:15:25.944+0000] {processor.py:183} INFO - Processing /home/airflow/.local/lib/python3.8/site-packages/airflow/example_dags/plugins/workday.py took 0.304 seconds
[2025-12-24T18:15:56.008+0000] {processor.py:161} INFO - Started process (PID=18274) to work on /home/airflow/.local/lib/python3.8/site-packages/airflow/example_dags/plugins/workday.py
[2025-12-24T18:15:56.009+0000] {processor.py:830} INFO - Processing file /home/airflow/.local/lib/python3.8/site-packages/airflow/example_dags/plugins/workday.py for tasks to queue
[2025-12-24T18:15:56.012+0000] {logging_mixin.py:188} INFO - [2025-12-24T18:15:56.011+0000] {dagbag.py:538} INFO - Filling up the DagBag from /home/airflow/.local/lib/python3.8/site-packages/airflow/example_dags/plugins/workday.py
[2025-12-24T18:15:56.256+0000] {processor.py:842} WARNING - No viable dags retrieved from /home/airflow/.local/lib/python3.8/site-packages/airflow/example_dags/plugins/workday.py
[2025-12-24T18:15:56.271+0000] {processor.py:183} INFO - Processing /home/airflow/.local/lib/python3.8/site-packages/airflow/example_dags/plugins/workday.py took 0.267 seconds
[2025-12-24T18:16:27.353+0000] {processor.py:161} INFO - Started process (PID=18333) to work on /home/airflow/.local/lib/python3.8/site-packages/airflow/example_dags/plugins/workday.py
[2025-12-24T18:16:27.354+0000] {processor.py:830} INFO - Processing file /home/airflow/.local/lib/python3.8/site-packages/airflow/example_dags/plugins/workday.py for tasks to queue
[2025-12-24T18:16:27.355+0000] {logging_mixin.py:188} INFO - [2025-12-24T18:16:27.354+0000] {dagbag.py:538} INFO - Filling up the DagBag from /home/airflow/.local/lib/python3.8/site-packages/airflow/example_dags/plugins/workday.py
[2025-12-24T18:16:27.602+0000] {processor.py:842} WARNING - No viable dags retrieved from /home/airflow/.local/lib/python3.8/site-packages/airflow/example_dags/plugins/workday.py
[2025-12-24T18:16:27.617+0000] {processor.py:183} INFO - Processing /home/airflow/.local/lib/python3.8/site-packages/airflow/example_dags/plugins/workday.py took 0.268 seconds
[2025-12-24T18:16:58.517+0000] {processor.py:161} INFO - Started process (PID=18391) to work on /home/airflow/.local/lib/python3.8/site-packages/airflow/example_dags/plugins/workday.py
[2025-12-24T18:16:58.518+0000] {processor.py:830} INFO - Processing file /home/airflow/.local/lib/python3.8/site-packages/airflow/example_dags/plugins/workday.py for tasks to queue
[2025-12-24T18:16:58.519+0000] {logging_mixin.py:188} INFO - [2025-12-24T18:16:58.519+0000] {dagbag.py:538} INFO - Filling up the DagBag from /home/airflow/.local/lib/python3.8/site-packages/airflow/example_dags/plugins/workday.py
[2025-12-24T18:16:58.756+0000] {processor.py:842} WARNING - No viable dags retrieved from /home/airflow/.local/lib/python3.8/site-packages/airflow/example_dags/plugins/workday.py
[2025-12-24T18:16:58.771+0000] {processor.py:183} INFO - Processing /home/airflow/.local/lib/python3.8/site-packages/airflow/example_dags/plugins/workday.py took 0.257 seconds
[2025-12-24T18:17:29.097+0000] {processor.py:161} INFO - Started process (PID=18449) to work on /home/airflow/.local/lib/python3.8/site-packages/airflow/example_dags/plugins/workday.py
[2025-12-24T18:17:29.098+0000] {processor.py:830} INFO - Processing file /home/airflow/.local/lib/python3.8/site-packages/airflow/example_dags/plugins/workday.py for tasks to queue
[2025-12-24T18:17:29.099+0000] {logging_mixin.py:188} INFO - [2025-12-24T18:17:29.099+0000] {dagbag.py:538} INFO - Filling up the DagBag from /home/airflow/.local/lib/python3.8/site-packages/airflow/example_dags/plugins/workday.py
[2025-12-24T18:17:29.336+0000] {processor.py:842} WARNING - No viable dags retrieved from /home/airflow/.local/lib/python3.8/site-packages/airflow/example_dags/plugins/workday.py
[2025-12-24T18:17:29.351+0000] {processor.py:183} INFO - Processing /home/airflow/.local/lib/python3.8/site-packages/airflow/example_dags/plugins/workday.py took 0.258 seconds
[2025-12-24T18:18:00.516+0000] {processor.py:161} INFO - Started process (PID=18508) to work on /home/airflow/.local/lib/python3.8/site-packages/airflow/example_dags/plugins/workday.py
[2025-12-24T18:18:00.517+0000] {processor.py:830} INFO - Processing file /home/airflow/.local/lib/python3.8/site-packages/airflow/example_dags/plugins/workday.py for tasks to queue
[2025-12-24T18:18:00.518+0000] {logging_mixin.py:188} INFO - [2025-12-24T18:18:00.518+0000] {dagbag.py:538} INFO - Filling up the DagBag from /home/airflow/.local/lib/python3.8/site-packages/airflow/example_dags/plugins/workday.py
[2025-12-24T18:18:00.799+0000] {processor.py:842} WARNING - No viable dags retrieved from /home/airflow/.local/lib/python3.8/site-packages/airflow/example_dags/plugins/workday.py
[2025-12-24T18:18:00.815+0000] {processor.py:183} INFO - Processing /home/airflow/.local/lib/python3.8/site-packages/airflow/example_dags/plugins/workday.py took 0.304 seconds
[2025-12-24T18:18:31.062+0000] {processor.py:161} INFO - Started process (PID=18565) to work on /home/airflow/.local/lib/python3.8/site-packages/airflow/example_dags/plugins/workday.py
[2025-12-24T18:18:31.063+0000] {processor.py:830} INFO - Processing file /home/airflow/.local/lib/python3.8/site-packages/airflow/example_dags/plugins/workday.py for tasks to queue
[2025-12-24T18:18:31.064+0000] {logging_mixin.py:188} INFO - [2025-12-24T18:18:31.064+0000] {dagbag.py:538} INFO - Filling up the DagBag from /home/airflow/.local/lib/python3.8/site-packages/airflow/example_dags/plugins/workday.py
[2025-12-24T18:18:31.326+0000] {processor.py:842} WARNING - No viable dags retrieved from /home/airflow/.local/lib/python3.8/site-packages/airflow/example_dags/plugins/workday.py
[2025-12-24T18:18:31.341+0000] {processor.py:183} INFO - Processing /home/airflow/.local/lib/python3.8/site-packages/airflow/example_dags/plugins/workday.py took 0.283 seconds
[2025-12-24T18:19:01.499+0000] {processor.py:161} INFO - Started process (PID=18622) to work on /home/airflow/.local/lib/python3.8/site-packages/airflow/example_dags/plugins/workday.py
[2025-12-24T18:19:01.500+0000] {processor.py:830} INFO - Processing file /home/airflow/.local/lib/python3.8/site-packages/airflow/example_dags/plugins/workday.py for tasks to queue
[2025-12-24T18:19:01.501+0000] {logging_mixin.py:188} INFO - [2025-12-24T18:19:01.501+0000] {dagbag.py:538} INFO - Filling up the DagBag from /home/airflow/.local/lib/python3.8/site-packages/airflow/example_dags/plugins/workday.py
[2025-12-24T18:19:01.770+0000] {processor.py:842} WARNING - No viable dags retrieved from /home/airflow/.local/lib/python3.8/site-packages/airflow/example_dags/plugins/workday.py
[2025-12-24T18:19:01.784+0000] {processor.py:183} INFO - Processing /home/airflow/.local/lib/python3.8/site-packages/airflow/example_dags/plugins/workday.py took 0.290 seconds
[2025-12-24T18:19:32.803+0000] {processor.py:161} INFO - Started process (PID=18681) to work on /home/airflow/.local/lib/python3.8/site-packages/airflow/example_dags/plugins/workday.py
[2025-12-24T18:19:32.804+0000] {processor.py:830} INFO - Processing file /home/airflow/.local/lib/python3.8/site-packages/airflow/example_dags/plugins/workday.py for tasks to queue
[2025-12-24T18:19:32.806+0000] {logging_mixin.py:188} INFO - [2025-12-24T18:19:32.805+0000] {dagbag.py:538} INFO - Filling up the DagBag from /home/airflow/.local/lib/python3.8/site-packages/airflow/example_dags/plugins/workday.py
[2025-12-24T18:19:33.094+0000] {processor.py:842} WARNING - No viable dags retrieved from /home/airflow/.local/lib/python3.8/site-packages/airflow/example_dags/plugins/workday.py
[2025-12-24T18:19:33.115+0000] {processor.py:183} INFO - Processing /home/airflow/.local/lib/python3.8/site-packages/airflow/example_dags/plugins/workday.py took 0.316 seconds
[2025-12-24T18:20:03.738+0000] {processor.py:161} INFO - Started process (PID=18738) to work on /home/airflow/.local/lib/python3.8/site-packages/airflow/example_dags/plugins/workday.py
[2025-12-24T18:20:03.739+0000] {processor.py:830} INFO - Processing file /home/airflow/.local/lib/python3.8/site-packages/airflow/example_dags/plugins/workday.py for tasks to queue
[2025-12-24T18:20:03.740+0000] {logging_mixin.py:188} INFO - [2025-12-24T18:20:03.740+0000] {dagbag.py:538} INFO - Filling up the DagBag from /home/airflow/.local/lib/python3.8/site-packages/airflow/example_dags/plugins/workday.py
[2025-12-24T18:20:03.997+0000] {processor.py:842} WARNING - No viable dags retrieved from /home/airflow/.local/lib/python3.8/site-packages/airflow/example_dags/plugins/workday.py
[2025-12-24T18:20:04.013+0000] {processor.py:183} INFO - Processing /home/airflow/.local/lib/python3.8/site-packages/airflow/example_dags/plugins/workday.py took 0.279 seconds
[2025-12-24T18:20:34.069+0000] {processor.py:161} INFO - Started process (PID=18795) to work on /home/airflow/.local/lib/python3.8/site-packages/airflow/example_dags/plugins/workday.py
[2025-12-24T18:20:34.071+0000] {processor.py:830} INFO - Processing file /home/airflow/.local/lib/python3.8/site-packages/airflow/example_dags/plugins/workday.py for tasks to queue
[2025-12-24T18:20:34.072+0000] {logging_mixin.py:188} INFO - [2025-12-24T18:20:34.072+0000] {dagbag.py:538} INFO - Filling up the DagBag from /home/airflow/.local/lib/python3.8/site-packages/airflow/example_dags/plugins/workday.py
[2025-12-24T18:20:34.301+0000] {processor.py:842} WARNING - No viable dags retrieved from /home/airflow/.local/lib/python3.8/site-packages/airflow/example_dags/plugins/workday.py
[2025-12-24T18:20:34.315+0000] {processor.py:183} INFO - Processing /home/airflow/.local/lib/python3.8/site-packages/airflow/example_dags/plugins/workday.py took 0.250 seconds
[2025-12-24T18:21:04.515+0000] {processor.py:161} INFO - Started process (PID=18852) to work on /home/airflow/.local/lib/python3.8/site-packages/airflow/example_dags/plugins/workday.py
[2025-12-24T18:21:04.516+0000] {processor.py:830} INFO - Processing file /home/airflow/.local/lib/python3.8/site-packages/airflow/example_dags/plugins/workday.py for tasks to queue
[2025-12-24T18:21:04.517+0000] {logging_mixin.py:188} INFO - [2025-12-24T18:21:04.517+0000] {dagbag.py:538} INFO - Filling up the DagBag from /home/airflow/.local/lib/python3.8/site-packages/airflow/example_dags/plugins/workday.py
[2025-12-24T18:21:04.749+0000] {processor.py:842} WARNING - No viable dags retrieved from /home/airflow/.local/lib/python3.8/site-packages/airflow/example_dags/plugins/workday.py
[2025-12-24T18:21:04.764+0000] {processor.py:183} INFO - Processing /home/airflow/.local/lib/python3.8/site-packages/airflow/example_dags/plugins/workday.py took 0.253 seconds
[2025-12-24T18:21:35.694+0000] {processor.py:161} INFO - Started process (PID=18909) to work on /home/airflow/.local/lib/python3.8/site-packages/airflow/example_dags/plugins/workday.py
[2025-12-24T18:21:35.696+0000] {processor.py:830} INFO - Processing file /home/airflow/.local/lib/python3.8/site-packages/airflow/example_dags/plugins/workday.py for tasks to queue
[2025-12-24T18:21:35.697+0000] {logging_mixin.py:188} INFO - [2025-12-24T18:21:35.697+0000] {dagbag.py:538} INFO - Filling up the DagBag from /home/airflow/.local/lib/python3.8/site-packages/airflow/example_dags/plugins/workday.py
[2025-12-24T18:21:35.971+0000] {processor.py:842} WARNING - No viable dags retrieved from /home/airflow/.local/lib/python3.8/site-packages/airflow/example_dags/plugins/workday.py
[2025-12-24T18:21:35.987+0000] {processor.py:183} INFO - Processing /home/airflow/.local/lib/python3.8/site-packages/airflow/example_dags/plugins/workday.py took 0.296 seconds
[2025-12-24T18:22:06.216+0000] {processor.py:161} INFO - Started process (PID=18966) to work on /home/airflow/.local/lib/python3.8/site-packages/airflow/example_dags/plugins/workday.py
[2025-12-24T18:22:06.217+0000] {processor.py:830} INFO - Processing file /home/airflow/.local/lib/python3.8/site-packages/airflow/example_dags/plugins/workday.py for tasks to queue
[2025-12-24T18:22:06.218+0000] {logging_mixin.py:188} INFO - [2025-12-24T18:22:06.218+0000] {dagbag.py:538} INFO - Filling up the DagBag from /home/airflow/.local/lib/python3.8/site-packages/airflow/example_dags/plugins/workday.py
[2025-12-24T18:22:06.512+0000] {processor.py:842} WARNING - No viable dags retrieved from /home/airflow/.local/lib/python3.8/site-packages/airflow/example_dags/plugins/workday.py
[2025-12-24T18:22:06.528+0000] {processor.py:183} INFO - Processing /home/airflow/.local/lib/python3.8/site-packages/airflow/example_dags/plugins/workday.py took 0.315 seconds
[2025-12-24T18:22:37.256+0000] {processor.py:161} INFO - Started process (PID=19023) to work on /home/airflow/.local/lib/python3.8/site-packages/airflow/example_dags/plugins/workday.py
[2025-12-24T18:22:37.257+0000] {processor.py:830} INFO - Processing file /home/airflow/.local/lib/python3.8/site-packages/airflow/example_dags/plugins/workday.py for tasks to queue
[2025-12-24T18:22:37.258+0000] {logging_mixin.py:188} INFO - [2025-12-24T18:22:37.257+0000] {dagbag.py:538} INFO - Filling up the DagBag from /home/airflow/.local/lib/python3.8/site-packages/airflow/example_dags/plugins/workday.py
[2025-12-24T18:22:37.518+0000] {processor.py:842} WARNING - No viable dags retrieved from /home/airflow/.local/lib/python3.8/site-packages/airflow/example_dags/plugins/workday.py
[2025-12-24T18:22:37.532+0000] {processor.py:183} INFO - Processing /home/airflow/.local/lib/python3.8/site-packages/airflow/example_dags/plugins/workday.py took 0.280 seconds
[2025-12-24T18:23:07.658+0000] {processor.py:161} INFO - Started process (PID=19080) to work on /home/airflow/.local/lib/python3.8/site-packages/airflow/example_dags/plugins/workday.py
[2025-12-24T18:23:07.659+0000] {processor.py:830} INFO - Processing file /home/airflow/.local/lib/python3.8/site-packages/airflow/example_dags/plugins/workday.py for tasks to queue
[2025-12-24T18:23:07.660+0000] {logging_mixin.py:188} INFO - [2025-12-24T18:23:07.659+0000] {dagbag.py:538} INFO - Filling up the DagBag from /home/airflow/.local/lib/python3.8/site-packages/airflow/example_dags/plugins/workday.py
[2025-12-24T18:23:07.917+0000] {processor.py:842} WARNING - No viable dags retrieved from /home/airflow/.local/lib/python3.8/site-packages/airflow/example_dags/plugins/workday.py
[2025-12-24T18:23:07.931+0000] {processor.py:183} INFO - Processing /home/airflow/.local/lib/python3.8/site-packages/airflow/example_dags/plugins/workday.py took 0.276 seconds
[2025-12-24T18:23:38.896+0000] {processor.py:161} INFO - Started process (PID=19137) to work on /home/airflow/.local/lib/python3.8/site-packages/airflow/example_dags/plugins/workday.py
[2025-12-24T18:23:38.897+0000] {processor.py:830} INFO - Processing file /home/airflow/.local/lib/python3.8/site-packages/airflow/example_dags/plugins/workday.py for tasks to queue
[2025-12-24T18:23:38.898+0000] {logging_mixin.py:188} INFO - [2025-12-24T18:23:38.898+0000] {dagbag.py:538} INFO - Filling up the DagBag from /home/airflow/.local/lib/python3.8/site-packages/airflow/example_dags/plugins/workday.py
[2025-12-24T18:23:39.143+0000] {processor.py:842} WARNING - No viable dags retrieved from /home/airflow/.local/lib/python3.8/site-packages/airflow/example_dags/plugins/workday.py
[2025-12-24T18:23:39.157+0000] {processor.py:183} INFO - Processing /home/airflow/.local/lib/python3.8/site-packages/airflow/example_dags/plugins/workday.py took 0.265 seconds
[2025-12-24T18:24:10.288+0000] {processor.py:161} INFO - Started process (PID=19196) to work on /home/airflow/.local/lib/python3.8/site-packages/airflow/example_dags/plugins/workday.py
[2025-12-24T18:24:10.289+0000] {processor.py:830} INFO - Processing file /home/airflow/.local/lib/python3.8/site-packages/airflow/example_dags/plugins/workday.py for tasks to queue
[2025-12-24T18:24:10.290+0000] {logging_mixin.py:188} INFO - [2025-12-24T18:24:10.290+0000] {dagbag.py:538} INFO - Filling up the DagBag from /home/airflow/.local/lib/python3.8/site-packages/airflow/example_dags/plugins/workday.py
[2025-12-24T18:24:10.584+0000] {processor.py:842} WARNING - No viable dags retrieved from /home/airflow/.local/lib/python3.8/site-packages/airflow/example_dags/plugins/workday.py
[2025-12-24T18:24:10.601+0000] {processor.py:183} INFO - Processing /home/airflow/.local/lib/python3.8/site-packages/airflow/example_dags/plugins/workday.py took 0.316 seconds
[2025-12-24T18:24:40.687+0000] {processor.py:161} INFO - Started process (PID=19253) to work on /home/airflow/.local/lib/python3.8/site-packages/airflow/example_dags/plugins/workday.py
[2025-12-24T18:24:40.688+0000] {processor.py:830} INFO - Processing file /home/airflow/.local/lib/python3.8/site-packages/airflow/example_dags/plugins/workday.py for tasks to queue
[2025-12-24T18:24:40.689+0000] {logging_mixin.py:188} INFO - [2025-12-24T18:24:40.689+0000] {dagbag.py:538} INFO - Filling up the DagBag from /home/airflow/.local/lib/python3.8/site-packages/airflow/example_dags/plugins/workday.py
[2025-12-24T18:24:40.956+0000] {processor.py:842} WARNING - No viable dags retrieved from /home/airflow/.local/lib/python3.8/site-packages/airflow/example_dags/plugins/workday.py
[2025-12-24T18:24:40.972+0000] {processor.py:183} INFO - Processing /home/airflow/.local/lib/python3.8/site-packages/airflow/example_dags/plugins/workday.py took 0.288 seconds
[2025-12-24T18:25:11.696+0000] {processor.py:161} INFO - Started process (PID=19310) to work on /home/airflow/.local/lib/python3.8/site-packages/airflow/example_dags/plugins/workday.py
[2025-12-24T18:25:11.697+0000] {processor.py:830} INFO - Processing file /home/airflow/.local/lib/python3.8/site-packages/airflow/example_dags/plugins/workday.py for tasks to queue
[2025-12-24T18:25:11.698+0000] {logging_mixin.py:188} INFO - [2025-12-24T18:25:11.698+0000] {dagbag.py:538} INFO - Filling up the DagBag from /home/airflow/.local/lib/python3.8/site-packages/airflow/example_dags/plugins/workday.py
[2025-12-24T18:25:12.066+0000] {processor.py:842} WARNING - No viable dags retrieved from /home/airflow/.local/lib/python3.8/site-packages/airflow/example_dags/plugins/workday.py
[2025-12-24T18:25:12.077+0000] {processor.py:183} INFO - Processing /home/airflow/.local/lib/python3.8/site-packages/airflow/example_dags/plugins/workday.py took 0.385 seconds
[2025-12-24T18:25:42.349+0000] {processor.py:161} INFO - Started process (PID=19373) to work on /home/airflow/.local/lib/python3.8/site-packages/airflow/example_dags/plugins/workday.py
[2025-12-24T18:25:42.350+0000] {processor.py:830} INFO - Processing file /home/airflow/.local/lib/python3.8/site-packages/airflow/example_dags/plugins/workday.py for tasks to queue
[2025-12-24T18:25:42.351+0000] {logging_mixin.py:188} INFO - [2025-12-24T18:25:42.350+0000] {dagbag.py:538} INFO - Filling up the DagBag from /home/airflow/.local/lib/python3.8/site-packages/airflow/example_dags/plugins/workday.py
[2025-12-24T18:25:42.743+0000] {processor.py:842} WARNING - No viable dags retrieved from /home/airflow/.local/lib/python3.8/site-packages/airflow/example_dags/plugins/workday.py
[2025-12-24T18:25:42.754+0000] {processor.py:183} INFO - Processing /home/airflow/.local/lib/python3.8/site-packages/airflow/example_dags/plugins/workday.py took 0.409 seconds
[2025-12-24T18:26:12.810+0000] {processor.py:161} INFO - Started process (PID=19433) to work on /home/airflow/.local/lib/python3.8/site-packages/airflow/example_dags/plugins/workday.py
[2025-12-24T18:26:12.811+0000] {processor.py:830} INFO - Processing file /home/airflow/.local/lib/python3.8/site-packages/airflow/example_dags/plugins/workday.py for tasks to queue
[2025-12-24T18:26:12.812+0000] {logging_mixin.py:188} INFO - [2025-12-24T18:26:12.812+0000] {dagbag.py:538} INFO - Filling up the DagBag from /home/airflow/.local/lib/python3.8/site-packages/airflow/example_dags/plugins/workday.py
[2025-12-24T18:26:13.184+0000] {processor.py:842} WARNING - No viable dags retrieved from /home/airflow/.local/lib/python3.8/site-packages/airflow/example_dags/plugins/workday.py
[2025-12-24T18:26:13.199+0000] {processor.py:183} INFO - Processing /home/airflow/.local/lib/python3.8/site-packages/airflow/example_dags/plugins/workday.py took 0.393 seconds
[2025-12-24T18:26:43.263+0000] {processor.py:161} INFO - Started process (PID=19491) to work on /home/airflow/.local/lib/python3.8/site-packages/airflow/example_dags/plugins/workday.py
[2025-12-24T18:26:43.265+0000] {processor.py:830} INFO - Processing file /home/airflow/.local/lib/python3.8/site-packages/airflow/example_dags/plugins/workday.py for tasks to queue
[2025-12-24T18:26:43.274+0000] {logging_mixin.py:188} INFO - [2025-12-24T18:26:43.266+0000] {dagbag.py:538} INFO - Filling up the DagBag from /home/airflow/.local/lib/python3.8/site-packages/airflow/example_dags/plugins/workday.py
[2025-12-24T18:26:43.643+0000] {processor.py:842} WARNING - No viable dags retrieved from /home/airflow/.local/lib/python3.8/site-packages/airflow/example_dags/plugins/workday.py
[2025-12-24T18:26:43.657+0000] {processor.py:183} INFO - Processing /home/airflow/.local/lib/python3.8/site-packages/airflow/example_dags/plugins/workday.py took 0.399 seconds
[2025-12-24T18:27:14.522+0000] {processor.py:161} INFO - Started process (PID=19550) to work on /home/airflow/.local/lib/python3.8/site-packages/airflow/example_dags/plugins/workday.py
[2025-12-24T18:27:14.523+0000] {processor.py:830} INFO - Processing file /home/airflow/.local/lib/python3.8/site-packages/airflow/example_dags/plugins/workday.py for tasks to queue
[2025-12-24T18:27:14.524+0000] {logging_mixin.py:188} INFO - [2025-12-24T18:27:14.524+0000] {dagbag.py:538} INFO - Filling up the DagBag from /home/airflow/.local/lib/python3.8/site-packages/airflow/example_dags/plugins/workday.py
[2025-12-24T18:27:14.896+0000] {processor.py:842} WARNING - No viable dags retrieved from /home/airflow/.local/lib/python3.8/site-packages/airflow/example_dags/plugins/workday.py
[2025-12-24T18:27:14.909+0000] {processor.py:183} INFO - Processing /home/airflow/.local/lib/python3.8/site-packages/airflow/example_dags/plugins/workday.py took 0.390 seconds
[2025-12-24T18:27:45.922+0000] {processor.py:161} INFO - Started process (PID=19610) to work on /home/airflow/.local/lib/python3.8/site-packages/airflow/example_dags/plugins/workday.py
[2025-12-24T18:27:45.923+0000] {processor.py:830} INFO - Processing file /home/airflow/.local/lib/python3.8/site-packages/airflow/example_dags/plugins/workday.py for tasks to queue
[2025-12-24T18:27:45.924+0000] {logging_mixin.py:188} INFO - [2025-12-24T18:27:45.924+0000] {dagbag.py:538} INFO - Filling up the DagBag from /home/airflow/.local/lib/python3.8/site-packages/airflow/example_dags/plugins/workday.py
[2025-12-24T18:27:46.304+0000] {processor.py:842} WARNING - No viable dags retrieved from /home/airflow/.local/lib/python3.8/site-packages/airflow/example_dags/plugins/workday.py
[2025-12-24T18:27:46.318+0000] {processor.py:183} INFO - Processing /home/airflow/.local/lib/python3.8/site-packages/airflow/example_dags/plugins/workday.py took 0.399 seconds
[2025-12-24T18:28:17.481+0000] {processor.py:161} INFO - Started process (PID=19670) to work on /home/airflow/.local/lib/python3.8/site-packages/airflow/example_dags/plugins/workday.py
[2025-12-24T18:28:17.483+0000] {processor.py:830} INFO - Processing file /home/airflow/.local/lib/python3.8/site-packages/airflow/example_dags/plugins/workday.py for tasks to queue
[2025-12-24T18:28:17.484+0000] {logging_mixin.py:188} INFO - [2025-12-24T18:28:17.484+0000] {dagbag.py:538} INFO - Filling up the DagBag from /home/airflow/.local/lib/python3.8/site-packages/airflow/example_dags/plugins/workday.py
[2025-12-24T18:28:17.849+0000] {processor.py:842} WARNING - No viable dags retrieved from /home/airflow/.local/lib/python3.8/site-packages/airflow/example_dags/plugins/workday.py
[2025-12-24T18:28:17.862+0000] {processor.py:183} INFO - Processing /home/airflow/.local/lib/python3.8/site-packages/airflow/example_dags/plugins/workday.py took 0.386 seconds
[2025-12-24T18:28:48.026+0000] {processor.py:161} INFO - Started process (PID=19728) to work on /home/airflow/.local/lib/python3.8/site-packages/airflow/example_dags/plugins/workday.py
[2025-12-24T18:28:48.027+0000] {processor.py:830} INFO - Processing file /home/airflow/.local/lib/python3.8/site-packages/airflow/example_dags/plugins/workday.py for tasks to queue
[2025-12-24T18:28:48.028+0000] {logging_mixin.py:188} INFO - [2025-12-24T18:28:48.027+0000] {dagbag.py:538} INFO - Filling up the DagBag from /home/airflow/.local/lib/python3.8/site-packages/airflow/example_dags/plugins/workday.py
[2025-12-24T18:28:48.456+0000] {processor.py:842} WARNING - No viable dags retrieved from /home/airflow/.local/lib/python3.8/site-packages/airflow/example_dags/plugins/workday.py
[2025-12-24T18:28:48.469+0000] {processor.py:183} INFO - Processing /home/airflow/.local/lib/python3.8/site-packages/airflow/example_dags/plugins/workday.py took 0.447 seconds
[2025-12-24T18:29:18.523+0000] {processor.py:161} INFO - Started process (PID=19786) to work on /home/airflow/.local/lib/python3.8/site-packages/airflow/example_dags/plugins/workday.py
[2025-12-24T18:29:18.525+0000] {processor.py:830} INFO - Processing file /home/airflow/.local/lib/python3.8/site-packages/airflow/example_dags/plugins/workday.py for tasks to queue
[2025-12-24T18:29:18.526+0000] {logging_mixin.py:188} INFO - [2025-12-24T18:29:18.526+0000] {dagbag.py:538} INFO - Filling up the DagBag from /home/airflow/.local/lib/python3.8/site-packages/airflow/example_dags/plugins/workday.py
[2025-12-24T18:29:18.922+0000] {processor.py:842} WARNING - No viable dags retrieved from /home/airflow/.local/lib/python3.8/site-packages/airflow/example_dags/plugins/workday.py
[2025-12-24T18:29:18.936+0000] {processor.py:183} INFO - Processing /home/airflow/.local/lib/python3.8/site-packages/airflow/example_dags/plugins/workday.py took 0.419 seconds
[2025-12-24T18:29:49.113+0000] {processor.py:161} INFO - Started process (PID=19845) to work on /home/airflow/.local/lib/python3.8/site-packages/airflow/example_dags/plugins/workday.py
[2025-12-24T18:29:49.114+0000] {processor.py:830} INFO - Processing file /home/airflow/.local/lib/python3.8/site-packages/airflow/example_dags/plugins/workday.py for tasks to queue
[2025-12-24T18:29:49.116+0000] {logging_mixin.py:188} INFO - [2025-12-24T18:29:49.115+0000] {dagbag.py:538} INFO - Filling up the DagBag from /home/airflow/.local/lib/python3.8/site-packages/airflow/example_dags/plugins/workday.py
[2025-12-24T18:29:49.479+0000] {processor.py:842} WARNING - No viable dags retrieved from /home/airflow/.local/lib/python3.8/site-packages/airflow/example_dags/plugins/workday.py
[2025-12-24T18:29:49.492+0000] {processor.py:183} INFO - Processing /home/airflow/.local/lib/python3.8/site-packages/airflow/example_dags/plugins/workday.py took 0.383 seconds
[2025-12-24T18:30:20.495+0000] {processor.py:161} INFO - Started process (PID=19904) to work on /home/airflow/.local/lib/python3.8/site-packages/airflow/example_dags/plugins/workday.py
[2025-12-24T18:30:20.496+0000] {processor.py:830} INFO - Processing file /home/airflow/.local/lib/python3.8/site-packages/airflow/example_dags/plugins/workday.py for tasks to queue
[2025-12-24T18:30:20.497+0000] {logging_mixin.py:188} INFO - [2025-12-24T18:30:20.497+0000] {dagbag.py:538} INFO - Filling up the DagBag from /home/airflow/.local/lib/python3.8/site-packages/airflow/example_dags/plugins/workday.py
[2025-12-24T18:30:20.984+0000] {processor.py:842} WARNING - No viable dags retrieved from /home/airflow/.local/lib/python3.8/site-packages/airflow/example_dags/plugins/workday.py
[2025-12-24T18:30:20.995+0000] {processor.py:183} INFO - Processing /home/airflow/.local/lib/python3.8/site-packages/airflow/example_dags/plugins/workday.py took 0.504 seconds
[2025-12-24T18:30:51.746+0000] {processor.py:161} INFO - Started process (PID=19961) to work on /home/airflow/.local/lib/python3.8/site-packages/airflow/example_dags/plugins/workday.py
[2025-12-24T18:30:51.747+0000] {processor.py:830} INFO - Processing file /home/airflow/.local/lib/python3.8/site-packages/airflow/example_dags/plugins/workday.py for tasks to queue
[2025-12-24T18:30:51.748+0000] {logging_mixin.py:188} INFO - [2025-12-24T18:30:51.748+0000] {dagbag.py:538} INFO - Filling up the DagBag from /home/airflow/.local/lib/python3.8/site-packages/airflow/example_dags/plugins/workday.py
[2025-12-24T18:30:52.209+0000] {processor.py:842} WARNING - No viable dags retrieved from /home/airflow/.local/lib/python3.8/site-packages/airflow/example_dags/plugins/workday.py
[2025-12-24T18:30:52.221+0000] {processor.py:183} INFO - Processing /home/airflow/.local/lib/python3.8/site-packages/airflow/example_dags/plugins/workday.py took 0.479 seconds
[2025-12-24T18:31:22.944+0000] {processor.py:161} INFO - Started process (PID=20017) to work on /home/airflow/.local/lib/python3.8/site-packages/airflow/example_dags/plugins/workday.py
[2025-12-24T18:31:22.946+0000] {processor.py:830} INFO - Processing file /home/airflow/.local/lib/python3.8/site-packages/airflow/example_dags/plugins/workday.py for tasks to queue
[2025-12-24T18:31:22.947+0000] {logging_mixin.py:188} INFO - [2025-12-24T18:31:22.946+0000] {dagbag.py:538} INFO - Filling up the DagBag from /home/airflow/.local/lib/python3.8/site-packages/airflow/example_dags/plugins/workday.py
[2025-12-24T18:31:23.388+0000] {processor.py:842} WARNING - No viable dags retrieved from /home/airflow/.local/lib/python3.8/site-packages/airflow/example_dags/plugins/workday.py
[2025-12-24T18:31:23.402+0000] {processor.py:183} INFO - Processing /home/airflow/.local/lib/python3.8/site-packages/airflow/example_dags/plugins/workday.py took 0.462 seconds
[2025-12-24T18:31:54.496+0000] {processor.py:161} INFO - Started process (PID=20076) to work on /home/airflow/.local/lib/python3.8/site-packages/airflow/example_dags/plugins/workday.py
[2025-12-24T18:31:54.497+0000] {processor.py:830} INFO - Processing file /home/airflow/.local/lib/python3.8/site-packages/airflow/example_dags/plugins/workday.py for tasks to queue
[2025-12-24T18:31:54.498+0000] {logging_mixin.py:188} INFO - [2025-12-24T18:31:54.498+0000] {dagbag.py:538} INFO - Filling up the DagBag from /home/airflow/.local/lib/python3.8/site-packages/airflow/example_dags/plugins/workday.py
[2025-12-24T18:31:54.853+0000] {processor.py:842} WARNING - No viable dags retrieved from /home/airflow/.local/lib/python3.8/site-packages/airflow/example_dags/plugins/workday.py
[2025-12-24T18:31:54.868+0000] {processor.py:183} INFO - Processing /home/airflow/.local/lib/python3.8/site-packages/airflow/example_dags/plugins/workday.py took 0.375 seconds
[2025-12-24T18:32:25.661+0000] {processor.py:161} INFO - Started process (PID=20133) to work on /home/airflow/.local/lib/python3.8/site-packages/airflow/example_dags/plugins/workday.py
[2025-12-24T18:32:25.662+0000] {processor.py:830} INFO - Processing file /home/airflow/.local/lib/python3.8/site-packages/airflow/example_dags/plugins/workday.py for tasks to queue
[2025-12-24T18:32:25.663+0000] {logging_mixin.py:188} INFO - [2025-12-24T18:32:25.663+0000] {dagbag.py:538} INFO - Filling up the DagBag from /home/airflow/.local/lib/python3.8/site-packages/airflow/example_dags/plugins/workday.py
[2025-12-24T18:32:26.059+0000] {processor.py:842} WARNING - No viable dags retrieved from /home/airflow/.local/lib/python3.8/site-packages/airflow/example_dags/plugins/workday.py
[2025-12-24T18:32:26.071+0000] {processor.py:183} INFO - Processing /home/airflow/.local/lib/python3.8/site-packages/airflow/example_dags/plugins/workday.py took 0.413 seconds
[2025-12-24T18:32:56.121+0000] {processor.py:161} INFO - Started process (PID=20190) to work on /home/airflow/.local/lib/python3.8/site-packages/airflow/example_dags/plugins/workday.py
[2025-12-24T18:32:56.122+0000] {processor.py:830} INFO - Processing file /home/airflow/.local/lib/python3.8/site-packages/airflow/example_dags/plugins/workday.py for tasks to queue
[2025-12-24T18:32:56.123+0000] {logging_mixin.py:188} INFO - [2025-12-24T18:32:56.122+0000] {dagbag.py:538} INFO - Filling up the DagBag from /home/airflow/.local/lib/python3.8/site-packages/airflow/example_dags/plugins/workday.py
[2025-12-24T18:32:56.567+0000] {processor.py:842} WARNING - No viable dags retrieved from /home/airflow/.local/lib/python3.8/site-packages/airflow/example_dags/plugins/workday.py
[2025-12-24T18:32:56.578+0000] {processor.py:183} INFO - Processing /home/airflow/.local/lib/python3.8/site-packages/airflow/example_dags/plugins/workday.py took 0.460 seconds
[2025-12-24T18:33:26.960+0000] {processor.py:161} INFO - Started process (PID=20247) to work on /home/airflow/.local/lib/python3.8/site-packages/airflow/example_dags/plugins/workday.py
[2025-12-24T18:33:26.961+0000] {processor.py:830} INFO - Processing file /home/airflow/.local/lib/python3.8/site-packages/airflow/example_dags/plugins/workday.py for tasks to queue
[2025-12-24T18:33:26.962+0000] {logging_mixin.py:188} INFO - [2025-12-24T18:33:26.961+0000] {dagbag.py:538} INFO - Filling up the DagBag from /home/airflow/.local/lib/python3.8/site-packages/airflow/example_dags/plugins/workday.py
[2025-12-24T18:33:27.346+0000] {processor.py:842} WARNING - No viable dags retrieved from /home/airflow/.local/lib/python3.8/site-packages/airflow/example_dags/plugins/workday.py
[2025-12-24T18:33:27.358+0000] {processor.py:183} INFO - Processing /home/airflow/.local/lib/python3.8/site-packages/airflow/example_dags/plugins/workday.py took 0.402 seconds
[2025-12-24T18:33:58.477+0000] {processor.py:161} INFO - Started process (PID=20307) to work on /home/airflow/.local/lib/python3.8/site-packages/airflow/example_dags/plugins/workday.py
[2025-12-24T18:33:58.479+0000] {processor.py:830} INFO - Processing file /home/airflow/.local/lib/python3.8/site-packages/airflow/example_dags/plugins/workday.py for tasks to queue
[2025-12-24T18:33:58.480+0000] {logging_mixin.py:188} INFO - [2025-12-24T18:33:58.480+0000] {dagbag.py:538} INFO - Filling up the DagBag from /home/airflow/.local/lib/python3.8/site-packages/airflow/example_dags/plugins/workday.py
[2025-12-24T18:33:58.865+0000] {processor.py:842} WARNING - No viable dags retrieved from /home/airflow/.local/lib/python3.8/site-packages/airflow/example_dags/plugins/workday.py
[2025-12-24T18:33:58.876+0000] {processor.py:183} INFO - Processing /home/airflow/.local/lib/python3.8/site-packages/airflow/example_dags/plugins/workday.py took 0.403 seconds
[2025-12-24T18:34:29.023+0000] {processor.py:161} INFO - Started process (PID=20364) to work on /home/airflow/.local/lib/python3.8/site-packages/airflow/example_dags/plugins/workday.py
[2025-12-24T18:34:29.024+0000] {processor.py:830} INFO - Processing file /home/airflow/.local/lib/python3.8/site-packages/airflow/example_dags/plugins/workday.py for tasks to queue
[2025-12-24T18:34:29.025+0000] {logging_mixin.py:188} INFO - [2025-12-24T18:34:29.025+0000] {dagbag.py:538} INFO - Filling up the DagBag from /home/airflow/.local/lib/python3.8/site-packages/airflow/example_dags/plugins/workday.py
[2025-12-24T18:34:29.428+0000] {processor.py:842} WARNING - No viable dags retrieved from /home/airflow/.local/lib/python3.8/site-packages/airflow/example_dags/plugins/workday.py
[2025-12-24T18:34:29.441+0000] {processor.py:183} INFO - Processing /home/airflow/.local/lib/python3.8/site-packages/airflow/example_dags/plugins/workday.py took 0.421 seconds
[2025-12-24T18:35:00.377+0000] {processor.py:161} INFO - Started process (PID=20421) to work on /home/airflow/.local/lib/python3.8/site-packages/airflow/example_dags/plugins/workday.py
[2025-12-24T18:35:00.379+0000] {processor.py:830} INFO - Processing file /home/airflow/.local/lib/python3.8/site-packages/airflow/example_dags/plugins/workday.py for tasks to queue
[2025-12-24T18:35:00.380+0000] {logging_mixin.py:188} INFO - [2025-12-24T18:35:00.380+0000] {dagbag.py:538} INFO - Filling up the DagBag from /home/airflow/.local/lib/python3.8/site-packages/airflow/example_dags/plugins/workday.py
[2025-12-24T18:35:00.810+0000] {processor.py:842} WARNING - No viable dags retrieved from /home/airflow/.local/lib/python3.8/site-packages/airflow/example_dags/plugins/workday.py
[2025-12-24T18:35:00.824+0000] {processor.py:183} INFO - Processing /home/airflow/.local/lib/python3.8/site-packages/airflow/example_dags/plugins/workday.py took 0.451 seconds
[2025-12-24T18:35:30.937+0000] {processor.py:161} INFO - Started process (PID=20478) to work on /home/airflow/.local/lib/python3.8/site-packages/airflow/example_dags/plugins/workday.py
[2025-12-24T18:35:30.938+0000] {processor.py:830} INFO - Processing file /home/airflow/.local/lib/python3.8/site-packages/airflow/example_dags/plugins/workday.py for tasks to queue
[2025-12-24T18:35:30.939+0000] {logging_mixin.py:188} INFO - [2025-12-24T18:35:30.939+0000] {dagbag.py:538} INFO - Filling up the DagBag from /home/airflow/.local/lib/python3.8/site-packages/airflow/example_dags/plugins/workday.py
[2025-12-24T18:35:31.360+0000] {processor.py:842} WARNING - No viable dags retrieved from /home/airflow/.local/lib/python3.8/site-packages/airflow/example_dags/plugins/workday.py
[2025-12-24T18:35:31.373+0000] {processor.py:183} INFO - Processing /home/airflow/.local/lib/python3.8/site-packages/airflow/example_dags/plugins/workday.py took 0.442 seconds
[2025-12-24T18:36:02.194+0000] {processor.py:161} INFO - Started process (PID=20535) to work on /home/airflow/.local/lib/python3.8/site-packages/airflow/example_dags/plugins/workday.py
[2025-12-24T18:36:02.196+0000] {processor.py:830} INFO - Processing file /home/airflow/.local/lib/python3.8/site-packages/airflow/example_dags/plugins/workday.py for tasks to queue
[2025-12-24T18:36:02.197+0000] {logging_mixin.py:188} INFO - [2025-12-24T18:36:02.196+0000] {dagbag.py:538} INFO - Filling up the DagBag from /home/airflow/.local/lib/python3.8/site-packages/airflow/example_dags/plugins/workday.py
[2025-12-24T18:36:02.574+0000] {processor.py:842} WARNING - No viable dags retrieved from /home/airflow/.local/lib/python3.8/site-packages/airflow/example_dags/plugins/workday.py
[2025-12-24T18:36:02.587+0000] {processor.py:183} INFO - Processing /home/airflow/.local/lib/python3.8/site-packages/airflow/example_dags/plugins/workday.py took 0.396 seconds
[2025-12-24T18:36:33.352+0000] {processor.py:161} INFO - Started process (PID=20592) to work on /home/airflow/.local/lib/python3.8/site-packages/airflow/example_dags/plugins/workday.py
[2025-12-24T18:36:33.353+0000] {processor.py:830} INFO - Processing file /home/airflow/.local/lib/python3.8/site-packages/airflow/example_dags/plugins/workday.py for tasks to queue
[2025-12-24T18:36:33.354+0000] {logging_mixin.py:188} INFO - [2025-12-24T18:36:33.354+0000] {dagbag.py:538} INFO - Filling up the DagBag from /home/airflow/.local/lib/python3.8/site-packages/airflow/example_dags/plugins/workday.py
[2025-12-24T18:36:33.729+0000] {processor.py:842} WARNING - No viable dags retrieved from /home/airflow/.local/lib/python3.8/site-packages/airflow/example_dags/plugins/workday.py
[2025-12-24T18:36:33.741+0000] {processor.py:183} INFO - Processing /home/airflow/.local/lib/python3.8/site-packages/airflow/example_dags/plugins/workday.py took 0.393 seconds
[2025-12-24T18:37:03.807+0000] {processor.py:161} INFO - Started process (PID=20648) to work on /home/airflow/.local/lib/python3.8/site-packages/airflow/example_dags/plugins/workday.py
[2025-12-24T18:37:03.808+0000] {processor.py:830} INFO - Processing file /home/airflow/.local/lib/python3.8/site-packages/airflow/example_dags/plugins/workday.py for tasks to queue
[2025-12-24T18:37:03.809+0000] {logging_mixin.py:188} INFO - [2025-12-24T18:37:03.809+0000] {dagbag.py:538} INFO - Filling up the DagBag from /home/airflow/.local/lib/python3.8/site-packages/airflow/example_dags/plugins/workday.py
[2025-12-24T18:37:04.189+0000] {processor.py:842} WARNING - No viable dags retrieved from /home/airflow/.local/lib/python3.8/site-packages/airflow/example_dags/plugins/workday.py
[2025-12-24T18:37:04.202+0000] {processor.py:183} INFO - Processing /home/airflow/.local/lib/python3.8/site-packages/airflow/example_dags/plugins/workday.py took 0.400 seconds
[2025-12-24T18:37:35.198+0000] {processor.py:161} INFO - Started process (PID=20707) to work on /home/airflow/.local/lib/python3.8/site-packages/airflow/example_dags/plugins/workday.py
[2025-12-24T18:37:35.199+0000] {processor.py:830} INFO - Processing file /home/airflow/.local/lib/python3.8/site-packages/airflow/example_dags/plugins/workday.py for tasks to queue
[2025-12-24T18:37:35.201+0000] {logging_mixin.py:188} INFO - [2025-12-24T18:37:35.200+0000] {dagbag.py:538} INFO - Filling up the DagBag from /home/airflow/.local/lib/python3.8/site-packages/airflow/example_dags/plugins/workday.py
[2025-12-24T18:37:35.563+0000] {processor.py:842} WARNING - No viable dags retrieved from /home/airflow/.local/lib/python3.8/site-packages/airflow/example_dags/plugins/workday.py
[2025-12-24T18:37:35.576+0000] {processor.py:183} INFO - Processing /home/airflow/.local/lib/python3.8/site-packages/airflow/example_dags/plugins/workday.py took 0.381 seconds
[2025-12-24T18:38:06.413+0000] {processor.py:161} INFO - Started process (PID=20764) to work on /home/airflow/.local/lib/python3.8/site-packages/airflow/example_dags/plugins/workday.py
[2025-12-24T18:38:06.415+0000] {processor.py:830} INFO - Processing file /home/airflow/.local/lib/python3.8/site-packages/airflow/example_dags/plugins/workday.py for tasks to queue
[2025-12-24T18:38:06.416+0000] {logging_mixin.py:188} INFO - [2025-12-24T18:38:06.415+0000] {dagbag.py:538} INFO - Filling up the DagBag from /home/airflow/.local/lib/python3.8/site-packages/airflow/example_dags/plugins/workday.py
[2025-12-24T18:38:06.773+0000] {processor.py:842} WARNING - No viable dags retrieved from /home/airflow/.local/lib/python3.8/site-packages/airflow/example_dags/plugins/workday.py
[2025-12-24T18:38:06.786+0000] {processor.py:183} INFO - Processing /home/airflow/.local/lib/python3.8/site-packages/airflow/example_dags/plugins/workday.py took 0.376 seconds
[2025-12-24T18:38:37.553+0000] {processor.py:161} INFO - Started process (PID=20821) to work on /home/airflow/.local/lib/python3.8/site-packages/airflow/example_dags/plugins/workday.py
[2025-12-24T18:38:37.554+0000] {processor.py:830} INFO - Processing file /home/airflow/.local/lib/python3.8/site-packages/airflow/example_dags/plugins/workday.py for tasks to queue
[2025-12-24T18:38:37.555+0000] {logging_mixin.py:188} INFO - [2025-12-24T18:38:37.555+0000] {dagbag.py:538} INFO - Filling up the DagBag from /home/airflow/.local/lib/python3.8/site-packages/airflow/example_dags/plugins/workday.py
[2025-12-24T18:38:37.980+0000] {processor.py:842} WARNING - No viable dags retrieved from /home/airflow/.local/lib/python3.8/site-packages/airflow/example_dags/plugins/workday.py
[2025-12-24T18:38:37.992+0000] {processor.py:183} INFO - Processing /home/airflow/.local/lib/python3.8/site-packages/airflow/example_dags/plugins/workday.py took 0.443 seconds
[2025-12-24T18:39:08.082+0000] {processor.py:161} INFO - Started process (PID=20880) to work on /home/airflow/.local/lib/python3.8/site-packages/airflow/example_dags/plugins/workday.py
[2025-12-24T18:39:08.084+0000] {processor.py:830} INFO - Processing file /home/airflow/.local/lib/python3.8/site-packages/airflow/example_dags/plugins/workday.py for tasks to queue
[2025-12-24T18:39:08.085+0000] {logging_mixin.py:188} INFO - [2025-12-24T18:39:08.084+0000] {dagbag.py:538} INFO - Filling up the DagBag from /home/airflow/.local/lib/python3.8/site-packages/airflow/example_dags/plugins/workday.py
[2025-12-24T18:39:08.482+0000] {processor.py:842} WARNING - No viable dags retrieved from /home/airflow/.local/lib/python3.8/site-packages/airflow/example_dags/plugins/workday.py
[2025-12-24T18:39:08.493+0000] {processor.py:183} INFO - Processing /home/airflow/.local/lib/python3.8/site-packages/airflow/example_dags/plugins/workday.py took 0.414 seconds
[2025-12-24T18:39:39.425+0000] {processor.py:161} INFO - Started process (PID=20939) to work on /home/airflow/.local/lib/python3.8/site-packages/airflow/example_dags/plugins/workday.py
[2025-12-24T18:39:39.426+0000] {processor.py:830} INFO - Processing file /home/airflow/.local/lib/python3.8/site-packages/airflow/example_dags/plugins/workday.py for tasks to queue
[2025-12-24T18:39:39.427+0000] {logging_mixin.py:188} INFO - [2025-12-24T18:39:39.427+0000] {dagbag.py:538} INFO - Filling up the DagBag from /home/airflow/.local/lib/python3.8/site-packages/airflow/example_dags/plugins/workday.py
[2025-12-24T18:39:39.804+0000] {processor.py:842} WARNING - No viable dags retrieved from /home/airflow/.local/lib/python3.8/site-packages/airflow/example_dags/plugins/workday.py
[2025-12-24T18:39:39.816+0000] {processor.py:183} INFO - Processing /home/airflow/.local/lib/python3.8/site-packages/airflow/example_dags/plugins/workday.py took 0.394 seconds
[2025-12-24T18:40:09.972+0000] {processor.py:161} INFO - Started process (PID=20998) to work on /home/airflow/.local/lib/python3.8/site-packages/airflow/example_dags/plugins/workday.py
[2025-12-24T18:40:09.973+0000] {processor.py:830} INFO - Processing file /home/airflow/.local/lib/python3.8/site-packages/airflow/example_dags/plugins/workday.py for tasks to queue
[2025-12-24T18:40:09.974+0000] {logging_mixin.py:188} INFO - [2025-12-24T18:40:09.973+0000] {dagbag.py:538} INFO - Filling up the DagBag from /home/airflow/.local/lib/python3.8/site-packages/airflow/example_dags/plugins/workday.py
[2025-12-24T18:40:10.411+0000] {processor.py:842} WARNING - No viable dags retrieved from /home/airflow/.local/lib/python3.8/site-packages/airflow/example_dags/plugins/workday.py
[2025-12-24T18:40:10.422+0000] {processor.py:183} INFO - Processing /home/airflow/.local/lib/python3.8/site-packages/airflow/example_dags/plugins/workday.py took 0.454 seconds
[2025-12-24T18:40:40.505+0000] {processor.py:161} INFO - Started process (PID=21058) to work on /home/airflow/.local/lib/python3.8/site-packages/airflow/example_dags/plugins/workday.py
[2025-12-24T18:40:40.506+0000] {processor.py:830} INFO - Processing file /home/airflow/.local/lib/python3.8/site-packages/airflow/example_dags/plugins/workday.py for tasks to queue
[2025-12-24T18:40:40.508+0000] {logging_mixin.py:188} INFO - [2025-12-24T18:40:40.507+0000] {dagbag.py:538} INFO - Filling up the DagBag from /home/airflow/.local/lib/python3.8/site-packages/airflow/example_dags/plugins/workday.py
[2025-12-24T18:40:40.915+0000] {processor.py:842} WARNING - No viable dags retrieved from /home/airflow/.local/lib/python3.8/site-packages/airflow/example_dags/plugins/workday.py
[2025-12-24T18:40:40.928+0000] {processor.py:183} INFO - Processing /home/airflow/.local/lib/python3.8/site-packages/airflow/example_dags/plugins/workday.py took 0.428 seconds
[2025-12-24T18:41:11.688+0000] {processor.py:161} INFO - Started process (PID=21115) to work on /home/airflow/.local/lib/python3.8/site-packages/airflow/example_dags/plugins/workday.py
[2025-12-24T18:41:11.690+0000] {processor.py:830} INFO - Processing file /home/airflow/.local/lib/python3.8/site-packages/airflow/example_dags/plugins/workday.py for tasks to queue
[2025-12-24T18:41:11.691+0000] {logging_mixin.py:188} INFO - [2025-12-24T18:41:11.691+0000] {dagbag.py:538} INFO - Filling up the DagBag from /home/airflow/.local/lib/python3.8/site-packages/airflow/example_dags/plugins/workday.py
[2025-12-24T18:41:12.079+0000] {processor.py:842} WARNING - No viable dags retrieved from /home/airflow/.local/lib/python3.8/site-packages/airflow/example_dags/plugins/workday.py
[2025-12-24T18:41:12.092+0000] {processor.py:183} INFO - Processing /home/airflow/.local/lib/python3.8/site-packages/airflow/example_dags/plugins/workday.py took 0.410 seconds
[2025-12-24T18:41:42.960+0000] {processor.py:161} INFO - Started process (PID=21172) to work on /home/airflow/.local/lib/python3.8/site-packages/airflow/example_dags/plugins/workday.py
[2025-12-24T18:41:42.961+0000] {processor.py:830} INFO - Processing file /home/airflow/.local/lib/python3.8/site-packages/airflow/example_dags/plugins/workday.py for tasks to queue
[2025-12-24T18:41:42.962+0000] {logging_mixin.py:188} INFO - [2025-12-24T18:41:42.962+0000] {dagbag.py:538} INFO - Filling up the DagBag from /home/airflow/.local/lib/python3.8/site-packages/airflow/example_dags/plugins/workday.py
[2025-12-24T18:41:43.328+0000] {processor.py:842} WARNING - No viable dags retrieved from /home/airflow/.local/lib/python3.8/site-packages/airflow/example_dags/plugins/workday.py
[2025-12-24T18:41:43.342+0000] {processor.py:183} INFO - Processing /home/airflow/.local/lib/python3.8/site-packages/airflow/example_dags/plugins/workday.py took 0.387 seconds
[2025-12-24T18:42:13.428+0000] {processor.py:161} INFO - Started process (PID=21229) to work on /home/airflow/.local/lib/python3.8/site-packages/airflow/example_dags/plugins/workday.py
[2025-12-24T18:42:13.429+0000] {processor.py:830} INFO - Processing file /home/airflow/.local/lib/python3.8/site-packages/airflow/example_dags/plugins/workday.py for tasks to queue
[2025-12-24T18:42:13.430+0000] {logging_mixin.py:188} INFO - [2025-12-24T18:42:13.430+0000] {dagbag.py:538} INFO - Filling up the DagBag from /home/airflow/.local/lib/python3.8/site-packages/airflow/example_dags/plugins/workday.py
[2025-12-24T18:42:13.795+0000] {processor.py:842} WARNING - No viable dags retrieved from /home/airflow/.local/lib/python3.8/site-packages/airflow/example_dags/plugins/workday.py
[2025-12-24T18:42:13.808+0000] {processor.py:183} INFO - Processing /home/airflow/.local/lib/python3.8/site-packages/airflow/example_dags/plugins/workday.py took 0.384 seconds
[2025-12-24T18:42:43.970+0000] {processor.py:161} INFO - Started process (PID=21286) to work on /home/airflow/.local/lib/python3.8/site-packages/airflow/example_dags/plugins/workday.py
[2025-12-24T18:42:43.972+0000] {processor.py:830} INFO - Processing file /home/airflow/.local/lib/python3.8/site-packages/airflow/example_dags/plugins/workday.py for tasks to queue
[2025-12-24T18:42:43.973+0000] {logging_mixin.py:188} INFO - [2025-12-24T18:42:43.972+0000] {dagbag.py:538} INFO - Filling up the DagBag from /home/airflow/.local/lib/python3.8/site-packages/airflow/example_dags/plugins/workday.py
[2025-12-24T18:42:44.338+0000] {processor.py:842} WARNING - No viable dags retrieved from /home/airflow/.local/lib/python3.8/site-packages/airflow/example_dags/plugins/workday.py
[2025-12-24T18:42:44.349+0000] {processor.py:183} INFO - Processing /home/airflow/.local/lib/python3.8/site-packages/airflow/example_dags/plugins/workday.py took 0.382 seconds
[2025-12-24T18:43:14.915+0000] {processor.py:161} INFO - Started process (PID=21349) to work on /home/airflow/.local/lib/python3.8/site-packages/airflow/example_dags/plugins/workday.py
[2025-12-24T18:43:14.917+0000] {processor.py:830} INFO - Processing file /home/airflow/.local/lib/python3.8/site-packages/airflow/example_dags/plugins/workday.py for tasks to queue
[2025-12-24T18:43:14.918+0000] {logging_mixin.py:188} INFO - [2025-12-24T18:43:14.917+0000] {dagbag.py:538} INFO - Filling up the DagBag from /home/airflow/.local/lib/python3.8/site-packages/airflow/example_dags/plugins/workday.py
[2025-12-24T18:43:15.312+0000] {processor.py:842} WARNING - No viable dags retrieved from /home/airflow/.local/lib/python3.8/site-packages/airflow/example_dags/plugins/workday.py
[2025-12-24T18:43:15.324+0000] {processor.py:183} INFO - Processing /home/airflow/.local/lib/python3.8/site-packages/airflow/example_dags/plugins/workday.py took 0.414 seconds
[2025-12-24T18:43:45.443+0000] {processor.py:161} INFO - Started process (PID=21406) to work on /home/airflow/.local/lib/python3.8/site-packages/airflow/example_dags/plugins/workday.py
[2025-12-24T18:43:45.444+0000] {processor.py:830} INFO - Processing file /home/airflow/.local/lib/python3.8/site-packages/airflow/example_dags/plugins/workday.py for tasks to queue
[2025-12-24T18:43:45.445+0000] {logging_mixin.py:188} INFO - [2025-12-24T18:43:45.445+0000] {dagbag.py:538} INFO - Filling up the DagBag from /home/airflow/.local/lib/python3.8/site-packages/airflow/example_dags/plugins/workday.py
[2025-12-24T18:43:45.842+0000] {processor.py:842} WARNING - No viable dags retrieved from /home/airflow/.local/lib/python3.8/site-packages/airflow/example_dags/plugins/workday.py
[2025-12-24T18:43:45.855+0000] {processor.py:183} INFO - Processing /home/airflow/.local/lib/python3.8/site-packages/airflow/example_dags/plugins/workday.py took 0.416 seconds
[2025-12-24T18:44:16.167+0000] {processor.py:161} INFO - Started process (PID=21465) to work on /home/airflow/.local/lib/python3.8/site-packages/airflow/example_dags/plugins/workday.py
[2025-12-24T18:44:16.168+0000] {processor.py:830} INFO - Processing file /home/airflow/.local/lib/python3.8/site-packages/airflow/example_dags/plugins/workday.py for tasks to queue
[2025-12-24T18:44:16.169+0000] {logging_mixin.py:188} INFO - [2025-12-24T18:44:16.168+0000] {dagbag.py:538} INFO - Filling up the DagBag from /home/airflow/.local/lib/python3.8/site-packages/airflow/example_dags/plugins/workday.py
[2025-12-24T18:44:16.538+0000] {processor.py:842} WARNING - No viable dags retrieved from /home/airflow/.local/lib/python3.8/site-packages/airflow/example_dags/plugins/workday.py
[2025-12-24T18:44:16.551+0000] {processor.py:183} INFO - Processing /home/airflow/.local/lib/python3.8/site-packages/airflow/example_dags/plugins/workday.py took 0.388 seconds
[2025-12-24T18:44:47.601+0000] {processor.py:161} INFO - Started process (PID=21524) to work on /home/airflow/.local/lib/python3.8/site-packages/airflow/example_dags/plugins/workday.py
[2025-12-24T18:44:47.602+0000] {processor.py:830} INFO - Processing file /home/airflow/.local/lib/python3.8/site-packages/airflow/example_dags/plugins/workday.py for tasks to queue
[2025-12-24T18:44:47.603+0000] {logging_mixin.py:188} INFO - [2025-12-24T18:44:47.602+0000] {dagbag.py:538} INFO - Filling up the DagBag from /home/airflow/.local/lib/python3.8/site-packages/airflow/example_dags/plugins/workday.py
[2025-12-24T18:44:47.968+0000] {processor.py:842} WARNING - No viable dags retrieved from /home/airflow/.local/lib/python3.8/site-packages/airflow/example_dags/plugins/workday.py
[2025-12-24T18:44:47.983+0000] {processor.py:183} INFO - Processing /home/airflow/.local/lib/python3.8/site-packages/airflow/example_dags/plugins/workday.py took 0.385 seconds
[2025-12-24T18:45:18.286+0000] {processor.py:161} INFO - Started process (PID=21581) to work on /home/airflow/.local/lib/python3.8/site-packages/airflow/example_dags/plugins/workday.py
[2025-12-24T18:45:18.287+0000] {processor.py:830} INFO - Processing file /home/airflow/.local/lib/python3.8/site-packages/airflow/example_dags/plugins/workday.py for tasks to queue
[2025-12-24T18:45:18.289+0000] {logging_mixin.py:188} INFO - [2025-12-24T18:45:18.288+0000] {dagbag.py:538} INFO - Filling up the DagBag from /home/airflow/.local/lib/python3.8/site-packages/airflow/example_dags/plugins/workday.py
[2025-12-24T18:45:18.654+0000] {processor.py:842} WARNING - No viable dags retrieved from /home/airflow/.local/lib/python3.8/site-packages/airflow/example_dags/plugins/workday.py
[2025-12-24T18:45:18.666+0000] {processor.py:183} INFO - Processing /home/airflow/.local/lib/python3.8/site-packages/airflow/example_dags/plugins/workday.py took 0.383 seconds
[2025-12-24T18:45:49.752+0000] {processor.py:161} INFO - Started process (PID=21640) to work on /home/airflow/.local/lib/python3.8/site-packages/airflow/example_dags/plugins/workday.py
[2025-12-24T18:45:49.754+0000] {processor.py:830} INFO - Processing file /home/airflow/.local/lib/python3.8/site-packages/airflow/example_dags/plugins/workday.py for tasks to queue
[2025-12-24T18:45:49.755+0000] {logging_mixin.py:188} INFO - [2025-12-24T18:45:49.755+0000] {dagbag.py:538} INFO - Filling up the DagBag from /home/airflow/.local/lib/python3.8/site-packages/airflow/example_dags/plugins/workday.py
[2025-12-24T18:45:50.155+0000] {processor.py:842} WARNING - No viable dags retrieved from /home/airflow/.local/lib/python3.8/site-packages/airflow/example_dags/plugins/workday.py
[2025-12-24T18:45:50.169+0000] {processor.py:183} INFO - Processing /home/airflow/.local/lib/python3.8/site-packages/airflow/example_dags/plugins/workday.py took 0.421 seconds
[2025-12-24T18:46:21.072+0000] {processor.py:161} INFO - Started process (PID=21699) to work on /home/airflow/.local/lib/python3.8/site-packages/airflow/example_dags/plugins/workday.py
[2025-12-24T18:46:21.073+0000] {processor.py:830} INFO - Processing file /home/airflow/.local/lib/python3.8/site-packages/airflow/example_dags/plugins/workday.py for tasks to queue
[2025-12-24T18:46:21.074+0000] {logging_mixin.py:188} INFO - [2025-12-24T18:46:21.074+0000] {dagbag.py:538} INFO - Filling up the DagBag from /home/airflow/.local/lib/python3.8/site-packages/airflow/example_dags/plugins/workday.py
[2025-12-24T18:46:21.465+0000] {processor.py:842} WARNING - No viable dags retrieved from /home/airflow/.local/lib/python3.8/site-packages/airflow/example_dags/plugins/workday.py
[2025-12-24T18:46:21.478+0000] {processor.py:183} INFO - Processing /home/airflow/.local/lib/python3.8/site-packages/airflow/example_dags/plugins/workday.py took 0.409 seconds
[2025-12-24T18:46:52.220+0000] {processor.py:161} INFO - Started process (PID=21756) to work on /home/airflow/.local/lib/python3.8/site-packages/airflow/example_dags/plugins/workday.py
[2025-12-24T18:46:52.221+0000] {processor.py:830} INFO - Processing file /home/airflow/.local/lib/python3.8/site-packages/airflow/example_dags/plugins/workday.py for tasks to queue
[2025-12-24T18:46:52.222+0000] {logging_mixin.py:188} INFO - [2025-12-24T18:46:52.222+0000] {dagbag.py:538} INFO - Filling up the DagBag from /home/airflow/.local/lib/python3.8/site-packages/airflow/example_dags/plugins/workday.py
[2025-12-24T18:46:52.590+0000] {processor.py:842} WARNING - No viable dags retrieved from /home/airflow/.local/lib/python3.8/site-packages/airflow/example_dags/plugins/workday.py
[2025-12-24T18:46:52.603+0000] {processor.py:183} INFO - Processing /home/airflow/.local/lib/python3.8/site-packages/airflow/example_dags/plugins/workday.py took 0.386 seconds
[2025-12-24T18:47:23.627+0000] {processor.py:161} INFO - Started process (PID=21815) to work on /home/airflow/.local/lib/python3.8/site-packages/airflow/example_dags/plugins/workday.py
[2025-12-24T18:47:23.628+0000] {processor.py:830} INFO - Processing file /home/airflow/.local/lib/python3.8/site-packages/airflow/example_dags/plugins/workday.py for tasks to queue
[2025-12-24T18:47:23.629+0000] {logging_mixin.py:188} INFO - [2025-12-24T18:47:23.628+0000] {dagbag.py:538} INFO - Filling up the DagBag from /home/airflow/.local/lib/python3.8/site-packages/airflow/example_dags/plugins/workday.py
[2025-12-24T18:47:24.024+0000] {processor.py:842} WARNING - No viable dags retrieved from /home/airflow/.local/lib/python3.8/site-packages/airflow/example_dags/plugins/workday.py
[2025-12-24T18:47:24.038+0000] {processor.py:183} INFO - Processing /home/airflow/.local/lib/python3.8/site-packages/airflow/example_dags/plugins/workday.py took 0.415 seconds
[2025-12-24T18:47:54.783+0000] {processor.py:161} INFO - Started process (PID=21872) to work on /home/airflow/.local/lib/python3.8/site-packages/airflow/example_dags/plugins/workday.py
[2025-12-24T18:47:54.784+0000] {processor.py:830} INFO - Processing file /home/airflow/.local/lib/python3.8/site-packages/airflow/example_dags/plugins/workday.py for tasks to queue
[2025-12-24T18:47:54.786+0000] {logging_mixin.py:188} INFO - [2025-12-24T18:47:54.785+0000] {dagbag.py:538} INFO - Filling up the DagBag from /home/airflow/.local/lib/python3.8/site-packages/airflow/example_dags/plugins/workday.py
[2025-12-24T18:47:55.147+0000] {processor.py:842} WARNING - No viable dags retrieved from /home/airflow/.local/lib/python3.8/site-packages/airflow/example_dags/plugins/workday.py
[2025-12-24T18:47:55.162+0000] {processor.py:183} INFO - Processing /home/airflow/.local/lib/python3.8/site-packages/airflow/example_dags/plugins/workday.py took 0.384 seconds
[2025-12-24T18:48:25.319+0000] {processor.py:161} INFO - Started process (PID=21929) to work on /home/airflow/.local/lib/python3.8/site-packages/airflow/example_dags/plugins/workday.py
[2025-12-24T18:48:25.320+0000] {processor.py:830} INFO - Processing file /home/airflow/.local/lib/python3.8/site-packages/airflow/example_dags/plugins/workday.py for tasks to queue
[2025-12-24T18:48:25.322+0000] {logging_mixin.py:188} INFO - [2025-12-24T18:48:25.321+0000] {dagbag.py:538} INFO - Filling up the DagBag from /home/airflow/.local/lib/python3.8/site-packages/airflow/example_dags/plugins/workday.py
[2025-12-24T18:48:25.730+0000] {processor.py:842} WARNING - No viable dags retrieved from /home/airflow/.local/lib/python3.8/site-packages/airflow/example_dags/plugins/workday.py
[2025-12-24T18:48:25.743+0000] {processor.py:183} INFO - Processing /home/airflow/.local/lib/python3.8/site-packages/airflow/example_dags/plugins/workday.py took 0.428 seconds
[2025-12-24T18:48:55.809+0000] {processor.py:161} INFO - Started process (PID=21986) to work on /home/airflow/.local/lib/python3.8/site-packages/airflow/example_dags/plugins/workday.py
[2025-12-24T18:48:55.810+0000] {processor.py:830} INFO - Processing file /home/airflow/.local/lib/python3.8/site-packages/airflow/example_dags/plugins/workday.py for tasks to queue
[2025-12-24T18:48:55.811+0000] {logging_mixin.py:188} INFO - [2025-12-24T18:48:55.811+0000] {dagbag.py:538} INFO - Filling up the DagBag from /home/airflow/.local/lib/python3.8/site-packages/airflow/example_dags/plugins/workday.py
[2025-12-24T18:48:56.273+0000] {processor.py:842} WARNING - No viable dags retrieved from /home/airflow/.local/lib/python3.8/site-packages/airflow/example_dags/plugins/workday.py
[2025-12-24T18:48:56.290+0000] {processor.py:183} INFO - Processing /home/airflow/.local/lib/python3.8/site-packages/airflow/example_dags/plugins/workday.py took 0.485 seconds
[2025-12-24T18:49:26.362+0000] {processor.py:161} INFO - Started process (PID=22043) to work on /home/airflow/.local/lib/python3.8/site-packages/airflow/example_dags/plugins/workday.py
[2025-12-24T18:49:26.363+0000] {processor.py:830} INFO - Processing file /home/airflow/.local/lib/python3.8/site-packages/airflow/example_dags/plugins/workday.py for tasks to queue
[2025-12-24T18:49:26.364+0000] {logging_mixin.py:188} INFO - [2025-12-24T18:49:26.364+0000] {dagbag.py:538} INFO - Filling up the DagBag from /home/airflow/.local/lib/python3.8/site-packages/airflow/example_dags/plugins/workday.py
[2025-12-24T18:49:26.805+0000] {processor.py:842} WARNING - No viable dags retrieved from /home/airflow/.local/lib/python3.8/site-packages/airflow/example_dags/plugins/workday.py
[2025-12-24T18:49:26.816+0000] {processor.py:183} INFO - Processing /home/airflow/.local/lib/python3.8/site-packages/airflow/example_dags/plugins/workday.py took 0.458 seconds
[2025-12-24T18:49:57.240+0000] {processor.py:161} INFO - Started process (PID=22100) to work on /home/airflow/.local/lib/python3.8/site-packages/airflow/example_dags/plugins/workday.py
[2025-12-24T18:49:57.245+0000] {processor.py:830} INFO - Processing file /home/airflow/.local/lib/python3.8/site-packages/airflow/example_dags/plugins/workday.py for tasks to queue
[2025-12-24T18:49:57.246+0000] {logging_mixin.py:188} INFO - [2025-12-24T18:49:57.246+0000] {dagbag.py:538} INFO - Filling up the DagBag from /home/airflow/.local/lib/python3.8/site-packages/airflow/example_dags/plugins/workday.py
[2025-12-24T18:49:57.663+0000] {processor.py:842} WARNING - No viable dags retrieved from /home/airflow/.local/lib/python3.8/site-packages/airflow/example_dags/plugins/workday.py
[2025-12-24T18:49:57.676+0000] {processor.py:183} INFO - Processing /home/airflow/.local/lib/python3.8/site-packages/airflow/example_dags/plugins/workday.py took 0.441 seconds
[2025-12-24T18:50:28.131+0000] {processor.py:161} INFO - Started process (PID=22156) to work on /home/airflow/.local/lib/python3.8/site-packages/airflow/example_dags/plugins/workday.py
[2025-12-24T18:50:28.132+0000] {processor.py:830} INFO - Processing file /home/airflow/.local/lib/python3.8/site-packages/airflow/example_dags/plugins/workday.py for tasks to queue
[2025-12-24T18:50:28.133+0000] {logging_mixin.py:188} INFO - [2025-12-24T18:50:28.133+0000] {dagbag.py:538} INFO - Filling up the DagBag from /home/airflow/.local/lib/python3.8/site-packages/airflow/example_dags/plugins/workday.py
[2025-12-24T18:50:28.546+0000] {processor.py:842} WARNING - No viable dags retrieved from /home/airflow/.local/lib/python3.8/site-packages/airflow/example_dags/plugins/workday.py
[2025-12-24T18:50:28.558+0000] {processor.py:183} INFO - Processing /home/airflow/.local/lib/python3.8/site-packages/airflow/example_dags/plugins/workday.py took 0.431 seconds
[2025-12-24T18:50:58.710+0000] {processor.py:161} INFO - Started process (PID=22214) to work on /home/airflow/.local/lib/python3.8/site-packages/airflow/example_dags/plugins/workday.py
[2025-12-24T18:50:58.712+0000] {processor.py:830} INFO - Processing file /home/airflow/.local/lib/python3.8/site-packages/airflow/example_dags/plugins/workday.py for tasks to queue
[2025-12-24T18:50:58.713+0000] {logging_mixin.py:188} INFO - [2025-12-24T18:50:58.712+0000] {dagbag.py:538} INFO - Filling up the DagBag from /home/airflow/.local/lib/python3.8/site-packages/airflow/example_dags/plugins/workday.py
[2025-12-24T18:50:59.177+0000] {processor.py:842} WARNING - No viable dags retrieved from /home/airflow/.local/lib/python3.8/site-packages/airflow/example_dags/plugins/workday.py
[2025-12-24T18:50:59.189+0000] {processor.py:183} INFO - Processing /home/airflow/.local/lib/python3.8/site-packages/airflow/example_dags/plugins/workday.py took 0.483 seconds
[2025-12-24T18:51:29.478+0000] {processor.py:161} INFO - Started process (PID=22271) to work on /home/airflow/.local/lib/python3.8/site-packages/airflow/example_dags/plugins/workday.py
[2025-12-24T18:51:29.479+0000] {processor.py:830} INFO - Processing file /home/airflow/.local/lib/python3.8/site-packages/airflow/example_dags/plugins/workday.py for tasks to queue
[2025-12-24T18:51:29.480+0000] {logging_mixin.py:188} INFO - [2025-12-24T18:51:29.480+0000] {dagbag.py:538} INFO - Filling up the DagBag from /home/airflow/.local/lib/python3.8/site-packages/airflow/example_dags/plugins/workday.py
[2025-12-24T18:51:29.918+0000] {processor.py:842} WARNING - No viable dags retrieved from /home/airflow/.local/lib/python3.8/site-packages/airflow/example_dags/plugins/workday.py
[2025-12-24T18:51:29.936+0000] {processor.py:183} INFO - Processing /home/airflow/.local/lib/python3.8/site-packages/airflow/example_dags/plugins/workday.py took 0.461 seconds
[2025-12-24T18:52:00.662+0000] {processor.py:161} INFO - Started process (PID=22328) to work on /home/airflow/.local/lib/python3.8/site-packages/airflow/example_dags/plugins/workday.py
[2025-12-24T18:52:00.663+0000] {processor.py:830} INFO - Processing file /home/airflow/.local/lib/python3.8/site-packages/airflow/example_dags/plugins/workday.py for tasks to queue
[2025-12-24T18:52:00.664+0000] {logging_mixin.py:188} INFO - [2025-12-24T18:52:00.664+0000] {dagbag.py:538} INFO - Filling up the DagBag from /home/airflow/.local/lib/python3.8/site-packages/airflow/example_dags/plugins/workday.py
[2025-12-24T18:52:01.200+0000] {processor.py:842} WARNING - No viable dags retrieved from /home/airflow/.local/lib/python3.8/site-packages/airflow/example_dags/plugins/workday.py
[2025-12-24T18:52:01.216+0000] {processor.py:183} INFO - Processing /home/airflow/.local/lib/python3.8/site-packages/airflow/example_dags/plugins/workday.py took 0.559 seconds
[2025-12-24T18:52:31.523+0000] {processor.py:161} INFO - Started process (PID=22385) to work on /home/airflow/.local/lib/python3.8/site-packages/airflow/example_dags/plugins/workday.py
[2025-12-24T18:52:31.524+0000] {processor.py:830} INFO - Processing file /home/airflow/.local/lib/python3.8/site-packages/airflow/example_dags/plugins/workday.py for tasks to queue
[2025-12-24T18:52:31.526+0000] {logging_mixin.py:188} INFO - [2025-12-24T18:52:31.525+0000] {dagbag.py:538} INFO - Filling up the DagBag from /home/airflow/.local/lib/python3.8/site-packages/airflow/example_dags/plugins/workday.py
[2025-12-24T18:52:32.033+0000] {processor.py:842} WARNING - No viable dags retrieved from /home/airflow/.local/lib/python3.8/site-packages/airflow/example_dags/plugins/workday.py
[2025-12-24T18:52:32.046+0000] {processor.py:183} INFO - Processing /home/airflow/.local/lib/python3.8/site-packages/airflow/example_dags/plugins/workday.py took 0.528 seconds
[2025-12-24T18:53:03.266+0000] {processor.py:161} INFO - Started process (PID=22446) to work on /home/airflow/.local/lib/python3.8/site-packages/airflow/example_dags/plugins/workday.py
[2025-12-24T18:53:03.268+0000] {processor.py:830} INFO - Processing file /home/airflow/.local/lib/python3.8/site-packages/airflow/example_dags/plugins/workday.py for tasks to queue
[2025-12-24T18:53:03.270+0000] {logging_mixin.py:188} INFO - [2025-12-24T18:53:03.270+0000] {dagbag.py:538} INFO - Filling up the DagBag from /home/airflow/.local/lib/python3.8/site-packages/airflow/example_dags/plugins/workday.py
[2025-12-24T18:53:03.669+0000] {processor.py:842} WARNING - No viable dags retrieved from /home/airflow/.local/lib/python3.8/site-packages/airflow/example_dags/plugins/workday.py
[2025-12-24T18:53:03.681+0000] {processor.py:183} INFO - Processing /home/airflow/.local/lib/python3.8/site-packages/airflow/example_dags/plugins/workday.py took 0.420 seconds
[2025-12-24T18:53:34.054+0000] {processor.py:161} INFO - Started process (PID=22506) to work on /home/airflow/.local/lib/python3.8/site-packages/airflow/example_dags/plugins/workday.py
[2025-12-24T18:53:34.056+0000] {processor.py:830} INFO - Processing file /home/airflow/.local/lib/python3.8/site-packages/airflow/example_dags/plugins/workday.py for tasks to queue
[2025-12-24T18:53:34.058+0000] {logging_mixin.py:188} INFO - [2025-12-24T18:53:34.057+0000] {dagbag.py:538} INFO - Filling up the DagBag from /home/airflow/.local/lib/python3.8/site-packages/airflow/example_dags/plugins/workday.py
[2025-12-24T18:53:34.390+0000] {processor.py:842} WARNING - No viable dags retrieved from /home/airflow/.local/lib/python3.8/site-packages/airflow/example_dags/plugins/workday.py
[2025-12-24T18:53:34.408+0000] {processor.py:183} INFO - Processing /home/airflow/.local/lib/python3.8/site-packages/airflow/example_dags/plugins/workday.py took 0.358 seconds
[2025-12-24T18:54:04.654+0000] {processor.py:161} INFO - Started process (PID=22564) to work on /home/airflow/.local/lib/python3.8/site-packages/airflow/example_dags/plugins/workday.py
[2025-12-24T18:54:04.655+0000] {processor.py:830} INFO - Processing file /home/airflow/.local/lib/python3.8/site-packages/airflow/example_dags/plugins/workday.py for tasks to queue
[2025-12-24T18:54:04.656+0000] {logging_mixin.py:188} INFO - [2025-12-24T18:54:04.656+0000] {dagbag.py:538} INFO - Filling up the DagBag from /home/airflow/.local/lib/python3.8/site-packages/airflow/example_dags/plugins/workday.py
[2025-12-24T18:54:04.915+0000] {processor.py:842} WARNING - No viable dags retrieved from /home/airflow/.local/lib/python3.8/site-packages/airflow/example_dags/plugins/workday.py
[2025-12-24T18:54:04.930+0000] {processor.py:183} INFO - Processing /home/airflow/.local/lib/python3.8/site-packages/airflow/example_dags/plugins/workday.py took 0.280 seconds
[2025-12-24T18:54:35.474+0000] {processor.py:161} INFO - Started process (PID=22623) to work on /home/airflow/.local/lib/python3.8/site-packages/airflow/example_dags/plugins/workday.py
[2025-12-24T18:54:35.476+0000] {processor.py:830} INFO - Processing file /home/airflow/.local/lib/python3.8/site-packages/airflow/example_dags/plugins/workday.py for tasks to queue
[2025-12-24T18:54:35.477+0000] {logging_mixin.py:188} INFO - [2025-12-24T18:54:35.477+0000] {dagbag.py:538} INFO - Filling up the DagBag from /home/airflow/.local/lib/python3.8/site-packages/airflow/example_dags/plugins/workday.py
[2025-12-24T18:54:35.731+0000] {processor.py:842} WARNING - No viable dags retrieved from /home/airflow/.local/lib/python3.8/site-packages/airflow/example_dags/plugins/workday.py
[2025-12-24T18:54:35.747+0000] {processor.py:183} INFO - Processing /home/airflow/.local/lib/python3.8/site-packages/airflow/example_dags/plugins/workday.py took 0.278 seconds
[2025-12-24T18:55:05.852+0000] {processor.py:161} INFO - Started process (PID=22680) to work on /home/airflow/.local/lib/python3.8/site-packages/airflow/example_dags/plugins/workday.py
[2025-12-24T18:55:05.854+0000] {processor.py:830} INFO - Processing file /home/airflow/.local/lib/python3.8/site-packages/airflow/example_dags/plugins/workday.py for tasks to queue
[2025-12-24T18:55:05.856+0000] {logging_mixin.py:188} INFO - [2025-12-24T18:55:05.855+0000] {dagbag.py:538} INFO - Filling up the DagBag from /home/airflow/.local/lib/python3.8/site-packages/airflow/example_dags/plugins/workday.py
[2025-12-24T18:55:06.163+0000] {processor.py:842} WARNING - No viable dags retrieved from /home/airflow/.local/lib/python3.8/site-packages/airflow/example_dags/plugins/workday.py
[2025-12-24T18:55:06.184+0000] {processor.py:183} INFO - Processing /home/airflow/.local/lib/python3.8/site-packages/airflow/example_dags/plugins/workday.py took 0.337 seconds
[2025-12-24T18:55:36.242+0000] {processor.py:161} INFO - Started process (PID=22737) to work on /home/airflow/.local/lib/python3.8/site-packages/airflow/example_dags/plugins/workday.py
[2025-12-24T18:55:36.243+0000] {processor.py:830} INFO - Processing file /home/airflow/.local/lib/python3.8/site-packages/airflow/example_dags/plugins/workday.py for tasks to queue
[2025-12-24T18:55:36.244+0000] {logging_mixin.py:188} INFO - [2025-12-24T18:55:36.244+0000] {dagbag.py:538} INFO - Filling up the DagBag from /home/airflow/.local/lib/python3.8/site-packages/airflow/example_dags/plugins/workday.py
[2025-12-24T18:55:36.489+0000] {processor.py:842} WARNING - No viable dags retrieved from /home/airflow/.local/lib/python3.8/site-packages/airflow/example_dags/plugins/workday.py
[2025-12-24T18:55:36.505+0000] {processor.py:183} INFO - Processing /home/airflow/.local/lib/python3.8/site-packages/airflow/example_dags/plugins/workday.py took 0.267 seconds
[2025-12-24T18:56:07.239+0000] {processor.py:161} INFO - Started process (PID=22794) to work on /home/airflow/.local/lib/python3.8/site-packages/airflow/example_dags/plugins/workday.py
[2025-12-24T18:56:07.240+0000] {processor.py:830} INFO - Processing file /home/airflow/.local/lib/python3.8/site-packages/airflow/example_dags/plugins/workday.py for tasks to queue
[2025-12-24T18:56:07.242+0000] {logging_mixin.py:188} INFO - [2025-12-24T18:56:07.241+0000] {dagbag.py:538} INFO - Filling up the DagBag from /home/airflow/.local/lib/python3.8/site-packages/airflow/example_dags/plugins/workday.py
[2025-12-24T18:56:07.474+0000] {processor.py:842} WARNING - No viable dags retrieved from /home/airflow/.local/lib/python3.8/site-packages/airflow/example_dags/plugins/workday.py
[2025-12-24T18:56:07.487+0000] {processor.py:183} INFO - Processing /home/airflow/.local/lib/python3.8/site-packages/airflow/example_dags/plugins/workday.py took 0.251 seconds
[2025-12-24T18:56:37.538+0000] {processor.py:161} INFO - Started process (PID=22851) to work on /home/airflow/.local/lib/python3.8/site-packages/airflow/example_dags/plugins/workday.py
[2025-12-24T18:56:37.539+0000] {processor.py:830} INFO - Processing file /home/airflow/.local/lib/python3.8/site-packages/airflow/example_dags/plugins/workday.py for tasks to queue
[2025-12-24T18:56:37.540+0000] {logging_mixin.py:188} INFO - [2025-12-24T18:56:37.540+0000] {dagbag.py:538} INFO - Filling up the DagBag from /home/airflow/.local/lib/python3.8/site-packages/airflow/example_dags/plugins/workday.py
[2025-12-24T18:56:37.778+0000] {processor.py:842} WARNING - No viable dags retrieved from /home/airflow/.local/lib/python3.8/site-packages/airflow/example_dags/plugins/workday.py
[2025-12-24T18:56:37.793+0000] {processor.py:183} INFO - Processing /home/airflow/.local/lib/python3.8/site-packages/airflow/example_dags/plugins/workday.py took 0.259 seconds
[2025-12-24T18:57:08.122+0000] {processor.py:161} INFO - Started process (PID=22910) to work on /home/airflow/.local/lib/python3.8/site-packages/airflow/example_dags/plugins/workday.py
[2025-12-24T18:57:08.123+0000] {processor.py:830} INFO - Processing file /home/airflow/.local/lib/python3.8/site-packages/airflow/example_dags/plugins/workday.py for tasks to queue
[2025-12-24T18:57:08.125+0000] {logging_mixin.py:188} INFO - [2025-12-24T18:57:08.124+0000] {dagbag.py:538} INFO - Filling up the DagBag from /home/airflow/.local/lib/python3.8/site-packages/airflow/example_dags/plugins/workday.py
[2025-12-24T18:57:08.362+0000] {processor.py:842} WARNING - No viable dags retrieved from /home/airflow/.local/lib/python3.8/site-packages/airflow/example_dags/plugins/workday.py
[2025-12-24T18:57:08.377+0000] {processor.py:183} INFO - Processing /home/airflow/.local/lib/python3.8/site-packages/airflow/example_dags/plugins/workday.py took 0.259 seconds
[2025-12-24T18:57:39.233+0000] {processor.py:161} INFO - Started process (PID=22968) to work on /home/airflow/.local/lib/python3.8/site-packages/airflow/example_dags/plugins/workday.py
[2025-12-24T18:57:39.234+0000] {processor.py:830} INFO - Processing file /home/airflow/.local/lib/python3.8/site-packages/airflow/example_dags/plugins/workday.py for tasks to queue
[2025-12-24T18:57:39.235+0000] {logging_mixin.py:188} INFO - [2025-12-24T18:57:39.235+0000] {dagbag.py:538} INFO - Filling up the DagBag from /home/airflow/.local/lib/python3.8/site-packages/airflow/example_dags/plugins/workday.py
[2025-12-24T18:57:39.474+0000] {processor.py:842} WARNING - No viable dags retrieved from /home/airflow/.local/lib/python3.8/site-packages/airflow/example_dags/plugins/workday.py
[2025-12-24T18:57:39.488+0000] {processor.py:183} INFO - Processing /home/airflow/.local/lib/python3.8/site-packages/airflow/example_dags/plugins/workday.py took 0.259 seconds
[2025-12-24T18:58:10.170+0000] {processor.py:161} INFO - Started process (PID=23025) to work on /home/airflow/.local/lib/python3.8/site-packages/airflow/example_dags/plugins/workday.py
[2025-12-24T18:58:10.171+0000] {processor.py:830} INFO - Processing file /home/airflow/.local/lib/python3.8/site-packages/airflow/example_dags/plugins/workday.py for tasks to queue
[2025-12-24T18:58:10.174+0000] {logging_mixin.py:188} INFO - [2025-12-24T18:58:10.174+0000] {dagbag.py:538} INFO - Filling up the DagBag from /home/airflow/.local/lib/python3.8/site-packages/airflow/example_dags/plugins/workday.py
[2025-12-24T18:58:10.422+0000] {processor.py:842} WARNING - No viable dags retrieved from /home/airflow/.local/lib/python3.8/site-packages/airflow/example_dags/plugins/workday.py
[2025-12-24T18:58:10.436+0000] {processor.py:183} INFO - Processing /home/airflow/.local/lib/python3.8/site-packages/airflow/example_dags/plugins/workday.py took 0.270 seconds
[2025-12-24T18:58:41.013+0000] {processor.py:161} INFO - Started process (PID=23085) to work on /home/airflow/.local/lib/python3.8/site-packages/airflow/example_dags/plugins/workday.py
[2025-12-24T18:58:41.014+0000] {processor.py:830} INFO - Processing file /home/airflow/.local/lib/python3.8/site-packages/airflow/example_dags/plugins/workday.py for tasks to queue
[2025-12-24T18:58:41.015+0000] {logging_mixin.py:188} INFO - [2025-12-24T18:58:41.015+0000] {dagbag.py:538} INFO - Filling up the DagBag from /home/airflow/.local/lib/python3.8/site-packages/airflow/example_dags/plugins/workday.py
[2025-12-24T18:58:41.321+0000] {processor.py:842} WARNING - No viable dags retrieved from /home/airflow/.local/lib/python3.8/site-packages/airflow/example_dags/plugins/workday.py
[2025-12-24T18:58:41.337+0000] {processor.py:183} INFO - Processing /home/airflow/.local/lib/python3.8/site-packages/airflow/example_dags/plugins/workday.py took 0.328 seconds
[2025-12-24T18:59:11.416+0000] {processor.py:161} INFO - Started process (PID=23142) to work on /home/airflow/.local/lib/python3.8/site-packages/airflow/example_dags/plugins/workday.py
[2025-12-24T18:59:11.417+0000] {processor.py:830} INFO - Processing file /home/airflow/.local/lib/python3.8/site-packages/airflow/example_dags/plugins/workday.py for tasks to queue
[2025-12-24T18:59:11.418+0000] {logging_mixin.py:188} INFO - [2025-12-24T18:59:11.418+0000] {dagbag.py:538} INFO - Filling up the DagBag from /home/airflow/.local/lib/python3.8/site-packages/airflow/example_dags/plugins/workday.py
[2025-12-24T18:59:11.681+0000] {processor.py:842} WARNING - No viable dags retrieved from /home/airflow/.local/lib/python3.8/site-packages/airflow/example_dags/plugins/workday.py
[2025-12-24T18:59:11.696+0000] {processor.py:183} INFO - Processing /home/airflow/.local/lib/python3.8/site-packages/airflow/example_dags/plugins/workday.py took 0.284 seconds
[2025-12-24T18:59:41.747+0000] {processor.py:161} INFO - Started process (PID=23199) to work on /home/airflow/.local/lib/python3.8/site-packages/airflow/example_dags/plugins/workday.py
[2025-12-24T18:59:41.748+0000] {processor.py:830} INFO - Processing file /home/airflow/.local/lib/python3.8/site-packages/airflow/example_dags/plugins/workday.py for tasks to queue
[2025-12-24T18:59:41.749+0000] {logging_mixin.py:188} INFO - [2025-12-24T18:59:41.749+0000] {dagbag.py:538} INFO - Filling up the DagBag from /home/airflow/.local/lib/python3.8/site-packages/airflow/example_dags/plugins/workday.py
[2025-12-24T18:59:42.027+0000] {processor.py:842} WARNING - No viable dags retrieved from /home/airflow/.local/lib/python3.8/site-packages/airflow/example_dags/plugins/workday.py
[2025-12-24T18:59:42.042+0000] {processor.py:183} INFO - Processing /home/airflow/.local/lib/python3.8/site-packages/airflow/example_dags/plugins/workday.py took 0.300 seconds
[2025-12-24T19:00:12.182+0000] {processor.py:161} INFO - Started process (PID=23256) to work on /home/airflow/.local/lib/python3.8/site-packages/airflow/example_dags/plugins/workday.py
[2025-12-24T19:00:12.183+0000] {processor.py:830} INFO - Processing file /home/airflow/.local/lib/python3.8/site-packages/airflow/example_dags/plugins/workday.py for tasks to queue
[2025-12-24T19:00:12.184+0000] {logging_mixin.py:188} INFO - [2025-12-24T19:00:12.184+0000] {dagbag.py:538} INFO - Filling up the DagBag from /home/airflow/.local/lib/python3.8/site-packages/airflow/example_dags/plugins/workday.py
[2025-12-24T19:00:12.517+0000] {processor.py:842} WARNING - No viable dags retrieved from /home/airflow/.local/lib/python3.8/site-packages/airflow/example_dags/plugins/workday.py
[2025-12-24T19:00:12.531+0000] {processor.py:183} INFO - Processing /home/airflow/.local/lib/python3.8/site-packages/airflow/example_dags/plugins/workday.py took 0.356 seconds
[2025-12-24T19:00:43.012+0000] {processor.py:161} INFO - Started process (PID=23312) to work on /home/airflow/.local/lib/python3.8/site-packages/airflow/example_dags/plugins/workday.py
[2025-12-24T19:00:43.013+0000] {processor.py:830} INFO - Processing file /home/airflow/.local/lib/python3.8/site-packages/airflow/example_dags/plugins/workday.py for tasks to queue
[2025-12-24T19:00:43.014+0000] {logging_mixin.py:188} INFO - [2025-12-24T19:00:43.014+0000] {dagbag.py:538} INFO - Filling up the DagBag from /home/airflow/.local/lib/python3.8/site-packages/airflow/example_dags/plugins/workday.py
[2025-12-24T19:00:43.278+0000] {processor.py:842} WARNING - No viable dags retrieved from /home/airflow/.local/lib/python3.8/site-packages/airflow/example_dags/plugins/workday.py
[2025-12-24T19:00:43.297+0000] {processor.py:183} INFO - Processing /home/airflow/.local/lib/python3.8/site-packages/airflow/example_dags/plugins/workday.py took 0.289 seconds
[2025-12-24T19:01:14.136+0000] {processor.py:161} INFO - Started process (PID=23369) to work on /home/airflow/.local/lib/python3.8/site-packages/airflow/example_dags/plugins/workday.py
[2025-12-24T19:01:14.138+0000] {processor.py:830} INFO - Processing file /home/airflow/.local/lib/python3.8/site-packages/airflow/example_dags/plugins/workday.py for tasks to queue
[2025-12-24T19:01:14.138+0000] {logging_mixin.py:188} INFO - [2025-12-24T19:01:14.138+0000] {dagbag.py:538} INFO - Filling up the DagBag from /home/airflow/.local/lib/python3.8/site-packages/airflow/example_dags/plugins/workday.py
[2025-12-24T19:01:14.404+0000] {processor.py:842} WARNING - No viable dags retrieved from /home/airflow/.local/lib/python3.8/site-packages/airflow/example_dags/plugins/workday.py
[2025-12-24T19:01:14.424+0000] {processor.py:183} INFO - Processing /home/airflow/.local/lib/python3.8/site-packages/airflow/example_dags/plugins/workday.py took 0.291 seconds
[2025-12-24T19:01:44.525+0000] {processor.py:161} INFO - Started process (PID=23425) to work on /home/airflow/.local/lib/python3.8/site-packages/airflow/example_dags/plugins/workday.py
[2025-12-24T19:01:44.527+0000] {processor.py:830} INFO - Processing file /home/airflow/.local/lib/python3.8/site-packages/airflow/example_dags/plugins/workday.py for tasks to queue
[2025-12-24T19:01:44.528+0000] {logging_mixin.py:188} INFO - [2025-12-24T19:01:44.527+0000] {dagbag.py:538} INFO - Filling up the DagBag from /home/airflow/.local/lib/python3.8/site-packages/airflow/example_dags/plugins/workday.py
[2025-12-24T19:01:44.785+0000] {processor.py:842} WARNING - No viable dags retrieved from /home/airflow/.local/lib/python3.8/site-packages/airflow/example_dags/plugins/workday.py
[2025-12-24T19:01:44.803+0000] {processor.py:183} INFO - Processing /home/airflow/.local/lib/python3.8/site-packages/airflow/example_dags/plugins/workday.py took 0.281 seconds
[2025-12-24T19:02:14.889+0000] {processor.py:161} INFO - Started process (PID=23482) to work on /home/airflow/.local/lib/python3.8/site-packages/airflow/example_dags/plugins/workday.py
[2025-12-24T19:02:14.890+0000] {processor.py:830} INFO - Processing file /home/airflow/.local/lib/python3.8/site-packages/airflow/example_dags/plugins/workday.py for tasks to queue
[2025-12-24T19:02:14.892+0000] {logging_mixin.py:188} INFO - [2025-12-24T19:02:14.891+0000] {dagbag.py:538} INFO - Filling up the DagBag from /home/airflow/.local/lib/python3.8/site-packages/airflow/example_dags/plugins/workday.py
[2025-12-24T19:02:15.165+0000] {processor.py:842} WARNING - No viable dags retrieved from /home/airflow/.local/lib/python3.8/site-packages/airflow/example_dags/plugins/workday.py
[2025-12-24T19:02:15.184+0000] {processor.py:183} INFO - Processing /home/airflow/.local/lib/python3.8/site-packages/airflow/example_dags/plugins/workday.py took 0.298 seconds
[2025-12-24T19:02:45.285+0000] {processor.py:161} INFO - Started process (PID=23541) to work on /home/airflow/.local/lib/python3.8/site-packages/airflow/example_dags/plugins/workday.py
[2025-12-24T19:02:45.286+0000] {processor.py:830} INFO - Processing file /home/airflow/.local/lib/python3.8/site-packages/airflow/example_dags/plugins/workday.py for tasks to queue
[2025-12-24T19:02:45.287+0000] {logging_mixin.py:188} INFO - [2025-12-24T19:02:45.286+0000] {dagbag.py:538} INFO - Filling up the DagBag from /home/airflow/.local/lib/python3.8/site-packages/airflow/example_dags/plugins/workday.py
[2025-12-24T19:02:45.525+0000] {processor.py:842} WARNING - No viable dags retrieved from /home/airflow/.local/lib/python3.8/site-packages/airflow/example_dags/plugins/workday.py
[2025-12-24T19:02:45.540+0000] {processor.py:183} INFO - Processing /home/airflow/.local/lib/python3.8/site-packages/airflow/example_dags/plugins/workday.py took 0.259 seconds
[2025-12-24T19:03:15.609+0000] {processor.py:161} INFO - Started process (PID=23598) to work on /home/airflow/.local/lib/python3.8/site-packages/airflow/example_dags/plugins/workday.py
[2025-12-24T19:03:15.611+0000] {processor.py:830} INFO - Processing file /home/airflow/.local/lib/python3.8/site-packages/airflow/example_dags/plugins/workday.py for tasks to queue
[2025-12-24T19:03:15.612+0000] {logging_mixin.py:188} INFO - [2025-12-24T19:03:15.611+0000] {dagbag.py:538} INFO - Filling up the DagBag from /home/airflow/.local/lib/python3.8/site-packages/airflow/example_dags/plugins/workday.py
[2025-12-24T19:03:15.844+0000] {processor.py:842} WARNING - No viable dags retrieved from /home/airflow/.local/lib/python3.8/site-packages/airflow/example_dags/plugins/workday.py
[2025-12-24T19:03:15.858+0000] {processor.py:183} INFO - Processing /home/airflow/.local/lib/python3.8/site-packages/airflow/example_dags/plugins/workday.py took 0.253 seconds
[2025-12-24T19:03:47.027+0000] {processor.py:161} INFO - Started process (PID=23665) to work on /home/airflow/.local/lib/python3.8/site-packages/airflow/example_dags/plugins/workday.py
[2025-12-24T19:03:47.029+0000] {processor.py:830} INFO - Processing file /home/airflow/.local/lib/python3.8/site-packages/airflow/example_dags/plugins/workday.py for tasks to queue
[2025-12-24T19:03:47.030+0000] {logging_mixin.py:188} INFO - [2025-12-24T19:03:47.030+0000] {dagbag.py:538} INFO - Filling up the DagBag from /home/airflow/.local/lib/python3.8/site-packages/airflow/example_dags/plugins/workday.py
[2025-12-24T19:03:47.313+0000] {processor.py:842} WARNING - No viable dags retrieved from /home/airflow/.local/lib/python3.8/site-packages/airflow/example_dags/plugins/workday.py
[2025-12-24T19:03:47.326+0000] {processor.py:183} INFO - Processing /home/airflow/.local/lib/python3.8/site-packages/airflow/example_dags/plugins/workday.py took 0.302 seconds
[2025-12-24T19:04:18.124+0000] {processor.py:161} INFO - Started process (PID=23721) to work on /home/airflow/.local/lib/python3.8/site-packages/airflow/example_dags/plugins/workday.py
[2025-12-24T19:04:18.125+0000] {processor.py:830} INFO - Processing file /home/airflow/.local/lib/python3.8/site-packages/airflow/example_dags/plugins/workday.py for tasks to queue
[2025-12-24T19:04:18.126+0000] {logging_mixin.py:188} INFO - [2025-12-24T19:04:18.126+0000] {dagbag.py:538} INFO - Filling up the DagBag from /home/airflow/.local/lib/python3.8/site-packages/airflow/example_dags/plugins/workday.py
[2025-12-24T19:04:18.366+0000] {processor.py:842} WARNING - No viable dags retrieved from /home/airflow/.local/lib/python3.8/site-packages/airflow/example_dags/plugins/workday.py
[2025-12-24T19:04:18.384+0000] {processor.py:183} INFO - Processing /home/airflow/.local/lib/python3.8/site-packages/airflow/example_dags/plugins/workday.py took 0.264 seconds
[2025-12-24T19:04:49.347+0000] {processor.py:161} INFO - Started process (PID=23778) to work on /home/airflow/.local/lib/python3.8/site-packages/airflow/example_dags/plugins/workday.py
[2025-12-24T19:04:49.348+0000] {processor.py:830} INFO - Processing file /home/airflow/.local/lib/python3.8/site-packages/airflow/example_dags/plugins/workday.py for tasks to queue
[2025-12-24T19:04:49.349+0000] {logging_mixin.py:188} INFO - [2025-12-24T19:04:49.349+0000] {dagbag.py:538} INFO - Filling up the DagBag from /home/airflow/.local/lib/python3.8/site-packages/airflow/example_dags/plugins/workday.py
[2025-12-24T19:04:49.625+0000] {processor.py:842} WARNING - No viable dags retrieved from /home/airflow/.local/lib/python3.8/site-packages/airflow/example_dags/plugins/workday.py
[2025-12-24T19:04:49.643+0000] {processor.py:183} INFO - Processing /home/airflow/.local/lib/python3.8/site-packages/airflow/example_dags/plugins/workday.py took 0.301 seconds
[2025-12-24T19:05:20.746+0000] {processor.py:161} INFO - Started process (PID=23838) to work on /home/airflow/.local/lib/python3.8/site-packages/airflow/example_dags/plugins/workday.py
[2025-12-24T19:05:20.747+0000] {processor.py:830} INFO - Processing file /home/airflow/.local/lib/python3.8/site-packages/airflow/example_dags/plugins/workday.py for tasks to queue
[2025-12-24T19:05:20.748+0000] {logging_mixin.py:188} INFO - [2025-12-24T19:05:20.748+0000] {dagbag.py:538} INFO - Filling up the DagBag from /home/airflow/.local/lib/python3.8/site-packages/airflow/example_dags/plugins/workday.py
[2025-12-24T19:05:20.998+0000] {processor.py:842} WARNING - No viable dags retrieved from /home/airflow/.local/lib/python3.8/site-packages/airflow/example_dags/plugins/workday.py
[2025-12-24T19:05:21.013+0000] {processor.py:183} INFO - Processing /home/airflow/.local/lib/python3.8/site-packages/airflow/example_dags/plugins/workday.py took 0.271 seconds
[2025-12-24T19:05:51.561+0000] {processor.py:161} INFO - Started process (PID=23898) to work on /home/airflow/.local/lib/python3.8/site-packages/airflow/example_dags/plugins/workday.py
[2025-12-24T19:05:51.563+0000] {processor.py:830} INFO - Processing file /home/airflow/.local/lib/python3.8/site-packages/airflow/example_dags/plugins/workday.py for tasks to queue
[2025-12-24T19:05:51.564+0000] {logging_mixin.py:188} INFO - [2025-12-24T19:05:51.563+0000] {dagbag.py:538} INFO - Filling up the DagBag from /home/airflow/.local/lib/python3.8/site-packages/airflow/example_dags/plugins/workday.py
[2025-12-24T19:05:51.836+0000] {processor.py:842} WARNING - No viable dags retrieved from /home/airflow/.local/lib/python3.8/site-packages/airflow/example_dags/plugins/workday.py
[2025-12-24T19:05:51.851+0000] {processor.py:183} INFO - Processing /home/airflow/.local/lib/python3.8/site-packages/airflow/example_dags/plugins/workday.py took 0.293 seconds
[2025-12-24T19:06:22.577+0000] {processor.py:161} INFO - Started process (PID=23954) to work on /home/airflow/.local/lib/python3.8/site-packages/airflow/example_dags/plugins/workday.py
[2025-12-24T19:06:22.579+0000] {processor.py:830} INFO - Processing file /home/airflow/.local/lib/python3.8/site-packages/airflow/example_dags/plugins/workday.py for tasks to queue
[2025-12-24T19:06:22.580+0000] {logging_mixin.py:188} INFO - [2025-12-24T19:06:22.580+0000] {dagbag.py:538} INFO - Filling up the DagBag from /home/airflow/.local/lib/python3.8/site-packages/airflow/example_dags/plugins/workday.py
[2025-12-24T19:06:22.852+0000] {processor.py:842} WARNING - No viable dags retrieved from /home/airflow/.local/lib/python3.8/site-packages/airflow/example_dags/plugins/workday.py
[2025-12-24T19:06:22.868+0000] {processor.py:183} INFO - Processing /home/airflow/.local/lib/python3.8/site-packages/airflow/example_dags/plugins/workday.py took 0.294 seconds
[2025-12-24T19:06:53.657+0000] {processor.py:161} INFO - Started process (PID=24012) to work on /home/airflow/.local/lib/python3.8/site-packages/airflow/example_dags/plugins/workday.py
[2025-12-24T19:06:53.658+0000] {processor.py:830} INFO - Processing file /home/airflow/.local/lib/python3.8/site-packages/airflow/example_dags/plugins/workday.py for tasks to queue
[2025-12-24T19:06:53.659+0000] {logging_mixin.py:188} INFO - [2025-12-24T19:06:53.659+0000] {dagbag.py:538} INFO - Filling up the DagBag from /home/airflow/.local/lib/python3.8/site-packages/airflow/example_dags/plugins/workday.py
[2025-12-24T19:06:53.936+0000] {processor.py:842} WARNING - No viable dags retrieved from /home/airflow/.local/lib/python3.8/site-packages/airflow/example_dags/plugins/workday.py
[2025-12-24T19:06:53.950+0000] {processor.py:183} INFO - Processing /home/airflow/.local/lib/python3.8/site-packages/airflow/example_dags/plugins/workday.py took 0.297 seconds
[2025-12-24T19:07:24.688+0000] {processor.py:161} INFO - Started process (PID=24068) to work on /home/airflow/.local/lib/python3.8/site-packages/airflow/example_dags/plugins/workday.py
[2025-12-24T19:07:24.689+0000] {processor.py:830} INFO - Processing file /home/airflow/.local/lib/python3.8/site-packages/airflow/example_dags/plugins/workday.py for tasks to queue
[2025-12-24T19:07:24.690+0000] {logging_mixin.py:188} INFO - [2025-12-24T19:07:24.689+0000] {dagbag.py:538} INFO - Filling up the DagBag from /home/airflow/.local/lib/python3.8/site-packages/airflow/example_dags/plugins/workday.py
[2025-12-24T19:07:24.958+0000] {processor.py:842} WARNING - No viable dags retrieved from /home/airflow/.local/lib/python3.8/site-packages/airflow/example_dags/plugins/workday.py
[2025-12-24T19:07:24.975+0000] {processor.py:183} INFO - Processing /home/airflow/.local/lib/python3.8/site-packages/airflow/example_dags/plugins/workday.py took 0.291 seconds
[2025-12-24T19:07:55.894+0000] {processor.py:161} INFO - Started process (PID=24125) to work on /home/airflow/.local/lib/python3.8/site-packages/airflow/example_dags/plugins/workday.py
[2025-12-24T19:07:55.895+0000] {processor.py:830} INFO - Processing file /home/airflow/.local/lib/python3.8/site-packages/airflow/example_dags/plugins/workday.py for tasks to queue
[2025-12-24T19:07:55.896+0000] {logging_mixin.py:188} INFO - [2025-12-24T19:07:55.896+0000] {dagbag.py:538} INFO - Filling up the DagBag from /home/airflow/.local/lib/python3.8/site-packages/airflow/example_dags/plugins/workday.py
[2025-12-24T19:07:56.146+0000] {processor.py:842} WARNING - No viable dags retrieved from /home/airflow/.local/lib/python3.8/site-packages/airflow/example_dags/plugins/workday.py
[2025-12-24T19:07:56.166+0000] {processor.py:183} INFO - Processing /home/airflow/.local/lib/python3.8/site-packages/airflow/example_dags/plugins/workday.py took 0.276 seconds
[2025-12-24T19:08:27.312+0000] {processor.py:161} INFO - Started process (PID=24185) to work on /home/airflow/.local/lib/python3.8/site-packages/airflow/example_dags/plugins/workday.py
[2025-12-24T19:08:27.313+0000] {processor.py:830} INFO - Processing file /home/airflow/.local/lib/python3.8/site-packages/airflow/example_dags/plugins/workday.py for tasks to queue
[2025-12-24T19:08:27.314+0000] {logging_mixin.py:188} INFO - [2025-12-24T19:08:27.314+0000] {dagbag.py:538} INFO - Filling up the DagBag from /home/airflow/.local/lib/python3.8/site-packages/airflow/example_dags/plugins/workday.py
[2025-12-24T19:08:27.610+0000] {processor.py:842} WARNING - No viable dags retrieved from /home/airflow/.local/lib/python3.8/site-packages/airflow/example_dags/plugins/workday.py
[2025-12-24T19:08:27.624+0000] {processor.py:183} INFO - Processing /home/airflow/.local/lib/python3.8/site-packages/airflow/example_dags/plugins/workday.py took 0.316 seconds
[2025-12-24T19:08:58.375+0000] {processor.py:161} INFO - Started process (PID=24241) to work on /home/airflow/.local/lib/python3.8/site-packages/airflow/example_dags/plugins/workday.py
[2025-12-24T19:08:58.376+0000] {processor.py:830} INFO - Processing file /home/airflow/.local/lib/python3.8/site-packages/airflow/example_dags/plugins/workday.py for tasks to queue
[2025-12-24T19:08:58.377+0000] {logging_mixin.py:188} INFO - [2025-12-24T19:08:58.376+0000] {dagbag.py:538} INFO - Filling up the DagBag from /home/airflow/.local/lib/python3.8/site-packages/airflow/example_dags/plugins/workday.py
[2025-12-24T19:08:58.646+0000] {processor.py:842} WARNING - No viable dags retrieved from /home/airflow/.local/lib/python3.8/site-packages/airflow/example_dags/plugins/workday.py
[2025-12-24T19:08:58.665+0000] {processor.py:183} INFO - Processing /home/airflow/.local/lib/python3.8/site-packages/airflow/example_dags/plugins/workday.py took 0.295 seconds
[2025-12-24T19:09:30.021+0000] {processor.py:161} INFO - Started process (PID=24303) to work on /home/airflow/.local/lib/python3.8/site-packages/airflow/example_dags/plugins/workday.py
[2025-12-24T19:09:30.022+0000] {processor.py:830} INFO - Processing file /home/airflow/.local/lib/python3.8/site-packages/airflow/example_dags/plugins/workday.py for tasks to queue
[2025-12-24T19:09:30.023+0000] {logging_mixin.py:188} INFO - [2025-12-24T19:09:30.023+0000] {dagbag.py:538} INFO - Filling up the DagBag from /home/airflow/.local/lib/python3.8/site-packages/airflow/example_dags/plugins/workday.py
[2025-12-24T19:09:30.267+0000] {processor.py:842} WARNING - No viable dags retrieved from /home/airflow/.local/lib/python3.8/site-packages/airflow/example_dags/plugins/workday.py
[2025-12-24T19:09:30.281+0000] {processor.py:183} INFO - Processing /home/airflow/.local/lib/python3.8/site-packages/airflow/example_dags/plugins/workday.py took 0.263 seconds
[2025-12-24T19:10:00.359+0000] {processor.py:161} INFO - Started process (PID=24361) to work on /home/airflow/.local/lib/python3.8/site-packages/airflow/example_dags/plugins/workday.py
[2025-12-24T19:10:00.360+0000] {processor.py:830} INFO - Processing file /home/airflow/.local/lib/python3.8/site-packages/airflow/example_dags/plugins/workday.py for tasks to queue
[2025-12-24T19:10:00.361+0000] {logging_mixin.py:188} INFO - [2025-12-24T19:10:00.361+0000] {dagbag.py:538} INFO - Filling up the DagBag from /home/airflow/.local/lib/python3.8/site-packages/airflow/example_dags/plugins/workday.py
[2025-12-24T19:10:00.602+0000] {processor.py:842} WARNING - No viable dags retrieved from /home/airflow/.local/lib/python3.8/site-packages/airflow/example_dags/plugins/workday.py
[2025-12-24T19:10:00.616+0000] {processor.py:183} INFO - Processing /home/airflow/.local/lib/python3.8/site-packages/airflow/example_dags/plugins/workday.py took 0.260 seconds
[2025-12-24T19:10:30.821+0000] {processor.py:161} INFO - Started process (PID=24418) to work on /home/airflow/.local/lib/python3.8/site-packages/airflow/example_dags/plugins/workday.py
[2025-12-24T19:10:30.822+0000] {processor.py:830} INFO - Processing file /home/airflow/.local/lib/python3.8/site-packages/airflow/example_dags/plugins/workday.py for tasks to queue
[2025-12-24T19:10:30.824+0000] {logging_mixin.py:188} INFO - [2025-12-24T19:10:30.823+0000] {dagbag.py:538} INFO - Filling up the DagBag from /home/airflow/.local/lib/python3.8/site-packages/airflow/example_dags/plugins/workday.py
[2025-12-24T19:10:31.078+0000] {processor.py:842} WARNING - No viable dags retrieved from /home/airflow/.local/lib/python3.8/site-packages/airflow/example_dags/plugins/workday.py
[2025-12-24T19:10:31.093+0000] {processor.py:183} INFO - Processing /home/airflow/.local/lib/python3.8/site-packages/airflow/example_dags/plugins/workday.py took 0.276 seconds
[2025-12-24T19:11:01.733+0000] {processor.py:161} INFO - Started process (PID=24474) to work on /home/airflow/.local/lib/python3.8/site-packages/airflow/example_dags/plugins/workday.py
[2025-12-24T19:11:01.734+0000] {processor.py:830} INFO - Processing file /home/airflow/.local/lib/python3.8/site-packages/airflow/example_dags/plugins/workday.py for tasks to queue
[2025-12-24T19:11:01.735+0000] {logging_mixin.py:188} INFO - [2025-12-24T19:11:01.735+0000] {dagbag.py:538} INFO - Filling up the DagBag from /home/airflow/.local/lib/python3.8/site-packages/airflow/example_dags/plugins/workday.py
[2025-12-24T19:11:02.033+0000] {processor.py:842} WARNING - No viable dags retrieved from /home/airflow/.local/lib/python3.8/site-packages/airflow/example_dags/plugins/workday.py
[2025-12-24T19:11:02.053+0000] {processor.py:183} INFO - Processing /home/airflow/.local/lib/python3.8/site-packages/airflow/example_dags/plugins/workday.py took 0.324 seconds
[2025-12-24T19:11:33.617+0000] {processor.py:161} INFO - Started process (PID=24536) to work on /home/airflow/.local/lib/python3.8/site-packages/airflow/example_dags/plugins/workday.py
[2025-12-24T19:11:33.619+0000] {processor.py:830} INFO - Processing file /home/airflow/.local/lib/python3.8/site-packages/airflow/example_dags/plugins/workday.py for tasks to queue
[2025-12-24T19:11:33.621+0000] {logging_mixin.py:188} INFO - [2025-12-24T19:11:33.621+0000] {dagbag.py:538} INFO - Filling up the DagBag from /home/airflow/.local/lib/python3.8/site-packages/airflow/example_dags/plugins/workday.py
[2025-12-24T19:11:33.880+0000] {processor.py:842} WARNING - No viable dags retrieved from /home/airflow/.local/lib/python3.8/site-packages/airflow/example_dags/plugins/workday.py
[2025-12-24T19:11:33.895+0000] {processor.py:183} INFO - Processing /home/airflow/.local/lib/python3.8/site-packages/airflow/example_dags/plugins/workday.py took 0.285 seconds
[2025-12-24T19:12:03.988+0000] {processor.py:161} INFO - Started process (PID=24593) to work on /home/airflow/.local/lib/python3.8/site-packages/airflow/example_dags/plugins/workday.py
[2025-12-24T19:12:03.989+0000] {processor.py:830} INFO - Processing file /home/airflow/.local/lib/python3.8/site-packages/airflow/example_dags/plugins/workday.py for tasks to queue
[2025-12-24T19:12:03.990+0000] {logging_mixin.py:188} INFO - [2025-12-24T19:12:03.990+0000] {dagbag.py:538} INFO - Filling up the DagBag from /home/airflow/.local/lib/python3.8/site-packages/airflow/example_dags/plugins/workday.py
[2025-12-24T19:12:04.252+0000] {processor.py:842} WARNING - No viable dags retrieved from /home/airflow/.local/lib/python3.8/site-packages/airflow/example_dags/plugins/workday.py
[2025-12-24T19:12:04.267+0000] {processor.py:183} INFO - Processing /home/airflow/.local/lib/python3.8/site-packages/airflow/example_dags/plugins/workday.py took 0.283 seconds
[2025-12-24T19:12:34.407+0000] {processor.py:161} INFO - Started process (PID=24651) to work on /home/airflow/.local/lib/python3.8/site-packages/airflow/example_dags/plugins/workday.py
[2025-12-24T19:12:34.409+0000] {processor.py:830} INFO - Processing file /home/airflow/.local/lib/python3.8/site-packages/airflow/example_dags/plugins/workday.py for tasks to queue
[2025-12-24T19:12:34.410+0000] {logging_mixin.py:188} INFO - [2025-12-24T19:12:34.410+0000] {dagbag.py:538} INFO - Filling up the DagBag from /home/airflow/.local/lib/python3.8/site-packages/airflow/example_dags/plugins/workday.py
[2025-12-24T19:12:34.681+0000] {processor.py:842} WARNING - No viable dags retrieved from /home/airflow/.local/lib/python3.8/site-packages/airflow/example_dags/plugins/workday.py
[2025-12-24T19:12:34.696+0000] {processor.py:183} INFO - Processing /home/airflow/.local/lib/python3.8/site-packages/airflow/example_dags/plugins/workday.py took 0.293 seconds
[2025-12-24T19:13:04.913+0000] {processor.py:161} INFO - Started process (PID=24708) to work on /home/airflow/.local/lib/python3.8/site-packages/airflow/example_dags/plugins/workday.py
[2025-12-24T19:13:04.914+0000] {processor.py:830} INFO - Processing file /home/airflow/.local/lib/python3.8/site-packages/airflow/example_dags/plugins/workday.py for tasks to queue
[2025-12-24T19:13:04.915+0000] {logging_mixin.py:188} INFO - [2025-12-24T19:13:04.915+0000] {dagbag.py:538} INFO - Filling up the DagBag from /home/airflow/.local/lib/python3.8/site-packages/airflow/example_dags/plugins/workday.py
[2025-12-24T19:13:05.188+0000] {processor.py:842} WARNING - No viable dags retrieved from /home/airflow/.local/lib/python3.8/site-packages/airflow/example_dags/plugins/workday.py
[2025-12-24T19:13:05.215+0000] {processor.py:183} INFO - Processing /home/airflow/.local/lib/python3.8/site-packages/airflow/example_dags/plugins/workday.py took 0.307 seconds
[2025-12-24T19:13:35.474+0000] {processor.py:161} INFO - Started process (PID=24765) to work on /home/airflow/.local/lib/python3.8/site-packages/airflow/example_dags/plugins/workday.py
[2025-12-24T19:13:35.475+0000] {processor.py:830} INFO - Processing file /home/airflow/.local/lib/python3.8/site-packages/airflow/example_dags/plugins/workday.py for tasks to queue
[2025-12-24T19:13:35.476+0000] {logging_mixin.py:188} INFO - [2025-12-24T19:13:35.475+0000] {dagbag.py:538} INFO - Filling up the DagBag from /home/airflow/.local/lib/python3.8/site-packages/airflow/example_dags/plugins/workday.py
[2025-12-24T19:13:35.720+0000] {processor.py:842} WARNING - No viable dags retrieved from /home/airflow/.local/lib/python3.8/site-packages/airflow/example_dags/plugins/workday.py
[2025-12-24T19:13:35.736+0000] {processor.py:183} INFO - Processing /home/airflow/.local/lib/python3.8/site-packages/airflow/example_dags/plugins/workday.py took 0.266 seconds
[2025-12-24T19:14:05.974+0000] {processor.py:161} INFO - Started process (PID=24822) to work on /home/airflow/.local/lib/python3.8/site-packages/airflow/example_dags/plugins/workday.py
[2025-12-24T19:14:05.976+0000] {processor.py:830} INFO - Processing file /home/airflow/.local/lib/python3.8/site-packages/airflow/example_dags/plugins/workday.py for tasks to queue
[2025-12-24T19:14:05.977+0000] {logging_mixin.py:188} INFO - [2025-12-24T19:14:05.976+0000] {dagbag.py:538} INFO - Filling up the DagBag from /home/airflow/.local/lib/python3.8/site-packages/airflow/example_dags/plugins/workday.py
[2025-12-24T19:14:06.216+0000] {processor.py:842} WARNING - No viable dags retrieved from /home/airflow/.local/lib/python3.8/site-packages/airflow/example_dags/plugins/workday.py
[2025-12-24T19:14:06.231+0000] {processor.py:183} INFO - Processing /home/airflow/.local/lib/python3.8/site-packages/airflow/example_dags/plugins/workday.py took 0.260 seconds
[2025-12-24T19:14:36.833+0000] {processor.py:161} INFO - Started process (PID=24878) to work on /home/airflow/.local/lib/python3.8/site-packages/airflow/example_dags/plugins/workday.py
[2025-12-24T19:14:36.834+0000] {processor.py:830} INFO - Processing file /home/airflow/.local/lib/python3.8/site-packages/airflow/example_dags/plugins/workday.py for tasks to queue
[2025-12-24T19:14:36.837+0000] {logging_mixin.py:188} INFO - [2025-12-24T19:14:36.837+0000] {dagbag.py:538} INFO - Filling up the DagBag from /home/airflow/.local/lib/python3.8/site-packages/airflow/example_dags/plugins/workday.py
[2025-12-24T19:14:37.114+0000] {processor.py:842} WARNING - No viable dags retrieved from /home/airflow/.local/lib/python3.8/site-packages/airflow/example_dags/plugins/workday.py
[2025-12-24T19:14:37.130+0000] {processor.py:183} INFO - Processing /home/airflow/.local/lib/python3.8/site-packages/airflow/example_dags/plugins/workday.py took 0.301 seconds
[2025-12-24T19:15:07.392+0000] {processor.py:161} INFO - Started process (PID=24935) to work on /home/airflow/.local/lib/python3.8/site-packages/airflow/example_dags/plugins/workday.py
[2025-12-24T19:15:07.393+0000] {processor.py:830} INFO - Processing file /home/airflow/.local/lib/python3.8/site-packages/airflow/example_dags/plugins/workday.py for tasks to queue
[2025-12-24T19:15:07.394+0000] {logging_mixin.py:188} INFO - [2025-12-24T19:15:07.393+0000] {dagbag.py:538} INFO - Filling up the DagBag from /home/airflow/.local/lib/python3.8/site-packages/airflow/example_dags/plugins/workday.py
[2025-12-24T19:15:07.677+0000] {processor.py:842} WARNING - No viable dags retrieved from /home/airflow/.local/lib/python3.8/site-packages/airflow/example_dags/plugins/workday.py
[2025-12-24T19:15:07.694+0000] {processor.py:183} INFO - Processing /home/airflow/.local/lib/python3.8/site-packages/airflow/example_dags/plugins/workday.py took 0.306 seconds
[2025-12-24T19:15:38.606+0000] {processor.py:161} INFO - Started process (PID=24992) to work on /home/airflow/.local/lib/python3.8/site-packages/airflow/example_dags/plugins/workday.py
[2025-12-24T19:15:38.607+0000] {processor.py:830} INFO - Processing file /home/airflow/.local/lib/python3.8/site-packages/airflow/example_dags/plugins/workday.py for tasks to queue
[2025-12-24T19:15:38.608+0000] {logging_mixin.py:188} INFO - [2025-12-24T19:15:38.607+0000] {dagbag.py:538} INFO - Filling up the DagBag from /home/airflow/.local/lib/python3.8/site-packages/airflow/example_dags/plugins/workday.py
[2025-12-24T19:15:38.858+0000] {processor.py:842} WARNING - No viable dags retrieved from /home/airflow/.local/lib/python3.8/site-packages/airflow/example_dags/plugins/workday.py
[2025-12-24T19:15:38.876+0000] {processor.py:183} INFO - Processing /home/airflow/.local/lib/python3.8/site-packages/airflow/example_dags/plugins/workday.py took 0.274 seconds
[2025-12-24T19:16:09.899+0000] {processor.py:161} INFO - Started process (PID=25049) to work on /home/airflow/.local/lib/python3.8/site-packages/airflow/example_dags/plugins/workday.py
[2025-12-24T19:16:09.901+0000] {processor.py:830} INFO - Processing file /home/airflow/.local/lib/python3.8/site-packages/airflow/example_dags/plugins/workday.py for tasks to queue
[2025-12-24T19:16:09.902+0000] {logging_mixin.py:188} INFO - [2025-12-24T19:16:09.901+0000] {dagbag.py:538} INFO - Filling up the DagBag from /home/airflow/.local/lib/python3.8/site-packages/airflow/example_dags/plugins/workday.py
[2025-12-24T19:16:10.210+0000] {processor.py:842} WARNING - No viable dags retrieved from /home/airflow/.local/lib/python3.8/site-packages/airflow/example_dags/plugins/workday.py
[2025-12-24T19:16:10.243+0000] {processor.py:183} INFO - Processing /home/airflow/.local/lib/python3.8/site-packages/airflow/example_dags/plugins/workday.py took 0.349 seconds
[2025-12-24T19:16:41.481+0000] {processor.py:161} INFO - Started process (PID=25109) to work on /home/airflow/.local/lib/python3.8/site-packages/airflow/example_dags/plugins/workday.py
[2025-12-24T19:16:41.483+0000] {processor.py:830} INFO - Processing file /home/airflow/.local/lib/python3.8/site-packages/airflow/example_dags/plugins/workday.py for tasks to queue
[2025-12-24T19:16:41.484+0000] {logging_mixin.py:188} INFO - [2025-12-24T19:16:41.484+0000] {dagbag.py:538} INFO - Filling up the DagBag from /home/airflow/.local/lib/python3.8/site-packages/airflow/example_dags/plugins/workday.py
[2025-12-24T19:16:41.766+0000] {processor.py:842} WARNING - No viable dags retrieved from /home/airflow/.local/lib/python3.8/site-packages/airflow/example_dags/plugins/workday.py
[2025-12-24T19:16:41.783+0000] {processor.py:183} INFO - Processing /home/airflow/.local/lib/python3.8/site-packages/airflow/example_dags/plugins/workday.py took 0.306 seconds
[2025-12-24T19:17:12.144+0000] {processor.py:161} INFO - Started process (PID=25168) to work on /home/airflow/.local/lib/python3.8/site-packages/airflow/example_dags/plugins/workday.py
[2025-12-24T19:17:12.145+0000] {processor.py:830} INFO - Processing file /home/airflow/.local/lib/python3.8/site-packages/airflow/example_dags/plugins/workday.py for tasks to queue
[2025-12-24T19:17:12.147+0000] {logging_mixin.py:188} INFO - [2025-12-24T19:17:12.146+0000] {dagbag.py:538} INFO - Filling up the DagBag from /home/airflow/.local/lib/python3.8/site-packages/airflow/example_dags/plugins/workday.py
[2025-12-24T19:17:12.451+0000] {processor.py:842} WARNING - No viable dags retrieved from /home/airflow/.local/lib/python3.8/site-packages/airflow/example_dags/plugins/workday.py
[2025-12-24T19:17:12.466+0000] {processor.py:183} INFO - Processing /home/airflow/.local/lib/python3.8/site-packages/airflow/example_dags/plugins/workday.py took 0.325 seconds
[2025-12-24T19:17:43.306+0000] {processor.py:161} INFO - Started process (PID=25227) to work on /home/airflow/.local/lib/python3.8/site-packages/airflow/example_dags/plugins/workday.py
[2025-12-24T19:17:43.307+0000] {processor.py:830} INFO - Processing file /home/airflow/.local/lib/python3.8/site-packages/airflow/example_dags/plugins/workday.py for tasks to queue
[2025-12-24T19:17:43.308+0000] {logging_mixin.py:188} INFO - [2025-12-24T19:17:43.308+0000] {dagbag.py:538} INFO - Filling up the DagBag from /home/airflow/.local/lib/python3.8/site-packages/airflow/example_dags/plugins/workday.py
[2025-12-24T19:17:43.624+0000] {processor.py:842} WARNING - No viable dags retrieved from /home/airflow/.local/lib/python3.8/site-packages/airflow/example_dags/plugins/workday.py
[2025-12-24T19:17:43.641+0000] {processor.py:183} INFO - Processing /home/airflow/.local/lib/python3.8/site-packages/airflow/example_dags/plugins/workday.py took 0.339 seconds
[2025-12-24T19:18:13.721+0000] {processor.py:161} INFO - Started process (PID=25285) to work on /home/airflow/.local/lib/python3.8/site-packages/airflow/example_dags/plugins/workday.py
[2025-12-24T19:18:13.722+0000] {processor.py:830} INFO - Processing file /home/airflow/.local/lib/python3.8/site-packages/airflow/example_dags/plugins/workday.py for tasks to queue
[2025-12-24T19:18:13.723+0000] {logging_mixin.py:188} INFO - [2025-12-24T19:18:13.723+0000] {dagbag.py:538} INFO - Filling up the DagBag from /home/airflow/.local/lib/python3.8/site-packages/airflow/example_dags/plugins/workday.py
[2025-12-24T19:18:14.046+0000] {processor.py:842} WARNING - No viable dags retrieved from /home/airflow/.local/lib/python3.8/site-packages/airflow/example_dags/plugins/workday.py
[2025-12-24T19:18:14.063+0000] {processor.py:183} INFO - Processing /home/airflow/.local/lib/python3.8/site-packages/airflow/example_dags/plugins/workday.py took 0.345 seconds
[2025-12-24T19:18:44.392+0000] {processor.py:161} INFO - Started process (PID=25343) to work on /home/airflow/.local/lib/python3.8/site-packages/airflow/example_dags/plugins/workday.py
[2025-12-24T19:18:44.394+0000] {processor.py:830} INFO - Processing file /home/airflow/.local/lib/python3.8/site-packages/airflow/example_dags/plugins/workday.py for tasks to queue
[2025-12-24T19:18:44.395+0000] {logging_mixin.py:188} INFO - [2025-12-24T19:18:44.395+0000] {dagbag.py:538} INFO - Filling up the DagBag from /home/airflow/.local/lib/python3.8/site-packages/airflow/example_dags/plugins/workday.py
[2025-12-24T19:18:44.694+0000] {processor.py:842} WARNING - No viable dags retrieved from /home/airflow/.local/lib/python3.8/site-packages/airflow/example_dags/plugins/workday.py
[2025-12-24T19:18:44.707+0000] {processor.py:183} INFO - Processing /home/airflow/.local/lib/python3.8/site-packages/airflow/example_dags/plugins/workday.py took 0.318 seconds
[2025-12-24T19:19:14.785+0000] {processor.py:161} INFO - Started process (PID=25400) to work on /home/airflow/.local/lib/python3.8/site-packages/airflow/example_dags/plugins/workday.py
[2025-12-24T19:19:14.786+0000] {processor.py:830} INFO - Processing file /home/airflow/.local/lib/python3.8/site-packages/airflow/example_dags/plugins/workday.py for tasks to queue
[2025-12-24T19:19:14.787+0000] {logging_mixin.py:188} INFO - [2025-12-24T19:19:14.787+0000] {dagbag.py:538} INFO - Filling up the DagBag from /home/airflow/.local/lib/python3.8/site-packages/airflow/example_dags/plugins/workday.py
[2025-12-24T19:19:15.044+0000] {processor.py:842} WARNING - No viable dags retrieved from /home/airflow/.local/lib/python3.8/site-packages/airflow/example_dags/plugins/workday.py
[2025-12-24T19:19:15.062+0000] {processor.py:183} INFO - Processing /home/airflow/.local/lib/python3.8/site-packages/airflow/example_dags/plugins/workday.py took 0.282 seconds
[2025-12-24T19:19:45.413+0000] {processor.py:161} INFO - Started process (PID=25459) to work on /home/airflow/.local/lib/python3.8/site-packages/airflow/example_dags/plugins/workday.py
[2025-12-24T19:19:45.414+0000] {processor.py:830} INFO - Processing file /home/airflow/.local/lib/python3.8/site-packages/airflow/example_dags/plugins/workday.py for tasks to queue
[2025-12-24T19:19:45.415+0000] {logging_mixin.py:188} INFO - [2025-12-24T19:19:45.415+0000] {dagbag.py:538} INFO - Filling up the DagBag from /home/airflow/.local/lib/python3.8/site-packages/airflow/example_dags/plugins/workday.py
[2025-12-24T19:19:45.653+0000] {processor.py:842} WARNING - No viable dags retrieved from /home/airflow/.local/lib/python3.8/site-packages/airflow/example_dags/plugins/workday.py
[2025-12-24T19:19:45.667+0000] {processor.py:183} INFO - Processing /home/airflow/.local/lib/python3.8/site-packages/airflow/example_dags/plugins/workday.py took 0.258 seconds
[2025-12-24T19:20:15.996+0000] {processor.py:161} INFO - Started process (PID=25516) to work on /home/airflow/.local/lib/python3.8/site-packages/airflow/example_dags/plugins/workday.py
[2025-12-24T19:20:15.998+0000] {processor.py:830} INFO - Processing file /home/airflow/.local/lib/python3.8/site-packages/airflow/example_dags/plugins/workday.py for tasks to queue
[2025-12-24T19:20:15.999+0000] {logging_mixin.py:188} INFO - [2025-12-24T19:20:15.999+0000] {dagbag.py:538} INFO - Filling up the DagBag from /home/airflow/.local/lib/python3.8/site-packages/airflow/example_dags/plugins/workday.py
[2025-12-24T19:20:16.281+0000] {processor.py:842} WARNING - No viable dags retrieved from /home/airflow/.local/lib/python3.8/site-packages/airflow/example_dags/plugins/workday.py
[2025-12-24T19:20:16.295+0000] {processor.py:183} INFO - Processing /home/airflow/.local/lib/python3.8/site-packages/airflow/example_dags/plugins/workday.py took 0.302 seconds
[2025-12-24T19:20:46.491+0000] {processor.py:161} INFO - Started process (PID=25573) to work on /home/airflow/.local/lib/python3.8/site-packages/airflow/example_dags/plugins/workday.py
[2025-12-24T19:20:46.492+0000] {processor.py:830} INFO - Processing file /home/airflow/.local/lib/python3.8/site-packages/airflow/example_dags/plugins/workday.py for tasks to queue
[2025-12-24T19:20:46.496+0000] {logging_mixin.py:188} INFO - [2025-12-24T19:20:46.494+0000] {dagbag.py:538} INFO - Filling up the DagBag from /home/airflow/.local/lib/python3.8/site-packages/airflow/example_dags/plugins/workday.py
[2025-12-24T19:20:46.773+0000] {processor.py:842} WARNING - No viable dags retrieved from /home/airflow/.local/lib/python3.8/site-packages/airflow/example_dags/plugins/workday.py
[2025-12-24T19:20:46.790+0000] {processor.py:183} INFO - Processing /home/airflow/.local/lib/python3.8/site-packages/airflow/example_dags/plugins/workday.py took 0.304 seconds
[2025-12-24T19:21:17.371+0000] {processor.py:161} INFO - Started process (PID=25630) to work on /home/airflow/.local/lib/python3.8/site-packages/airflow/example_dags/plugins/workday.py
[2025-12-24T19:21:17.373+0000] {processor.py:830} INFO - Processing file /home/airflow/.local/lib/python3.8/site-packages/airflow/example_dags/plugins/workday.py for tasks to queue
[2025-12-24T19:21:17.374+0000] {logging_mixin.py:188} INFO - [2025-12-24T19:21:17.374+0000] {dagbag.py:538} INFO - Filling up the DagBag from /home/airflow/.local/lib/python3.8/site-packages/airflow/example_dags/plugins/workday.py
[2025-12-24T19:21:17.616+0000] {processor.py:842} WARNING - No viable dags retrieved from /home/airflow/.local/lib/python3.8/site-packages/airflow/example_dags/plugins/workday.py
[2025-12-24T19:21:17.631+0000] {processor.py:183} INFO - Processing /home/airflow/.local/lib/python3.8/site-packages/airflow/example_dags/plugins/workday.py took 0.264 seconds
[2025-12-24T19:21:48.058+0000] {processor.py:161} INFO - Started process (PID=25690) to work on /home/airflow/.local/lib/python3.8/site-packages/airflow/example_dags/plugins/workday.py
[2025-12-24T19:21:48.064+0000] {processor.py:830} INFO - Processing file /home/airflow/.local/lib/python3.8/site-packages/airflow/example_dags/plugins/workday.py for tasks to queue
[2025-12-24T19:21:48.069+0000] {logging_mixin.py:188} INFO - [2025-12-24T19:21:48.068+0000] {dagbag.py:538} INFO - Filling up the DagBag from /home/airflow/.local/lib/python3.8/site-packages/airflow/example_dags/plugins/workday.py
[2025-12-24T19:21:48.572+0000] {processor.py:842} WARNING - No viable dags retrieved from /home/airflow/.local/lib/python3.8/site-packages/airflow/example_dags/plugins/workday.py
[2025-12-24T19:21:48.595+0000] {processor.py:183} INFO - Processing /home/airflow/.local/lib/python3.8/site-packages/airflow/example_dags/plugins/workday.py took 0.542 seconds
[2025-12-24T19:22:19.307+0000] {processor.py:161} INFO - Started process (PID=25751) to work on /home/airflow/.local/lib/python3.8/site-packages/airflow/example_dags/plugins/workday.py
[2025-12-24T19:22:19.308+0000] {processor.py:830} INFO - Processing file /home/airflow/.local/lib/python3.8/site-packages/airflow/example_dags/plugins/workday.py for tasks to queue
[2025-12-24T19:22:19.309+0000] {logging_mixin.py:188} INFO - [2025-12-24T19:22:19.309+0000] {dagbag.py:538} INFO - Filling up the DagBag from /home/airflow/.local/lib/python3.8/site-packages/airflow/example_dags/plugins/workday.py
[2025-12-24T19:22:19.654+0000] {processor.py:842} WARNING - No viable dags retrieved from /home/airflow/.local/lib/python3.8/site-packages/airflow/example_dags/plugins/workday.py
[2025-12-24T19:22:19.670+0000] {processor.py:183} INFO - Processing /home/airflow/.local/lib/python3.8/site-packages/airflow/example_dags/plugins/workday.py took 0.366 seconds
[2025-12-24T19:22:49.875+0000] {processor.py:161} INFO - Started process (PID=25817) to work on /home/airflow/.local/lib/python3.8/site-packages/airflow/example_dags/plugins/workday.py
[2025-12-24T19:22:49.876+0000] {processor.py:830} INFO - Processing file /home/airflow/.local/lib/python3.8/site-packages/airflow/example_dags/plugins/workday.py for tasks to queue
[2025-12-24T19:22:49.877+0000] {logging_mixin.py:188} INFO - [2025-12-24T19:22:49.877+0000] {dagbag.py:538} INFO - Filling up the DagBag from /home/airflow/.local/lib/python3.8/site-packages/airflow/example_dags/plugins/workday.py
[2025-12-24T19:22:50.138+0000] {processor.py:842} WARNING - No viable dags retrieved from /home/airflow/.local/lib/python3.8/site-packages/airflow/example_dags/plugins/workday.py
[2025-12-24T19:22:50.153+0000] {processor.py:183} INFO - Processing /home/airflow/.local/lib/python3.8/site-packages/airflow/example_dags/plugins/workday.py took 0.281 seconds
[2025-12-24T19:23:20.361+0000] {processor.py:161} INFO - Started process (PID=25880) to work on /home/airflow/.local/lib/python3.8/site-packages/airflow/example_dags/plugins/workday.py
[2025-12-24T19:23:20.363+0000] {processor.py:830} INFO - Processing file /home/airflow/.local/lib/python3.8/site-packages/airflow/example_dags/plugins/workday.py for tasks to queue
[2025-12-24T19:23:20.364+0000] {logging_mixin.py:188} INFO - [2025-12-24T19:23:20.363+0000] {dagbag.py:538} INFO - Filling up the DagBag from /home/airflow/.local/lib/python3.8/site-packages/airflow/example_dags/plugins/workday.py
[2025-12-24T19:23:20.667+0000] {processor.py:842} WARNING - No viable dags retrieved from /home/airflow/.local/lib/python3.8/site-packages/airflow/example_dags/plugins/workday.py
[2025-12-24T19:23:20.686+0000] {processor.py:183} INFO - Processing /home/airflow/.local/lib/python3.8/site-packages/airflow/example_dags/plugins/workday.py took 0.328 seconds
[2025-12-24T19:23:51.590+0000] {processor.py:161} INFO - Started process (PID=25937) to work on /home/airflow/.local/lib/python3.8/site-packages/airflow/example_dags/plugins/workday.py
[2025-12-24T19:23:51.591+0000] {processor.py:830} INFO - Processing file /home/airflow/.local/lib/python3.8/site-packages/airflow/example_dags/plugins/workday.py for tasks to queue
[2025-12-24T19:23:51.592+0000] {logging_mixin.py:188} INFO - [2025-12-24T19:23:51.592+0000] {dagbag.py:538} INFO - Filling up the DagBag from /home/airflow/.local/lib/python3.8/site-packages/airflow/example_dags/plugins/workday.py
[2025-12-24T19:23:51.843+0000] {processor.py:842} WARNING - No viable dags retrieved from /home/airflow/.local/lib/python3.8/site-packages/airflow/example_dags/plugins/workday.py
[2025-12-24T19:23:51.858+0000] {processor.py:183} INFO - Processing /home/airflow/.local/lib/python3.8/site-packages/airflow/example_dags/plugins/workday.py took 0.270 seconds
[2025-12-24T19:24:21.940+0000] {processor.py:161} INFO - Started process (PID=25994) to work on /home/airflow/.local/lib/python3.8/site-packages/airflow/example_dags/plugins/workday.py
[2025-12-24T19:24:21.941+0000] {processor.py:830} INFO - Processing file /home/airflow/.local/lib/python3.8/site-packages/airflow/example_dags/plugins/workday.py for tasks to queue
[2025-12-24T19:24:21.942+0000] {logging_mixin.py:188} INFO - [2025-12-24T19:24:21.942+0000] {dagbag.py:538} INFO - Filling up the DagBag from /home/airflow/.local/lib/python3.8/site-packages/airflow/example_dags/plugins/workday.py
[2025-12-24T19:24:22.227+0000] {processor.py:842} WARNING - No viable dags retrieved from /home/airflow/.local/lib/python3.8/site-packages/airflow/example_dags/plugins/workday.py
[2025-12-24T19:24:22.242+0000] {processor.py:183} INFO - Processing /home/airflow/.local/lib/python3.8/site-packages/airflow/example_dags/plugins/workday.py took 0.304 seconds
[2025-12-24T19:24:52.476+0000] {processor.py:161} INFO - Started process (PID=26052) to work on /home/airflow/.local/lib/python3.8/site-packages/airflow/example_dags/plugins/workday.py
[2025-12-24T19:24:52.477+0000] {processor.py:830} INFO - Processing file /home/airflow/.local/lib/python3.8/site-packages/airflow/example_dags/plugins/workday.py for tasks to queue
[2025-12-24T19:24:52.478+0000] {logging_mixin.py:188} INFO - [2025-12-24T19:24:52.478+0000] {dagbag.py:538} INFO - Filling up the DagBag from /home/airflow/.local/lib/python3.8/site-packages/airflow/example_dags/plugins/workday.py
[2025-12-24T19:24:52.737+0000] {processor.py:842} WARNING - No viable dags retrieved from /home/airflow/.local/lib/python3.8/site-packages/airflow/example_dags/plugins/workday.py
[2025-12-24T19:24:52.751+0000] {processor.py:183} INFO - Processing /home/airflow/.local/lib/python3.8/site-packages/airflow/example_dags/plugins/workday.py took 0.278 seconds
[2025-12-24T19:25:22.855+0000] {processor.py:161} INFO - Started process (PID=26110) to work on /home/airflow/.local/lib/python3.8/site-packages/airflow/example_dags/plugins/workday.py
[2025-12-24T19:25:22.856+0000] {processor.py:830} INFO - Processing file /home/airflow/.local/lib/python3.8/site-packages/airflow/example_dags/plugins/workday.py for tasks to queue
[2025-12-24T19:25:22.857+0000] {logging_mixin.py:188} INFO - [2025-12-24T19:25:22.857+0000] {dagbag.py:538} INFO - Filling up the DagBag from /home/airflow/.local/lib/python3.8/site-packages/airflow/example_dags/plugins/workday.py
[2025-12-24T19:25:23.093+0000] {processor.py:842} WARNING - No viable dags retrieved from /home/airflow/.local/lib/python3.8/site-packages/airflow/example_dags/plugins/workday.py
[2025-12-24T19:25:23.107+0000] {processor.py:183} INFO - Processing /home/airflow/.local/lib/python3.8/site-packages/airflow/example_dags/plugins/workday.py took 0.256 seconds
[2025-12-24T19:25:53.454+0000] {processor.py:161} INFO - Started process (PID=26167) to work on /home/airflow/.local/lib/python3.8/site-packages/airflow/example_dags/plugins/workday.py
[2025-12-24T19:25:53.455+0000] {processor.py:830} INFO - Processing file /home/airflow/.local/lib/python3.8/site-packages/airflow/example_dags/plugins/workday.py for tasks to queue
[2025-12-24T19:25:53.455+0000] {logging_mixin.py:188} INFO - [2025-12-24T19:25:53.455+0000] {dagbag.py:538} INFO - Filling up the DagBag from /home/airflow/.local/lib/python3.8/site-packages/airflow/example_dags/plugins/workday.py
[2025-12-24T19:25:53.712+0000] {processor.py:842} WARNING - No viable dags retrieved from /home/airflow/.local/lib/python3.8/site-packages/airflow/example_dags/plugins/workday.py
[2025-12-24T19:25:53.729+0000] {processor.py:183} INFO - Processing /home/airflow/.local/lib/python3.8/site-packages/airflow/example_dags/plugins/workday.py took 0.278 seconds
[2025-12-24T19:26:23.834+0000] {processor.py:161} INFO - Started process (PID=26224) to work on /home/airflow/.local/lib/python3.8/site-packages/airflow/example_dags/plugins/workday.py
[2025-12-24T19:26:23.835+0000] {processor.py:830} INFO - Processing file /home/airflow/.local/lib/python3.8/site-packages/airflow/example_dags/plugins/workday.py for tasks to queue
[2025-12-24T19:26:23.836+0000] {logging_mixin.py:188} INFO - [2025-12-24T19:26:23.836+0000] {dagbag.py:538} INFO - Filling up the DagBag from /home/airflow/.local/lib/python3.8/site-packages/airflow/example_dags/plugins/workday.py
[2025-12-24T19:26:24.080+0000] {processor.py:842} WARNING - No viable dags retrieved from /home/airflow/.local/lib/python3.8/site-packages/airflow/example_dags/plugins/workday.py
[2025-12-24T19:26:24.096+0000] {processor.py:183} INFO - Processing /home/airflow/.local/lib/python3.8/site-packages/airflow/example_dags/plugins/workday.py took 0.267 seconds
[2025-12-24T19:26:54.848+0000] {processor.py:161} INFO - Started process (PID=26281) to work on /home/airflow/.local/lib/python3.8/site-packages/airflow/example_dags/plugins/workday.py
[2025-12-24T19:26:54.850+0000] {processor.py:830} INFO - Processing file /home/airflow/.local/lib/python3.8/site-packages/airflow/example_dags/plugins/workday.py for tasks to queue
[2025-12-24T19:26:54.851+0000] {logging_mixin.py:188} INFO - [2025-12-24T19:26:54.850+0000] {dagbag.py:538} INFO - Filling up the DagBag from /home/airflow/.local/lib/python3.8/site-packages/airflow/example_dags/plugins/workday.py
[2025-12-24T19:26:55.089+0000] {processor.py:842} WARNING - No viable dags retrieved from /home/airflow/.local/lib/python3.8/site-packages/airflow/example_dags/plugins/workday.py
[2025-12-24T19:26:55.103+0000] {processor.py:183} INFO - Processing /home/airflow/.local/lib/python3.8/site-packages/airflow/example_dags/plugins/workday.py took 0.259 seconds
[2025-12-24T19:27:25.172+0000] {processor.py:161} INFO - Started process (PID=26338) to work on /home/airflow/.local/lib/python3.8/site-packages/airflow/example_dags/plugins/workday.py
[2025-12-24T19:27:25.173+0000] {processor.py:830} INFO - Processing file /home/airflow/.local/lib/python3.8/site-packages/airflow/example_dags/plugins/workday.py for tasks to queue
[2025-12-24T19:27:25.174+0000] {logging_mixin.py:188} INFO - [2025-12-24T19:27:25.174+0000] {dagbag.py:538} INFO - Filling up the DagBag from /home/airflow/.local/lib/python3.8/site-packages/airflow/example_dags/plugins/workday.py
[2025-12-24T19:27:25.461+0000] {processor.py:842} WARNING - No viable dags retrieved from /home/airflow/.local/lib/python3.8/site-packages/airflow/example_dags/plugins/workday.py
[2025-12-24T19:27:25.479+0000] {processor.py:183} INFO - Processing /home/airflow/.local/lib/python3.8/site-packages/airflow/example_dags/plugins/workday.py took 0.311 seconds
[2025-12-24T19:27:55.596+0000] {processor.py:161} INFO - Started process (PID=26394) to work on /home/airflow/.local/lib/python3.8/site-packages/airflow/example_dags/plugins/workday.py
[2025-12-24T19:27:55.597+0000] {processor.py:830} INFO - Processing file /home/airflow/.local/lib/python3.8/site-packages/airflow/example_dags/plugins/workday.py for tasks to queue
[2025-12-24T19:27:55.598+0000] {logging_mixin.py:188} INFO - [2025-12-24T19:27:55.598+0000] {dagbag.py:538} INFO - Filling up the DagBag from /home/airflow/.local/lib/python3.8/site-packages/airflow/example_dags/plugins/workday.py
[2025-12-24T19:27:55.861+0000] {processor.py:842} WARNING - No viable dags retrieved from /home/airflow/.local/lib/python3.8/site-packages/airflow/example_dags/plugins/workday.py
[2025-12-24T19:27:55.876+0000] {processor.py:183} INFO - Processing /home/airflow/.local/lib/python3.8/site-packages/airflow/example_dags/plugins/workday.py took 0.284 seconds
[2025-12-24T19:28:26.008+0000] {processor.py:161} INFO - Started process (PID=26451) to work on /home/airflow/.local/lib/python3.8/site-packages/airflow/example_dags/plugins/workday.py
[2025-12-24T19:28:26.009+0000] {processor.py:830} INFO - Processing file /home/airflow/.local/lib/python3.8/site-packages/airflow/example_dags/plugins/workday.py for tasks to queue
[2025-12-24T19:28:26.010+0000] {logging_mixin.py:188} INFO - [2025-12-24T19:28:26.010+0000] {dagbag.py:538} INFO - Filling up the DagBag from /home/airflow/.local/lib/python3.8/site-packages/airflow/example_dags/plugins/workday.py
[2025-12-24T19:28:26.376+0000] {processor.py:842} WARNING - No viable dags retrieved from /home/airflow/.local/lib/python3.8/site-packages/airflow/example_dags/plugins/workday.py
[2025-12-24T19:28:26.387+0000] {processor.py:183} INFO - Processing /home/airflow/.local/lib/python3.8/site-packages/airflow/example_dags/plugins/workday.py took 0.383 seconds
[2025-12-24T19:28:56.597+0000] {processor.py:161} INFO - Started process (PID=26508) to work on /home/airflow/.local/lib/python3.8/site-packages/airflow/example_dags/plugins/workday.py
[2025-12-24T19:28:56.598+0000] {processor.py:830} INFO - Processing file /home/airflow/.local/lib/python3.8/site-packages/airflow/example_dags/plugins/workday.py for tasks to queue
[2025-12-24T19:28:56.599+0000] {logging_mixin.py:188} INFO - [2025-12-24T19:28:56.599+0000] {dagbag.py:538} INFO - Filling up the DagBag from /home/airflow/.local/lib/python3.8/site-packages/airflow/example_dags/plugins/workday.py
[2025-12-24T19:28:56.962+0000] {processor.py:842} WARNING - No viable dags retrieved from /home/airflow/.local/lib/python3.8/site-packages/airflow/example_dags/plugins/workday.py
[2025-12-24T19:28:56.975+0000] {processor.py:183} INFO - Processing /home/airflow/.local/lib/python3.8/site-packages/airflow/example_dags/plugins/workday.py took 0.381 seconds
[2025-12-24T19:29:27.846+0000] {processor.py:161} INFO - Started process (PID=26565) to work on /home/airflow/.local/lib/python3.8/site-packages/airflow/example_dags/plugins/workday.py
[2025-12-24T19:29:27.847+0000] {processor.py:830} INFO - Processing file /home/airflow/.local/lib/python3.8/site-packages/airflow/example_dags/plugins/workday.py for tasks to queue
[2025-12-24T19:29:27.848+0000] {logging_mixin.py:188} INFO - [2025-12-24T19:29:27.848+0000] {dagbag.py:538} INFO - Filling up the DagBag from /home/airflow/.local/lib/python3.8/site-packages/airflow/example_dags/plugins/workday.py
[2025-12-24T19:29:28.278+0000] {processor.py:842} WARNING - No viable dags retrieved from /home/airflow/.local/lib/python3.8/site-packages/airflow/example_dags/plugins/workday.py
[2025-12-24T19:29:28.289+0000] {processor.py:183} INFO - Processing /home/airflow/.local/lib/python3.8/site-packages/airflow/example_dags/plugins/workday.py took 0.447 seconds
[2025-12-24T19:29:58.362+0000] {processor.py:161} INFO - Started process (PID=26622) to work on /home/airflow/.local/lib/python3.8/site-packages/airflow/example_dags/plugins/workday.py
[2025-12-24T19:29:58.364+0000] {processor.py:830} INFO - Processing file /home/airflow/.local/lib/python3.8/site-packages/airflow/example_dags/plugins/workday.py for tasks to queue
[2025-12-24T19:29:58.365+0000] {logging_mixin.py:188} INFO - [2025-12-24T19:29:58.364+0000] {dagbag.py:538} INFO - Filling up the DagBag from /home/airflow/.local/lib/python3.8/site-packages/airflow/example_dags/plugins/workday.py
[2025-12-24T19:29:58.774+0000] {processor.py:842} WARNING - No viable dags retrieved from /home/airflow/.local/lib/python3.8/site-packages/airflow/example_dags/plugins/workday.py
[2025-12-24T19:29:58.788+0000] {processor.py:183} INFO - Processing /home/airflow/.local/lib/python3.8/site-packages/airflow/example_dags/plugins/workday.py took 0.430 seconds
[2025-12-24T19:30:29.402+0000] {processor.py:161} INFO - Started process (PID=26679) to work on /home/airflow/.local/lib/python3.8/site-packages/airflow/example_dags/plugins/workday.py
[2025-12-24T19:30:29.403+0000] {processor.py:830} INFO - Processing file /home/airflow/.local/lib/python3.8/site-packages/airflow/example_dags/plugins/workday.py for tasks to queue
[2025-12-24T19:30:29.404+0000] {logging_mixin.py:188} INFO - [2025-12-24T19:30:29.404+0000] {dagbag.py:538} INFO - Filling up the DagBag from /home/airflow/.local/lib/python3.8/site-packages/airflow/example_dags/plugins/workday.py
[2025-12-24T19:30:29.801+0000] {processor.py:842} WARNING - No viable dags retrieved from /home/airflow/.local/lib/python3.8/site-packages/airflow/example_dags/plugins/workday.py
[2025-12-24T19:30:29.813+0000] {processor.py:183} INFO - Processing /home/airflow/.local/lib/python3.8/site-packages/airflow/example_dags/plugins/workday.py took 0.416 seconds
[2025-12-24T19:31:00.596+0000] {processor.py:161} INFO - Started process (PID=26735) to work on /home/airflow/.local/lib/python3.8/site-packages/airflow/example_dags/plugins/workday.py
[2025-12-24T19:31:00.597+0000] {processor.py:830} INFO - Processing file /home/airflow/.local/lib/python3.8/site-packages/airflow/example_dags/plugins/workday.py for tasks to queue
[2025-12-24T19:31:00.598+0000] {logging_mixin.py:188} INFO - [2025-12-24T19:31:00.598+0000] {dagbag.py:538} INFO - Filling up the DagBag from /home/airflow/.local/lib/python3.8/site-packages/airflow/example_dags/plugins/workday.py
[2025-12-24T19:31:00.970+0000] {processor.py:842} WARNING - No viable dags retrieved from /home/airflow/.local/lib/python3.8/site-packages/airflow/example_dags/plugins/workday.py
[2025-12-24T19:31:00.981+0000] {processor.py:183} INFO - Processing /home/airflow/.local/lib/python3.8/site-packages/airflow/example_dags/plugins/workday.py took 0.389 seconds
[2025-12-24T19:31:31.085+0000] {processor.py:161} INFO - Started process (PID=26792) to work on /home/airflow/.local/lib/python3.8/site-packages/airflow/example_dags/plugins/workday.py
[2025-12-24T19:31:31.087+0000] {processor.py:830} INFO - Processing file /home/airflow/.local/lib/python3.8/site-packages/airflow/example_dags/plugins/workday.py for tasks to queue
[2025-12-24T19:31:31.088+0000] {logging_mixin.py:188} INFO - [2025-12-24T19:31:31.087+0000] {dagbag.py:538} INFO - Filling up the DagBag from /home/airflow/.local/lib/python3.8/site-packages/airflow/example_dags/plugins/workday.py
[2025-12-24T19:31:31.442+0000] {processor.py:842} WARNING - No viable dags retrieved from /home/airflow/.local/lib/python3.8/site-packages/airflow/example_dags/plugins/workday.py
[2025-12-24T19:31:31.455+0000] {processor.py:183} INFO - Processing /home/airflow/.local/lib/python3.8/site-packages/airflow/example_dags/plugins/workday.py took 0.374 seconds
[2025-12-24T19:32:01.509+0000] {processor.py:161} INFO - Started process (PID=26849) to work on /home/airflow/.local/lib/python3.8/site-packages/airflow/example_dags/plugins/workday.py
[2025-12-24T19:32:01.510+0000] {processor.py:830} INFO - Processing file /home/airflow/.local/lib/python3.8/site-packages/airflow/example_dags/plugins/workday.py for tasks to queue
[2025-12-24T19:32:01.511+0000] {logging_mixin.py:188} INFO - [2025-12-24T19:32:01.511+0000] {dagbag.py:538} INFO - Filling up the DagBag from /home/airflow/.local/lib/python3.8/site-packages/airflow/example_dags/plugins/workday.py
[2025-12-24T19:32:01.871+0000] {processor.py:842} WARNING - No viable dags retrieved from /home/airflow/.local/lib/python3.8/site-packages/airflow/example_dags/plugins/workday.py
[2025-12-24T19:32:01.882+0000] {processor.py:183} INFO - Processing /home/airflow/.local/lib/python3.8/site-packages/airflow/example_dags/plugins/workday.py took 0.377 seconds
[2025-12-24T19:32:32.090+0000] {processor.py:161} INFO - Started process (PID=26906) to work on /home/airflow/.local/lib/python3.8/site-packages/airflow/example_dags/plugins/workday.py
[2025-12-24T19:32:32.091+0000] {processor.py:830} INFO - Processing file /home/airflow/.local/lib/python3.8/site-packages/airflow/example_dags/plugins/workday.py for tasks to queue
[2025-12-24T19:32:32.092+0000] {logging_mixin.py:188} INFO - [2025-12-24T19:32:32.092+0000] {dagbag.py:538} INFO - Filling up the DagBag from /home/airflow/.local/lib/python3.8/site-packages/airflow/example_dags/plugins/workday.py
[2025-12-24T19:32:32.489+0000] {processor.py:842} WARNING - No viable dags retrieved from /home/airflow/.local/lib/python3.8/site-packages/airflow/example_dags/plugins/workday.py
[2025-12-24T19:32:32.501+0000] {processor.py:183} INFO - Processing /home/airflow/.local/lib/python3.8/site-packages/airflow/example_dags/plugins/workday.py took 0.415 seconds
[2025-12-24T19:33:02.645+0000] {processor.py:161} INFO - Started process (PID=26963) to work on /home/airflow/.local/lib/python3.8/site-packages/airflow/example_dags/plugins/workday.py
[2025-12-24T19:33:02.646+0000] {processor.py:830} INFO - Processing file /home/airflow/.local/lib/python3.8/site-packages/airflow/example_dags/plugins/workday.py for tasks to queue
[2025-12-24T19:33:02.647+0000] {logging_mixin.py:188} INFO - [2025-12-24T19:33:02.647+0000] {dagbag.py:538} INFO - Filling up the DagBag from /home/airflow/.local/lib/python3.8/site-packages/airflow/example_dags/plugins/workday.py
[2025-12-24T19:33:03.077+0000] {processor.py:842} WARNING - No viable dags retrieved from /home/airflow/.local/lib/python3.8/site-packages/airflow/example_dags/plugins/workday.py
[2025-12-24T19:33:03.089+0000] {processor.py:183} INFO - Processing /home/airflow/.local/lib/python3.8/site-packages/airflow/example_dags/plugins/workday.py took 0.448 seconds
[2025-12-24T19:33:33.189+0000] {processor.py:161} INFO - Started process (PID=27020) to work on /home/airflow/.local/lib/python3.8/site-packages/airflow/example_dags/plugins/workday.py
[2025-12-24T19:33:33.191+0000] {processor.py:830} INFO - Processing file /home/airflow/.local/lib/python3.8/site-packages/airflow/example_dags/plugins/workday.py for tasks to queue
[2025-12-24T19:33:33.192+0000] {logging_mixin.py:188} INFO - [2025-12-24T19:33:33.192+0000] {dagbag.py:538} INFO - Filling up the DagBag from /home/airflow/.local/lib/python3.8/site-packages/airflow/example_dags/plugins/workday.py
[2025-12-24T19:33:33.767+0000] {processor.py:842} WARNING - No viable dags retrieved from /home/airflow/.local/lib/python3.8/site-packages/airflow/example_dags/plugins/workday.py
[2025-12-24T19:33:33.781+0000] {processor.py:183} INFO - Processing /home/airflow/.local/lib/python3.8/site-packages/airflow/example_dags/plugins/workday.py took 0.596 seconds
[2025-12-24T19:34:03.906+0000] {processor.py:161} INFO - Started process (PID=27078) to work on /home/airflow/.local/lib/python3.8/site-packages/airflow/example_dags/plugins/workday.py
[2025-12-24T19:34:03.907+0000] {processor.py:830} INFO - Processing file /home/airflow/.local/lib/python3.8/site-packages/airflow/example_dags/plugins/workday.py for tasks to queue
[2025-12-24T19:34:03.908+0000] {logging_mixin.py:188} INFO - [2025-12-24T19:34:03.908+0000] {dagbag.py:538} INFO - Filling up the DagBag from /home/airflow/.local/lib/python3.8/site-packages/airflow/example_dags/plugins/workday.py
[2025-12-24T19:34:04.293+0000] {processor.py:842} WARNING - No viable dags retrieved from /home/airflow/.local/lib/python3.8/site-packages/airflow/example_dags/plugins/workday.py
[2025-12-24T19:34:04.306+0000] {processor.py:183} INFO - Processing /home/airflow/.local/lib/python3.8/site-packages/airflow/example_dags/plugins/workday.py took 0.405 seconds
[2025-12-24T19:34:34.500+0000] {processor.py:161} INFO - Started process (PID=27135) to work on /home/airflow/.local/lib/python3.8/site-packages/airflow/example_dags/plugins/workday.py
[2025-12-24T19:34:34.501+0000] {processor.py:830} INFO - Processing file /home/airflow/.local/lib/python3.8/site-packages/airflow/example_dags/plugins/workday.py for tasks to queue
[2025-12-24T19:34:34.503+0000] {logging_mixin.py:188} INFO - [2025-12-24T19:34:34.502+0000] {dagbag.py:538} INFO - Filling up the DagBag from /home/airflow/.local/lib/python3.8/site-packages/airflow/example_dags/plugins/workday.py
[2025-12-24T19:34:34.868+0000] {processor.py:842} WARNING - No viable dags retrieved from /home/airflow/.local/lib/python3.8/site-packages/airflow/example_dags/plugins/workday.py
[2025-12-24T19:34:34.880+0000] {processor.py:183} INFO - Processing /home/airflow/.local/lib/python3.8/site-packages/airflow/example_dags/plugins/workday.py took 0.384 seconds
[2025-12-24T19:35:05.374+0000] {processor.py:161} INFO - Started process (PID=27192) to work on /home/airflow/.local/lib/python3.8/site-packages/airflow/example_dags/plugins/workday.py
[2025-12-24T19:35:05.376+0000] {processor.py:830} INFO - Processing file /home/airflow/.local/lib/python3.8/site-packages/airflow/example_dags/plugins/workday.py for tasks to queue
[2025-12-24T19:35:05.377+0000] {logging_mixin.py:188} INFO - [2025-12-24T19:35:05.376+0000] {dagbag.py:538} INFO - Filling up the DagBag from /home/airflow/.local/lib/python3.8/site-packages/airflow/example_dags/plugins/workday.py
[2025-12-24T19:35:05.756+0000] {processor.py:842} WARNING - No viable dags retrieved from /home/airflow/.local/lib/python3.8/site-packages/airflow/example_dags/plugins/workday.py
[2025-12-24T19:35:05.767+0000] {processor.py:183} INFO - Processing /home/airflow/.local/lib/python3.8/site-packages/airflow/example_dags/plugins/workday.py took 0.397 seconds
[2025-12-24T19:35:35.976+0000] {processor.py:161} INFO - Started process (PID=27249) to work on /home/airflow/.local/lib/python3.8/site-packages/airflow/example_dags/plugins/workday.py
[2025-12-24T19:35:35.977+0000] {processor.py:830} INFO - Processing file /home/airflow/.local/lib/python3.8/site-packages/airflow/example_dags/plugins/workday.py for tasks to queue
[2025-12-24T19:35:35.978+0000] {logging_mixin.py:188} INFO - [2025-12-24T19:35:35.978+0000] {dagbag.py:538} INFO - Filling up the DagBag from /home/airflow/.local/lib/python3.8/site-packages/airflow/example_dags/plugins/workday.py
[2025-12-24T19:35:36.344+0000] {processor.py:842} WARNING - No viable dags retrieved from /home/airflow/.local/lib/python3.8/site-packages/airflow/example_dags/plugins/workday.py
[2025-12-24T19:35:36.357+0000] {processor.py:183} INFO - Processing /home/airflow/.local/lib/python3.8/site-packages/airflow/example_dags/plugins/workday.py took 0.385 seconds
[2025-12-24T19:36:06.594+0000] {processor.py:161} INFO - Started process (PID=27306) to work on /home/airflow/.local/lib/python3.8/site-packages/airflow/example_dags/plugins/workday.py
[2025-12-24T19:36:06.595+0000] {processor.py:830} INFO - Processing file /home/airflow/.local/lib/python3.8/site-packages/airflow/example_dags/plugins/workday.py for tasks to queue
[2025-12-24T19:36:06.596+0000] {logging_mixin.py:188} INFO - [2025-12-24T19:36:06.596+0000] {dagbag.py:538} INFO - Filling up the DagBag from /home/airflow/.local/lib/python3.8/site-packages/airflow/example_dags/plugins/workday.py
[2025-12-24T19:36:06.956+0000] {processor.py:842} WARNING - No viable dags retrieved from /home/airflow/.local/lib/python3.8/site-packages/airflow/example_dags/plugins/workday.py
[2025-12-24T19:36:06.971+0000] {processor.py:183} INFO - Processing /home/airflow/.local/lib/python3.8/site-packages/airflow/example_dags/plugins/workday.py took 0.381 seconds
[2025-12-24T19:36:37.247+0000] {processor.py:161} INFO - Started process (PID=27363) to work on /home/airflow/.local/lib/python3.8/site-packages/airflow/example_dags/plugins/workday.py
[2025-12-24T19:36:37.248+0000] {processor.py:830} INFO - Processing file /home/airflow/.local/lib/python3.8/site-packages/airflow/example_dags/plugins/workday.py for tasks to queue
[2025-12-24T19:36:37.249+0000] {logging_mixin.py:188} INFO - [2025-12-24T19:36:37.249+0000] {dagbag.py:538} INFO - Filling up the DagBag from /home/airflow/.local/lib/python3.8/site-packages/airflow/example_dags/plugins/workday.py
[2025-12-24T19:36:37.602+0000] {processor.py:842} WARNING - No viable dags retrieved from /home/airflow/.local/lib/python3.8/site-packages/airflow/example_dags/plugins/workday.py
[2025-12-24T19:36:37.615+0000] {processor.py:183} INFO - Processing /home/airflow/.local/lib/python3.8/site-packages/airflow/example_dags/plugins/workday.py took 0.371 seconds
[2025-12-24T19:37:07.885+0000] {processor.py:161} INFO - Started process (PID=27420) to work on /home/airflow/.local/lib/python3.8/site-packages/airflow/example_dags/plugins/workday.py
[2025-12-24T19:37:07.887+0000] {processor.py:830} INFO - Processing file /home/airflow/.local/lib/python3.8/site-packages/airflow/example_dags/plugins/workday.py for tasks to queue
[2025-12-24T19:37:07.888+0000] {logging_mixin.py:188} INFO - [2025-12-24T19:37:07.888+0000] {dagbag.py:538} INFO - Filling up the DagBag from /home/airflow/.local/lib/python3.8/site-packages/airflow/example_dags/plugins/workday.py
[2025-12-24T19:37:08.258+0000] {processor.py:842} WARNING - No viable dags retrieved from /home/airflow/.local/lib/python3.8/site-packages/airflow/example_dags/plugins/workday.py
[2025-12-24T19:37:08.272+0000] {processor.py:183} INFO - Processing /home/airflow/.local/lib/python3.8/site-packages/airflow/example_dags/plugins/workday.py took 0.390 seconds
[2025-12-24T19:37:38.396+0000] {processor.py:161} INFO - Started process (PID=27477) to work on /home/airflow/.local/lib/python3.8/site-packages/airflow/example_dags/plugins/workday.py
[2025-12-24T19:37:38.397+0000] {processor.py:830} INFO - Processing file /home/airflow/.local/lib/python3.8/site-packages/airflow/example_dags/plugins/workday.py for tasks to queue
[2025-12-24T19:37:38.399+0000] {logging_mixin.py:188} INFO - [2025-12-24T19:37:38.398+0000] {dagbag.py:538} INFO - Filling up the DagBag from /home/airflow/.local/lib/python3.8/site-packages/airflow/example_dags/plugins/workday.py
[2025-12-24T19:37:38.814+0000] {processor.py:842} WARNING - No viable dags retrieved from /home/airflow/.local/lib/python3.8/site-packages/airflow/example_dags/plugins/workday.py
[2025-12-24T19:37:38.836+0000] {processor.py:183} INFO - Processing /home/airflow/.local/lib/python3.8/site-packages/airflow/example_dags/plugins/workday.py took 0.445 seconds
[2025-12-24T19:38:09.296+0000] {processor.py:161} INFO - Started process (PID=27534) to work on /home/airflow/.local/lib/python3.8/site-packages/airflow/example_dags/plugins/workday.py
[2025-12-24T19:38:09.297+0000] {processor.py:830} INFO - Processing file /home/airflow/.local/lib/python3.8/site-packages/airflow/example_dags/plugins/workday.py for tasks to queue
[2025-12-24T19:38:09.298+0000] {logging_mixin.py:188} INFO - [2025-12-24T19:38:09.298+0000] {dagbag.py:538} INFO - Filling up the DagBag from /home/airflow/.local/lib/python3.8/site-packages/airflow/example_dags/plugins/workday.py
[2025-12-24T19:38:09.678+0000] {processor.py:842} WARNING - No viable dags retrieved from /home/airflow/.local/lib/python3.8/site-packages/airflow/example_dags/plugins/workday.py
[2025-12-24T19:38:09.695+0000] {processor.py:183} INFO - Processing /home/airflow/.local/lib/python3.8/site-packages/airflow/example_dags/plugins/workday.py took 0.403 seconds
[2025-12-24T19:38:40.053+0000] {processor.py:161} INFO - Started process (PID=27592) to work on /home/airflow/.local/lib/python3.8/site-packages/airflow/example_dags/plugins/workday.py
[2025-12-24T19:38:40.054+0000] {processor.py:830} INFO - Processing file /home/airflow/.local/lib/python3.8/site-packages/airflow/example_dags/plugins/workday.py for tasks to queue
[2025-12-24T19:38:40.055+0000] {logging_mixin.py:188} INFO - [2025-12-24T19:38:40.055+0000] {dagbag.py:538} INFO - Filling up the DagBag from /home/airflow/.local/lib/python3.8/site-packages/airflow/example_dags/plugins/workday.py
[2025-12-24T19:38:40.417+0000] {processor.py:842} WARNING - No viable dags retrieved from /home/airflow/.local/lib/python3.8/site-packages/airflow/example_dags/plugins/workday.py
[2025-12-24T19:38:40.430+0000] {processor.py:183} INFO - Processing /home/airflow/.local/lib/python3.8/site-packages/airflow/example_dags/plugins/workday.py took 0.382 seconds
[2025-12-24T19:39:10.827+0000] {processor.py:161} INFO - Started process (PID=27651) to work on /home/airflow/.local/lib/python3.8/site-packages/airflow/example_dags/plugins/workday.py
[2025-12-24T19:39:10.828+0000] {processor.py:830} INFO - Processing file /home/airflow/.local/lib/python3.8/site-packages/airflow/example_dags/plugins/workday.py for tasks to queue
[2025-12-24T19:39:10.829+0000] {logging_mixin.py:188} INFO - [2025-12-24T19:39:10.829+0000] {dagbag.py:538} INFO - Filling up the DagBag from /home/airflow/.local/lib/python3.8/site-packages/airflow/example_dags/plugins/workday.py
[2025-12-24T19:39:11.198+0000] {processor.py:842} WARNING - No viable dags retrieved from /home/airflow/.local/lib/python3.8/site-packages/airflow/example_dags/plugins/workday.py
[2025-12-24T19:39:11.211+0000] {processor.py:183} INFO - Processing /home/airflow/.local/lib/python3.8/site-packages/airflow/example_dags/plugins/workday.py took 0.388 seconds
[2025-12-24T19:39:42.728+0000] {processor.py:161} INFO - Started process (PID=27715) to work on /home/airflow/.local/lib/python3.8/site-packages/airflow/example_dags/plugins/workday.py
[2025-12-24T19:39:42.729+0000] {processor.py:830} INFO - Processing file /home/airflow/.local/lib/python3.8/site-packages/airflow/example_dags/plugins/workday.py for tasks to queue
[2025-12-24T19:39:42.731+0000] {logging_mixin.py:188} INFO - [2025-12-24T19:39:42.730+0000] {dagbag.py:538} INFO - Filling up the DagBag from /home/airflow/.local/lib/python3.8/site-packages/airflow/example_dags/plugins/workday.py
[2025-12-24T19:39:43.157+0000] {processor.py:842} WARNING - No viable dags retrieved from /home/airflow/.local/lib/python3.8/site-packages/airflow/example_dags/plugins/workday.py
[2025-12-24T19:39:43.168+0000] {processor.py:183} INFO - Processing /home/airflow/.local/lib/python3.8/site-packages/airflow/example_dags/plugins/workday.py took 0.445 seconds
[2025-12-24T19:40:14.244+0000] {processor.py:161} INFO - Started process (PID=27778) to work on /home/airflow/.local/lib/python3.8/site-packages/airflow/example_dags/plugins/workday.py
[2025-12-24T19:40:14.246+0000] {processor.py:830} INFO - Processing file /home/airflow/.local/lib/python3.8/site-packages/airflow/example_dags/plugins/workday.py for tasks to queue
[2025-12-24T19:40:14.247+0000] {logging_mixin.py:188} INFO - [2025-12-24T19:40:14.246+0000] {dagbag.py:538} INFO - Filling up the DagBag from /home/airflow/.local/lib/python3.8/site-packages/airflow/example_dags/plugins/workday.py
[2025-12-24T19:40:14.688+0000] {processor.py:842} WARNING - No viable dags retrieved from /home/airflow/.local/lib/python3.8/site-packages/airflow/example_dags/plugins/workday.py
[2025-12-24T19:40:14.701+0000] {processor.py:183} INFO - Processing /home/airflow/.local/lib/python3.8/site-packages/airflow/example_dags/plugins/workday.py took 0.460 seconds
[2025-12-24T19:40:45.475+0000] {processor.py:161} INFO - Started process (PID=27835) to work on /home/airflow/.local/lib/python3.8/site-packages/airflow/example_dags/plugins/workday.py
[2025-12-24T19:40:45.476+0000] {processor.py:830} INFO - Processing file /home/airflow/.local/lib/python3.8/site-packages/airflow/example_dags/plugins/workday.py for tasks to queue
[2025-12-24T19:40:45.477+0000] {logging_mixin.py:188} INFO - [2025-12-24T19:40:45.477+0000] {dagbag.py:538} INFO - Filling up the DagBag from /home/airflow/.local/lib/python3.8/site-packages/airflow/example_dags/plugins/workday.py
[2025-12-24T19:40:45.879+0000] {processor.py:842} WARNING - No viable dags retrieved from /home/airflow/.local/lib/python3.8/site-packages/airflow/example_dags/plugins/workday.py
[2025-12-24T19:40:45.892+0000] {processor.py:183} INFO - Processing /home/airflow/.local/lib/python3.8/site-packages/airflow/example_dags/plugins/workday.py took 0.423 seconds
[2025-12-24T19:41:15.966+0000] {processor.py:161} INFO - Started process (PID=27892) to work on /home/airflow/.local/lib/python3.8/site-packages/airflow/example_dags/plugins/workday.py
[2025-12-24T19:41:15.967+0000] {processor.py:830} INFO - Processing file /home/airflow/.local/lib/python3.8/site-packages/airflow/example_dags/plugins/workday.py for tasks to queue
[2025-12-24T19:41:15.968+0000] {logging_mixin.py:188} INFO - [2025-12-24T19:41:15.967+0000] {dagbag.py:538} INFO - Filling up the DagBag from /home/airflow/.local/lib/python3.8/site-packages/airflow/example_dags/plugins/workday.py
[2025-12-24T19:41:16.374+0000] {processor.py:842} WARNING - No viable dags retrieved from /home/airflow/.local/lib/python3.8/site-packages/airflow/example_dags/plugins/workday.py
[2025-12-24T19:41:16.385+0000] {processor.py:183} INFO - Processing /home/airflow/.local/lib/python3.8/site-packages/airflow/example_dags/plugins/workday.py took 0.423 seconds
[2025-12-24T19:41:46.630+0000] {processor.py:161} INFO - Started process (PID=27953) to work on /home/airflow/.local/lib/python3.8/site-packages/airflow/example_dags/plugins/workday.py
[2025-12-24T19:41:46.646+0000] {processor.py:830} INFO - Processing file /home/airflow/.local/lib/python3.8/site-packages/airflow/example_dags/plugins/workday.py for tasks to queue
[2025-12-24T19:41:46.650+0000] {logging_mixin.py:188} INFO - [2025-12-24T19:41:46.649+0000] {dagbag.py:538} INFO - Filling up the DagBag from /home/airflow/.local/lib/python3.8/site-packages/airflow/example_dags/plugins/workday.py
[2025-12-24T19:41:47.496+0000] {processor.py:842} WARNING - No viable dags retrieved from /home/airflow/.local/lib/python3.8/site-packages/airflow/example_dags/plugins/workday.py
[2025-12-24T19:41:47.522+0000] {processor.py:183} INFO - Processing /home/airflow/.local/lib/python3.8/site-packages/airflow/example_dags/plugins/workday.py took 0.898 seconds
[2025-12-24T19:42:18.218+0000] {processor.py:161} INFO - Started process (PID=28010) to work on /home/airflow/.local/lib/python3.8/site-packages/airflow/example_dags/plugins/workday.py
[2025-12-24T19:42:18.219+0000] {processor.py:830} INFO - Processing file /home/airflow/.local/lib/python3.8/site-packages/airflow/example_dags/plugins/workday.py for tasks to queue
[2025-12-24T19:42:18.220+0000] {logging_mixin.py:188} INFO - [2025-12-24T19:42:18.219+0000] {dagbag.py:538} INFO - Filling up the DagBag from /home/airflow/.local/lib/python3.8/site-packages/airflow/example_dags/plugins/workday.py
[2025-12-24T19:42:18.611+0000] {processor.py:842} WARNING - No viable dags retrieved from /home/airflow/.local/lib/python3.8/site-packages/airflow/example_dags/plugins/workday.py
[2025-12-24T19:42:18.623+0000] {processor.py:183} INFO - Processing /home/airflow/.local/lib/python3.8/site-packages/airflow/example_dags/plugins/workday.py took 0.409 seconds
[2025-12-24T19:42:48.730+0000] {processor.py:161} INFO - Started process (PID=28067) to work on /home/airflow/.local/lib/python3.8/site-packages/airflow/example_dags/plugins/workday.py
[2025-12-24T19:42:48.731+0000] {processor.py:830} INFO - Processing file /home/airflow/.local/lib/python3.8/site-packages/airflow/example_dags/plugins/workday.py for tasks to queue
[2025-12-24T19:42:48.732+0000] {logging_mixin.py:188} INFO - [2025-12-24T19:42:48.731+0000] {dagbag.py:538} INFO - Filling up the DagBag from /home/airflow/.local/lib/python3.8/site-packages/airflow/example_dags/plugins/workday.py
[2025-12-24T19:42:49.119+0000] {processor.py:842} WARNING - No viable dags retrieved from /home/airflow/.local/lib/python3.8/site-packages/airflow/example_dags/plugins/workday.py
[2025-12-24T19:42:49.133+0000] {processor.py:183} INFO - Processing /home/airflow/.local/lib/python3.8/site-packages/airflow/example_dags/plugins/workday.py took 0.407 seconds
[2025-12-24T19:43:20.107+0000] {processor.py:161} INFO - Started process (PID=28124) to work on /home/airflow/.local/lib/python3.8/site-packages/airflow/example_dags/plugins/workday.py
[2025-12-24T19:43:20.108+0000] {processor.py:830} INFO - Processing file /home/airflow/.local/lib/python3.8/site-packages/airflow/example_dags/plugins/workday.py for tasks to queue
[2025-12-24T19:43:20.109+0000] {logging_mixin.py:188} INFO - [2025-12-24T19:43:20.109+0000] {dagbag.py:538} INFO - Filling up the DagBag from /home/airflow/.local/lib/python3.8/site-packages/airflow/example_dags/plugins/workday.py
[2025-12-24T19:43:20.481+0000] {processor.py:842} WARNING - No viable dags retrieved from /home/airflow/.local/lib/python3.8/site-packages/airflow/example_dags/plugins/workday.py
[2025-12-24T19:43:20.493+0000] {processor.py:183} INFO - Processing /home/airflow/.local/lib/python3.8/site-packages/airflow/example_dags/plugins/workday.py took 0.389 seconds
[2025-12-24T19:43:51.481+0000] {processor.py:161} INFO - Started process (PID=28181) to work on /home/airflow/.local/lib/python3.8/site-packages/airflow/example_dags/plugins/workday.py
[2025-12-24T19:43:51.482+0000] {processor.py:830} INFO - Processing file /home/airflow/.local/lib/python3.8/site-packages/airflow/example_dags/plugins/workday.py for tasks to queue
[2025-12-24T19:43:51.482+0000] {logging_mixin.py:188} INFO - [2025-12-24T19:43:51.482+0000] {dagbag.py:538} INFO - Filling up the DagBag from /home/airflow/.local/lib/python3.8/site-packages/airflow/example_dags/plugins/workday.py
[2025-12-24T19:43:51.843+0000] {processor.py:842} WARNING - No viable dags retrieved from /home/airflow/.local/lib/python3.8/site-packages/airflow/example_dags/plugins/workday.py
[2025-12-24T19:43:51.855+0000] {processor.py:183} INFO - Processing /home/airflow/.local/lib/python3.8/site-packages/airflow/example_dags/plugins/workday.py took 0.378 seconds
[2025-12-24T19:44:21.904+0000] {processor.py:161} INFO - Started process (PID=28238) to work on /home/airflow/.local/lib/python3.8/site-packages/airflow/example_dags/plugins/workday.py
[2025-12-24T19:44:21.905+0000] {processor.py:830} INFO - Processing file /home/airflow/.local/lib/python3.8/site-packages/airflow/example_dags/plugins/workday.py for tasks to queue
[2025-12-24T19:44:21.906+0000] {logging_mixin.py:188} INFO - [2025-12-24T19:44:21.906+0000] {dagbag.py:538} INFO - Filling up the DagBag from /home/airflow/.local/lib/python3.8/site-packages/airflow/example_dags/plugins/workday.py
[2025-12-24T19:44:22.294+0000] {processor.py:842} WARNING - No viable dags retrieved from /home/airflow/.local/lib/python3.8/site-packages/airflow/example_dags/plugins/workday.py
[2025-12-24T19:44:22.307+0000] {processor.py:183} INFO - Processing /home/airflow/.local/lib/python3.8/site-packages/airflow/example_dags/plugins/workday.py took 0.407 seconds
[2025-12-24T19:44:52.510+0000] {processor.py:161} INFO - Started process (PID=28301) to work on /home/airflow/.local/lib/python3.8/site-packages/airflow/example_dags/plugins/workday.py
[2025-12-24T19:44:52.511+0000] {processor.py:830} INFO - Processing file /home/airflow/.local/lib/python3.8/site-packages/airflow/example_dags/plugins/workday.py for tasks to queue
[2025-12-24T19:44:52.513+0000] {logging_mixin.py:188} INFO - [2025-12-24T19:44:52.512+0000] {dagbag.py:538} INFO - Filling up the DagBag from /home/airflow/.local/lib/python3.8/site-packages/airflow/example_dags/plugins/workday.py
[2025-12-24T19:44:52.862+0000] {processor.py:842} WARNING - No viable dags retrieved from /home/airflow/.local/lib/python3.8/site-packages/airflow/example_dags/plugins/workday.py
[2025-12-24T19:44:52.875+0000] {processor.py:183} INFO - Processing /home/airflow/.local/lib/python3.8/site-packages/airflow/example_dags/plugins/workday.py took 0.368 seconds
[2025-12-24T19:45:23.534+0000] {processor.py:161} INFO - Started process (PID=28358) to work on /home/airflow/.local/lib/python3.8/site-packages/airflow/example_dags/plugins/workday.py
[2025-12-24T19:45:23.535+0000] {processor.py:830} INFO - Processing file /home/airflow/.local/lib/python3.8/site-packages/airflow/example_dags/plugins/workday.py for tasks to queue
[2025-12-24T19:45:23.537+0000] {logging_mixin.py:188} INFO - [2025-12-24T19:45:23.536+0000] {dagbag.py:538} INFO - Filling up the DagBag from /home/airflow/.local/lib/python3.8/site-packages/airflow/example_dags/plugins/workday.py
[2025-12-24T19:45:23.925+0000] {processor.py:842} WARNING - No viable dags retrieved from /home/airflow/.local/lib/python3.8/site-packages/airflow/example_dags/plugins/workday.py
[2025-12-24T19:45:23.937+0000] {processor.py:183} INFO - Processing /home/airflow/.local/lib/python3.8/site-packages/airflow/example_dags/plugins/workday.py took 0.406 seconds
[2025-12-24T19:45:54.781+0000] {processor.py:161} INFO - Started process (PID=28415) to work on /home/airflow/.local/lib/python3.8/site-packages/airflow/example_dags/plugins/workday.py
[2025-12-24T19:45:54.782+0000] {processor.py:830} INFO - Processing file /home/airflow/.local/lib/python3.8/site-packages/airflow/example_dags/plugins/workday.py for tasks to queue
[2025-12-24T19:45:54.783+0000] {logging_mixin.py:188} INFO - [2025-12-24T19:45:54.783+0000] {dagbag.py:538} INFO - Filling up the DagBag from /home/airflow/.local/lib/python3.8/site-packages/airflow/example_dags/plugins/workday.py
[2025-12-24T19:45:55.134+0000] {processor.py:842} WARNING - No viable dags retrieved from /home/airflow/.local/lib/python3.8/site-packages/airflow/example_dags/plugins/workday.py
[2025-12-24T19:45:55.147+0000] {processor.py:183} INFO - Processing /home/airflow/.local/lib/python3.8/site-packages/airflow/example_dags/plugins/workday.py took 0.369 seconds
[2025-12-24T19:46:25.219+0000] {processor.py:161} INFO - Started process (PID=28472) to work on /home/airflow/.local/lib/python3.8/site-packages/airflow/example_dags/plugins/workday.py
[2025-12-24T19:46:25.220+0000] {processor.py:830} INFO - Processing file /home/airflow/.local/lib/python3.8/site-packages/airflow/example_dags/plugins/workday.py for tasks to queue
[2025-12-24T19:46:25.221+0000] {logging_mixin.py:188} INFO - [2025-12-24T19:46:25.221+0000] {dagbag.py:538} INFO - Filling up the DagBag from /home/airflow/.local/lib/python3.8/site-packages/airflow/example_dags/plugins/workday.py
[2025-12-24T19:46:25.621+0000] {processor.py:842} WARNING - No viable dags retrieved from /home/airflow/.local/lib/python3.8/site-packages/airflow/example_dags/plugins/workday.py
[2025-12-24T19:46:25.633+0000] {processor.py:183} INFO - Processing /home/airflow/.local/lib/python3.8/site-packages/airflow/example_dags/plugins/workday.py took 0.418 seconds
[2025-12-24T19:46:55.822+0000] {processor.py:161} INFO - Started process (PID=28529) to work on /home/airflow/.local/lib/python3.8/site-packages/airflow/example_dags/plugins/workday.py
[2025-12-24T19:46:55.824+0000] {processor.py:830} INFO - Processing file /home/airflow/.local/lib/python3.8/site-packages/airflow/example_dags/plugins/workday.py for tasks to queue
[2025-12-24T19:46:55.825+0000] {logging_mixin.py:188} INFO - [2025-12-24T19:46:55.824+0000] {dagbag.py:538} INFO - Filling up the DagBag from /home/airflow/.local/lib/python3.8/site-packages/airflow/example_dags/plugins/workday.py
[2025-12-24T19:46:56.259+0000] {processor.py:842} WARNING - No viable dags retrieved from /home/airflow/.local/lib/python3.8/site-packages/airflow/example_dags/plugins/workday.py
[2025-12-24T19:46:56.273+0000] {processor.py:183} INFO - Processing /home/airflow/.local/lib/python3.8/site-packages/airflow/example_dags/plugins/workday.py took 0.454 seconds
[2025-12-24T19:47:26.398+0000] {processor.py:161} INFO - Started process (PID=28587) to work on /home/airflow/.local/lib/python3.8/site-packages/airflow/example_dags/plugins/workday.py
[2025-12-24T19:47:26.399+0000] {processor.py:830} INFO - Processing file /home/airflow/.local/lib/python3.8/site-packages/airflow/example_dags/plugins/workday.py for tasks to queue
[2025-12-24T19:47:26.400+0000] {logging_mixin.py:188} INFO - [2025-12-24T19:47:26.399+0000] {dagbag.py:538} INFO - Filling up the DagBag from /home/airflow/.local/lib/python3.8/site-packages/airflow/example_dags/plugins/workday.py
[2025-12-24T19:47:26.747+0000] {processor.py:842} WARNING - No viable dags retrieved from /home/airflow/.local/lib/python3.8/site-packages/airflow/example_dags/plugins/workday.py
[2025-12-24T19:47:26.761+0000] {processor.py:183} INFO - Processing /home/airflow/.local/lib/python3.8/site-packages/airflow/example_dags/plugins/workday.py took 0.367 seconds
[2025-12-24T19:47:57.013+0000] {processor.py:161} INFO - Started process (PID=28644) to work on /home/airflow/.local/lib/python3.8/site-packages/airflow/example_dags/plugins/workday.py
[2025-12-24T19:47:57.015+0000] {processor.py:830} INFO - Processing file /home/airflow/.local/lib/python3.8/site-packages/airflow/example_dags/plugins/workday.py for tasks to queue
[2025-12-24T19:47:57.016+0000] {logging_mixin.py:188} INFO - [2025-12-24T19:47:57.016+0000] {dagbag.py:538} INFO - Filling up the DagBag from /home/airflow/.local/lib/python3.8/site-packages/airflow/example_dags/plugins/workday.py
[2025-12-24T19:47:57.387+0000] {processor.py:842} WARNING - No viable dags retrieved from /home/airflow/.local/lib/python3.8/site-packages/airflow/example_dags/plugins/workday.py
[2025-12-24T19:47:57.400+0000] {processor.py:183} INFO - Processing /home/airflow/.local/lib/python3.8/site-packages/airflow/example_dags/plugins/workday.py took 0.391 seconds
[2025-12-24T19:48:27.890+0000] {processor.py:161} INFO - Started process (PID=28701) to work on /home/airflow/.local/lib/python3.8/site-packages/airflow/example_dags/plugins/workday.py
[2025-12-24T19:48:27.892+0000] {processor.py:830} INFO - Processing file /home/airflow/.local/lib/python3.8/site-packages/airflow/example_dags/plugins/workday.py for tasks to queue
[2025-12-24T19:48:27.893+0000] {logging_mixin.py:188} INFO - [2025-12-24T19:48:27.893+0000] {dagbag.py:538} INFO - Filling up the DagBag from /home/airflow/.local/lib/python3.8/site-packages/airflow/example_dags/plugins/workday.py
[2025-12-24T19:48:28.432+0000] {processor.py:842} WARNING - No viable dags retrieved from /home/airflow/.local/lib/python3.8/site-packages/airflow/example_dags/plugins/workday.py
[2025-12-24T19:48:28.448+0000] {processor.py:183} INFO - Processing /home/airflow/.local/lib/python3.8/site-packages/airflow/example_dags/plugins/workday.py took 0.563 seconds
[2025-12-24T19:48:58.723+0000] {processor.py:161} INFO - Started process (PID=28758) to work on /home/airflow/.local/lib/python3.8/site-packages/airflow/example_dags/plugins/workday.py
[2025-12-24T19:48:58.725+0000] {processor.py:830} INFO - Processing file /home/airflow/.local/lib/python3.8/site-packages/airflow/example_dags/plugins/workday.py for tasks to queue
[2025-12-24T19:48:58.726+0000] {logging_mixin.py:188} INFO - [2025-12-24T19:48:58.725+0000] {dagbag.py:538} INFO - Filling up the DagBag from /home/airflow/.local/lib/python3.8/site-packages/airflow/example_dags/plugins/workday.py
[2025-12-24T19:48:59.106+0000] {processor.py:842} WARNING - No viable dags retrieved from /home/airflow/.local/lib/python3.8/site-packages/airflow/example_dags/plugins/workday.py
[2025-12-24T19:48:59.119+0000] {processor.py:183} INFO - Processing /home/airflow/.local/lib/python3.8/site-packages/airflow/example_dags/plugins/workday.py took 0.400 seconds
[2025-12-24T19:49:29.649+0000] {processor.py:161} INFO - Started process (PID=28815) to work on /home/airflow/.local/lib/python3.8/site-packages/airflow/example_dags/plugins/workday.py
[2025-12-24T19:49:29.650+0000] {processor.py:830} INFO - Processing file /home/airflow/.local/lib/python3.8/site-packages/airflow/example_dags/plugins/workday.py for tasks to queue
[2025-12-24T19:49:29.651+0000] {logging_mixin.py:188} INFO - [2025-12-24T19:49:29.651+0000] {dagbag.py:538} INFO - Filling up the DagBag from /home/airflow/.local/lib/python3.8/site-packages/airflow/example_dags/plugins/workday.py
[2025-12-24T19:49:30.118+0000] {processor.py:842} WARNING - No viable dags retrieved from /home/airflow/.local/lib/python3.8/site-packages/airflow/example_dags/plugins/workday.py
[2025-12-24T19:49:30.130+0000] {processor.py:183} INFO - Processing /home/airflow/.local/lib/python3.8/site-packages/airflow/example_dags/plugins/workday.py took 0.484 seconds
[2025-12-24T19:50:00.684+0000] {processor.py:161} INFO - Started process (PID=28876) to work on /home/airflow/.local/lib/python3.8/site-packages/airflow/example_dags/plugins/workday.py
[2025-12-24T19:50:00.686+0000] {processor.py:830} INFO - Processing file /home/airflow/.local/lib/python3.8/site-packages/airflow/example_dags/plugins/workday.py for tasks to queue
[2025-12-24T19:50:00.687+0000] {logging_mixin.py:188} INFO - [2025-12-24T19:50:00.687+0000] {dagbag.py:538} INFO - Filling up the DagBag from /home/airflow/.local/lib/python3.8/site-packages/airflow/example_dags/plugins/workday.py
[2025-12-24T19:50:01.089+0000] {processor.py:842} WARNING - No viable dags retrieved from /home/airflow/.local/lib/python3.8/site-packages/airflow/example_dags/plugins/workday.py
[2025-12-24T19:50:01.101+0000] {processor.py:183} INFO - Processing /home/airflow/.local/lib/python3.8/site-packages/airflow/example_dags/plugins/workday.py took 0.421 seconds
[2025-12-24T19:50:31.471+0000] {processor.py:161} INFO - Started process (PID=28934) to work on /home/airflow/.local/lib/python3.8/site-packages/airflow/example_dags/plugins/workday.py
[2025-12-24T19:50:31.472+0000] {processor.py:830} INFO - Processing file /home/airflow/.local/lib/python3.8/site-packages/airflow/example_dags/plugins/workday.py for tasks to queue
[2025-12-24T19:50:31.473+0000] {logging_mixin.py:188} INFO - [2025-12-24T19:50:31.473+0000] {dagbag.py:538} INFO - Filling up the DagBag from /home/airflow/.local/lib/python3.8/site-packages/airflow/example_dags/plugins/workday.py
[2025-12-24T19:50:31.856+0000] {processor.py:842} WARNING - No viable dags retrieved from /home/airflow/.local/lib/python3.8/site-packages/airflow/example_dags/plugins/workday.py
[2025-12-24T19:50:31.869+0000] {processor.py:183} INFO - Processing /home/airflow/.local/lib/python3.8/site-packages/airflow/example_dags/plugins/workday.py took 0.402 seconds
[2025-12-24T19:51:01.949+0000] {processor.py:161} INFO - Started process (PID=28991) to work on /home/airflow/.local/lib/python3.8/site-packages/airflow/example_dags/plugins/workday.py
[2025-12-24T19:51:01.950+0000] {processor.py:830} INFO - Processing file /home/airflow/.local/lib/python3.8/site-packages/airflow/example_dags/plugins/workday.py for tasks to queue
[2025-12-24T19:51:01.951+0000] {logging_mixin.py:188} INFO - [2025-12-24T19:51:01.951+0000] {dagbag.py:538} INFO - Filling up the DagBag from /home/airflow/.local/lib/python3.8/site-packages/airflow/example_dags/plugins/workday.py
[2025-12-24T19:51:02.327+0000] {processor.py:842} WARNING - No viable dags retrieved from /home/airflow/.local/lib/python3.8/site-packages/airflow/example_dags/plugins/workday.py
[2025-12-24T19:51:02.341+0000] {processor.py:183} INFO - Processing /home/airflow/.local/lib/python3.8/site-packages/airflow/example_dags/plugins/workday.py took 0.396 seconds
[2025-12-24T19:51:32.433+0000] {processor.py:161} INFO - Started process (PID=29048) to work on /home/airflow/.local/lib/python3.8/site-packages/airflow/example_dags/plugins/workday.py
[2025-12-24T19:51:32.435+0000] {processor.py:830} INFO - Processing file /home/airflow/.local/lib/python3.8/site-packages/airflow/example_dags/plugins/workday.py for tasks to queue
[2025-12-24T19:51:32.436+0000] {logging_mixin.py:188} INFO - [2025-12-24T19:51:32.435+0000] {dagbag.py:538} INFO - Filling up the DagBag from /home/airflow/.local/lib/python3.8/site-packages/airflow/example_dags/plugins/workday.py
[2025-12-24T19:51:32.810+0000] {processor.py:842} WARNING - No viable dags retrieved from /home/airflow/.local/lib/python3.8/site-packages/airflow/example_dags/plugins/workday.py
[2025-12-24T19:51:32.822+0000] {processor.py:183} INFO - Processing /home/airflow/.local/lib/python3.8/site-packages/airflow/example_dags/plugins/workday.py took 0.393 seconds
[2025-12-24T19:52:03.014+0000] {processor.py:161} INFO - Started process (PID=29105) to work on /home/airflow/.local/lib/python3.8/site-packages/airflow/example_dags/plugins/workday.py
[2025-12-24T19:52:03.015+0000] {processor.py:830} INFO - Processing file /home/airflow/.local/lib/python3.8/site-packages/airflow/example_dags/plugins/workday.py for tasks to queue
[2025-12-24T19:52:03.016+0000] {logging_mixin.py:188} INFO - [2025-12-24T19:52:03.016+0000] {dagbag.py:538} INFO - Filling up the DagBag from /home/airflow/.local/lib/python3.8/site-packages/airflow/example_dags/plugins/workday.py
[2025-12-24T19:52:03.393+0000] {processor.py:842} WARNING - No viable dags retrieved from /home/airflow/.local/lib/python3.8/site-packages/airflow/example_dags/plugins/workday.py
[2025-12-24T19:52:03.405+0000] {processor.py:183} INFO - Processing /home/airflow/.local/lib/python3.8/site-packages/airflow/example_dags/plugins/workday.py took 0.394 seconds
[2025-12-24T19:52:34.018+0000] {processor.py:161} INFO - Started process (PID=29162) to work on /home/airflow/.local/lib/python3.8/site-packages/airflow/example_dags/plugins/workday.py
[2025-12-24T19:52:34.020+0000] {processor.py:830} INFO - Processing file /home/airflow/.local/lib/python3.8/site-packages/airflow/example_dags/plugins/workday.py for tasks to queue
[2025-12-24T19:52:34.021+0000] {logging_mixin.py:188} INFO - [2025-12-24T19:52:34.020+0000] {dagbag.py:538} INFO - Filling up the DagBag from /home/airflow/.local/lib/python3.8/site-packages/airflow/example_dags/plugins/workday.py
[2025-12-24T19:52:34.411+0000] {processor.py:842} WARNING - No viable dags retrieved from /home/airflow/.local/lib/python3.8/site-packages/airflow/example_dags/plugins/workday.py
[2025-12-24T19:52:34.422+0000] {processor.py:183} INFO - Processing /home/airflow/.local/lib/python3.8/site-packages/airflow/example_dags/plugins/workday.py took 0.408 seconds
[2025-12-24T19:53:04.635+0000] {processor.py:161} INFO - Started process (PID=29219) to work on /home/airflow/.local/lib/python3.8/site-packages/airflow/example_dags/plugins/workday.py
[2025-12-24T19:53:04.636+0000] {processor.py:830} INFO - Processing file /home/airflow/.local/lib/python3.8/site-packages/airflow/example_dags/plugins/workday.py for tasks to queue
[2025-12-24T19:53:04.637+0000] {logging_mixin.py:188} INFO - [2025-12-24T19:53:04.637+0000] {dagbag.py:538} INFO - Filling up the DagBag from /home/airflow/.local/lib/python3.8/site-packages/airflow/example_dags/plugins/workday.py
[2025-12-24T19:53:05.018+0000] {processor.py:842} WARNING - No viable dags retrieved from /home/airflow/.local/lib/python3.8/site-packages/airflow/example_dags/plugins/workday.py
[2025-12-24T19:53:05.030+0000] {processor.py:183} INFO - Processing /home/airflow/.local/lib/python3.8/site-packages/airflow/example_dags/plugins/workday.py took 0.398 seconds
[2025-12-24T19:53:35.282+0000] {processor.py:161} INFO - Started process (PID=29276) to work on /home/airflow/.local/lib/python3.8/site-packages/airflow/example_dags/plugins/workday.py
[2025-12-24T19:53:35.283+0000] {processor.py:830} INFO - Processing file /home/airflow/.local/lib/python3.8/site-packages/airflow/example_dags/plugins/workday.py for tasks to queue
[2025-12-24T19:53:35.284+0000] {logging_mixin.py:188} INFO - [2025-12-24T19:53:35.284+0000] {dagbag.py:538} INFO - Filling up the DagBag from /home/airflow/.local/lib/python3.8/site-packages/airflow/example_dags/plugins/workday.py
[2025-12-24T19:53:35.665+0000] {processor.py:842} WARNING - No viable dags retrieved from /home/airflow/.local/lib/python3.8/site-packages/airflow/example_dags/plugins/workday.py
[2025-12-24T19:53:35.677+0000] {processor.py:183} INFO - Processing /home/airflow/.local/lib/python3.8/site-packages/airflow/example_dags/plugins/workday.py took 0.399 seconds
[2025-12-24T19:54:06.149+0000] {processor.py:161} INFO - Started process (PID=29333) to work on /home/airflow/.local/lib/python3.8/site-packages/airflow/example_dags/plugins/workday.py
[2025-12-24T19:54:06.151+0000] {processor.py:830} INFO - Processing file /home/airflow/.local/lib/python3.8/site-packages/airflow/example_dags/plugins/workday.py for tasks to queue
[2025-12-24T19:54:06.152+0000] {logging_mixin.py:188} INFO - [2025-12-24T19:54:06.152+0000] {dagbag.py:538} INFO - Filling up the DagBag from /home/airflow/.local/lib/python3.8/site-packages/airflow/example_dags/plugins/workday.py
[2025-12-24T19:54:06.527+0000] {processor.py:842} WARNING - No viable dags retrieved from /home/airflow/.local/lib/python3.8/site-packages/airflow/example_dags/plugins/workday.py
[2025-12-24T19:54:06.538+0000] {processor.py:183} INFO - Processing /home/airflow/.local/lib/python3.8/site-packages/airflow/example_dags/plugins/workday.py took 0.392 seconds
[2025-12-24T19:54:36.819+0000] {processor.py:161} INFO - Started process (PID=29391) to work on /home/airflow/.local/lib/python3.8/site-packages/airflow/example_dags/plugins/workday.py
[2025-12-24T19:54:36.820+0000] {processor.py:830} INFO - Processing file /home/airflow/.local/lib/python3.8/site-packages/airflow/example_dags/plugins/workday.py for tasks to queue
[2025-12-24T19:54:36.821+0000] {logging_mixin.py:188} INFO - [2025-12-24T19:54:36.821+0000] {dagbag.py:538} INFO - Filling up the DagBag from /home/airflow/.local/lib/python3.8/site-packages/airflow/example_dags/plugins/workday.py
[2025-12-24T19:54:37.060+0000] {processor.py:842} WARNING - No viable dags retrieved from /home/airflow/.local/lib/python3.8/site-packages/airflow/example_dags/plugins/workday.py
[2025-12-24T19:54:37.074+0000] {processor.py:183} INFO - Processing /home/airflow/.local/lib/python3.8/site-packages/airflow/example_dags/plugins/workday.py took 0.258 seconds
[2025-12-24T19:55:07.168+0000] {processor.py:161} INFO - Started process (PID=29448) to work on /home/airflow/.local/lib/python3.8/site-packages/airflow/example_dags/plugins/workday.py
[2025-12-24T19:55:07.170+0000] {processor.py:830} INFO - Processing file /home/airflow/.local/lib/python3.8/site-packages/airflow/example_dags/plugins/workday.py for tasks to queue
[2025-12-24T19:55:07.171+0000] {logging_mixin.py:188} INFO - [2025-12-24T19:55:07.171+0000] {dagbag.py:538} INFO - Filling up the DagBag from /home/airflow/.local/lib/python3.8/site-packages/airflow/example_dags/plugins/workday.py
[2025-12-24T19:55:07.408+0000] {processor.py:842} WARNING - No viable dags retrieved from /home/airflow/.local/lib/python3.8/site-packages/airflow/example_dags/plugins/workday.py
[2025-12-24T19:55:07.424+0000] {processor.py:183} INFO - Processing /home/airflow/.local/lib/python3.8/site-packages/airflow/example_dags/plugins/workday.py took 0.259 seconds
[2025-12-24T19:55:37.578+0000] {processor.py:161} INFO - Started process (PID=29505) to work on /home/airflow/.local/lib/python3.8/site-packages/airflow/example_dags/plugins/workday.py
[2025-12-24T19:55:37.579+0000] {processor.py:830} INFO - Processing file /home/airflow/.local/lib/python3.8/site-packages/airflow/example_dags/plugins/workday.py for tasks to queue
[2025-12-24T19:55:37.580+0000] {logging_mixin.py:188} INFO - [2025-12-24T19:55:37.580+0000] {dagbag.py:538} INFO - Filling up the DagBag from /home/airflow/.local/lib/python3.8/site-packages/airflow/example_dags/plugins/workday.py
[2025-12-24T19:55:37.851+0000] {processor.py:842} WARNING - No viable dags retrieved from /home/airflow/.local/lib/python3.8/site-packages/airflow/example_dags/plugins/workday.py
[2025-12-24T19:55:37.866+0000] {processor.py:183} INFO - Processing /home/airflow/.local/lib/python3.8/site-packages/airflow/example_dags/plugins/workday.py took 0.293 seconds
[2025-12-24T19:56:08.032+0000] {processor.py:161} INFO - Started process (PID=29562) to work on /home/airflow/.local/lib/python3.8/site-packages/airflow/example_dags/plugins/workday.py
[2025-12-24T19:56:08.033+0000] {processor.py:830} INFO - Processing file /home/airflow/.local/lib/python3.8/site-packages/airflow/example_dags/plugins/workday.py for tasks to queue
[2025-12-24T19:56:08.034+0000] {logging_mixin.py:188} INFO - [2025-12-24T19:56:08.034+0000] {dagbag.py:538} INFO - Filling up the DagBag from /home/airflow/.local/lib/python3.8/site-packages/airflow/example_dags/plugins/workday.py
[2025-12-24T19:56:08.267+0000] {processor.py:842} WARNING - No viable dags retrieved from /home/airflow/.local/lib/python3.8/site-packages/airflow/example_dags/plugins/workday.py
[2025-12-24T19:56:08.282+0000] {processor.py:183} INFO - Processing /home/airflow/.local/lib/python3.8/site-packages/airflow/example_dags/plugins/workday.py took 0.253 seconds
[2025-12-24T19:56:38.557+0000] {processor.py:161} INFO - Started process (PID=29619) to work on /home/airflow/.local/lib/python3.8/site-packages/airflow/example_dags/plugins/workday.py
[2025-12-24T19:56:38.559+0000] {processor.py:830} INFO - Processing file /home/airflow/.local/lib/python3.8/site-packages/airflow/example_dags/plugins/workday.py for tasks to queue
[2025-12-24T19:56:38.560+0000] {logging_mixin.py:188} INFO - [2025-12-24T19:56:38.559+0000] {dagbag.py:538} INFO - Filling up the DagBag from /home/airflow/.local/lib/python3.8/site-packages/airflow/example_dags/plugins/workday.py
[2025-12-24T19:56:38.808+0000] {processor.py:842} WARNING - No viable dags retrieved from /home/airflow/.local/lib/python3.8/site-packages/airflow/example_dags/plugins/workday.py
[2025-12-24T19:56:38.829+0000] {processor.py:183} INFO - Processing /home/airflow/.local/lib/python3.8/site-packages/airflow/example_dags/plugins/workday.py took 0.275 seconds
[2025-12-24T19:57:08.952+0000] {processor.py:161} INFO - Started process (PID=29676) to work on /home/airflow/.local/lib/python3.8/site-packages/airflow/example_dags/plugins/workday.py
[2025-12-24T19:57:08.953+0000] {processor.py:830} INFO - Processing file /home/airflow/.local/lib/python3.8/site-packages/airflow/example_dags/plugins/workday.py for tasks to queue
[2025-12-24T19:57:08.955+0000] {logging_mixin.py:188} INFO - [2025-12-24T19:57:08.954+0000] {dagbag.py:538} INFO - Filling up the DagBag from /home/airflow/.local/lib/python3.8/site-packages/airflow/example_dags/plugins/workday.py
[2025-12-24T19:57:09.190+0000] {processor.py:842} WARNING - No viable dags retrieved from /home/airflow/.local/lib/python3.8/site-packages/airflow/example_dags/plugins/workday.py
[2025-12-24T19:57:09.205+0000] {processor.py:183} INFO - Processing /home/airflow/.local/lib/python3.8/site-packages/airflow/example_dags/plugins/workday.py took 0.258 seconds
[2025-12-24T19:57:39.826+0000] {processor.py:161} INFO - Started process (PID=29732) to work on /home/airflow/.local/lib/python3.8/site-packages/airflow/example_dags/plugins/workday.py
[2025-12-24T19:57:39.828+0000] {processor.py:830} INFO - Processing file /home/airflow/.local/lib/python3.8/site-packages/airflow/example_dags/plugins/workday.py for tasks to queue
[2025-12-24T19:57:39.829+0000] {logging_mixin.py:188} INFO - [2025-12-24T19:57:39.829+0000] {dagbag.py:538} INFO - Filling up the DagBag from /home/airflow/.local/lib/python3.8/site-packages/airflow/example_dags/plugins/workday.py
[2025-12-24T19:57:40.104+0000] {processor.py:842} WARNING - No viable dags retrieved from /home/airflow/.local/lib/python3.8/site-packages/airflow/example_dags/plugins/workday.py
[2025-12-24T19:57:40.123+0000] {processor.py:183} INFO - Processing /home/airflow/.local/lib/python3.8/site-packages/airflow/example_dags/plugins/workday.py took 0.305 seconds
[2025-12-24T19:58:10.240+0000] {processor.py:161} INFO - Started process (PID=29788) to work on /home/airflow/.local/lib/python3.8/site-packages/airflow/example_dags/plugins/workday.py
[2025-12-24T19:58:10.241+0000] {processor.py:830} INFO - Processing file /home/airflow/.local/lib/python3.8/site-packages/airflow/example_dags/plugins/workday.py for tasks to queue
[2025-12-24T19:58:10.242+0000] {logging_mixin.py:188} INFO - [2025-12-24T19:58:10.242+0000] {dagbag.py:538} INFO - Filling up the DagBag from /home/airflow/.local/lib/python3.8/site-packages/airflow/example_dags/plugins/workday.py
[2025-12-24T19:58:10.485+0000] {processor.py:842} WARNING - No viable dags retrieved from /home/airflow/.local/lib/python3.8/site-packages/airflow/example_dags/plugins/workday.py
[2025-12-24T19:58:10.502+0000] {processor.py:183} INFO - Processing /home/airflow/.local/lib/python3.8/site-packages/airflow/example_dags/plugins/workday.py took 0.265 seconds
[2025-12-24T19:58:40.629+0000] {processor.py:161} INFO - Started process (PID=29845) to work on /home/airflow/.local/lib/python3.8/site-packages/airflow/example_dags/plugins/workday.py
[2025-12-24T19:58:40.631+0000] {processor.py:830} INFO - Processing file /home/airflow/.local/lib/python3.8/site-packages/airflow/example_dags/plugins/workday.py for tasks to queue
[2025-12-24T19:58:40.632+0000] {logging_mixin.py:188} INFO - [2025-12-24T19:58:40.631+0000] {dagbag.py:538} INFO - Filling up the DagBag from /home/airflow/.local/lib/python3.8/site-packages/airflow/example_dags/plugins/workday.py
[2025-12-24T19:58:40.872+0000] {processor.py:842} WARNING - No viable dags retrieved from /home/airflow/.local/lib/python3.8/site-packages/airflow/example_dags/plugins/workday.py
[2025-12-24T19:58:40.887+0000] {processor.py:183} INFO - Processing /home/airflow/.local/lib/python3.8/site-packages/airflow/example_dags/plugins/workday.py took 0.261 seconds
[2025-12-24T19:59:11.012+0000] {processor.py:161} INFO - Started process (PID=29902) to work on /home/airflow/.local/lib/python3.8/site-packages/airflow/example_dags/plugins/workday.py
[2025-12-24T19:59:11.014+0000] {processor.py:830} INFO - Processing file /home/airflow/.local/lib/python3.8/site-packages/airflow/example_dags/plugins/workday.py for tasks to queue
[2025-12-24T19:59:11.015+0000] {logging_mixin.py:188} INFO - [2025-12-24T19:59:11.015+0000] {dagbag.py:538} INFO - Filling up the DagBag from /home/airflow/.local/lib/python3.8/site-packages/airflow/example_dags/plugins/workday.py
[2025-12-24T19:59:11.289+0000] {processor.py:842} WARNING - No viable dags retrieved from /home/airflow/.local/lib/python3.8/site-packages/airflow/example_dags/plugins/workday.py
[2025-12-24T19:59:11.309+0000] {processor.py:183} INFO - Processing /home/airflow/.local/lib/python3.8/site-packages/airflow/example_dags/plugins/workday.py took 0.302 seconds
[2025-12-24T19:59:42.525+0000] {processor.py:161} INFO - Started process (PID=29963) to work on /home/airflow/.local/lib/python3.8/site-packages/airflow/example_dags/plugins/workday.py
[2025-12-24T19:59:42.527+0000] {processor.py:830} INFO - Processing file /home/airflow/.local/lib/python3.8/site-packages/airflow/example_dags/plugins/workday.py for tasks to queue
[2025-12-24T19:59:42.528+0000] {logging_mixin.py:188} INFO - [2025-12-24T19:59:42.528+0000] {dagbag.py:538} INFO - Filling up the DagBag from /home/airflow/.local/lib/python3.8/site-packages/airflow/example_dags/plugins/workday.py
[2025-12-24T19:59:42.788+0000] {processor.py:842} WARNING - No viable dags retrieved from /home/airflow/.local/lib/python3.8/site-packages/airflow/example_dags/plugins/workday.py
[2025-12-24T19:59:42.803+0000] {processor.py:183} INFO - Processing /home/airflow/.local/lib/python3.8/site-packages/airflow/example_dags/plugins/workday.py took 0.283 seconds
[2025-12-24T20:00:13.101+0000] {processor.py:161} INFO - Started process (PID=30020) to work on /home/airflow/.local/lib/python3.8/site-packages/airflow/example_dags/plugins/workday.py
[2025-12-24T20:00:13.102+0000] {processor.py:830} INFO - Processing file /home/airflow/.local/lib/python3.8/site-packages/airflow/example_dags/plugins/workday.py for tasks to queue
[2025-12-24T20:00:13.103+0000] {logging_mixin.py:188} INFO - [2025-12-24T20:00:13.103+0000] {dagbag.py:538} INFO - Filling up the DagBag from /home/airflow/.local/lib/python3.8/site-packages/airflow/example_dags/plugins/workday.py
[2025-12-24T20:00:13.338+0000] {processor.py:842} WARNING - No viable dags retrieved from /home/airflow/.local/lib/python3.8/site-packages/airflow/example_dags/plugins/workday.py
[2025-12-24T20:00:13.353+0000] {processor.py:183} INFO - Processing /home/airflow/.local/lib/python3.8/site-packages/airflow/example_dags/plugins/workday.py took 0.255 seconds
[2025-12-24T20:00:43.998+0000] {processor.py:161} INFO - Started process (PID=30076) to work on /home/airflow/.local/lib/python3.8/site-packages/airflow/example_dags/plugins/workday.py
[2025-12-24T20:00:44.000+0000] {processor.py:830} INFO - Processing file /home/airflow/.local/lib/python3.8/site-packages/airflow/example_dags/plugins/workday.py for tasks to queue
[2025-12-24T20:00:44.001+0000] {logging_mixin.py:188} INFO - [2025-12-24T20:00:44.001+0000] {dagbag.py:538} INFO - Filling up the DagBag from /home/airflow/.local/lib/python3.8/site-packages/airflow/example_dags/plugins/workday.py
[2025-12-24T20:00:44.286+0000] {processor.py:842} WARNING - No viable dags retrieved from /home/airflow/.local/lib/python3.8/site-packages/airflow/example_dags/plugins/workday.py
[2025-12-24T20:00:44.300+0000] {processor.py:183} INFO - Processing /home/airflow/.local/lib/python3.8/site-packages/airflow/example_dags/plugins/workday.py took 0.306 seconds
[2025-12-24T20:01:15.683+0000] {processor.py:161} INFO - Started process (PID=30138) to work on /home/airflow/.local/lib/python3.8/site-packages/airflow/example_dags/plugins/workday.py
[2025-12-24T20:01:15.684+0000] {processor.py:830} INFO - Processing file /home/airflow/.local/lib/python3.8/site-packages/airflow/example_dags/plugins/workday.py for tasks to queue
[2025-12-24T20:01:15.685+0000] {logging_mixin.py:188} INFO - [2025-12-24T20:01:15.685+0000] {dagbag.py:538} INFO - Filling up the DagBag from /home/airflow/.local/lib/python3.8/site-packages/airflow/example_dags/plugins/workday.py
[2025-12-24T20:01:15.922+0000] {processor.py:842} WARNING - No viable dags retrieved from /home/airflow/.local/lib/python3.8/site-packages/airflow/example_dags/plugins/workday.py
[2025-12-24T20:01:15.938+0000] {processor.py:183} INFO - Processing /home/airflow/.local/lib/python3.8/site-packages/airflow/example_dags/plugins/workday.py took 0.258 seconds
[2025-12-24T20:01:46.041+0000] {processor.py:161} INFO - Started process (PID=30196) to work on /home/airflow/.local/lib/python3.8/site-packages/airflow/example_dags/plugins/workday.py
[2025-12-24T20:01:46.042+0000] {processor.py:830} INFO - Processing file /home/airflow/.local/lib/python3.8/site-packages/airflow/example_dags/plugins/workday.py for tasks to queue
[2025-12-24T20:01:46.043+0000] {logging_mixin.py:188} INFO - [2025-12-24T20:01:46.043+0000] {dagbag.py:538} INFO - Filling up the DagBag from /home/airflow/.local/lib/python3.8/site-packages/airflow/example_dags/plugins/workday.py
[2025-12-24T20:01:46.281+0000] {processor.py:842} WARNING - No viable dags retrieved from /home/airflow/.local/lib/python3.8/site-packages/airflow/example_dags/plugins/workday.py
[2025-12-24T20:01:46.297+0000] {processor.py:183} INFO - Processing /home/airflow/.local/lib/python3.8/site-packages/airflow/example_dags/plugins/workday.py took 0.260 seconds
[2025-12-24T20:02:18.336+0000] {processor.py:161} INFO - Started process (PID=30252) to work on /home/airflow/.local/lib/python3.8/site-packages/airflow/example_dags/plugins/workday.py
[2025-12-24T20:02:18.337+0000] {processor.py:830} INFO - Processing file /home/airflow/.local/lib/python3.8/site-packages/airflow/example_dags/plugins/workday.py for tasks to queue
[2025-12-24T20:02:18.339+0000] {logging_mixin.py:188} INFO - [2025-12-24T20:02:18.338+0000] {dagbag.py:538} INFO - Filling up the DagBag from /home/airflow/.local/lib/python3.8/site-packages/airflow/example_dags/plugins/workday.py
[2025-12-24T20:02:18.716+0000] {processor.py:842} WARNING - No viable dags retrieved from /home/airflow/.local/lib/python3.8/site-packages/airflow/example_dags/plugins/workday.py
[2025-12-24T20:02:18.743+0000] {processor.py:183} INFO - Processing /home/airflow/.local/lib/python3.8/site-packages/airflow/example_dags/plugins/workday.py took 0.411 seconds
[2025-12-24T20:02:50.019+0000] {processor.py:161} INFO - Started process (PID=30320) to work on /home/airflow/.local/lib/python3.8/site-packages/airflow/example_dags/plugins/workday.py
[2025-12-24T20:02:50.020+0000] {processor.py:830} INFO - Processing file /home/airflow/.local/lib/python3.8/site-packages/airflow/example_dags/plugins/workday.py for tasks to queue
[2025-12-24T20:02:50.021+0000] {logging_mixin.py:188} INFO - [2025-12-24T20:02:50.021+0000] {dagbag.py:538} INFO - Filling up the DagBag from /home/airflow/.local/lib/python3.8/site-packages/airflow/example_dags/plugins/workday.py
[2025-12-24T20:02:50.483+0000] {processor.py:842} WARNING - No viable dags retrieved from /home/airflow/.local/lib/python3.8/site-packages/airflow/example_dags/plugins/workday.py
[2025-12-24T20:02:50.580+0000] {processor.py:183} INFO - Processing /home/airflow/.local/lib/python3.8/site-packages/airflow/example_dags/plugins/workday.py took 0.565 seconds
[2025-12-24T20:03:20.951+0000] {processor.py:161} INFO - Started process (PID=30385) to work on /home/airflow/.local/lib/python3.8/site-packages/airflow/example_dags/plugins/workday.py
[2025-12-24T20:03:20.952+0000] {processor.py:830} INFO - Processing file /home/airflow/.local/lib/python3.8/site-packages/airflow/example_dags/plugins/workday.py for tasks to queue
[2025-12-24T20:03:20.953+0000] {logging_mixin.py:188} INFO - [2025-12-24T20:03:20.953+0000] {dagbag.py:538} INFO - Filling up the DagBag from /home/airflow/.local/lib/python3.8/site-packages/airflow/example_dags/plugins/workday.py
[2025-12-24T20:03:21.212+0000] {processor.py:842} WARNING - No viable dags retrieved from /home/airflow/.local/lib/python3.8/site-packages/airflow/example_dags/plugins/workday.py
[2025-12-24T20:03:21.229+0000] {processor.py:183} INFO - Processing /home/airflow/.local/lib/python3.8/site-packages/airflow/example_dags/plugins/workday.py took 0.282 seconds
[2025-12-24T20:03:52.029+0000] {processor.py:161} INFO - Started process (PID=30442) to work on /home/airflow/.local/lib/python3.8/site-packages/airflow/example_dags/plugins/workday.py
[2025-12-24T20:03:52.030+0000] {processor.py:830} INFO - Processing file /home/airflow/.local/lib/python3.8/site-packages/airflow/example_dags/plugins/workday.py for tasks to queue
[2025-12-24T20:03:52.032+0000] {logging_mixin.py:188} INFO - [2025-12-24T20:03:52.031+0000] {dagbag.py:538} INFO - Filling up the DagBag from /home/airflow/.local/lib/python3.8/site-packages/airflow/example_dags/plugins/workday.py
[2025-12-24T20:03:52.365+0000] {processor.py:842} WARNING - No viable dags retrieved from /home/airflow/.local/lib/python3.8/site-packages/airflow/example_dags/plugins/workday.py
[2025-12-24T20:03:52.380+0000] {processor.py:183} INFO - Processing /home/airflow/.local/lib/python3.8/site-packages/airflow/example_dags/plugins/workday.py took 0.357 seconds
[2025-12-24T20:04:22.467+0000] {processor.py:161} INFO - Started process (PID=30503) to work on /home/airflow/.local/lib/python3.8/site-packages/airflow/example_dags/plugins/workday.py
[2025-12-24T20:04:22.469+0000] {processor.py:830} INFO - Processing file /home/airflow/.local/lib/python3.8/site-packages/airflow/example_dags/plugins/workday.py for tasks to queue
[2025-12-24T20:04:22.471+0000] {logging_mixin.py:188} INFO - [2025-12-24T20:04:22.470+0000] {dagbag.py:538} INFO - Filling up the DagBag from /home/airflow/.local/lib/python3.8/site-packages/airflow/example_dags/plugins/workday.py
[2025-12-24T20:04:22.722+0000] {processor.py:842} WARNING - No viable dags retrieved from /home/airflow/.local/lib/python3.8/site-packages/airflow/example_dags/plugins/workday.py
[2025-12-24T20:04:22.735+0000] {processor.py:183} INFO - Processing /home/airflow/.local/lib/python3.8/site-packages/airflow/example_dags/plugins/workday.py took 0.272 seconds
[2025-12-24T20:04:53.021+0000] {processor.py:161} INFO - Started process (PID=30561) to work on /home/airflow/.local/lib/python3.8/site-packages/airflow/example_dags/plugins/workday.py
[2025-12-24T20:04:53.022+0000] {processor.py:830} INFO - Processing file /home/airflow/.local/lib/python3.8/site-packages/airflow/example_dags/plugins/workday.py for tasks to queue
[2025-12-24T20:04:53.023+0000] {logging_mixin.py:188} INFO - [2025-12-24T20:04:53.023+0000] {dagbag.py:538} INFO - Filling up the DagBag from /home/airflow/.local/lib/python3.8/site-packages/airflow/example_dags/plugins/workday.py
[2025-12-24T20:04:53.265+0000] {processor.py:842} WARNING - No viable dags retrieved from /home/airflow/.local/lib/python3.8/site-packages/airflow/example_dags/plugins/workday.py
[2025-12-24T20:04:53.279+0000] {processor.py:183} INFO - Processing /home/airflow/.local/lib/python3.8/site-packages/airflow/example_dags/plugins/workday.py took 0.262 seconds
[2025-12-24T20:05:24.378+0000] {processor.py:161} INFO - Started process (PID=30620) to work on /home/airflow/.local/lib/python3.8/site-packages/airflow/example_dags/plugins/workday.py
[2025-12-24T20:05:24.379+0000] {processor.py:830} INFO - Processing file /home/airflow/.local/lib/python3.8/site-packages/airflow/example_dags/plugins/workday.py for tasks to queue
[2025-12-24T20:05:24.380+0000] {logging_mixin.py:188} INFO - [2025-12-24T20:05:24.380+0000] {dagbag.py:538} INFO - Filling up the DagBag from /home/airflow/.local/lib/python3.8/site-packages/airflow/example_dags/plugins/workday.py
[2025-12-24T20:05:24.770+0000] {processor.py:842} WARNING - No viable dags retrieved from /home/airflow/.local/lib/python3.8/site-packages/airflow/example_dags/plugins/workday.py
[2025-12-24T20:05:24.790+0000] {processor.py:183} INFO - Processing /home/airflow/.local/lib/python3.8/site-packages/airflow/example_dags/plugins/workday.py took 0.416 seconds
[2025-12-24T20:05:55.641+0000] {processor.py:161} INFO - Started process (PID=30683) to work on /home/airflow/.local/lib/python3.8/site-packages/airflow/example_dags/plugins/workday.py
[2025-12-24T20:05:55.642+0000] {processor.py:830} INFO - Processing file /home/airflow/.local/lib/python3.8/site-packages/airflow/example_dags/plugins/workday.py for tasks to queue
[2025-12-24T20:05:55.643+0000] {logging_mixin.py:188} INFO - [2025-12-24T20:05:55.642+0000] {dagbag.py:538} INFO - Filling up the DagBag from /home/airflow/.local/lib/python3.8/site-packages/airflow/example_dags/plugins/workday.py
[2025-12-24T20:05:55.895+0000] {processor.py:842} WARNING - No viable dags retrieved from /home/airflow/.local/lib/python3.8/site-packages/airflow/example_dags/plugins/workday.py
[2025-12-24T20:05:55.909+0000] {processor.py:183} INFO - Processing /home/airflow/.local/lib/python3.8/site-packages/airflow/example_dags/plugins/workday.py took 0.272 seconds
[2025-12-24T20:06:26.014+0000] {processor.py:161} INFO - Started process (PID=30740) to work on /home/airflow/.local/lib/python3.8/site-packages/airflow/example_dags/plugins/workday.py
[2025-12-24T20:06:26.016+0000] {processor.py:830} INFO - Processing file /home/airflow/.local/lib/python3.8/site-packages/airflow/example_dags/plugins/workday.py for tasks to queue
[2025-12-24T20:06:26.017+0000] {logging_mixin.py:188} INFO - [2025-12-24T20:06:26.017+0000] {dagbag.py:538} INFO - Filling up the DagBag from /home/airflow/.local/lib/python3.8/site-packages/airflow/example_dags/plugins/workday.py
[2025-12-24T20:06:26.273+0000] {processor.py:842} WARNING - No viable dags retrieved from /home/airflow/.local/lib/python3.8/site-packages/airflow/example_dags/plugins/workday.py
[2025-12-24T20:06:26.288+0000] {processor.py:183} INFO - Processing /home/airflow/.local/lib/python3.8/site-packages/airflow/example_dags/plugins/workday.py took 0.279 seconds
[2025-12-24T20:06:56.450+0000] {processor.py:161} INFO - Started process (PID=30797) to work on /home/airflow/.local/lib/python3.8/site-packages/airflow/example_dags/plugins/workday.py
[2025-12-24T20:06:56.451+0000] {processor.py:830} INFO - Processing file /home/airflow/.local/lib/python3.8/site-packages/airflow/example_dags/plugins/workday.py for tasks to queue
[2025-12-24T20:06:56.452+0000] {logging_mixin.py:188} INFO - [2025-12-24T20:06:56.452+0000] {dagbag.py:538} INFO - Filling up the DagBag from /home/airflow/.local/lib/python3.8/site-packages/airflow/example_dags/plugins/workday.py
[2025-12-24T20:06:56.694+0000] {processor.py:842} WARNING - No viable dags retrieved from /home/airflow/.local/lib/python3.8/site-packages/airflow/example_dags/plugins/workday.py
[2025-12-24T20:06:56.708+0000] {processor.py:183} INFO - Processing /home/airflow/.local/lib/python3.8/site-packages/airflow/example_dags/plugins/workday.py took 0.261 seconds
[2025-12-24T20:07:27.037+0000] {processor.py:161} INFO - Started process (PID=30854) to work on /home/airflow/.local/lib/python3.8/site-packages/airflow/example_dags/plugins/workday.py
[2025-12-24T20:07:27.039+0000] {processor.py:830} INFO - Processing file /home/airflow/.local/lib/python3.8/site-packages/airflow/example_dags/plugins/workday.py for tasks to queue
[2025-12-24T20:07:27.040+0000] {logging_mixin.py:188} INFO - [2025-12-24T20:07:27.039+0000] {dagbag.py:538} INFO - Filling up the DagBag from /home/airflow/.local/lib/python3.8/site-packages/airflow/example_dags/plugins/workday.py
[2025-12-24T20:07:27.326+0000] {processor.py:842} WARNING - No viable dags retrieved from /home/airflow/.local/lib/python3.8/site-packages/airflow/example_dags/plugins/workday.py
[2025-12-24T20:07:27.341+0000] {processor.py:183} INFO - Processing /home/airflow/.local/lib/python3.8/site-packages/airflow/example_dags/plugins/workday.py took 0.307 seconds
[2025-12-24T20:07:57.549+0000] {processor.py:161} INFO - Started process (PID=30911) to work on /home/airflow/.local/lib/python3.8/site-packages/airflow/example_dags/plugins/workday.py
[2025-12-24T20:07:57.551+0000] {processor.py:830} INFO - Processing file /home/airflow/.local/lib/python3.8/site-packages/airflow/example_dags/plugins/workday.py for tasks to queue
[2025-12-24T20:07:57.552+0000] {logging_mixin.py:188} INFO - [2025-12-24T20:07:57.551+0000] {dagbag.py:538} INFO - Filling up the DagBag from /home/airflow/.local/lib/python3.8/site-packages/airflow/example_dags/plugins/workday.py
[2025-12-24T20:07:57.797+0000] {processor.py:842} WARNING - No viable dags retrieved from /home/airflow/.local/lib/python3.8/site-packages/airflow/example_dags/plugins/workday.py
[2025-12-24T20:07:57.812+0000] {processor.py:183} INFO - Processing /home/airflow/.local/lib/python3.8/site-packages/airflow/example_dags/plugins/workday.py took 0.266 seconds
[2025-12-24T20:08:28.003+0000] {processor.py:161} INFO - Started process (PID=30968) to work on /home/airflow/.local/lib/python3.8/site-packages/airflow/example_dags/plugins/workday.py
[2025-12-24T20:08:28.005+0000] {processor.py:830} INFO - Processing file /home/airflow/.local/lib/python3.8/site-packages/airflow/example_dags/plugins/workday.py for tasks to queue
[2025-12-24T20:08:28.006+0000] {logging_mixin.py:188} INFO - [2025-12-24T20:08:28.006+0000] {dagbag.py:538} INFO - Filling up the DagBag from /home/airflow/.local/lib/python3.8/site-packages/airflow/example_dags/plugins/workday.py
[2025-12-24T20:08:28.444+0000] {processor.py:842} WARNING - No viable dags retrieved from /home/airflow/.local/lib/python3.8/site-packages/airflow/example_dags/plugins/workday.py
[2025-12-24T20:08:28.466+0000] {processor.py:183} INFO - Processing /home/airflow/.local/lib/python3.8/site-packages/airflow/example_dags/plugins/workday.py took 0.471 seconds
[2025-12-24T20:08:59.343+0000] {processor.py:161} INFO - Started process (PID=31025) to work on /home/airflow/.local/lib/python3.8/site-packages/airflow/example_dags/plugins/workday.py
[2025-12-24T20:08:59.345+0000] {processor.py:830} INFO - Processing file /home/airflow/.local/lib/python3.8/site-packages/airflow/example_dags/plugins/workday.py for tasks to queue
[2025-12-24T20:08:59.355+0000] {logging_mixin.py:188} INFO - [2025-12-24T20:08:59.354+0000] {dagbag.py:538} INFO - Filling up the DagBag from /home/airflow/.local/lib/python3.8/site-packages/airflow/example_dags/plugins/workday.py
[2025-12-24T20:08:59.855+0000] {processor.py:842} WARNING - No viable dags retrieved from /home/airflow/.local/lib/python3.8/site-packages/airflow/example_dags/plugins/workday.py
[2025-12-24T20:08:59.872+0000] {processor.py:183} INFO - Processing /home/airflow/.local/lib/python3.8/site-packages/airflow/example_dags/plugins/workday.py took 0.535 seconds
[2025-12-24T20:09:30.706+0000] {processor.py:161} INFO - Started process (PID=31085) to work on /home/airflow/.local/lib/python3.8/site-packages/airflow/example_dags/plugins/workday.py
[2025-12-24T20:09:30.708+0000] {processor.py:830} INFO - Processing file /home/airflow/.local/lib/python3.8/site-packages/airflow/example_dags/plugins/workday.py for tasks to queue
[2025-12-24T20:09:30.709+0000] {logging_mixin.py:188} INFO - [2025-12-24T20:09:30.709+0000] {dagbag.py:538} INFO - Filling up the DagBag from /home/airflow/.local/lib/python3.8/site-packages/airflow/example_dags/plugins/workday.py
[2025-12-24T20:09:31.021+0000] {processor.py:842} WARNING - No viable dags retrieved from /home/airflow/.local/lib/python3.8/site-packages/airflow/example_dags/plugins/workday.py
[2025-12-24T20:09:31.037+0000] {processor.py:183} INFO - Processing /home/airflow/.local/lib/python3.8/site-packages/airflow/example_dags/plugins/workday.py took 0.334 seconds
[2025-12-24T20:10:01.925+0000] {processor.py:161} INFO - Started process (PID=31142) to work on /home/airflow/.local/lib/python3.8/site-packages/airflow/example_dags/plugins/workday.py
[2025-12-24T20:10:01.927+0000] {processor.py:830} INFO - Processing file /home/airflow/.local/lib/python3.8/site-packages/airflow/example_dags/plugins/workday.py for tasks to queue
[2025-12-24T20:10:01.928+0000] {logging_mixin.py:188} INFO - [2025-12-24T20:10:01.927+0000] {dagbag.py:538} INFO - Filling up the DagBag from /home/airflow/.local/lib/python3.8/site-packages/airflow/example_dags/plugins/workday.py
[2025-12-24T20:10:02.177+0000] {processor.py:842} WARNING - No viable dags retrieved from /home/airflow/.local/lib/python3.8/site-packages/airflow/example_dags/plugins/workday.py
[2025-12-24T20:10:02.193+0000] {processor.py:183} INFO - Processing /home/airflow/.local/lib/python3.8/site-packages/airflow/example_dags/plugins/workday.py took 0.271 seconds
[2025-12-24T20:10:32.244+0000] {processor.py:161} INFO - Started process (PID=31199) to work on /home/airflow/.local/lib/python3.8/site-packages/airflow/example_dags/plugins/workday.py
[2025-12-24T20:10:32.246+0000] {processor.py:830} INFO - Processing file /home/airflow/.local/lib/python3.8/site-packages/airflow/example_dags/plugins/workday.py for tasks to queue
[2025-12-24T20:10:32.247+0000] {logging_mixin.py:188} INFO - [2025-12-24T20:10:32.247+0000] {dagbag.py:538} INFO - Filling up the DagBag from /home/airflow/.local/lib/python3.8/site-packages/airflow/example_dags/plugins/workday.py
[2025-12-24T20:10:32.493+0000] {processor.py:842} WARNING - No viable dags retrieved from /home/airflow/.local/lib/python3.8/site-packages/airflow/example_dags/plugins/workday.py
[2025-12-24T20:10:32.508+0000] {processor.py:183} INFO - Processing /home/airflow/.local/lib/python3.8/site-packages/airflow/example_dags/plugins/workday.py took 0.268 seconds
[2025-12-24T20:11:02.642+0000] {processor.py:161} INFO - Started process (PID=31256) to work on /home/airflow/.local/lib/python3.8/site-packages/airflow/example_dags/plugins/workday.py
[2025-12-24T20:11:02.644+0000] {processor.py:830} INFO - Processing file /home/airflow/.local/lib/python3.8/site-packages/airflow/example_dags/plugins/workday.py for tasks to queue
[2025-12-24T20:11:02.644+0000] {logging_mixin.py:188} INFO - [2025-12-24T20:11:02.644+0000] {dagbag.py:538} INFO - Filling up the DagBag from /home/airflow/.local/lib/python3.8/site-packages/airflow/example_dags/plugins/workday.py
[2025-12-24T20:11:02.914+0000] {processor.py:842} WARNING - No viable dags retrieved from /home/airflow/.local/lib/python3.8/site-packages/airflow/example_dags/plugins/workday.py
[2025-12-24T20:11:02.927+0000] {processor.py:183} INFO - Processing /home/airflow/.local/lib/python3.8/site-packages/airflow/example_dags/plugins/workday.py took 0.289 seconds
[2025-12-24T20:11:33.849+0000] {processor.py:161} INFO - Started process (PID=31313) to work on /home/airflow/.local/lib/python3.8/site-packages/airflow/example_dags/plugins/workday.py
[2025-12-24T20:11:33.851+0000] {processor.py:830} INFO - Processing file /home/airflow/.local/lib/python3.8/site-packages/airflow/example_dags/plugins/workday.py for tasks to queue
[2025-12-24T20:11:33.853+0000] {logging_mixin.py:188} INFO - [2025-12-24T20:11:33.852+0000] {dagbag.py:538} INFO - Filling up the DagBag from /home/airflow/.local/lib/python3.8/site-packages/airflow/example_dags/plugins/workday.py
[2025-12-24T20:11:34.206+0000] {processor.py:842} WARNING - No viable dags retrieved from /home/airflow/.local/lib/python3.8/site-packages/airflow/example_dags/plugins/workday.py
[2025-12-24T20:11:34.223+0000] {processor.py:183} INFO - Processing /home/airflow/.local/lib/python3.8/site-packages/airflow/example_dags/plugins/workday.py took 0.379 seconds
[2025-12-24T20:12:04.794+0000] {processor.py:161} INFO - Started process (PID=31376) to work on /home/airflow/.local/lib/python3.8/site-packages/airflow/example_dags/plugins/workday.py
[2025-12-24T20:12:04.795+0000] {processor.py:830} INFO - Processing file /home/airflow/.local/lib/python3.8/site-packages/airflow/example_dags/plugins/workday.py for tasks to queue
[2025-12-24T20:12:04.798+0000] {logging_mixin.py:188} INFO - [2025-12-24T20:12:04.797+0000] {dagbag.py:538} INFO - Filling up the DagBag from /home/airflow/.local/lib/python3.8/site-packages/airflow/example_dags/plugins/workday.py
[2025-12-24T20:12:05.439+0000] {processor.py:842} WARNING - No viable dags retrieved from /home/airflow/.local/lib/python3.8/site-packages/airflow/example_dags/plugins/workday.py
[2025-12-24T20:12:05.506+0000] {processor.py:183} INFO - Processing /home/airflow/.local/lib/python3.8/site-packages/airflow/example_dags/plugins/workday.py took 0.728 seconds
[2025-12-24T20:12:35.822+0000] {processor.py:161} INFO - Started process (PID=31433) to work on /home/airflow/.local/lib/python3.8/site-packages/airflow/example_dags/plugins/workday.py
[2025-12-24T20:12:35.824+0000] {processor.py:830} INFO - Processing file /home/airflow/.local/lib/python3.8/site-packages/airflow/example_dags/plugins/workday.py for tasks to queue
[2025-12-24T20:12:35.825+0000] {logging_mixin.py:188} INFO - [2025-12-24T20:12:35.825+0000] {dagbag.py:538} INFO - Filling up the DagBag from /home/airflow/.local/lib/python3.8/site-packages/airflow/example_dags/plugins/workday.py
[2025-12-24T20:12:36.206+0000] {processor.py:842} WARNING - No viable dags retrieved from /home/airflow/.local/lib/python3.8/site-packages/airflow/example_dags/plugins/workday.py
[2025-12-24T20:12:36.226+0000] {processor.py:183} INFO - Processing /home/airflow/.local/lib/python3.8/site-packages/airflow/example_dags/plugins/workday.py took 0.408 seconds
[2025-12-24T20:13:07.095+0000] {processor.py:161} INFO - Started process (PID=31490) to work on /home/airflow/.local/lib/python3.8/site-packages/airflow/example_dags/plugins/workday.py
[2025-12-24T20:13:07.097+0000] {processor.py:830} INFO - Processing file /home/airflow/.local/lib/python3.8/site-packages/airflow/example_dags/plugins/workday.py for tasks to queue
[2025-12-24T20:13:07.098+0000] {logging_mixin.py:188} INFO - [2025-12-24T20:13:07.098+0000] {dagbag.py:538} INFO - Filling up the DagBag from /home/airflow/.local/lib/python3.8/site-packages/airflow/example_dags/plugins/workday.py
[2025-12-24T20:13:07.506+0000] {processor.py:842} WARNING - No viable dags retrieved from /home/airflow/.local/lib/python3.8/site-packages/airflow/example_dags/plugins/workday.py
[2025-12-24T20:13:07.521+0000] {processor.py:183} INFO - Processing /home/airflow/.local/lib/python3.8/site-packages/airflow/example_dags/plugins/workday.py took 0.431 seconds
[2025-12-24T20:13:37.687+0000] {processor.py:161} INFO - Started process (PID=31547) to work on /home/airflow/.local/lib/python3.8/site-packages/airflow/example_dags/plugins/workday.py
[2025-12-24T20:13:37.688+0000] {processor.py:830} INFO - Processing file /home/airflow/.local/lib/python3.8/site-packages/airflow/example_dags/plugins/workday.py for tasks to queue
[2025-12-24T20:13:37.689+0000] {logging_mixin.py:188} INFO - [2025-12-24T20:13:37.689+0000] {dagbag.py:538} INFO - Filling up the DagBag from /home/airflow/.local/lib/python3.8/site-packages/airflow/example_dags/plugins/workday.py
[2025-12-24T20:13:37.955+0000] {processor.py:842} WARNING - No viable dags retrieved from /home/airflow/.local/lib/python3.8/site-packages/airflow/example_dags/plugins/workday.py
[2025-12-24T20:13:37.973+0000] {processor.py:183} INFO - Processing /home/airflow/.local/lib/python3.8/site-packages/airflow/example_dags/plugins/workday.py took 0.289 seconds
[2025-12-24T20:14:08.937+0000] {processor.py:161} INFO - Started process (PID=31604) to work on /home/airflow/.local/lib/python3.8/site-packages/airflow/example_dags/plugins/workday.py
[2025-12-24T20:14:08.938+0000] {processor.py:830} INFO - Processing file /home/airflow/.local/lib/python3.8/site-packages/airflow/example_dags/plugins/workday.py for tasks to queue
[2025-12-24T20:14:08.939+0000] {logging_mixin.py:188} INFO - [2025-12-24T20:14:08.938+0000] {dagbag.py:538} INFO - Filling up the DagBag from /home/airflow/.local/lib/python3.8/site-packages/airflow/example_dags/plugins/workday.py
[2025-12-24T20:14:09.190+0000] {processor.py:842} WARNING - No viable dags retrieved from /home/airflow/.local/lib/python3.8/site-packages/airflow/example_dags/plugins/workday.py
[2025-12-24T20:14:09.204+0000] {processor.py:183} INFO - Processing /home/airflow/.local/lib/python3.8/site-packages/airflow/example_dags/plugins/workday.py took 0.270 seconds
[2025-12-24T20:14:39.734+0000] {processor.py:161} INFO - Started process (PID=31661) to work on /home/airflow/.local/lib/python3.8/site-packages/airflow/example_dags/plugins/workday.py
[2025-12-24T20:14:39.736+0000] {processor.py:830} INFO - Processing file /home/airflow/.local/lib/python3.8/site-packages/airflow/example_dags/plugins/workday.py for tasks to queue
[2025-12-24T20:14:39.737+0000] {logging_mixin.py:188} INFO - [2025-12-24T20:14:39.736+0000] {dagbag.py:538} INFO - Filling up the DagBag from /home/airflow/.local/lib/python3.8/site-packages/airflow/example_dags/plugins/workday.py
[2025-12-24T20:14:39.979+0000] {processor.py:842} WARNING - No viable dags retrieved from /home/airflow/.local/lib/python3.8/site-packages/airflow/example_dags/plugins/workday.py
[2025-12-24T20:14:39.992+0000] {processor.py:183} INFO - Processing /home/airflow/.local/lib/python3.8/site-packages/airflow/example_dags/plugins/workday.py took 0.262 seconds
[2025-12-24T20:15:10.532+0000] {processor.py:161} INFO - Started process (PID=31718) to work on /home/airflow/.local/lib/python3.8/site-packages/airflow/example_dags/plugins/workday.py
[2025-12-24T20:15:10.533+0000] {processor.py:830} INFO - Processing file /home/airflow/.local/lib/python3.8/site-packages/airflow/example_dags/plugins/workday.py for tasks to queue
[2025-12-24T20:15:10.534+0000] {logging_mixin.py:188} INFO - [2025-12-24T20:15:10.534+0000] {dagbag.py:538} INFO - Filling up the DagBag from /home/airflow/.local/lib/python3.8/site-packages/airflow/example_dags/plugins/workday.py
[2025-12-24T20:15:10.784+0000] {processor.py:842} WARNING - No viable dags retrieved from /home/airflow/.local/lib/python3.8/site-packages/airflow/example_dags/plugins/workday.py
[2025-12-24T20:15:10.798+0000] {processor.py:183} INFO - Processing /home/airflow/.local/lib/python3.8/site-packages/airflow/example_dags/plugins/workday.py took 0.270 seconds
[2025-12-24T20:15:41.349+0000] {processor.py:161} INFO - Started process (PID=31775) to work on /home/airflow/.local/lib/python3.8/site-packages/airflow/example_dags/plugins/workday.py
[2025-12-24T20:15:41.351+0000] {processor.py:830} INFO - Processing file /home/airflow/.local/lib/python3.8/site-packages/airflow/example_dags/plugins/workday.py for tasks to queue
[2025-12-24T20:15:41.353+0000] {logging_mixin.py:188} INFO - [2025-12-24T20:15:41.352+0000] {dagbag.py:538} INFO - Filling up the DagBag from /home/airflow/.local/lib/python3.8/site-packages/airflow/example_dags/plugins/workday.py
[2025-12-24T20:15:41.652+0000] {processor.py:842} WARNING - No viable dags retrieved from /home/airflow/.local/lib/python3.8/site-packages/airflow/example_dags/plugins/workday.py
[2025-12-24T20:15:41.667+0000] {processor.py:183} INFO - Processing /home/airflow/.local/lib/python3.8/site-packages/airflow/example_dags/plugins/workday.py took 0.322 seconds
[2025-12-24T20:16:11.758+0000] {processor.py:161} INFO - Started process (PID=31832) to work on /home/airflow/.local/lib/python3.8/site-packages/airflow/example_dags/plugins/workday.py
[2025-12-24T20:16:11.760+0000] {processor.py:830} INFO - Processing file /home/airflow/.local/lib/python3.8/site-packages/airflow/example_dags/plugins/workday.py for tasks to queue
[2025-12-24T20:16:11.761+0000] {logging_mixin.py:188} INFO - [2025-12-24T20:16:11.761+0000] {dagbag.py:538} INFO - Filling up the DagBag from /home/airflow/.local/lib/python3.8/site-packages/airflow/example_dags/plugins/workday.py
[2025-12-24T20:16:12.041+0000] {processor.py:842} WARNING - No viable dags retrieved from /home/airflow/.local/lib/python3.8/site-packages/airflow/example_dags/plugins/workday.py
[2025-12-24T20:16:12.056+0000] {processor.py:183} INFO - Processing /home/airflow/.local/lib/python3.8/site-packages/airflow/example_dags/plugins/workday.py took 0.303 seconds
[2025-12-24T20:16:42.804+0000] {processor.py:161} INFO - Started process (PID=31889) to work on /home/airflow/.local/lib/python3.8/site-packages/airflow/example_dags/plugins/workday.py
[2025-12-24T20:16:42.806+0000] {processor.py:830} INFO - Processing file /home/airflow/.local/lib/python3.8/site-packages/airflow/example_dags/plugins/workday.py for tasks to queue
[2025-12-24T20:16:42.807+0000] {logging_mixin.py:188} INFO - [2025-12-24T20:16:42.807+0000] {dagbag.py:538} INFO - Filling up the DagBag from /home/airflow/.local/lib/python3.8/site-packages/airflow/example_dags/plugins/workday.py
[2025-12-24T20:16:43.074+0000] {processor.py:842} WARNING - No viable dags retrieved from /home/airflow/.local/lib/python3.8/site-packages/airflow/example_dags/plugins/workday.py
[2025-12-24T20:16:43.091+0000] {processor.py:183} INFO - Processing /home/airflow/.local/lib/python3.8/site-packages/airflow/example_dags/plugins/workday.py took 0.292 seconds
[2025-12-24T20:17:13.210+0000] {processor.py:161} INFO - Started process (PID=31947) to work on /home/airflow/.local/lib/python3.8/site-packages/airflow/example_dags/plugins/workday.py
[2025-12-24T20:17:13.211+0000] {processor.py:830} INFO - Processing file /home/airflow/.local/lib/python3.8/site-packages/airflow/example_dags/plugins/workday.py for tasks to queue
[2025-12-24T20:17:13.212+0000] {logging_mixin.py:188} INFO - [2025-12-24T20:17:13.212+0000] {dagbag.py:538} INFO - Filling up the DagBag from /home/airflow/.local/lib/python3.8/site-packages/airflow/example_dags/plugins/workday.py
[2025-12-24T20:17:13.461+0000] {processor.py:842} WARNING - No viable dags retrieved from /home/airflow/.local/lib/python3.8/site-packages/airflow/example_dags/plugins/workday.py
[2025-12-24T20:17:13.474+0000] {processor.py:183} INFO - Processing /home/airflow/.local/lib/python3.8/site-packages/airflow/example_dags/plugins/workday.py took 0.268 seconds
[2025-12-24T20:17:44.346+0000] {processor.py:161} INFO - Started process (PID=32004) to work on /home/airflow/.local/lib/python3.8/site-packages/airflow/example_dags/plugins/workday.py
[2025-12-24T20:17:44.348+0000] {processor.py:830} INFO - Processing file /home/airflow/.local/lib/python3.8/site-packages/airflow/example_dags/plugins/workday.py for tasks to queue
[2025-12-24T20:17:44.350+0000] {logging_mixin.py:188} INFO - [2025-12-24T20:17:44.350+0000] {dagbag.py:538} INFO - Filling up the DagBag from /home/airflow/.local/lib/python3.8/site-packages/airflow/example_dags/plugins/workday.py
[2025-12-24T20:17:44.642+0000] {processor.py:842} WARNING - No viable dags retrieved from /home/airflow/.local/lib/python3.8/site-packages/airflow/example_dags/plugins/workday.py
[2025-12-24T20:17:44.664+0000] {processor.py:183} INFO - Processing /home/airflow/.local/lib/python3.8/site-packages/airflow/example_dags/plugins/workday.py took 0.323 seconds
[2025-12-24T20:18:14.984+0000] {processor.py:161} INFO - Started process (PID=32061) to work on /home/airflow/.local/lib/python3.8/site-packages/airflow/example_dags/plugins/workday.py
[2025-12-24T20:18:14.986+0000] {processor.py:830} INFO - Processing file /home/airflow/.local/lib/python3.8/site-packages/airflow/example_dags/plugins/workday.py for tasks to queue
[2025-12-24T20:18:14.987+0000] {logging_mixin.py:188} INFO - [2025-12-24T20:18:14.986+0000] {dagbag.py:538} INFO - Filling up the DagBag from /home/airflow/.local/lib/python3.8/site-packages/airflow/example_dags/plugins/workday.py
[2025-12-24T20:18:15.264+0000] {processor.py:842} WARNING - No viable dags retrieved from /home/airflow/.local/lib/python3.8/site-packages/airflow/example_dags/plugins/workday.py
[2025-12-24T20:18:15.279+0000] {processor.py:183} INFO - Processing /home/airflow/.local/lib/python3.8/site-packages/airflow/example_dags/plugins/workday.py took 0.302 seconds
[2025-12-24T20:18:45.829+0000] {processor.py:161} INFO - Started process (PID=32118) to work on /home/airflow/.local/lib/python3.8/site-packages/airflow/example_dags/plugins/workday.py
[2025-12-24T20:18:45.834+0000] {processor.py:830} INFO - Processing file /home/airflow/.local/lib/python3.8/site-packages/airflow/example_dags/plugins/workday.py for tasks to queue
[2025-12-24T20:18:45.843+0000] {logging_mixin.py:188} INFO - [2025-12-24T20:18:45.842+0000] {dagbag.py:538} INFO - Filling up the DagBag from /home/airflow/.local/lib/python3.8/site-packages/airflow/example_dags/plugins/workday.py
[2025-12-24T20:18:46.622+0000] {processor.py:842} WARNING - No viable dags retrieved from /home/airflow/.local/lib/python3.8/site-packages/airflow/example_dags/plugins/workday.py
[2025-12-24T20:18:46.647+0000] {processor.py:183} INFO - Processing /home/airflow/.local/lib/python3.8/site-packages/airflow/example_dags/plugins/workday.py took 0.825 seconds
[2025-12-24T20:19:17.396+0000] {processor.py:161} INFO - Started process (PID=32175) to work on /home/airflow/.local/lib/python3.8/site-packages/airflow/example_dags/plugins/workday.py
[2025-12-24T20:19:17.398+0000] {processor.py:830} INFO - Processing file /home/airflow/.local/lib/python3.8/site-packages/airflow/example_dags/plugins/workday.py for tasks to queue
[2025-12-24T20:19:17.400+0000] {logging_mixin.py:188} INFO - [2025-12-24T20:19:17.399+0000] {dagbag.py:538} INFO - Filling up the DagBag from /home/airflow/.local/lib/python3.8/site-packages/airflow/example_dags/plugins/workday.py
[2025-12-24T20:19:17.650+0000] {processor.py:842} WARNING - No viable dags retrieved from /home/airflow/.local/lib/python3.8/site-packages/airflow/example_dags/plugins/workday.py
[2025-12-24T20:19:17.666+0000] {processor.py:183} INFO - Processing /home/airflow/.local/lib/python3.8/site-packages/airflow/example_dags/plugins/workday.py took 0.273 seconds
[2025-12-24T20:19:48.079+0000] {processor.py:161} INFO - Started process (PID=32232) to work on /home/airflow/.local/lib/python3.8/site-packages/airflow/example_dags/plugins/workday.py
[2025-12-24T20:19:48.080+0000] {processor.py:830} INFO - Processing file /home/airflow/.local/lib/python3.8/site-packages/airflow/example_dags/plugins/workday.py for tasks to queue
[2025-12-24T20:19:48.081+0000] {logging_mixin.py:188} INFO - [2025-12-24T20:19:48.081+0000] {dagbag.py:538} INFO - Filling up the DagBag from /home/airflow/.local/lib/python3.8/site-packages/airflow/example_dags/plugins/workday.py
[2025-12-24T20:19:48.329+0000] {processor.py:842} WARNING - No viable dags retrieved from /home/airflow/.local/lib/python3.8/site-packages/airflow/example_dags/plugins/workday.py
[2025-12-24T20:19:48.345+0000] {processor.py:183} INFO - Processing /home/airflow/.local/lib/python3.8/site-packages/airflow/example_dags/plugins/workday.py took 0.269 seconds
[2025-12-24T20:20:18.797+0000] {processor.py:161} INFO - Started process (PID=32289) to work on /home/airflow/.local/lib/python3.8/site-packages/airflow/example_dags/plugins/workday.py
[2025-12-24T20:20:18.798+0000] {processor.py:830} INFO - Processing file /home/airflow/.local/lib/python3.8/site-packages/airflow/example_dags/plugins/workday.py for tasks to queue
[2025-12-24T20:20:18.799+0000] {logging_mixin.py:188} INFO - [2025-12-24T20:20:18.799+0000] {dagbag.py:538} INFO - Filling up the DagBag from /home/airflow/.local/lib/python3.8/site-packages/airflow/example_dags/plugins/workday.py
[2025-12-24T20:20:19.048+0000] {processor.py:842} WARNING - No viable dags retrieved from /home/airflow/.local/lib/python3.8/site-packages/airflow/example_dags/plugins/workday.py
[2025-12-24T20:20:19.062+0000] {processor.py:183} INFO - Processing /home/airflow/.local/lib/python3.8/site-packages/airflow/example_dags/plugins/workday.py took 0.269 seconds
[2025-12-24T20:20:49.926+0000] {processor.py:161} INFO - Started process (PID=32345) to work on /home/airflow/.local/lib/python3.8/site-packages/airflow/example_dags/plugins/workday.py
[2025-12-24T20:20:49.927+0000] {processor.py:830} INFO - Processing file /home/airflow/.local/lib/python3.8/site-packages/airflow/example_dags/plugins/workday.py for tasks to queue
[2025-12-24T20:20:49.928+0000] {logging_mixin.py:188} INFO - [2025-12-24T20:20:49.928+0000] {dagbag.py:538} INFO - Filling up the DagBag from /home/airflow/.local/lib/python3.8/site-packages/airflow/example_dags/plugins/workday.py
[2025-12-24T20:20:50.245+0000] {processor.py:842} WARNING - No viable dags retrieved from /home/airflow/.local/lib/python3.8/site-packages/airflow/example_dags/plugins/workday.py
[2025-12-24T20:20:50.261+0000] {processor.py:183} INFO - Processing /home/airflow/.local/lib/python3.8/site-packages/airflow/example_dags/plugins/workday.py took 0.339 seconds
[2025-12-24T20:21:20.605+0000] {processor.py:161} INFO - Started process (PID=32404) to work on /home/airflow/.local/lib/python3.8/site-packages/airflow/example_dags/plugins/workday.py
[2025-12-24T20:21:20.606+0000] {processor.py:830} INFO - Processing file /home/airflow/.local/lib/python3.8/site-packages/airflow/example_dags/plugins/workday.py for tasks to queue
[2025-12-24T20:21:20.607+0000] {logging_mixin.py:188} INFO - [2025-12-24T20:21:20.607+0000] {dagbag.py:538} INFO - Filling up the DagBag from /home/airflow/.local/lib/python3.8/site-packages/airflow/example_dags/plugins/workday.py
[2025-12-24T20:21:20.854+0000] {processor.py:842} WARNING - No viable dags retrieved from /home/airflow/.local/lib/python3.8/site-packages/airflow/example_dags/plugins/workday.py
[2025-12-24T20:21:20.870+0000] {processor.py:183} INFO - Processing /home/airflow/.local/lib/python3.8/site-packages/airflow/example_dags/plugins/workday.py took 0.269 seconds
[2025-12-24T20:21:51.715+0000] {processor.py:161} INFO - Started process (PID=32461) to work on /home/airflow/.local/lib/python3.8/site-packages/airflow/example_dags/plugins/workday.py
[2025-12-24T20:21:51.716+0000] {processor.py:830} INFO - Processing file /home/airflow/.local/lib/python3.8/site-packages/airflow/example_dags/plugins/workday.py for tasks to queue
[2025-12-24T20:21:51.718+0000] {logging_mixin.py:188} INFO - [2025-12-24T20:21:51.717+0000] {dagbag.py:538} INFO - Filling up the DagBag from /home/airflow/.local/lib/python3.8/site-packages/airflow/example_dags/plugins/workday.py
[2025-12-24T20:21:52.035+0000] {processor.py:842} WARNING - No viable dags retrieved from /home/airflow/.local/lib/python3.8/site-packages/airflow/example_dags/plugins/workday.py
[2025-12-24T20:21:52.051+0000] {processor.py:183} INFO - Processing /home/airflow/.local/lib/python3.8/site-packages/airflow/example_dags/plugins/workday.py took 0.340 seconds
[2025-12-24T20:22:22.534+0000] {processor.py:161} INFO - Started process (PID=32519) to work on /home/airflow/.local/lib/python3.8/site-packages/airflow/example_dags/plugins/workday.py
[2025-12-24T20:22:22.536+0000] {processor.py:830} INFO - Processing file /home/airflow/.local/lib/python3.8/site-packages/airflow/example_dags/plugins/workday.py for tasks to queue
[2025-12-24T20:22:22.537+0000] {logging_mixin.py:188} INFO - [2025-12-24T20:22:22.537+0000] {dagbag.py:538} INFO - Filling up the DagBag from /home/airflow/.local/lib/python3.8/site-packages/airflow/example_dags/plugins/workday.py
[2025-12-24T20:22:22.809+0000] {processor.py:842} WARNING - No viable dags retrieved from /home/airflow/.local/lib/python3.8/site-packages/airflow/example_dags/plugins/workday.py
[2025-12-24T20:22:22.824+0000] {processor.py:183} INFO - Processing /home/airflow/.local/lib/python3.8/site-packages/airflow/example_dags/plugins/workday.py took 0.294 seconds
[2025-12-24T20:22:52.909+0000] {processor.py:161} INFO - Started process (PID=32576) to work on /home/airflow/.local/lib/python3.8/site-packages/airflow/example_dags/plugins/workday.py
[2025-12-24T20:22:52.911+0000] {processor.py:830} INFO - Processing file /home/airflow/.local/lib/python3.8/site-packages/airflow/example_dags/plugins/workday.py for tasks to queue
[2025-12-24T20:22:52.911+0000] {logging_mixin.py:188} INFO - [2025-12-24T20:22:52.911+0000] {dagbag.py:538} INFO - Filling up the DagBag from /home/airflow/.local/lib/python3.8/site-packages/airflow/example_dags/plugins/workday.py
[2025-12-24T20:22:53.162+0000] {processor.py:842} WARNING - No viable dags retrieved from /home/airflow/.local/lib/python3.8/site-packages/airflow/example_dags/plugins/workday.py
[2025-12-24T20:22:53.177+0000] {processor.py:183} INFO - Processing /home/airflow/.local/lib/python3.8/site-packages/airflow/example_dags/plugins/workday.py took 0.272 seconds
[2025-12-24T20:23:23.215+0000] {processor.py:161} INFO - Started process (PID=32633) to work on /home/airflow/.local/lib/python3.8/site-packages/airflow/example_dags/plugins/workday.py
[2025-12-24T20:23:23.216+0000] {processor.py:830} INFO - Processing file /home/airflow/.local/lib/python3.8/site-packages/airflow/example_dags/plugins/workday.py for tasks to queue
[2025-12-24T20:23:23.217+0000] {logging_mixin.py:188} INFO - [2025-12-24T20:23:23.217+0000] {dagbag.py:538} INFO - Filling up the DagBag from /home/airflow/.local/lib/python3.8/site-packages/airflow/example_dags/plugins/workday.py
[2025-12-24T20:23:23.460+0000] {processor.py:842} WARNING - No viable dags retrieved from /home/airflow/.local/lib/python3.8/site-packages/airflow/example_dags/plugins/workday.py
[2025-12-24T20:23:23.474+0000] {processor.py:183} INFO - Processing /home/airflow/.local/lib/python3.8/site-packages/airflow/example_dags/plugins/workday.py took 0.263 seconds
[2025-12-24T20:23:53.788+0000] {processor.py:161} INFO - Started process (PID=32691) to work on /home/airflow/.local/lib/python3.8/site-packages/airflow/example_dags/plugins/workday.py
[2025-12-24T20:23:53.789+0000] {processor.py:830} INFO - Processing file /home/airflow/.local/lib/python3.8/site-packages/airflow/example_dags/plugins/workday.py for tasks to queue
[2025-12-24T20:23:53.791+0000] {logging_mixin.py:188} INFO - [2025-12-24T20:23:53.790+0000] {dagbag.py:538} INFO - Filling up the DagBag from /home/airflow/.local/lib/python3.8/site-packages/airflow/example_dags/plugins/workday.py
[2025-12-24T20:23:54.103+0000] {processor.py:842} WARNING - No viable dags retrieved from /home/airflow/.local/lib/python3.8/site-packages/airflow/example_dags/plugins/workday.py
[2025-12-24T20:23:54.119+0000] {processor.py:183} INFO - Processing /home/airflow/.local/lib/python3.8/site-packages/airflow/example_dags/plugins/workday.py took 0.336 seconds
[2025-12-24T20:24:24.764+0000] {processor.py:161} INFO - Started process (PID=32748) to work on /home/airflow/.local/lib/python3.8/site-packages/airflow/example_dags/plugins/workday.py
[2025-12-24T20:24:24.770+0000] {processor.py:830} INFO - Processing file /home/airflow/.local/lib/python3.8/site-packages/airflow/example_dags/plugins/workday.py for tasks to queue
[2025-12-24T20:24:24.774+0000] {logging_mixin.py:188} INFO - [2025-12-24T20:24:24.772+0000] {dagbag.py:538} INFO - Filling up the DagBag from /home/airflow/.local/lib/python3.8/site-packages/airflow/example_dags/plugins/workday.py
[2025-12-24T20:24:25.570+0000] {processor.py:842} WARNING - No viable dags retrieved from /home/airflow/.local/lib/python3.8/site-packages/airflow/example_dags/plugins/workday.py
[2025-12-24T20:24:25.605+0000] {processor.py:183} INFO - Processing /home/airflow/.local/lib/python3.8/site-packages/airflow/example_dags/plugins/workday.py took 0.848 seconds
[2025-12-24T20:24:55.785+0000] {processor.py:161} INFO - Started process (PID=32805) to work on /home/airflow/.local/lib/python3.8/site-packages/airflow/example_dags/plugins/workday.py
[2025-12-24T20:24:55.786+0000] {processor.py:830} INFO - Processing file /home/airflow/.local/lib/python3.8/site-packages/airflow/example_dags/plugins/workday.py for tasks to queue
[2025-12-24T20:24:55.787+0000] {logging_mixin.py:188} INFO - [2025-12-24T20:24:55.787+0000] {dagbag.py:538} INFO - Filling up the DagBag from /home/airflow/.local/lib/python3.8/site-packages/airflow/example_dags/plugins/workday.py
[2025-12-24T20:24:56.129+0000] {processor.py:842} WARNING - No viable dags retrieved from /home/airflow/.local/lib/python3.8/site-packages/airflow/example_dags/plugins/workday.py
[2025-12-24T20:24:56.150+0000] {processor.py:183} INFO - Processing /home/airflow/.local/lib/python3.8/site-packages/airflow/example_dags/plugins/workday.py took 0.371 seconds
[2025-12-24T20:25:26.305+0000] {processor.py:161} INFO - Started process (PID=32863) to work on /home/airflow/.local/lib/python3.8/site-packages/airflow/example_dags/plugins/workday.py
[2025-12-24T20:25:26.306+0000] {processor.py:830} INFO - Processing file /home/airflow/.local/lib/python3.8/site-packages/airflow/example_dags/plugins/workday.py for tasks to queue
[2025-12-24T20:25:26.307+0000] {logging_mixin.py:188} INFO - [2025-12-24T20:25:26.307+0000] {dagbag.py:538} INFO - Filling up the DagBag from /home/airflow/.local/lib/python3.8/site-packages/airflow/example_dags/plugins/workday.py
[2025-12-24T20:25:26.649+0000] {processor.py:842} WARNING - No viable dags retrieved from /home/airflow/.local/lib/python3.8/site-packages/airflow/example_dags/plugins/workday.py
[2025-12-24T20:25:26.665+0000] {processor.py:183} INFO - Processing /home/airflow/.local/lib/python3.8/site-packages/airflow/example_dags/plugins/workday.py took 0.364 seconds
[2025-12-24T20:25:56.709+0000] {processor.py:161} INFO - Started process (PID=32921) to work on /home/airflow/.local/lib/python3.8/site-packages/airflow/example_dags/plugins/workday.py
[2025-12-24T20:25:56.710+0000] {processor.py:830} INFO - Processing file /home/airflow/.local/lib/python3.8/site-packages/airflow/example_dags/plugins/workday.py for tasks to queue
[2025-12-24T20:25:56.712+0000] {logging_mixin.py:188} INFO - [2025-12-24T20:25:56.711+0000] {dagbag.py:538} INFO - Filling up the DagBag from /home/airflow/.local/lib/python3.8/site-packages/airflow/example_dags/plugins/workday.py
[2025-12-24T20:25:57.008+0000] {processor.py:842} WARNING - No viable dags retrieved from /home/airflow/.local/lib/python3.8/site-packages/airflow/example_dags/plugins/workday.py
[2025-12-24T20:25:57.023+0000] {processor.py:183} INFO - Processing /home/airflow/.local/lib/python3.8/site-packages/airflow/example_dags/plugins/workday.py took 0.318 seconds
[2025-12-24T20:26:27.855+0000] {processor.py:161} INFO - Started process (PID=32984) to work on /home/airflow/.local/lib/python3.8/site-packages/airflow/example_dags/plugins/workday.py
[2025-12-24T20:26:27.856+0000] {processor.py:830} INFO - Processing file /home/airflow/.local/lib/python3.8/site-packages/airflow/example_dags/plugins/workday.py for tasks to queue
[2025-12-24T20:26:27.857+0000] {logging_mixin.py:188} INFO - [2025-12-24T20:26:27.857+0000] {dagbag.py:538} INFO - Filling up the DagBag from /home/airflow/.local/lib/python3.8/site-packages/airflow/example_dags/plugins/workday.py
[2025-12-24T20:26:28.125+0000] {processor.py:842} WARNING - No viable dags retrieved from /home/airflow/.local/lib/python3.8/site-packages/airflow/example_dags/plugins/workday.py
[2025-12-24T20:26:28.141+0000] {processor.py:183} INFO - Processing /home/airflow/.local/lib/python3.8/site-packages/airflow/example_dags/plugins/workday.py took 0.290 seconds
[2025-12-24T20:26:58.856+0000] {processor.py:161} INFO - Started process (PID=33045) to work on /home/airflow/.local/lib/python3.8/site-packages/airflow/example_dags/plugins/workday.py
[2025-12-24T20:26:58.857+0000] {processor.py:830} INFO - Processing file /home/airflow/.local/lib/python3.8/site-packages/airflow/example_dags/plugins/workday.py for tasks to queue
[2025-12-24T20:26:58.859+0000] {logging_mixin.py:188} INFO - [2025-12-24T20:26:58.858+0000] {dagbag.py:538} INFO - Filling up the DagBag from /home/airflow/.local/lib/python3.8/site-packages/airflow/example_dags/plugins/workday.py
[2025-12-24T20:26:59.117+0000] {processor.py:842} WARNING - No viable dags retrieved from /home/airflow/.local/lib/python3.8/site-packages/airflow/example_dags/plugins/workday.py
[2025-12-24T20:26:59.131+0000] {processor.py:183} INFO - Processing /home/airflow/.local/lib/python3.8/site-packages/airflow/example_dags/plugins/workday.py took 0.281 seconds
[2025-12-24T20:27:29.229+0000] {processor.py:161} INFO - Started process (PID=33103) to work on /home/airflow/.local/lib/python3.8/site-packages/airflow/example_dags/plugins/workday.py
[2025-12-24T20:27:29.231+0000] {processor.py:830} INFO - Processing file /home/airflow/.local/lib/python3.8/site-packages/airflow/example_dags/plugins/workday.py for tasks to queue
[2025-12-24T20:27:29.233+0000] {logging_mixin.py:188} INFO - [2025-12-24T20:27:29.232+0000] {dagbag.py:538} INFO - Filling up the DagBag from /home/airflow/.local/lib/python3.8/site-packages/airflow/example_dags/plugins/workday.py
[2025-12-24T20:27:29.477+0000] {processor.py:842} WARNING - No viable dags retrieved from /home/airflow/.local/lib/python3.8/site-packages/airflow/example_dags/plugins/workday.py
[2025-12-24T20:27:29.496+0000] {processor.py:183} INFO - Processing /home/airflow/.local/lib/python3.8/site-packages/airflow/example_dags/plugins/workday.py took 0.271 seconds
[2025-12-24T20:28:00.327+0000] {processor.py:161} INFO - Started process (PID=33160) to work on /home/airflow/.local/lib/python3.8/site-packages/airflow/example_dags/plugins/workday.py
[2025-12-24T20:28:00.329+0000] {processor.py:830} INFO - Processing file /home/airflow/.local/lib/python3.8/site-packages/airflow/example_dags/plugins/workday.py for tasks to queue
[2025-12-24T20:28:00.330+0000] {logging_mixin.py:188} INFO - [2025-12-24T20:28:00.329+0000] {dagbag.py:538} INFO - Filling up the DagBag from /home/airflow/.local/lib/python3.8/site-packages/airflow/example_dags/plugins/workday.py
[2025-12-24T20:28:00.648+0000] {processor.py:842} WARNING - No viable dags retrieved from /home/airflow/.local/lib/python3.8/site-packages/airflow/example_dags/plugins/workday.py
[2025-12-24T20:28:00.668+0000] {processor.py:183} INFO - Processing /home/airflow/.local/lib/python3.8/site-packages/airflow/example_dags/plugins/workday.py took 0.345 seconds
[2025-12-24T20:28:30.833+0000] {processor.py:161} INFO - Started process (PID=33220) to work on /home/airflow/.local/lib/python3.8/site-packages/airflow/example_dags/plugins/workday.py
[2025-12-24T20:28:30.836+0000] {processor.py:830} INFO - Processing file /home/airflow/.local/lib/python3.8/site-packages/airflow/example_dags/plugins/workday.py for tasks to queue
[2025-12-24T20:28:30.838+0000] {logging_mixin.py:188} INFO - [2025-12-24T20:28:30.837+0000] {dagbag.py:538} INFO - Filling up the DagBag from /home/airflow/.local/lib/python3.8/site-packages/airflow/example_dags/plugins/workday.py
[2025-12-24T20:28:31.185+0000] {processor.py:842} WARNING - No viable dags retrieved from /home/airflow/.local/lib/python3.8/site-packages/airflow/example_dags/plugins/workday.py
[2025-12-24T20:28:31.203+0000] {processor.py:183} INFO - Processing /home/airflow/.local/lib/python3.8/site-packages/airflow/example_dags/plugins/workday.py took 0.374 seconds
[2025-12-24T20:29:02.144+0000] {processor.py:161} INFO - Started process (PID=33279) to work on /home/airflow/.local/lib/python3.8/site-packages/airflow/example_dags/plugins/workday.py
[2025-12-24T20:29:02.145+0000] {processor.py:830} INFO - Processing file /home/airflow/.local/lib/python3.8/site-packages/airflow/example_dags/plugins/workday.py for tasks to queue
[2025-12-24T20:29:02.146+0000] {logging_mixin.py:188} INFO - [2025-12-24T20:29:02.146+0000] {dagbag.py:538} INFO - Filling up the DagBag from /home/airflow/.local/lib/python3.8/site-packages/airflow/example_dags/plugins/workday.py
[2025-12-24T20:29:02.409+0000] {processor.py:842} WARNING - No viable dags retrieved from /home/airflow/.local/lib/python3.8/site-packages/airflow/example_dags/plugins/workday.py
[2025-12-24T20:29:02.424+0000] {processor.py:183} INFO - Processing /home/airflow/.local/lib/python3.8/site-packages/airflow/example_dags/plugins/workday.py took 0.284 seconds
[2025-12-24T20:29:32.657+0000] {processor.py:161} INFO - Started process (PID=33336) to work on /home/airflow/.local/lib/python3.8/site-packages/airflow/example_dags/plugins/workday.py
[2025-12-24T20:29:32.658+0000] {processor.py:830} INFO - Processing file /home/airflow/.local/lib/python3.8/site-packages/airflow/example_dags/plugins/workday.py for tasks to queue
[2025-12-24T20:29:32.659+0000] {logging_mixin.py:188} INFO - [2025-12-24T20:29:32.659+0000] {dagbag.py:538} INFO - Filling up the DagBag from /home/airflow/.local/lib/python3.8/site-packages/airflow/example_dags/plugins/workday.py
[2025-12-24T20:29:32.911+0000] {processor.py:842} WARNING - No viable dags retrieved from /home/airflow/.local/lib/python3.8/site-packages/airflow/example_dags/plugins/workday.py
[2025-12-24T20:29:32.929+0000] {processor.py:183} INFO - Processing /home/airflow/.local/lib/python3.8/site-packages/airflow/example_dags/plugins/workday.py took 0.276 seconds
[2025-12-24T20:30:03.499+0000] {processor.py:161} INFO - Started process (PID=33395) to work on /home/airflow/.local/lib/python3.8/site-packages/airflow/example_dags/plugins/workday.py
[2025-12-24T20:30:03.500+0000] {processor.py:830} INFO - Processing file /home/airflow/.local/lib/python3.8/site-packages/airflow/example_dags/plugins/workday.py for tasks to queue
[2025-12-24T20:30:03.501+0000] {logging_mixin.py:188} INFO - [2025-12-24T20:30:03.501+0000] {dagbag.py:538} INFO - Filling up the DagBag from /home/airflow/.local/lib/python3.8/site-packages/airflow/example_dags/plugins/workday.py
[2025-12-24T20:30:03.760+0000] {processor.py:842} WARNING - No viable dags retrieved from /home/airflow/.local/lib/python3.8/site-packages/airflow/example_dags/plugins/workday.py
[2025-12-24T20:30:03.775+0000] {processor.py:183} INFO - Processing /home/airflow/.local/lib/python3.8/site-packages/airflow/example_dags/plugins/workday.py took 0.281 seconds
[2025-12-24T20:30:33.849+0000] {processor.py:161} INFO - Started process (PID=33452) to work on /home/airflow/.local/lib/python3.8/site-packages/airflow/example_dags/plugins/workday.py
[2025-12-24T20:30:33.850+0000] {processor.py:830} INFO - Processing file /home/airflow/.local/lib/python3.8/site-packages/airflow/example_dags/plugins/workday.py for tasks to queue
[2025-12-24T20:30:33.851+0000] {logging_mixin.py:188} INFO - [2025-12-24T20:30:33.851+0000] {dagbag.py:538} INFO - Filling up the DagBag from /home/airflow/.local/lib/python3.8/site-packages/airflow/example_dags/plugins/workday.py
[2025-12-24T20:30:34.262+0000] {processor.py:842} WARNING - No viable dags retrieved from /home/airflow/.local/lib/python3.8/site-packages/airflow/example_dags/plugins/workday.py
[2025-12-24T20:30:34.275+0000] {processor.py:183} INFO - Processing /home/airflow/.local/lib/python3.8/site-packages/airflow/example_dags/plugins/workday.py took 0.430 seconds
[2025-12-24T20:31:04.964+0000] {processor.py:161} INFO - Started process (PID=33509) to work on /home/airflow/.local/lib/python3.8/site-packages/airflow/example_dags/plugins/workday.py
[2025-12-24T20:31:04.966+0000] {processor.py:830} INFO - Processing file /home/airflow/.local/lib/python3.8/site-packages/airflow/example_dags/plugins/workday.py for tasks to queue
[2025-12-24T20:31:04.967+0000] {logging_mixin.py:188} INFO - [2025-12-24T20:31:04.967+0000] {dagbag.py:538} INFO - Filling up the DagBag from /home/airflow/.local/lib/python3.8/site-packages/airflow/example_dags/plugins/workday.py
[2025-12-24T20:31:05.358+0000] {processor.py:842} WARNING - No viable dags retrieved from /home/airflow/.local/lib/python3.8/site-packages/airflow/example_dags/plugins/workday.py
[2025-12-24T20:31:05.370+0000] {processor.py:183} INFO - Processing /home/airflow/.local/lib/python3.8/site-packages/airflow/example_dags/plugins/workday.py took 0.410 seconds
[2025-12-24T20:31:36.156+0000] {processor.py:161} INFO - Started process (PID=33568) to work on /home/airflow/.local/lib/python3.8/site-packages/airflow/example_dags/plugins/workday.py
[2025-12-24T20:31:36.157+0000] {processor.py:830} INFO - Processing file /home/airflow/.local/lib/python3.8/site-packages/airflow/example_dags/plugins/workday.py for tasks to queue
[2025-12-24T20:31:36.158+0000] {logging_mixin.py:188} INFO - [2025-12-24T20:31:36.158+0000] {dagbag.py:538} INFO - Filling up the DagBag from /home/airflow/.local/lib/python3.8/site-packages/airflow/example_dags/plugins/workday.py
[2025-12-24T20:31:36.544+0000] {processor.py:842} WARNING - No viable dags retrieved from /home/airflow/.local/lib/python3.8/site-packages/airflow/example_dags/plugins/workday.py
[2025-12-24T20:31:36.557+0000] {processor.py:183} INFO - Processing /home/airflow/.local/lib/python3.8/site-packages/airflow/example_dags/plugins/workday.py took 0.405 seconds
[2025-12-24T20:32:06.719+0000] {processor.py:161} INFO - Started process (PID=33625) to work on /home/airflow/.local/lib/python3.8/site-packages/airflow/example_dags/plugins/workday.py
[2025-12-24T20:32:06.721+0000] {processor.py:830} INFO - Processing file /home/airflow/.local/lib/python3.8/site-packages/airflow/example_dags/plugins/workday.py for tasks to queue
[2025-12-24T20:32:06.723+0000] {logging_mixin.py:188} INFO - [2025-12-24T20:32:06.722+0000] {dagbag.py:538} INFO - Filling up the DagBag from /home/airflow/.local/lib/python3.8/site-packages/airflow/example_dags/plugins/workday.py
[2025-12-24T20:32:07.152+0000] {processor.py:842} WARNING - No viable dags retrieved from /home/airflow/.local/lib/python3.8/site-packages/airflow/example_dags/plugins/workday.py
[2025-12-24T20:32:07.165+0000] {processor.py:183} INFO - Processing /home/airflow/.local/lib/python3.8/site-packages/airflow/example_dags/plugins/workday.py took 0.450 seconds
[2025-12-24T20:32:37.373+0000] {processor.py:161} INFO - Started process (PID=33682) to work on /home/airflow/.local/lib/python3.8/site-packages/airflow/example_dags/plugins/workday.py
[2025-12-24T20:32:37.374+0000] {processor.py:830} INFO - Processing file /home/airflow/.local/lib/python3.8/site-packages/airflow/example_dags/plugins/workday.py for tasks to queue
[2025-12-24T20:32:37.375+0000] {logging_mixin.py:188} INFO - [2025-12-24T20:32:37.374+0000] {dagbag.py:538} INFO - Filling up the DagBag from /home/airflow/.local/lib/python3.8/site-packages/airflow/example_dags/plugins/workday.py
[2025-12-24T20:32:37.747+0000] {processor.py:842} WARNING - No viable dags retrieved from /home/airflow/.local/lib/python3.8/site-packages/airflow/example_dags/plugins/workday.py
[2025-12-24T20:32:37.760+0000] {processor.py:183} INFO - Processing /home/airflow/.local/lib/python3.8/site-packages/airflow/example_dags/plugins/workday.py took 0.391 seconds
[2025-12-24T20:33:08.733+0000] {processor.py:161} INFO - Started process (PID=33740) to work on /home/airflow/.local/lib/python3.8/site-packages/airflow/example_dags/plugins/workday.py
[2025-12-24T20:33:08.739+0000] {processor.py:830} INFO - Processing file /home/airflow/.local/lib/python3.8/site-packages/airflow/example_dags/plugins/workday.py for tasks to queue
[2025-12-24T20:33:08.740+0000] {logging_mixin.py:188} INFO - [2025-12-24T20:33:08.740+0000] {dagbag.py:538} INFO - Filling up the DagBag from /home/airflow/.local/lib/python3.8/site-packages/airflow/example_dags/plugins/workday.py
[2025-12-24T20:33:09.151+0000] {processor.py:842} WARNING - No viable dags retrieved from /home/airflow/.local/lib/python3.8/site-packages/airflow/example_dags/plugins/workday.py
[2025-12-24T20:33:09.162+0000] {processor.py:183} INFO - Processing /home/airflow/.local/lib/python3.8/site-packages/airflow/example_dags/plugins/workday.py took 0.433 seconds
[2025-12-24T20:33:39.258+0000] {processor.py:161} INFO - Started process (PID=33797) to work on /home/airflow/.local/lib/python3.8/site-packages/airflow/example_dags/plugins/workday.py
[2025-12-24T20:33:39.259+0000] {processor.py:830} INFO - Processing file /home/airflow/.local/lib/python3.8/site-packages/airflow/example_dags/plugins/workday.py for tasks to queue
[2025-12-24T20:33:39.260+0000] {logging_mixin.py:188} INFO - [2025-12-24T20:33:39.260+0000] {dagbag.py:538} INFO - Filling up the DagBag from /home/airflow/.local/lib/python3.8/site-packages/airflow/example_dags/plugins/workday.py
[2025-12-24T20:33:39.703+0000] {processor.py:842} WARNING - No viable dags retrieved from /home/airflow/.local/lib/python3.8/site-packages/airflow/example_dags/plugins/workday.py
[2025-12-24T20:33:39.715+0000] {processor.py:183} INFO - Processing /home/airflow/.local/lib/python3.8/site-packages/airflow/example_dags/plugins/workday.py took 0.461 seconds
[2025-12-24T20:34:10.076+0000] {processor.py:161} INFO - Started process (PID=33854) to work on /home/airflow/.local/lib/python3.8/site-packages/airflow/example_dags/plugins/workday.py
[2025-12-24T20:34:10.077+0000] {processor.py:830} INFO - Processing file /home/airflow/.local/lib/python3.8/site-packages/airflow/example_dags/plugins/workday.py for tasks to queue
[2025-12-24T20:34:10.078+0000] {logging_mixin.py:188} INFO - [2025-12-24T20:34:10.078+0000] {dagbag.py:538} INFO - Filling up the DagBag from /home/airflow/.local/lib/python3.8/site-packages/airflow/example_dags/plugins/workday.py
[2025-12-24T20:34:10.518+0000] {processor.py:842} WARNING - No viable dags retrieved from /home/airflow/.local/lib/python3.8/site-packages/airflow/example_dags/plugins/workday.py
[2025-12-24T20:34:10.532+0000] {processor.py:183} INFO - Processing /home/airflow/.local/lib/python3.8/site-packages/airflow/example_dags/plugins/workday.py took 0.460 seconds
[2025-12-24T20:34:40.622+0000] {processor.py:161} INFO - Started process (PID=33911) to work on /home/airflow/.local/lib/python3.8/site-packages/airflow/example_dags/plugins/workday.py
[2025-12-24T20:34:40.624+0000] {processor.py:830} INFO - Processing file /home/airflow/.local/lib/python3.8/site-packages/airflow/example_dags/plugins/workday.py for tasks to queue
[2025-12-24T20:34:40.625+0000] {logging_mixin.py:188} INFO - [2025-12-24T20:34:40.625+0000] {dagbag.py:538} INFO - Filling up the DagBag from /home/airflow/.local/lib/python3.8/site-packages/airflow/example_dags/plugins/workday.py
[2025-12-24T20:34:41.218+0000] {processor.py:842} WARNING - No viable dags retrieved from /home/airflow/.local/lib/python3.8/site-packages/airflow/example_dags/plugins/workday.py
[2025-12-24T20:34:41.231+0000] {processor.py:183} INFO - Processing /home/airflow/.local/lib/python3.8/site-packages/airflow/example_dags/plugins/workday.py took 0.618 seconds
[2025-12-24T20:35:11.363+0000] {processor.py:161} INFO - Started process (PID=33968) to work on /home/airflow/.local/lib/python3.8/site-packages/airflow/example_dags/plugins/workday.py
[2025-12-24T20:35:11.364+0000] {processor.py:830} INFO - Processing file /home/airflow/.local/lib/python3.8/site-packages/airflow/example_dags/plugins/workday.py for tasks to queue
[2025-12-24T20:35:11.365+0000] {logging_mixin.py:188} INFO - [2025-12-24T20:35:11.364+0000] {dagbag.py:538} INFO - Filling up the DagBag from /home/airflow/.local/lib/python3.8/site-packages/airflow/example_dags/plugins/workday.py
[2025-12-24T20:35:11.798+0000] {processor.py:842} WARNING - No viable dags retrieved from /home/airflow/.local/lib/python3.8/site-packages/airflow/example_dags/plugins/workday.py
[2025-12-24T20:35:11.812+0000] {processor.py:183} INFO - Processing /home/airflow/.local/lib/python3.8/site-packages/airflow/example_dags/plugins/workday.py took 0.453 seconds
[2025-12-24T20:35:42.608+0000] {processor.py:161} INFO - Started process (PID=34025) to work on /home/airflow/.local/lib/python3.8/site-packages/airflow/example_dags/plugins/workday.py
[2025-12-24T20:35:42.610+0000] {processor.py:830} INFO - Processing file /home/airflow/.local/lib/python3.8/site-packages/airflow/example_dags/plugins/workday.py for tasks to queue
[2025-12-24T20:35:42.611+0000] {logging_mixin.py:188} INFO - [2025-12-24T20:35:42.611+0000] {dagbag.py:538} INFO - Filling up the DagBag from /home/airflow/.local/lib/python3.8/site-packages/airflow/example_dags/plugins/workday.py
[2025-12-24T20:35:42.988+0000] {processor.py:842} WARNING - No viable dags retrieved from /home/airflow/.local/lib/python3.8/site-packages/airflow/example_dags/plugins/workday.py
[2025-12-24T20:35:42.999+0000] {processor.py:183} INFO - Processing /home/airflow/.local/lib/python3.8/site-packages/airflow/example_dags/plugins/workday.py took 0.394 seconds
[2025-12-24T20:36:13.196+0000] {processor.py:161} INFO - Started process (PID=34083) to work on /home/airflow/.local/lib/python3.8/site-packages/airflow/example_dags/plugins/workday.py
[2025-12-24T20:36:13.197+0000] {processor.py:830} INFO - Processing file /home/airflow/.local/lib/python3.8/site-packages/airflow/example_dags/plugins/workday.py for tasks to queue
[2025-12-24T20:36:13.199+0000] {logging_mixin.py:188} INFO - [2025-12-24T20:36:13.198+0000] {dagbag.py:538} INFO - Filling up the DagBag from /home/airflow/.local/lib/python3.8/site-packages/airflow/example_dags/plugins/workday.py
[2025-12-24T20:36:13.604+0000] {processor.py:842} WARNING - No viable dags retrieved from /home/airflow/.local/lib/python3.8/site-packages/airflow/example_dags/plugins/workday.py
[2025-12-24T20:36:13.617+0000] {processor.py:183} INFO - Processing /home/airflow/.local/lib/python3.8/site-packages/airflow/example_dags/plugins/workday.py took 0.425 seconds
[2025-12-24T20:36:43.716+0000] {processor.py:161} INFO - Started process (PID=34140) to work on /home/airflow/.local/lib/python3.8/site-packages/airflow/example_dags/plugins/workday.py
[2025-12-24T20:36:43.717+0000] {processor.py:830} INFO - Processing file /home/airflow/.local/lib/python3.8/site-packages/airflow/example_dags/plugins/workday.py for tasks to queue
[2025-12-24T20:36:43.718+0000] {logging_mixin.py:188} INFO - [2025-12-24T20:36:43.718+0000] {dagbag.py:538} INFO - Filling up the DagBag from /home/airflow/.local/lib/python3.8/site-packages/airflow/example_dags/plugins/workday.py
[2025-12-24T20:36:44.113+0000] {processor.py:842} WARNING - No viable dags retrieved from /home/airflow/.local/lib/python3.8/site-packages/airflow/example_dags/plugins/workday.py
[2025-12-24T20:36:44.125+0000] {processor.py:183} INFO - Processing /home/airflow/.local/lib/python3.8/site-packages/airflow/example_dags/plugins/workday.py took 0.414 seconds
[2025-12-24T20:37:14.356+0000] {processor.py:161} INFO - Started process (PID=34197) to work on /home/airflow/.local/lib/python3.8/site-packages/airflow/example_dags/plugins/workday.py
[2025-12-24T20:37:14.357+0000] {processor.py:830} INFO - Processing file /home/airflow/.local/lib/python3.8/site-packages/airflow/example_dags/plugins/workday.py for tasks to queue
[2025-12-24T20:37:14.358+0000] {logging_mixin.py:188} INFO - [2025-12-24T20:37:14.358+0000] {dagbag.py:538} INFO - Filling up the DagBag from /home/airflow/.local/lib/python3.8/site-packages/airflow/example_dags/plugins/workday.py
[2025-12-24T20:37:14.731+0000] {processor.py:842} WARNING - No viable dags retrieved from /home/airflow/.local/lib/python3.8/site-packages/airflow/example_dags/plugins/workday.py
[2025-12-24T20:37:14.744+0000] {processor.py:183} INFO - Processing /home/airflow/.local/lib/python3.8/site-packages/airflow/example_dags/plugins/workday.py took 0.392 seconds
[2025-12-24T20:37:45.089+0000] {processor.py:161} INFO - Started process (PID=34254) to work on /home/airflow/.local/lib/python3.8/site-packages/airflow/example_dags/plugins/workday.py
[2025-12-24T20:37:45.091+0000] {processor.py:830} INFO - Processing file /home/airflow/.local/lib/python3.8/site-packages/airflow/example_dags/plugins/workday.py for tasks to queue
[2025-12-24T20:37:45.092+0000] {logging_mixin.py:188} INFO - [2025-12-24T20:37:45.091+0000] {dagbag.py:538} INFO - Filling up the DagBag from /home/airflow/.local/lib/python3.8/site-packages/airflow/example_dags/plugins/workday.py
[2025-12-24T20:37:45.597+0000] {processor.py:842} WARNING - No viable dags retrieved from /home/airflow/.local/lib/python3.8/site-packages/airflow/example_dags/plugins/workday.py
[2025-12-24T20:37:45.609+0000] {processor.py:183} INFO - Processing /home/airflow/.local/lib/python3.8/site-packages/airflow/example_dags/plugins/workday.py took 0.524 seconds
[2025-12-24T20:38:15.740+0000] {processor.py:161} INFO - Started process (PID=34311) to work on /home/airflow/.local/lib/python3.8/site-packages/airflow/example_dags/plugins/workday.py
[2025-12-24T20:38:15.741+0000] {processor.py:830} INFO - Processing file /home/airflow/.local/lib/python3.8/site-packages/airflow/example_dags/plugins/workday.py for tasks to queue
[2025-12-24T20:38:15.742+0000] {logging_mixin.py:188} INFO - [2025-12-24T20:38:15.742+0000] {dagbag.py:538} INFO - Filling up the DagBag from /home/airflow/.local/lib/python3.8/site-packages/airflow/example_dags/plugins/workday.py
[2025-12-24T20:38:16.183+0000] {processor.py:842} WARNING - No viable dags retrieved from /home/airflow/.local/lib/python3.8/site-packages/airflow/example_dags/plugins/workday.py
[2025-12-24T20:38:16.201+0000] {processor.py:183} INFO - Processing /home/airflow/.local/lib/python3.8/site-packages/airflow/example_dags/plugins/workday.py took 0.465 seconds
[2025-12-24T20:38:46.495+0000] {processor.py:161} INFO - Started process (PID=34368) to work on /home/airflow/.local/lib/python3.8/site-packages/airflow/example_dags/plugins/workday.py
[2025-12-24T20:38:46.496+0000] {processor.py:830} INFO - Processing file /home/airflow/.local/lib/python3.8/site-packages/airflow/example_dags/plugins/workday.py for tasks to queue
[2025-12-24T20:38:46.498+0000] {logging_mixin.py:188} INFO - [2025-12-24T20:38:46.497+0000] {dagbag.py:538} INFO - Filling up the DagBag from /home/airflow/.local/lib/python3.8/site-packages/airflow/example_dags/plugins/workday.py
[2025-12-24T20:38:46.890+0000] {processor.py:842} WARNING - No viable dags retrieved from /home/airflow/.local/lib/python3.8/site-packages/airflow/example_dags/plugins/workday.py
[2025-12-24T20:38:46.901+0000] {processor.py:183} INFO - Processing /home/airflow/.local/lib/python3.8/site-packages/airflow/example_dags/plugins/workday.py took 0.410 seconds
[2025-12-24T20:39:16.956+0000] {processor.py:161} INFO - Started process (PID=34425) to work on /home/airflow/.local/lib/python3.8/site-packages/airflow/example_dags/plugins/workday.py
[2025-12-24T20:39:16.957+0000] {processor.py:830} INFO - Processing file /home/airflow/.local/lib/python3.8/site-packages/airflow/example_dags/plugins/workday.py for tasks to queue
[2025-12-24T20:39:16.958+0000] {logging_mixin.py:188} INFO - [2025-12-24T20:39:16.958+0000] {dagbag.py:538} INFO - Filling up the DagBag from /home/airflow/.local/lib/python3.8/site-packages/airflow/example_dags/plugins/workday.py
[2025-12-24T20:39:17.414+0000] {processor.py:842} WARNING - No viable dags retrieved from /home/airflow/.local/lib/python3.8/site-packages/airflow/example_dags/plugins/workday.py
[2025-12-24T20:39:17.427+0000] {processor.py:183} INFO - Processing /home/airflow/.local/lib/python3.8/site-packages/airflow/example_dags/plugins/workday.py took 0.475 seconds
[2025-12-24T20:39:47.719+0000] {processor.py:161} INFO - Started process (PID=34482) to work on /home/airflow/.local/lib/python3.8/site-packages/airflow/example_dags/plugins/workday.py
[2025-12-24T20:39:47.720+0000] {processor.py:830} INFO - Processing file /home/airflow/.local/lib/python3.8/site-packages/airflow/example_dags/plugins/workday.py for tasks to queue
[2025-12-24T20:39:47.721+0000] {logging_mixin.py:188} INFO - [2025-12-24T20:39:47.721+0000] {dagbag.py:538} INFO - Filling up the DagBag from /home/airflow/.local/lib/python3.8/site-packages/airflow/example_dags/plugins/workday.py
[2025-12-24T20:39:48.108+0000] {processor.py:842} WARNING - No viable dags retrieved from /home/airflow/.local/lib/python3.8/site-packages/airflow/example_dags/plugins/workday.py
[2025-12-24T20:39:48.119+0000] {processor.py:183} INFO - Processing /home/airflow/.local/lib/python3.8/site-packages/airflow/example_dags/plugins/workday.py took 0.404 seconds
[2025-12-24T20:40:18.287+0000] {processor.py:161} INFO - Started process (PID=34539) to work on /home/airflow/.local/lib/python3.8/site-packages/airflow/example_dags/plugins/workday.py
[2025-12-24T20:40:18.289+0000] {processor.py:830} INFO - Processing file /home/airflow/.local/lib/python3.8/site-packages/airflow/example_dags/plugins/workday.py for tasks to queue
[2025-12-24T20:40:18.290+0000] {logging_mixin.py:188} INFO - [2025-12-24T20:40:18.289+0000] {dagbag.py:538} INFO - Filling up the DagBag from /home/airflow/.local/lib/python3.8/site-packages/airflow/example_dags/plugins/workday.py
[2025-12-24T20:40:18.664+0000] {processor.py:842} WARNING - No viable dags retrieved from /home/airflow/.local/lib/python3.8/site-packages/airflow/example_dags/plugins/workday.py
[2025-12-24T20:40:18.676+0000] {processor.py:183} INFO - Processing /home/airflow/.local/lib/python3.8/site-packages/airflow/example_dags/plugins/workday.py took 0.392 seconds
[2025-12-24T20:40:48.858+0000] {processor.py:161} INFO - Started process (PID=34596) to work on /home/airflow/.local/lib/python3.8/site-packages/airflow/example_dags/plugins/workday.py
[2025-12-24T20:40:48.859+0000] {processor.py:830} INFO - Processing file /home/airflow/.local/lib/python3.8/site-packages/airflow/example_dags/plugins/workday.py for tasks to queue
[2025-12-24T20:40:48.860+0000] {logging_mixin.py:188} INFO - [2025-12-24T20:40:48.860+0000] {dagbag.py:538} INFO - Filling up the DagBag from /home/airflow/.local/lib/python3.8/site-packages/airflow/example_dags/plugins/workday.py
[2025-12-24T20:40:49.235+0000] {processor.py:842} WARNING - No viable dags retrieved from /home/airflow/.local/lib/python3.8/site-packages/airflow/example_dags/plugins/workday.py
[2025-12-24T20:40:49.247+0000] {processor.py:183} INFO - Processing /home/airflow/.local/lib/python3.8/site-packages/airflow/example_dags/plugins/workday.py took 0.396 seconds
[2025-12-24T20:41:20.141+0000] {processor.py:161} INFO - Started process (PID=34655) to work on /home/airflow/.local/lib/python3.8/site-packages/airflow/example_dags/plugins/workday.py
[2025-12-24T20:41:20.145+0000] {processor.py:830} INFO - Processing file /home/airflow/.local/lib/python3.8/site-packages/airflow/example_dags/plugins/workday.py for tasks to queue
[2025-12-24T20:41:20.146+0000] {logging_mixin.py:188} INFO - [2025-12-24T20:41:20.145+0000] {dagbag.py:538} INFO - Filling up the DagBag from /home/airflow/.local/lib/python3.8/site-packages/airflow/example_dags/plugins/workday.py
[2025-12-24T20:41:20.549+0000] {processor.py:842} WARNING - No viable dags retrieved from /home/airflow/.local/lib/python3.8/site-packages/airflow/example_dags/plugins/workday.py
[2025-12-24T20:41:20.560+0000] {processor.py:183} INFO - Processing /home/airflow/.local/lib/python3.8/site-packages/airflow/example_dags/plugins/workday.py took 0.423 seconds
[2025-12-24T20:41:50.813+0000] {processor.py:161} INFO - Started process (PID=34716) to work on /home/airflow/.local/lib/python3.8/site-packages/airflow/example_dags/plugins/workday.py
[2025-12-24T20:41:50.815+0000] {processor.py:830} INFO - Processing file /home/airflow/.local/lib/python3.8/site-packages/airflow/example_dags/plugins/workday.py for tasks to queue
[2025-12-24T20:41:50.817+0000] {logging_mixin.py:188} INFO - [2025-12-24T20:41:50.816+0000] {dagbag.py:538} INFO - Filling up the DagBag from /home/airflow/.local/lib/python3.8/site-packages/airflow/example_dags/plugins/workday.py
[2025-12-24T20:41:51.180+0000] {processor.py:842} WARNING - No viable dags retrieved from /home/airflow/.local/lib/python3.8/site-packages/airflow/example_dags/plugins/workday.py
[2025-12-24T20:41:51.193+0000] {processor.py:183} INFO - Processing /home/airflow/.local/lib/python3.8/site-packages/airflow/example_dags/plugins/workday.py took 0.384 seconds
[2025-12-24T20:42:22.076+0000] {processor.py:161} INFO - Started process (PID=34773) to work on /home/airflow/.local/lib/python3.8/site-packages/airflow/example_dags/plugins/workday.py
[2025-12-24T20:42:22.077+0000] {processor.py:830} INFO - Processing file /home/airflow/.local/lib/python3.8/site-packages/airflow/example_dags/plugins/workday.py for tasks to queue
[2025-12-24T20:42:22.078+0000] {logging_mixin.py:188} INFO - [2025-12-24T20:42:22.078+0000] {dagbag.py:538} INFO - Filling up the DagBag from /home/airflow/.local/lib/python3.8/site-packages/airflow/example_dags/plugins/workday.py
[2025-12-24T20:42:22.457+0000] {processor.py:842} WARNING - No viable dags retrieved from /home/airflow/.local/lib/python3.8/site-packages/airflow/example_dags/plugins/workday.py
[2025-12-24T20:42:22.470+0000] {processor.py:183} INFO - Processing /home/airflow/.local/lib/python3.8/site-packages/airflow/example_dags/plugins/workday.py took 0.397 seconds
[2025-12-24T20:42:52.704+0000] {processor.py:161} INFO - Started process (PID=34830) to work on /home/airflow/.local/lib/python3.8/site-packages/airflow/example_dags/plugins/workday.py
[2025-12-24T20:42:52.706+0000] {processor.py:830} INFO - Processing file /home/airflow/.local/lib/python3.8/site-packages/airflow/example_dags/plugins/workday.py for tasks to queue
[2025-12-24T20:42:52.707+0000] {logging_mixin.py:188} INFO - [2025-12-24T20:42:52.707+0000] {dagbag.py:538} INFO - Filling up the DagBag from /home/airflow/.local/lib/python3.8/site-packages/airflow/example_dags/plugins/workday.py
[2025-12-24T20:42:53.099+0000] {processor.py:842} WARNING - No viable dags retrieved from /home/airflow/.local/lib/python3.8/site-packages/airflow/example_dags/plugins/workday.py
[2025-12-24T20:42:53.110+0000] {processor.py:183} INFO - Processing /home/airflow/.local/lib/python3.8/site-packages/airflow/example_dags/plugins/workday.py took 0.410 seconds
[2025-12-24T20:43:23.175+0000] {processor.py:161} INFO - Started process (PID=34887) to work on /home/airflow/.local/lib/python3.8/site-packages/airflow/example_dags/plugins/workday.py
[2025-12-24T20:43:23.176+0000] {processor.py:830} INFO - Processing file /home/airflow/.local/lib/python3.8/site-packages/airflow/example_dags/plugins/workday.py for tasks to queue
[2025-12-24T20:43:23.177+0000] {logging_mixin.py:188} INFO - [2025-12-24T20:43:23.177+0000] {dagbag.py:538} INFO - Filling up the DagBag from /home/airflow/.local/lib/python3.8/site-packages/airflow/example_dags/plugins/workday.py
[2025-12-24T20:43:23.594+0000] {processor.py:842} WARNING - No viable dags retrieved from /home/airflow/.local/lib/python3.8/site-packages/airflow/example_dags/plugins/workday.py
[2025-12-24T20:43:23.606+0000] {processor.py:183} INFO - Processing /home/airflow/.local/lib/python3.8/site-packages/airflow/example_dags/plugins/workday.py took 0.436 seconds
[2025-12-24T20:43:54.126+0000] {processor.py:161} INFO - Started process (PID=34944) to work on /home/airflow/.local/lib/python3.8/site-packages/airflow/example_dags/plugins/workday.py
[2025-12-24T20:43:54.127+0000] {processor.py:830} INFO - Processing file /home/airflow/.local/lib/python3.8/site-packages/airflow/example_dags/plugins/workday.py for tasks to queue
[2025-12-24T20:43:54.128+0000] {logging_mixin.py:188} INFO - [2025-12-24T20:43:54.128+0000] {dagbag.py:538} INFO - Filling up the DagBag from /home/airflow/.local/lib/python3.8/site-packages/airflow/example_dags/plugins/workday.py
[2025-12-24T20:43:54.555+0000] {processor.py:842} WARNING - No viable dags retrieved from /home/airflow/.local/lib/python3.8/site-packages/airflow/example_dags/plugins/workday.py
[2025-12-24T20:43:54.570+0000] {processor.py:183} INFO - Processing /home/airflow/.local/lib/python3.8/site-packages/airflow/example_dags/plugins/workday.py took 0.448 seconds
[2025-12-24T20:44:24.873+0000] {processor.py:161} INFO - Started process (PID=35003) to work on /home/airflow/.local/lib/python3.8/site-packages/airflow/example_dags/plugins/workday.py
[2025-12-24T20:44:24.875+0000] {processor.py:830} INFO - Processing file /home/airflow/.local/lib/python3.8/site-packages/airflow/example_dags/plugins/workday.py for tasks to queue
[2025-12-24T20:44:24.876+0000] {logging_mixin.py:188} INFO - [2025-12-24T20:44:24.876+0000] {dagbag.py:538} INFO - Filling up the DagBag from /home/airflow/.local/lib/python3.8/site-packages/airflow/example_dags/plugins/workday.py
[2025-12-24T20:44:25.274+0000] {processor.py:842} WARNING - No viable dags retrieved from /home/airflow/.local/lib/python3.8/site-packages/airflow/example_dags/plugins/workday.py
[2025-12-24T20:44:25.286+0000] {processor.py:183} INFO - Processing /home/airflow/.local/lib/python3.8/site-packages/airflow/example_dags/plugins/workday.py took 0.417 seconds
[2025-12-24T20:44:55.440+0000] {processor.py:161} INFO - Started process (PID=35061) to work on /home/airflow/.local/lib/python3.8/site-packages/airflow/example_dags/plugins/workday.py
[2025-12-24T20:44:55.441+0000] {processor.py:830} INFO - Processing file /home/airflow/.local/lib/python3.8/site-packages/airflow/example_dags/plugins/workday.py for tasks to queue
[2025-12-24T20:44:55.442+0000] {logging_mixin.py:188} INFO - [2025-12-24T20:44:55.442+0000] {dagbag.py:538} INFO - Filling up the DagBag from /home/airflow/.local/lib/python3.8/site-packages/airflow/example_dags/plugins/workday.py
[2025-12-24T20:44:55.878+0000] {processor.py:842} WARNING - No viable dags retrieved from /home/airflow/.local/lib/python3.8/site-packages/airflow/example_dags/plugins/workday.py
[2025-12-24T20:44:55.891+0000] {processor.py:183} INFO - Processing /home/airflow/.local/lib/python3.8/site-packages/airflow/example_dags/plugins/workday.py took 0.455 seconds
[2025-12-24T20:45:26.289+0000] {processor.py:161} INFO - Started process (PID=35118) to work on /home/airflow/.local/lib/python3.8/site-packages/airflow/example_dags/plugins/workday.py
[2025-12-24T20:45:26.291+0000] {processor.py:830} INFO - Processing file /home/airflow/.local/lib/python3.8/site-packages/airflow/example_dags/plugins/workday.py for tasks to queue
[2025-12-24T20:45:26.292+0000] {logging_mixin.py:188} INFO - [2025-12-24T20:45:26.292+0000] {dagbag.py:538} INFO - Filling up the DagBag from /home/airflow/.local/lib/python3.8/site-packages/airflow/example_dags/plugins/workday.py
[2025-12-24T20:45:26.672+0000] {processor.py:842} WARNING - No viable dags retrieved from /home/airflow/.local/lib/python3.8/site-packages/airflow/example_dags/plugins/workday.py
[2025-12-24T20:45:26.684+0000] {processor.py:183} INFO - Processing /home/airflow/.local/lib/python3.8/site-packages/airflow/example_dags/plugins/workday.py took 0.399 seconds
[2025-12-24T20:45:56.985+0000] {processor.py:161} INFO - Started process (PID=35175) to work on /home/airflow/.local/lib/python3.8/site-packages/airflow/example_dags/plugins/workday.py
[2025-12-24T20:45:56.986+0000] {processor.py:830} INFO - Processing file /home/airflow/.local/lib/python3.8/site-packages/airflow/example_dags/plugins/workday.py for tasks to queue
[2025-12-24T20:45:56.988+0000] {logging_mixin.py:188} INFO - [2025-12-24T20:45:56.987+0000] {dagbag.py:538} INFO - Filling up the DagBag from /home/airflow/.local/lib/python3.8/site-packages/airflow/example_dags/plugins/workday.py
[2025-12-24T20:45:57.431+0000] {processor.py:842} WARNING - No viable dags retrieved from /home/airflow/.local/lib/python3.8/site-packages/airflow/example_dags/plugins/workday.py
[2025-12-24T20:45:57.444+0000] {processor.py:183} INFO - Processing /home/airflow/.local/lib/python3.8/site-packages/airflow/example_dags/plugins/workday.py took 0.463 seconds
[2025-12-24T20:46:27.499+0000] {processor.py:161} INFO - Started process (PID=35232) to work on /home/airflow/.local/lib/python3.8/site-packages/airflow/example_dags/plugins/workday.py
[2025-12-24T20:46:27.500+0000] {processor.py:830} INFO - Processing file /home/airflow/.local/lib/python3.8/site-packages/airflow/example_dags/plugins/workday.py for tasks to queue
[2025-12-24T20:46:27.501+0000] {logging_mixin.py:188} INFO - [2025-12-24T20:46:27.501+0000] {dagbag.py:538} INFO - Filling up the DagBag from /home/airflow/.local/lib/python3.8/site-packages/airflow/example_dags/plugins/workday.py
[2025-12-24T20:46:27.905+0000] {processor.py:842} WARNING - No viable dags retrieved from /home/airflow/.local/lib/python3.8/site-packages/airflow/example_dags/plugins/workday.py
[2025-12-24T20:46:27.918+0000] {processor.py:183} INFO - Processing /home/airflow/.local/lib/python3.8/site-packages/airflow/example_dags/plugins/workday.py took 0.424 seconds
[2025-12-24T20:46:58.183+0000] {processor.py:161} INFO - Started process (PID=35289) to work on /home/airflow/.local/lib/python3.8/site-packages/airflow/example_dags/plugins/workday.py
[2025-12-24T20:46:58.184+0000] {processor.py:830} INFO - Processing file /home/airflow/.local/lib/python3.8/site-packages/airflow/example_dags/plugins/workday.py for tasks to queue
[2025-12-24T20:46:58.185+0000] {logging_mixin.py:188} INFO - [2025-12-24T20:46:58.185+0000] {dagbag.py:538} INFO - Filling up the DagBag from /home/airflow/.local/lib/python3.8/site-packages/airflow/example_dags/plugins/workday.py
[2025-12-24T20:46:58.551+0000] {processor.py:842} WARNING - No viable dags retrieved from /home/airflow/.local/lib/python3.8/site-packages/airflow/example_dags/plugins/workday.py
[2025-12-24T20:46:58.562+0000] {processor.py:183} INFO - Processing /home/airflow/.local/lib/python3.8/site-packages/airflow/example_dags/plugins/workday.py took 0.383 seconds
[2025-12-24T20:47:28.864+0000] {processor.py:161} INFO - Started process (PID=35346) to work on /home/airflow/.local/lib/python3.8/site-packages/airflow/example_dags/plugins/workday.py
[2025-12-24T20:47:28.865+0000] {processor.py:830} INFO - Processing file /home/airflow/.local/lib/python3.8/site-packages/airflow/example_dags/plugins/workday.py for tasks to queue
[2025-12-24T20:47:28.866+0000] {logging_mixin.py:188} INFO - [2025-12-24T20:47:28.866+0000] {dagbag.py:538} INFO - Filling up the DagBag from /home/airflow/.local/lib/python3.8/site-packages/airflow/example_dags/plugins/workday.py
[2025-12-24T20:47:29.314+0000] {processor.py:842} WARNING - No viable dags retrieved from /home/airflow/.local/lib/python3.8/site-packages/airflow/example_dags/plugins/workday.py
[2025-12-24T20:47:29.327+0000] {processor.py:183} INFO - Processing /home/airflow/.local/lib/python3.8/site-packages/airflow/example_dags/plugins/workday.py took 0.468 seconds
[2025-12-24T20:47:59.492+0000] {processor.py:161} INFO - Started process (PID=35403) to work on /home/airflow/.local/lib/python3.8/site-packages/airflow/example_dags/plugins/workday.py
[2025-12-24T20:47:59.494+0000] {processor.py:830} INFO - Processing file /home/airflow/.local/lib/python3.8/site-packages/airflow/example_dags/plugins/workday.py for tasks to queue
[2025-12-24T20:47:59.495+0000] {logging_mixin.py:188} INFO - [2025-12-24T20:47:59.495+0000] {dagbag.py:538} INFO - Filling up the DagBag from /home/airflow/.local/lib/python3.8/site-packages/airflow/example_dags/plugins/workday.py
[2025-12-24T20:47:59.920+0000] {processor.py:842} WARNING - No viable dags retrieved from /home/airflow/.local/lib/python3.8/site-packages/airflow/example_dags/plugins/workday.py
[2025-12-24T20:47:59.932+0000] {processor.py:183} INFO - Processing /home/airflow/.local/lib/python3.8/site-packages/airflow/example_dags/plugins/workday.py took 0.445 seconds
[2025-12-24T20:48:30.553+0000] {processor.py:161} INFO - Started process (PID=35466) to work on /home/airflow/.local/lib/python3.8/site-packages/airflow/example_dags/plugins/workday.py
[2025-12-24T20:48:30.555+0000] {processor.py:830} INFO - Processing file /home/airflow/.local/lib/python3.8/site-packages/airflow/example_dags/plugins/workday.py for tasks to queue
[2025-12-24T20:48:30.556+0000] {logging_mixin.py:188} INFO - [2025-12-24T20:48:30.555+0000] {dagbag.py:538} INFO - Filling up the DagBag from /home/airflow/.local/lib/python3.8/site-packages/airflow/example_dags/plugins/workday.py
[2025-12-24T20:48:31.003+0000] {processor.py:842} WARNING - No viable dags retrieved from /home/airflow/.local/lib/python3.8/site-packages/airflow/example_dags/plugins/workday.py
[2025-12-24T20:48:31.026+0000] {processor.py:183} INFO - Processing /home/airflow/.local/lib/python3.8/site-packages/airflow/example_dags/plugins/workday.py took 0.477 seconds
[2025-12-24T20:49:02.024+0000] {processor.py:161} INFO - Started process (PID=35527) to work on /home/airflow/.local/lib/python3.8/site-packages/airflow/example_dags/plugins/workday.py
[2025-12-24T20:49:02.025+0000] {processor.py:830} INFO - Processing file /home/airflow/.local/lib/python3.8/site-packages/airflow/example_dags/plugins/workday.py for tasks to queue
[2025-12-24T20:49:02.026+0000] {logging_mixin.py:188} INFO - [2025-12-24T20:49:02.026+0000] {dagbag.py:538} INFO - Filling up the DagBag from /home/airflow/.local/lib/python3.8/site-packages/airflow/example_dags/plugins/workday.py
[2025-12-24T20:49:02.464+0000] {processor.py:842} WARNING - No viable dags retrieved from /home/airflow/.local/lib/python3.8/site-packages/airflow/example_dags/plugins/workday.py
[2025-12-24T20:49:02.477+0000] {processor.py:183} INFO - Processing /home/airflow/.local/lib/python3.8/site-packages/airflow/example_dags/plugins/workday.py took 0.457 seconds
[2025-12-24T20:49:33.050+0000] {processor.py:161} INFO - Started process (PID=35585) to work on /home/airflow/.local/lib/python3.8/site-packages/airflow/example_dags/plugins/workday.py
[2025-12-24T20:49:33.052+0000] {processor.py:830} INFO - Processing file /home/airflow/.local/lib/python3.8/site-packages/airflow/example_dags/plugins/workday.py for tasks to queue
[2025-12-24T20:49:33.053+0000] {logging_mixin.py:188} INFO - [2025-12-24T20:49:33.052+0000] {dagbag.py:538} INFO - Filling up the DagBag from /home/airflow/.local/lib/python3.8/site-packages/airflow/example_dags/plugins/workday.py
[2025-12-24T20:49:33.443+0000] {processor.py:842} WARNING - No viable dags retrieved from /home/airflow/.local/lib/python3.8/site-packages/airflow/example_dags/plugins/workday.py
[2025-12-24T20:49:33.454+0000] {processor.py:183} INFO - Processing /home/airflow/.local/lib/python3.8/site-packages/airflow/example_dags/plugins/workday.py took 0.408 seconds
[2025-12-24T20:50:03.760+0000] {processor.py:161} INFO - Started process (PID=35643) to work on /home/airflow/.local/lib/python3.8/site-packages/airflow/example_dags/plugins/workday.py
[2025-12-24T20:50:03.761+0000] {processor.py:830} INFO - Processing file /home/airflow/.local/lib/python3.8/site-packages/airflow/example_dags/plugins/workday.py for tasks to queue
[2025-12-24T20:50:03.762+0000] {logging_mixin.py:188} INFO - [2025-12-24T20:50:03.762+0000] {dagbag.py:538} INFO - Filling up the DagBag from /home/airflow/.local/lib/python3.8/site-packages/airflow/example_dags/plugins/workday.py
[2025-12-24T20:50:04.116+0000] {processor.py:842} WARNING - No viable dags retrieved from /home/airflow/.local/lib/python3.8/site-packages/airflow/example_dags/plugins/workday.py
[2025-12-24T20:50:04.130+0000] {processor.py:183} INFO - Processing /home/airflow/.local/lib/python3.8/site-packages/airflow/example_dags/plugins/workday.py took 0.374 seconds
[2025-12-24T20:50:34.279+0000] {processor.py:161} INFO - Started process (PID=35700) to work on /home/airflow/.local/lib/python3.8/site-packages/airflow/example_dags/plugins/workday.py
[2025-12-24T20:50:34.280+0000] {processor.py:830} INFO - Processing file /home/airflow/.local/lib/python3.8/site-packages/airflow/example_dags/plugins/workday.py for tasks to queue
[2025-12-24T20:50:34.281+0000] {logging_mixin.py:188} INFO - [2025-12-24T20:50:34.280+0000] {dagbag.py:538} INFO - Filling up the DagBag from /home/airflow/.local/lib/python3.8/site-packages/airflow/example_dags/plugins/workday.py
[2025-12-24T20:50:34.630+0000] {processor.py:842} WARNING - No viable dags retrieved from /home/airflow/.local/lib/python3.8/site-packages/airflow/example_dags/plugins/workday.py
[2025-12-24T20:50:34.642+0000] {processor.py:183} INFO - Processing /home/airflow/.local/lib/python3.8/site-packages/airflow/example_dags/plugins/workday.py took 0.367 seconds
[2025-12-24T20:51:04.811+0000] {processor.py:161} INFO - Started process (PID=35757) to work on /home/airflow/.local/lib/python3.8/site-packages/airflow/example_dags/plugins/workday.py
[2025-12-24T20:51:04.812+0000] {processor.py:830} INFO - Processing file /home/airflow/.local/lib/python3.8/site-packages/airflow/example_dags/plugins/workday.py for tasks to queue
[2025-12-24T20:51:04.813+0000] {logging_mixin.py:188} INFO - [2025-12-24T20:51:04.813+0000] {dagbag.py:538} INFO - Filling up the DagBag from /home/airflow/.local/lib/python3.8/site-packages/airflow/example_dags/plugins/workday.py
[2025-12-24T20:51:05.183+0000] {processor.py:842} WARNING - No viable dags retrieved from /home/airflow/.local/lib/python3.8/site-packages/airflow/example_dags/plugins/workday.py
[2025-12-24T20:51:05.195+0000] {processor.py:183} INFO - Processing /home/airflow/.local/lib/python3.8/site-packages/airflow/example_dags/plugins/workday.py took 0.388 seconds
[2025-12-24T20:51:35.487+0000] {processor.py:161} INFO - Started process (PID=35814) to work on /home/airflow/.local/lib/python3.8/site-packages/airflow/example_dags/plugins/workday.py
[2025-12-24T20:51:35.488+0000] {processor.py:830} INFO - Processing file /home/airflow/.local/lib/python3.8/site-packages/airflow/example_dags/plugins/workday.py for tasks to queue
[2025-12-24T20:51:35.489+0000] {logging_mixin.py:188} INFO - [2025-12-24T20:51:35.489+0000] {dagbag.py:538} INFO - Filling up the DagBag from /home/airflow/.local/lib/python3.8/site-packages/airflow/example_dags/plugins/workday.py
[2025-12-24T20:51:35.868+0000] {processor.py:842} WARNING - No viable dags retrieved from /home/airflow/.local/lib/python3.8/site-packages/airflow/example_dags/plugins/workday.py
[2025-12-24T20:51:35.881+0000] {processor.py:183} INFO - Processing /home/airflow/.local/lib/python3.8/site-packages/airflow/example_dags/plugins/workday.py took 0.398 seconds
[2025-12-24T20:52:06.198+0000] {processor.py:161} INFO - Started process (PID=35871) to work on /home/airflow/.local/lib/python3.8/site-packages/airflow/example_dags/plugins/workday.py
[2025-12-24T20:52:06.200+0000] {processor.py:830} INFO - Processing file /home/airflow/.local/lib/python3.8/site-packages/airflow/example_dags/plugins/workday.py for tasks to queue
[2025-12-24T20:52:06.201+0000] {logging_mixin.py:188} INFO - [2025-12-24T20:52:06.200+0000] {dagbag.py:538} INFO - Filling up the DagBag from /home/airflow/.local/lib/python3.8/site-packages/airflow/example_dags/plugins/workday.py
[2025-12-24T20:52:06.743+0000] {processor.py:842} WARNING - No viable dags retrieved from /home/airflow/.local/lib/python3.8/site-packages/airflow/example_dags/plugins/workday.py
[2025-12-24T20:52:06.757+0000] {processor.py:183} INFO - Processing /home/airflow/.local/lib/python3.8/site-packages/airflow/example_dags/plugins/workday.py took 0.563 seconds
[2025-12-24T20:52:36.869+0000] {processor.py:161} INFO - Started process (PID=35928) to work on /home/airflow/.local/lib/python3.8/site-packages/airflow/example_dags/plugins/workday.py
[2025-12-24T20:52:36.870+0000] {processor.py:830} INFO - Processing file /home/airflow/.local/lib/python3.8/site-packages/airflow/example_dags/plugins/workday.py for tasks to queue
[2025-12-24T20:52:36.871+0000] {logging_mixin.py:188} INFO - [2025-12-24T20:52:36.871+0000] {dagbag.py:538} INFO - Filling up the DagBag from /home/airflow/.local/lib/python3.8/site-packages/airflow/example_dags/plugins/workday.py
[2025-12-24T20:52:37.223+0000] {processor.py:842} WARNING - No viable dags retrieved from /home/airflow/.local/lib/python3.8/site-packages/airflow/example_dags/plugins/workday.py
[2025-12-24T20:52:37.235+0000] {processor.py:183} INFO - Processing /home/airflow/.local/lib/python3.8/site-packages/airflow/example_dags/plugins/workday.py took 0.370 seconds
[2025-12-24T20:53:07.877+0000] {processor.py:161} INFO - Started process (PID=35985) to work on /home/airflow/.local/lib/python3.8/site-packages/airflow/example_dags/plugins/workday.py
[2025-12-24T20:53:07.878+0000] {processor.py:830} INFO - Processing file /home/airflow/.local/lib/python3.8/site-packages/airflow/example_dags/plugins/workday.py for tasks to queue
[2025-12-24T20:53:07.880+0000] {logging_mixin.py:188} INFO - [2025-12-24T20:53:07.879+0000] {dagbag.py:538} INFO - Filling up the DagBag from /home/airflow/.local/lib/python3.8/site-packages/airflow/example_dags/plugins/workday.py
[2025-12-24T20:53:08.323+0000] {processor.py:842} WARNING - No viable dags retrieved from /home/airflow/.local/lib/python3.8/site-packages/airflow/example_dags/plugins/workday.py
[2025-12-24T20:53:08.336+0000] {processor.py:183} INFO - Processing /home/airflow/.local/lib/python3.8/site-packages/airflow/example_dags/plugins/workday.py took 0.464 seconds
[2025-12-24T20:53:38.919+0000] {processor.py:161} INFO - Started process (PID=36044) to work on /home/airflow/.local/lib/python3.8/site-packages/airflow/example_dags/plugins/workday.py
[2025-12-24T20:53:38.921+0000] {processor.py:830} INFO - Processing file /home/airflow/.local/lib/python3.8/site-packages/airflow/example_dags/plugins/workday.py for tasks to queue
[2025-12-24T20:53:38.922+0000] {logging_mixin.py:188} INFO - [2025-12-24T20:53:38.922+0000] {dagbag.py:538} INFO - Filling up the DagBag from /home/airflow/.local/lib/python3.8/site-packages/airflow/example_dags/plugins/workday.py
[2025-12-24T20:53:39.297+0000] {processor.py:842} WARNING - No viable dags retrieved from /home/airflow/.local/lib/python3.8/site-packages/airflow/example_dags/plugins/workday.py
[2025-12-24T20:53:39.308+0000] {processor.py:183} INFO - Processing /home/airflow/.local/lib/python3.8/site-packages/airflow/example_dags/plugins/workday.py took 0.392 seconds
[2025-12-24T20:54:09.995+0000] {processor.py:161} INFO - Started process (PID=36101) to work on /home/airflow/.local/lib/python3.8/site-packages/airflow/example_dags/plugins/workday.py
[2025-12-24T20:54:09.996+0000] {processor.py:830} INFO - Processing file /home/airflow/.local/lib/python3.8/site-packages/airflow/example_dags/plugins/workday.py for tasks to queue
[2025-12-24T20:54:09.998+0000] {logging_mixin.py:188} INFO - [2025-12-24T20:54:09.997+0000] {dagbag.py:538} INFO - Filling up the DagBag from /home/airflow/.local/lib/python3.8/site-packages/airflow/example_dags/plugins/workday.py
[2025-12-24T20:54:10.445+0000] {processor.py:842} WARNING - No viable dags retrieved from /home/airflow/.local/lib/python3.8/site-packages/airflow/example_dags/plugins/workday.py
[2025-12-24T20:54:10.457+0000] {processor.py:183} INFO - Processing /home/airflow/.local/lib/python3.8/site-packages/airflow/example_dags/plugins/workday.py took 0.467 seconds
[2025-12-24T20:54:41.158+0000] {processor.py:161} INFO - Started process (PID=36161) to work on /home/airflow/.local/lib/python3.8/site-packages/airflow/example_dags/plugins/workday.py
[2025-12-24T20:54:41.160+0000] {processor.py:830} INFO - Processing file /home/airflow/.local/lib/python3.8/site-packages/airflow/example_dags/plugins/workday.py for tasks to queue
[2025-12-24T20:54:41.162+0000] {logging_mixin.py:188} INFO - [2025-12-24T20:54:41.161+0000] {dagbag.py:538} INFO - Filling up the DagBag from /home/airflow/.local/lib/python3.8/site-packages/airflow/example_dags/plugins/workday.py
[2025-12-24T20:54:41.511+0000] {processor.py:842} WARNING - No viable dags retrieved from /home/airflow/.local/lib/python3.8/site-packages/airflow/example_dags/plugins/workday.py
[2025-12-24T20:54:41.527+0000] {processor.py:183} INFO - Processing /home/airflow/.local/lib/python3.8/site-packages/airflow/example_dags/plugins/workday.py took 0.374 seconds
[2025-12-24T20:55:12.053+0000] {processor.py:161} INFO - Started process (PID=36221) to work on /home/airflow/.local/lib/python3.8/site-packages/airflow/example_dags/plugins/workday.py
[2025-12-24T20:55:12.054+0000] {processor.py:830} INFO - Processing file /home/airflow/.local/lib/python3.8/site-packages/airflow/example_dags/plugins/workday.py for tasks to queue
[2025-12-24T20:55:12.055+0000] {logging_mixin.py:188} INFO - [2025-12-24T20:55:12.055+0000] {dagbag.py:538} INFO - Filling up the DagBag from /home/airflow/.local/lib/python3.8/site-packages/airflow/example_dags/plugins/workday.py
[2025-12-24T20:55:12.312+0000] {processor.py:842} WARNING - No viable dags retrieved from /home/airflow/.local/lib/python3.8/site-packages/airflow/example_dags/plugins/workday.py
[2025-12-24T20:55:12.326+0000] {processor.py:183} INFO - Processing /home/airflow/.local/lib/python3.8/site-packages/airflow/example_dags/plugins/workday.py took 0.277 seconds
[2025-12-24T20:55:42.605+0000] {processor.py:161} INFO - Started process (PID=36278) to work on /home/airflow/.local/lib/python3.8/site-packages/airflow/example_dags/plugins/workday.py
[2025-12-24T20:55:42.606+0000] {processor.py:830} INFO - Processing file /home/airflow/.local/lib/python3.8/site-packages/airflow/example_dags/plugins/workday.py for tasks to queue
[2025-12-24T20:55:42.608+0000] {logging_mixin.py:188} INFO - [2025-12-24T20:55:42.607+0000] {dagbag.py:538} INFO - Filling up the DagBag from /home/airflow/.local/lib/python3.8/site-packages/airflow/example_dags/plugins/workday.py
[2025-12-24T20:55:42.875+0000] {processor.py:842} WARNING - No viable dags retrieved from /home/airflow/.local/lib/python3.8/site-packages/airflow/example_dags/plugins/workday.py
[2025-12-24T20:55:42.890+0000] {processor.py:183} INFO - Processing /home/airflow/.local/lib/python3.8/site-packages/airflow/example_dags/plugins/workday.py took 0.289 seconds
[2025-12-24T20:56:13.728+0000] {processor.py:161} INFO - Started process (PID=36335) to work on /home/airflow/.local/lib/python3.8/site-packages/airflow/example_dags/plugins/workday.py
[2025-12-24T20:56:13.729+0000] {processor.py:830} INFO - Processing file /home/airflow/.local/lib/python3.8/site-packages/airflow/example_dags/plugins/workday.py for tasks to queue
[2025-12-24T20:56:13.730+0000] {logging_mixin.py:188} INFO - [2025-12-24T20:56:13.730+0000] {dagbag.py:538} INFO - Filling up the DagBag from /home/airflow/.local/lib/python3.8/site-packages/airflow/example_dags/plugins/workday.py
[2025-12-24T20:56:14.004+0000] {processor.py:842} WARNING - No viable dags retrieved from /home/airflow/.local/lib/python3.8/site-packages/airflow/example_dags/plugins/workday.py
[2025-12-24T20:56:14.023+0000] {processor.py:183} INFO - Processing /home/airflow/.local/lib/python3.8/site-packages/airflow/example_dags/plugins/workday.py took 0.300 seconds
[2025-12-24T20:56:44.190+0000] {processor.py:161} INFO - Started process (PID=36392) to work on /home/airflow/.local/lib/python3.8/site-packages/airflow/example_dags/plugins/workday.py
[2025-12-24T20:56:44.194+0000] {processor.py:830} INFO - Processing file /home/airflow/.local/lib/python3.8/site-packages/airflow/example_dags/plugins/workday.py for tasks to queue
[2025-12-24T20:56:44.197+0000] {logging_mixin.py:188} INFO - [2025-12-24T20:56:44.196+0000] {dagbag.py:538} INFO - Filling up the DagBag from /home/airflow/.local/lib/python3.8/site-packages/airflow/example_dags/plugins/workday.py
[2025-12-24T20:56:44.750+0000] {processor.py:842} WARNING - No viable dags retrieved from /home/airflow/.local/lib/python3.8/site-packages/airflow/example_dags/plugins/workday.py
[2025-12-24T20:56:44.773+0000] {processor.py:183} INFO - Processing /home/airflow/.local/lib/python3.8/site-packages/airflow/example_dags/plugins/workday.py took 0.589 seconds
[2025-12-24T20:57:15.200+0000] {processor.py:161} INFO - Started process (PID=36451) to work on /home/airflow/.local/lib/python3.8/site-packages/airflow/example_dags/plugins/workday.py
[2025-12-24T20:57:15.201+0000] {processor.py:830} INFO - Processing file /home/airflow/.local/lib/python3.8/site-packages/airflow/example_dags/plugins/workday.py for tasks to queue
[2025-12-24T20:57:15.202+0000] {logging_mixin.py:188} INFO - [2025-12-24T20:57:15.202+0000] {dagbag.py:538} INFO - Filling up the DagBag from /home/airflow/.local/lib/python3.8/site-packages/airflow/example_dags/plugins/workday.py
[2025-12-24T20:57:15.483+0000] {processor.py:842} WARNING - No viable dags retrieved from /home/airflow/.local/lib/python3.8/site-packages/airflow/example_dags/plugins/workday.py
[2025-12-24T20:57:15.498+0000] {processor.py:183} INFO - Processing /home/airflow/.local/lib/python3.8/site-packages/airflow/example_dags/plugins/workday.py took 0.303 seconds
[2025-12-24T20:57:45.945+0000] {processor.py:161} INFO - Started process (PID=36508) to work on /home/airflow/.local/lib/python3.8/site-packages/airflow/example_dags/plugins/workday.py
[2025-12-24T20:57:45.946+0000] {processor.py:830} INFO - Processing file /home/airflow/.local/lib/python3.8/site-packages/airflow/example_dags/plugins/workday.py for tasks to queue
[2025-12-24T20:57:45.948+0000] {logging_mixin.py:188} INFO - [2025-12-24T20:57:45.947+0000] {dagbag.py:538} INFO - Filling up the DagBag from /home/airflow/.local/lib/python3.8/site-packages/airflow/example_dags/plugins/workday.py
[2025-12-24T20:57:46.221+0000] {processor.py:842} WARNING - No viable dags retrieved from /home/airflow/.local/lib/python3.8/site-packages/airflow/example_dags/plugins/workday.py
[2025-12-24T20:57:46.238+0000] {processor.py:183} INFO - Processing /home/airflow/.local/lib/python3.8/site-packages/airflow/example_dags/plugins/workday.py took 0.297 seconds
[2025-12-24T20:58:16.287+0000] {processor.py:161} INFO - Started process (PID=36565) to work on /home/airflow/.local/lib/python3.8/site-packages/airflow/example_dags/plugins/workday.py
[2025-12-24T20:58:16.289+0000] {processor.py:830} INFO - Processing file /home/airflow/.local/lib/python3.8/site-packages/airflow/example_dags/plugins/workday.py for tasks to queue
[2025-12-24T20:58:16.290+0000] {logging_mixin.py:188} INFO - [2025-12-24T20:58:16.290+0000] {dagbag.py:538} INFO - Filling up the DagBag from /home/airflow/.local/lib/python3.8/site-packages/airflow/example_dags/plugins/workday.py
[2025-12-24T20:58:16.810+0000] {processor.py:842} WARNING - No viable dags retrieved from /home/airflow/.local/lib/python3.8/site-packages/airflow/example_dags/plugins/workday.py
[2025-12-24T20:58:16.826+0000] {processor.py:183} INFO - Processing /home/airflow/.local/lib/python3.8/site-packages/airflow/example_dags/plugins/workday.py took 0.544 seconds
[2025-12-24T20:58:47.459+0000] {processor.py:161} INFO - Started process (PID=36622) to work on /home/airflow/.local/lib/python3.8/site-packages/airflow/example_dags/plugins/workday.py
[2025-12-24T20:58:47.460+0000] {processor.py:830} INFO - Processing file /home/airflow/.local/lib/python3.8/site-packages/airflow/example_dags/plugins/workday.py for tasks to queue
[2025-12-24T20:58:47.461+0000] {logging_mixin.py:188} INFO - [2025-12-24T20:58:47.461+0000] {dagbag.py:538} INFO - Filling up the DagBag from /home/airflow/.local/lib/python3.8/site-packages/airflow/example_dags/plugins/workday.py
[2025-12-24T20:58:47.729+0000] {processor.py:842} WARNING - No viable dags retrieved from /home/airflow/.local/lib/python3.8/site-packages/airflow/example_dags/plugins/workday.py
[2025-12-24T20:58:47.745+0000] {processor.py:183} INFO - Processing /home/airflow/.local/lib/python3.8/site-packages/airflow/example_dags/plugins/workday.py took 0.291 seconds
[2025-12-24T20:59:18.303+0000] {processor.py:161} INFO - Started process (PID=36680) to work on /home/airflow/.local/lib/python3.8/site-packages/airflow/example_dags/plugins/workday.py
[2025-12-24T20:59:18.304+0000] {processor.py:830} INFO - Processing file /home/airflow/.local/lib/python3.8/site-packages/airflow/example_dags/plugins/workday.py for tasks to queue
[2025-12-24T20:59:18.305+0000] {logging_mixin.py:188} INFO - [2025-12-24T20:59:18.305+0000] {dagbag.py:538} INFO - Filling up the DagBag from /home/airflow/.local/lib/python3.8/site-packages/airflow/example_dags/plugins/workday.py
[2025-12-24T20:59:18.596+0000] {processor.py:842} WARNING - No viable dags retrieved from /home/airflow/.local/lib/python3.8/site-packages/airflow/example_dags/plugins/workday.py
[2025-12-24T20:59:18.611+0000] {processor.py:183} INFO - Processing /home/airflow/.local/lib/python3.8/site-packages/airflow/example_dags/plugins/workday.py took 0.312 seconds
[2025-12-24T20:59:48.720+0000] {processor.py:161} INFO - Started process (PID=36736) to work on /home/airflow/.local/lib/python3.8/site-packages/airflow/example_dags/plugins/workday.py
[2025-12-24T20:59:48.722+0000] {processor.py:830} INFO - Processing file /home/airflow/.local/lib/python3.8/site-packages/airflow/example_dags/plugins/workday.py for tasks to queue
[2025-12-24T20:59:48.723+0000] {logging_mixin.py:188} INFO - [2025-12-24T20:59:48.723+0000] {dagbag.py:538} INFO - Filling up the DagBag from /home/airflow/.local/lib/python3.8/site-packages/airflow/example_dags/plugins/workday.py
[2025-12-24T20:59:49.067+0000] {processor.py:842} WARNING - No viable dags retrieved from /home/airflow/.local/lib/python3.8/site-packages/airflow/example_dags/plugins/workday.py
[2025-12-24T20:59:49.088+0000] {processor.py:183} INFO - Processing /home/airflow/.local/lib/python3.8/site-packages/airflow/example_dags/plugins/workday.py took 0.372 seconds
[2025-12-24T21:00:19.820+0000] {processor.py:161} INFO - Started process (PID=36793) to work on /home/airflow/.local/lib/python3.8/site-packages/airflow/example_dags/plugins/workday.py
[2025-12-24T21:00:19.821+0000] {processor.py:830} INFO - Processing file /home/airflow/.local/lib/python3.8/site-packages/airflow/example_dags/plugins/workday.py for tasks to queue
[2025-12-24T21:00:19.823+0000] {logging_mixin.py:188} INFO - [2025-12-24T21:00:19.822+0000] {dagbag.py:538} INFO - Filling up the DagBag from /home/airflow/.local/lib/python3.8/site-packages/airflow/example_dags/plugins/workday.py
[2025-12-24T21:00:20.176+0000] {processor.py:842} WARNING - No viable dags retrieved from /home/airflow/.local/lib/python3.8/site-packages/airflow/example_dags/plugins/workday.py
[2025-12-24T21:00:20.198+0000] {processor.py:183} INFO - Processing /home/airflow/.local/lib/python3.8/site-packages/airflow/example_dags/plugins/workday.py took 0.384 seconds
[2025-12-24T21:00:50.962+0000] {processor.py:161} INFO - Started process (PID=36853) to work on /home/airflow/.local/lib/python3.8/site-packages/airflow/example_dags/plugins/workday.py
[2025-12-24T21:00:50.963+0000] {processor.py:830} INFO - Processing file /home/airflow/.local/lib/python3.8/site-packages/airflow/example_dags/plugins/workday.py for tasks to queue
[2025-12-24T21:00:50.965+0000] {logging_mixin.py:188} INFO - [2025-12-24T21:00:50.964+0000] {dagbag.py:538} INFO - Filling up the DagBag from /home/airflow/.local/lib/python3.8/site-packages/airflow/example_dags/plugins/workday.py
[2025-12-24T21:00:51.255+0000] {processor.py:842} WARNING - No viable dags retrieved from /home/airflow/.local/lib/python3.8/site-packages/airflow/example_dags/plugins/workday.py
[2025-12-24T21:00:51.270+0000] {processor.py:183} INFO - Processing /home/airflow/.local/lib/python3.8/site-packages/airflow/example_dags/plugins/workday.py took 0.313 seconds
[2025-12-24T21:01:21.570+0000] {processor.py:161} INFO - Started process (PID=36909) to work on /home/airflow/.local/lib/python3.8/site-packages/airflow/example_dags/plugins/workday.py
[2025-12-24T21:01:21.571+0000] {processor.py:830} INFO - Processing file /home/airflow/.local/lib/python3.8/site-packages/airflow/example_dags/plugins/workday.py for tasks to queue
[2025-12-24T21:01:21.572+0000] {logging_mixin.py:188} INFO - [2025-12-24T21:01:21.572+0000] {dagbag.py:538} INFO - Filling up the DagBag from /home/airflow/.local/lib/python3.8/site-packages/airflow/example_dags/plugins/workday.py
[2025-12-24T21:01:21.812+0000] {processor.py:842} WARNING - No viable dags retrieved from /home/airflow/.local/lib/python3.8/site-packages/airflow/example_dags/plugins/workday.py
[2025-12-24T21:01:21.826+0000] {processor.py:183} INFO - Processing /home/airflow/.local/lib/python3.8/site-packages/airflow/example_dags/plugins/workday.py took 0.260 seconds
[2025-12-24T21:01:52.177+0000] {processor.py:161} INFO - Started process (PID=36966) to work on /home/airflow/.local/lib/python3.8/site-packages/airflow/example_dags/plugins/workday.py
[2025-12-24T21:01:52.178+0000] {processor.py:830} INFO - Processing file /home/airflow/.local/lib/python3.8/site-packages/airflow/example_dags/plugins/workday.py for tasks to queue
[2025-12-24T21:01:52.180+0000] {logging_mixin.py:188} INFO - [2025-12-24T21:01:52.179+0000] {dagbag.py:538} INFO - Filling up the DagBag from /home/airflow/.local/lib/python3.8/site-packages/airflow/example_dags/plugins/workday.py
[2025-12-24T21:01:52.466+0000] {processor.py:842} WARNING - No viable dags retrieved from /home/airflow/.local/lib/python3.8/site-packages/airflow/example_dags/plugins/workday.py
[2025-12-24T21:01:52.480+0000] {processor.py:183} INFO - Processing /home/airflow/.local/lib/python3.8/site-packages/airflow/example_dags/plugins/workday.py took 0.308 seconds
[2025-12-24T21:02:22.774+0000] {processor.py:161} INFO - Started process (PID=37023) to work on /home/airflow/.local/lib/python3.8/site-packages/airflow/example_dags/plugins/workday.py
[2025-12-24T21:02:22.775+0000] {processor.py:830} INFO - Processing file /home/airflow/.local/lib/python3.8/site-packages/airflow/example_dags/plugins/workday.py for tasks to queue
[2025-12-24T21:02:22.776+0000] {logging_mixin.py:188} INFO - [2025-12-24T21:02:22.776+0000] {dagbag.py:538} INFO - Filling up the DagBag from /home/airflow/.local/lib/python3.8/site-packages/airflow/example_dags/plugins/workday.py
[2025-12-24T21:02:23.033+0000] {processor.py:842} WARNING - No viable dags retrieved from /home/airflow/.local/lib/python3.8/site-packages/airflow/example_dags/plugins/workday.py
[2025-12-24T21:02:23.048+0000] {processor.py:183} INFO - Processing /home/airflow/.local/lib/python3.8/site-packages/airflow/example_dags/plugins/workday.py took 0.277 seconds
[2025-12-24T21:02:53.675+0000] {processor.py:161} INFO - Started process (PID=37079) to work on /home/airflow/.local/lib/python3.8/site-packages/airflow/example_dags/plugins/workday.py
[2025-12-24T21:02:53.676+0000] {processor.py:830} INFO - Processing file /home/airflow/.local/lib/python3.8/site-packages/airflow/example_dags/plugins/workday.py for tasks to queue
[2025-12-24T21:02:53.678+0000] {logging_mixin.py:188} INFO - [2025-12-24T21:02:53.678+0000] {dagbag.py:538} INFO - Filling up the DagBag from /home/airflow/.local/lib/python3.8/site-packages/airflow/example_dags/plugins/workday.py
[2025-12-24T21:02:53.980+0000] {processor.py:842} WARNING - No viable dags retrieved from /home/airflow/.local/lib/python3.8/site-packages/airflow/example_dags/plugins/workday.py
[2025-12-24T21:02:54.000+0000] {processor.py:183} INFO - Processing /home/airflow/.local/lib/python3.8/site-packages/airflow/example_dags/plugins/workday.py took 0.327 seconds
[2025-12-24T21:03:24.138+0000] {processor.py:161} INFO - Started process (PID=37136) to work on /home/airflow/.local/lib/python3.8/site-packages/airflow/example_dags/plugins/workday.py
[2025-12-24T21:03:24.139+0000] {processor.py:830} INFO - Processing file /home/airflow/.local/lib/python3.8/site-packages/airflow/example_dags/plugins/workday.py for tasks to queue
[2025-12-24T21:03:24.140+0000] {logging_mixin.py:188} INFO - [2025-12-24T21:03:24.140+0000] {dagbag.py:538} INFO - Filling up the DagBag from /home/airflow/.local/lib/python3.8/site-packages/airflow/example_dags/plugins/workday.py
[2025-12-24T21:03:24.395+0000] {processor.py:842} WARNING - No viable dags retrieved from /home/airflow/.local/lib/python3.8/site-packages/airflow/example_dags/plugins/workday.py
[2025-12-24T21:03:24.411+0000] {processor.py:183} INFO - Processing /home/airflow/.local/lib/python3.8/site-packages/airflow/example_dags/plugins/workday.py took 0.276 seconds
[2025-12-24T21:03:54.682+0000] {processor.py:161} INFO - Started process (PID=37193) to work on /home/airflow/.local/lib/python3.8/site-packages/airflow/example_dags/plugins/workday.py
[2025-12-24T21:03:54.683+0000] {processor.py:830} INFO - Processing file /home/airflow/.local/lib/python3.8/site-packages/airflow/example_dags/plugins/workday.py for tasks to queue
[2025-12-24T21:03:54.685+0000] {logging_mixin.py:188} INFO - [2025-12-24T21:03:54.684+0000] {dagbag.py:538} INFO - Filling up the DagBag from /home/airflow/.local/lib/python3.8/site-packages/airflow/example_dags/plugins/workday.py
[2025-12-24T21:03:55.011+0000] {processor.py:842} WARNING - No viable dags retrieved from /home/airflow/.local/lib/python3.8/site-packages/airflow/example_dags/plugins/workday.py
[2025-12-24T21:03:55.030+0000] {processor.py:183} INFO - Processing /home/airflow/.local/lib/python3.8/site-packages/airflow/example_dags/plugins/workday.py took 0.353 seconds
[2025-12-24T21:04:26.051+0000] {processor.py:161} INFO - Started process (PID=37250) to work on /home/airflow/.local/lib/python3.8/site-packages/airflow/example_dags/plugins/workday.py
[2025-12-24T21:04:26.052+0000] {processor.py:830} INFO - Processing file /home/airflow/.local/lib/python3.8/site-packages/airflow/example_dags/plugins/workday.py for tasks to queue
[2025-12-24T21:04:26.053+0000] {logging_mixin.py:188} INFO - [2025-12-24T21:04:26.053+0000] {dagbag.py:538} INFO - Filling up the DagBag from /home/airflow/.local/lib/python3.8/site-packages/airflow/example_dags/plugins/workday.py
[2025-12-24T21:04:26.350+0000] {processor.py:842} WARNING - No viable dags retrieved from /home/airflow/.local/lib/python3.8/site-packages/airflow/example_dags/plugins/workday.py
[2025-12-24T21:04:26.369+0000] {processor.py:183} INFO - Processing /home/airflow/.local/lib/python3.8/site-packages/airflow/example_dags/plugins/workday.py took 0.322 seconds
[2025-12-24T21:04:56.421+0000] {processor.py:161} INFO - Started process (PID=37306) to work on /home/airflow/.local/lib/python3.8/site-packages/airflow/example_dags/plugins/workday.py
[2025-12-24T21:04:56.422+0000] {processor.py:830} INFO - Processing file /home/airflow/.local/lib/python3.8/site-packages/airflow/example_dags/plugins/workday.py for tasks to queue
[2025-12-24T21:04:56.423+0000] {logging_mixin.py:188} INFO - [2025-12-24T21:04:56.423+0000] {dagbag.py:538} INFO - Filling up the DagBag from /home/airflow/.local/lib/python3.8/site-packages/airflow/example_dags/plugins/workday.py
[2025-12-24T21:04:56.667+0000] {processor.py:842} WARNING - No viable dags retrieved from /home/airflow/.local/lib/python3.8/site-packages/airflow/example_dags/plugins/workday.py
[2025-12-24T21:04:56.681+0000] {processor.py:183} INFO - Processing /home/airflow/.local/lib/python3.8/site-packages/airflow/example_dags/plugins/workday.py took 0.263 seconds
[2025-12-24T21:05:26.738+0000] {processor.py:161} INFO - Started process (PID=37363) to work on /home/airflow/.local/lib/python3.8/site-packages/airflow/example_dags/plugins/workday.py
[2025-12-24T21:05:26.739+0000] {processor.py:830} INFO - Processing file /home/airflow/.local/lib/python3.8/site-packages/airflow/example_dags/plugins/workday.py for tasks to queue
[2025-12-24T21:05:26.740+0000] {logging_mixin.py:188} INFO - [2025-12-24T21:05:26.740+0000] {dagbag.py:538} INFO - Filling up the DagBag from /home/airflow/.local/lib/python3.8/site-packages/airflow/example_dags/plugins/workday.py
[2025-12-24T21:05:26.997+0000] {processor.py:842} WARNING - No viable dags retrieved from /home/airflow/.local/lib/python3.8/site-packages/airflow/example_dags/plugins/workday.py
[2025-12-24T21:05:27.013+0000] {processor.py:183} INFO - Processing /home/airflow/.local/lib/python3.8/site-packages/airflow/example_dags/plugins/workday.py took 0.280 seconds
[2025-12-24T21:05:57.084+0000] {processor.py:161} INFO - Started process (PID=37420) to work on /home/airflow/.local/lib/python3.8/site-packages/airflow/example_dags/plugins/workday.py
[2025-12-24T21:05:57.085+0000] {processor.py:830} INFO - Processing file /home/airflow/.local/lib/python3.8/site-packages/airflow/example_dags/plugins/workday.py for tasks to queue
[2025-12-24T21:05:57.086+0000] {logging_mixin.py:188} INFO - [2025-12-24T21:05:57.086+0000] {dagbag.py:538} INFO - Filling up the DagBag from /home/airflow/.local/lib/python3.8/site-packages/airflow/example_dags/plugins/workday.py
[2025-12-24T21:05:57.365+0000] {processor.py:842} WARNING - No viable dags retrieved from /home/airflow/.local/lib/python3.8/site-packages/airflow/example_dags/plugins/workday.py
[2025-12-24T21:05:57.382+0000] {processor.py:183} INFO - Processing /home/airflow/.local/lib/python3.8/site-packages/airflow/example_dags/plugins/workday.py took 0.301 seconds
[2025-12-24T21:06:28.479+0000] {processor.py:161} INFO - Started process (PID=37479) to work on /home/airflow/.local/lib/python3.8/site-packages/airflow/example_dags/plugins/workday.py
[2025-12-24T21:06:28.480+0000] {processor.py:830} INFO - Processing file /home/airflow/.local/lib/python3.8/site-packages/airflow/example_dags/plugins/workday.py for tasks to queue
[2025-12-24T21:06:28.481+0000] {logging_mixin.py:188} INFO - [2025-12-24T21:06:28.481+0000] {dagbag.py:538} INFO - Filling up the DagBag from /home/airflow/.local/lib/python3.8/site-packages/airflow/example_dags/plugins/workday.py
[2025-12-24T21:06:28.768+0000] {processor.py:842} WARNING - No viable dags retrieved from /home/airflow/.local/lib/python3.8/site-packages/airflow/example_dags/plugins/workday.py
[2025-12-24T21:06:28.784+0000] {processor.py:183} INFO - Processing /home/airflow/.local/lib/python3.8/site-packages/airflow/example_dags/plugins/workday.py took 0.310 seconds
[2025-12-24T21:06:59.683+0000] {processor.py:161} INFO - Started process (PID=37536) to work on /home/airflow/.local/lib/python3.8/site-packages/airflow/example_dags/plugins/workday.py
[2025-12-24T21:06:59.684+0000] {processor.py:830} INFO - Processing file /home/airflow/.local/lib/python3.8/site-packages/airflow/example_dags/plugins/workday.py for tasks to queue
[2025-12-24T21:06:59.685+0000] {logging_mixin.py:188} INFO - [2025-12-24T21:06:59.685+0000] {dagbag.py:538} INFO - Filling up the DagBag from /home/airflow/.local/lib/python3.8/site-packages/airflow/example_dags/plugins/workday.py
[2025-12-24T21:06:59.927+0000] {processor.py:842} WARNING - No viable dags retrieved from /home/airflow/.local/lib/python3.8/site-packages/airflow/example_dags/plugins/workday.py
[2025-12-24T21:06:59.942+0000] {processor.py:183} INFO - Processing /home/airflow/.local/lib/python3.8/site-packages/airflow/example_dags/plugins/workday.py took 0.263 seconds
[2025-12-24T21:07:30.410+0000] {processor.py:161} INFO - Started process (PID=37593) to work on /home/airflow/.local/lib/python3.8/site-packages/airflow/example_dags/plugins/workday.py
[2025-12-24T21:07:30.411+0000] {processor.py:830} INFO - Processing file /home/airflow/.local/lib/python3.8/site-packages/airflow/example_dags/plugins/workday.py for tasks to queue
[2025-12-24T21:07:30.413+0000] {logging_mixin.py:188} INFO - [2025-12-24T21:07:30.412+0000] {dagbag.py:538} INFO - Filling up the DagBag from /home/airflow/.local/lib/python3.8/site-packages/airflow/example_dags/plugins/workday.py
[2025-12-24T21:07:30.699+0000] {processor.py:842} WARNING - No viable dags retrieved from /home/airflow/.local/lib/python3.8/site-packages/airflow/example_dags/plugins/workday.py
[2025-12-24T21:07:30.715+0000] {processor.py:183} INFO - Processing /home/airflow/.local/lib/python3.8/site-packages/airflow/example_dags/plugins/workday.py took 0.308 seconds
[2025-12-24T21:08:00.811+0000] {processor.py:161} INFO - Started process (PID=37650) to work on /home/airflow/.local/lib/python3.8/site-packages/airflow/example_dags/plugins/workday.py
[2025-12-24T21:08:00.815+0000] {processor.py:830} INFO - Processing file /home/airflow/.local/lib/python3.8/site-packages/airflow/example_dags/plugins/workday.py for tasks to queue
[2025-12-24T21:08:00.817+0000] {logging_mixin.py:188} INFO - [2025-12-24T21:08:00.816+0000] {dagbag.py:538} INFO - Filling up the DagBag from /home/airflow/.local/lib/python3.8/site-packages/airflow/example_dags/plugins/workday.py
[2025-12-24T21:08:01.061+0000] {processor.py:842} WARNING - No viable dags retrieved from /home/airflow/.local/lib/python3.8/site-packages/airflow/example_dags/plugins/workday.py
[2025-12-24T21:08:01.078+0000] {processor.py:183} INFO - Processing /home/airflow/.local/lib/python3.8/site-packages/airflow/example_dags/plugins/workday.py took 0.269 seconds
[2025-12-24T21:08:32.101+0000] {processor.py:161} INFO - Started process (PID=37707) to work on /home/airflow/.local/lib/python3.8/site-packages/airflow/example_dags/plugins/workday.py
[2025-12-24T21:08:32.102+0000] {processor.py:830} INFO - Processing file /home/airflow/.local/lib/python3.8/site-packages/airflow/example_dags/plugins/workday.py for tasks to queue
[2025-12-24T21:08:32.103+0000] {logging_mixin.py:188} INFO - [2025-12-24T21:08:32.102+0000] {dagbag.py:538} INFO - Filling up the DagBag from /home/airflow/.local/lib/python3.8/site-packages/airflow/example_dags/plugins/workday.py
[2025-12-24T21:08:32.357+0000] {processor.py:842} WARNING - No viable dags retrieved from /home/airflow/.local/lib/python3.8/site-packages/airflow/example_dags/plugins/workday.py
[2025-12-24T21:08:32.371+0000] {processor.py:183} INFO - Processing /home/airflow/.local/lib/python3.8/site-packages/airflow/example_dags/plugins/workday.py took 0.274 seconds
[2025-12-24T21:09:03.273+0000] {processor.py:161} INFO - Started process (PID=37770) to work on /home/airflow/.local/lib/python3.8/site-packages/airflow/example_dags/plugins/workday.py
[2025-12-24T21:09:03.275+0000] {processor.py:830} INFO - Processing file /home/airflow/.local/lib/python3.8/site-packages/airflow/example_dags/plugins/workday.py for tasks to queue
[2025-12-24T21:09:03.276+0000] {logging_mixin.py:188} INFO - [2025-12-24T21:09:03.275+0000] {dagbag.py:538} INFO - Filling up the DagBag from /home/airflow/.local/lib/python3.8/site-packages/airflow/example_dags/plugins/workday.py
[2025-12-24T21:09:03.597+0000] {processor.py:842} WARNING - No viable dags retrieved from /home/airflow/.local/lib/python3.8/site-packages/airflow/example_dags/plugins/workday.py
[2025-12-24T21:09:03.613+0000] {processor.py:183} INFO - Processing /home/airflow/.local/lib/python3.8/site-packages/airflow/example_dags/plugins/workday.py took 0.344 seconds
[2025-12-24T21:09:33.873+0000] {processor.py:161} INFO - Started process (PID=37827) to work on /home/airflow/.local/lib/python3.8/site-packages/airflow/example_dags/plugins/workday.py
[2025-12-24T21:09:33.875+0000] {processor.py:830} INFO - Processing file /home/airflow/.local/lib/python3.8/site-packages/airflow/example_dags/plugins/workday.py for tasks to queue
[2025-12-24T21:09:33.876+0000] {logging_mixin.py:188} INFO - [2025-12-24T21:09:33.875+0000] {dagbag.py:538} INFO - Filling up the DagBag from /home/airflow/.local/lib/python3.8/site-packages/airflow/example_dags/plugins/workday.py
[2025-12-24T21:09:34.216+0000] {processor.py:842} WARNING - No viable dags retrieved from /home/airflow/.local/lib/python3.8/site-packages/airflow/example_dags/plugins/workday.py
[2025-12-24T21:09:34.234+0000] {processor.py:183} INFO - Processing /home/airflow/.local/lib/python3.8/site-packages/airflow/example_dags/plugins/workday.py took 0.364 seconds
[2025-12-24T21:10:04.289+0000] {processor.py:161} INFO - Started process (PID=37884) to work on /home/airflow/.local/lib/python3.8/site-packages/airflow/example_dags/plugins/workday.py
[2025-12-24T21:10:04.290+0000] {processor.py:830} INFO - Processing file /home/airflow/.local/lib/python3.8/site-packages/airflow/example_dags/plugins/workday.py for tasks to queue
[2025-12-24T21:10:04.291+0000] {logging_mixin.py:188} INFO - [2025-12-24T21:10:04.291+0000] {dagbag.py:538} INFO - Filling up the DagBag from /home/airflow/.local/lib/python3.8/site-packages/airflow/example_dags/plugins/workday.py
[2025-12-24T21:10:04.556+0000] {processor.py:842} WARNING - No viable dags retrieved from /home/airflow/.local/lib/python3.8/site-packages/airflow/example_dags/plugins/workday.py
[2025-12-24T21:10:04.571+0000] {processor.py:183} INFO - Processing /home/airflow/.local/lib/python3.8/site-packages/airflow/example_dags/plugins/workday.py took 0.286 seconds
[2025-12-24T21:10:34.617+0000] {processor.py:161} INFO - Started process (PID=37940) to work on /home/airflow/.local/lib/python3.8/site-packages/airflow/example_dags/plugins/workday.py
[2025-12-24T21:10:34.618+0000] {processor.py:830} INFO - Processing file /home/airflow/.local/lib/python3.8/site-packages/airflow/example_dags/plugins/workday.py for tasks to queue
[2025-12-24T21:10:34.619+0000] {logging_mixin.py:188} INFO - [2025-12-24T21:10:34.618+0000] {dagbag.py:538} INFO - Filling up the DagBag from /home/airflow/.local/lib/python3.8/site-packages/airflow/example_dags/plugins/workday.py
[2025-12-24T21:10:34.868+0000] {processor.py:842} WARNING - No viable dags retrieved from /home/airflow/.local/lib/python3.8/site-packages/airflow/example_dags/plugins/workday.py
[2025-12-24T21:10:34.882+0000] {processor.py:183} INFO - Processing /home/airflow/.local/lib/python3.8/site-packages/airflow/example_dags/plugins/workday.py took 0.269 seconds
[2025-12-24T21:11:05.113+0000] {processor.py:161} INFO - Started process (PID=37997) to work on /home/airflow/.local/lib/python3.8/site-packages/airflow/example_dags/plugins/workday.py
[2025-12-24T21:11:05.114+0000] {processor.py:830} INFO - Processing file /home/airflow/.local/lib/python3.8/site-packages/airflow/example_dags/plugins/workday.py for tasks to queue
[2025-12-24T21:11:05.116+0000] {logging_mixin.py:188} INFO - [2025-12-24T21:11:05.115+0000] {dagbag.py:538} INFO - Filling up the DagBag from /home/airflow/.local/lib/python3.8/site-packages/airflow/example_dags/plugins/workday.py
[2025-12-24T21:11:05.361+0000] {processor.py:842} WARNING - No viable dags retrieved from /home/airflow/.local/lib/python3.8/site-packages/airflow/example_dags/plugins/workday.py
[2025-12-24T21:11:05.375+0000] {processor.py:183} INFO - Processing /home/airflow/.local/lib/python3.8/site-packages/airflow/example_dags/plugins/workday.py took 0.267 seconds
[2025-12-24T21:11:35.718+0000] {processor.py:161} INFO - Started process (PID=38054) to work on /home/airflow/.local/lib/python3.8/site-packages/airflow/example_dags/plugins/workday.py
[2025-12-24T21:11:35.720+0000] {processor.py:830} INFO - Processing file /home/airflow/.local/lib/python3.8/site-packages/airflow/example_dags/plugins/workday.py for tasks to queue
[2025-12-24T21:11:35.721+0000] {logging_mixin.py:188} INFO - [2025-12-24T21:11:35.721+0000] {dagbag.py:538} INFO - Filling up the DagBag from /home/airflow/.local/lib/python3.8/site-packages/airflow/example_dags/plugins/workday.py
[2025-12-24T21:11:36.151+0000] {processor.py:842} WARNING - No viable dags retrieved from /home/airflow/.local/lib/python3.8/site-packages/airflow/example_dags/plugins/workday.py
[2025-12-24T21:11:36.176+0000] {processor.py:183} INFO - Processing /home/airflow/.local/lib/python3.8/site-packages/airflow/example_dags/plugins/workday.py took 0.465 seconds
[2025-12-24T21:12:06.473+0000] {processor.py:161} INFO - Started process (PID=38111) to work on /home/airflow/.local/lib/python3.8/site-packages/airflow/example_dags/plugins/workday.py
[2025-12-24T21:12:06.474+0000] {processor.py:830} INFO - Processing file /home/airflow/.local/lib/python3.8/site-packages/airflow/example_dags/plugins/workday.py for tasks to queue
[2025-12-24T21:12:06.475+0000] {logging_mixin.py:188} INFO - [2025-12-24T21:12:06.475+0000] {dagbag.py:538} INFO - Filling up the DagBag from /home/airflow/.local/lib/python3.8/site-packages/airflow/example_dags/plugins/workday.py
[2025-12-24T21:12:06.752+0000] {processor.py:842} WARNING - No viable dags retrieved from /home/airflow/.local/lib/python3.8/site-packages/airflow/example_dags/plugins/workday.py
[2025-12-24T21:12:06.770+0000] {processor.py:183} INFO - Processing /home/airflow/.local/lib/python3.8/site-packages/airflow/example_dags/plugins/workday.py took 0.301 seconds
[2025-12-24T21:12:37.070+0000] {processor.py:161} INFO - Started process (PID=38168) to work on /home/airflow/.local/lib/python3.8/site-packages/airflow/example_dags/plugins/workday.py
[2025-12-24T21:12:37.167+0000] {processor.py:830} INFO - Processing file /home/airflow/.local/lib/python3.8/site-packages/airflow/example_dags/plugins/workday.py for tasks to queue
[2025-12-24T21:12:37.177+0000] {logging_mixin.py:188} INFO - [2025-12-24T21:12:37.176+0000] {dagbag.py:538} INFO - Filling up the DagBag from /home/airflow/.local/lib/python3.8/site-packages/airflow/example_dags/plugins/workday.py
[2025-12-24T21:12:38.229+0000] {processor.py:842} WARNING - No viable dags retrieved from /home/airflow/.local/lib/python3.8/site-packages/airflow/example_dags/plugins/workday.py
[2025-12-24T21:12:38.253+0000] {processor.py:183} INFO - Processing /home/airflow/.local/lib/python3.8/site-packages/airflow/example_dags/plugins/workday.py took 1.231 seconds
[2025-12-24T21:13:08.522+0000] {processor.py:161} INFO - Started process (PID=38225) to work on /home/airflow/.local/lib/python3.8/site-packages/airflow/example_dags/plugins/workday.py
[2025-12-24T21:13:08.523+0000] {processor.py:830} INFO - Processing file /home/airflow/.local/lib/python3.8/site-packages/airflow/example_dags/plugins/workday.py for tasks to queue
[2025-12-24T21:13:08.524+0000] {logging_mixin.py:188} INFO - [2025-12-24T21:13:08.524+0000] {dagbag.py:538} INFO - Filling up the DagBag from /home/airflow/.local/lib/python3.8/site-packages/airflow/example_dags/plugins/workday.py
[2025-12-24T21:13:08.861+0000] {processor.py:842} WARNING - No viable dags retrieved from /home/airflow/.local/lib/python3.8/site-packages/airflow/example_dags/plugins/workday.py
[2025-12-24T21:13:08.875+0000] {processor.py:183} INFO - Processing /home/airflow/.local/lib/python3.8/site-packages/airflow/example_dags/plugins/workday.py took 0.360 seconds
[2025-12-24T21:13:38.950+0000] {processor.py:161} INFO - Started process (PID=38283) to work on /home/airflow/.local/lib/python3.8/site-packages/airflow/example_dags/plugins/workday.py
[2025-12-24T21:13:38.951+0000] {processor.py:830} INFO - Processing file /home/airflow/.local/lib/python3.8/site-packages/airflow/example_dags/plugins/workday.py for tasks to queue
[2025-12-24T21:13:38.953+0000] {logging_mixin.py:188} INFO - [2025-12-24T21:13:38.953+0000] {dagbag.py:538} INFO - Filling up the DagBag from /home/airflow/.local/lib/python3.8/site-packages/airflow/example_dags/plugins/workday.py
[2025-12-24T21:13:39.237+0000] {processor.py:842} WARNING - No viable dags retrieved from /home/airflow/.local/lib/python3.8/site-packages/airflow/example_dags/plugins/workday.py
[2025-12-24T21:13:39.254+0000] {processor.py:183} INFO - Processing /home/airflow/.local/lib/python3.8/site-packages/airflow/example_dags/plugins/workday.py took 0.309 seconds
[2025-12-24T21:14:09.409+0000] {processor.py:161} INFO - Started process (PID=38340) to work on /home/airflow/.local/lib/python3.8/site-packages/airflow/example_dags/plugins/workday.py
[2025-12-24T21:14:09.411+0000] {processor.py:830} INFO - Processing file /home/airflow/.local/lib/python3.8/site-packages/airflow/example_dags/plugins/workday.py for tasks to queue
[2025-12-24T21:14:09.412+0000] {logging_mixin.py:188} INFO - [2025-12-24T21:14:09.412+0000] {dagbag.py:538} INFO - Filling up the DagBag from /home/airflow/.local/lib/python3.8/site-packages/airflow/example_dags/plugins/workday.py
[2025-12-24T21:14:09.991+0000] {processor.py:842} WARNING - No viable dags retrieved from /home/airflow/.local/lib/python3.8/site-packages/airflow/example_dags/plugins/workday.py
[2025-12-24T21:14:10.024+0000] {processor.py:183} INFO - Processing /home/airflow/.local/lib/python3.8/site-packages/airflow/example_dags/plugins/workday.py took 0.619 seconds
[2025-12-24T21:14:40.945+0000] {processor.py:161} INFO - Started process (PID=38398) to work on /home/airflow/.local/lib/python3.8/site-packages/airflow/example_dags/plugins/workday.py
[2025-12-24T21:14:40.947+0000] {processor.py:830} INFO - Processing file /home/airflow/.local/lib/python3.8/site-packages/airflow/example_dags/plugins/workday.py for tasks to queue
[2025-12-24T21:14:40.949+0000] {logging_mixin.py:188} INFO - [2025-12-24T21:14:40.949+0000] {dagbag.py:538} INFO - Filling up the DagBag from /home/airflow/.local/lib/python3.8/site-packages/airflow/example_dags/plugins/workday.py
[2025-12-24T21:14:41.546+0000] {processor.py:842} WARNING - No viable dags retrieved from /home/airflow/.local/lib/python3.8/site-packages/airflow/example_dags/plugins/workday.py
[2025-12-24T21:14:41.582+0000] {processor.py:183} INFO - Processing /home/airflow/.local/lib/python3.8/site-packages/airflow/example_dags/plugins/workday.py took 0.643 seconds
[2025-12-24T21:15:12.990+0000] {processor.py:161} INFO - Started process (PID=38459) to work on /home/airflow/.local/lib/python3.8/site-packages/airflow/example_dags/plugins/workday.py
[2025-12-24T21:15:12.992+0000] {processor.py:830} INFO - Processing file /home/airflow/.local/lib/python3.8/site-packages/airflow/example_dags/plugins/workday.py for tasks to queue
[2025-12-24T21:15:12.994+0000] {logging_mixin.py:188} INFO - [2025-12-24T21:15:12.993+0000] {dagbag.py:538} INFO - Filling up the DagBag from /home/airflow/.local/lib/python3.8/site-packages/airflow/example_dags/plugins/workday.py
[2025-12-24T21:15:13.632+0000] {processor.py:842} WARNING - No viable dags retrieved from /home/airflow/.local/lib/python3.8/site-packages/airflow/example_dags/plugins/workday.py
[2025-12-24T21:15:13.653+0000] {processor.py:183} INFO - Processing /home/airflow/.local/lib/python3.8/site-packages/airflow/example_dags/plugins/workday.py took 0.669 seconds
[2025-12-24T21:15:44.365+0000] {processor.py:161} INFO - Started process (PID=38518) to work on /home/airflow/.local/lib/python3.8/site-packages/airflow/example_dags/plugins/workday.py
[2025-12-24T21:15:44.366+0000] {processor.py:830} INFO - Processing file /home/airflow/.local/lib/python3.8/site-packages/airflow/example_dags/plugins/workday.py for tasks to queue
[2025-12-24T21:15:44.368+0000] {logging_mixin.py:188} INFO - [2025-12-24T21:15:44.368+0000] {dagbag.py:538} INFO - Filling up the DagBag from /home/airflow/.local/lib/python3.8/site-packages/airflow/example_dags/plugins/workday.py
[2025-12-24T21:15:44.813+0000] {processor.py:842} WARNING - No viable dags retrieved from /home/airflow/.local/lib/python3.8/site-packages/airflow/example_dags/plugins/workday.py
[2025-12-24T21:15:44.830+0000] {processor.py:183} INFO - Processing /home/airflow/.local/lib/python3.8/site-packages/airflow/example_dags/plugins/workday.py took 0.470 seconds
[2025-12-24T21:16:16.043+0000] {processor.py:161} INFO - Started process (PID=38580) to work on /home/airflow/.local/lib/python3.8/site-packages/airflow/example_dags/plugins/workday.py
[2025-12-24T21:16:16.045+0000] {processor.py:830} INFO - Processing file /home/airflow/.local/lib/python3.8/site-packages/airflow/example_dags/plugins/workday.py for tasks to queue
[2025-12-24T21:16:16.046+0000] {logging_mixin.py:188} INFO - [2025-12-24T21:16:16.046+0000] {dagbag.py:538} INFO - Filling up the DagBag from /home/airflow/.local/lib/python3.8/site-packages/airflow/example_dags/plugins/workday.py
[2025-12-24T21:16:16.316+0000] {processor.py:842} WARNING - No viable dags retrieved from /home/airflow/.local/lib/python3.8/site-packages/airflow/example_dags/plugins/workday.py
[2025-12-24T21:16:16.331+0000] {processor.py:183} INFO - Processing /home/airflow/.local/lib/python3.8/site-packages/airflow/example_dags/plugins/workday.py took 0.292 seconds
[2025-12-24T21:16:47.081+0000] {processor.py:161} INFO - Started process (PID=38640) to work on /home/airflow/.local/lib/python3.8/site-packages/airflow/example_dags/plugins/workday.py
[2025-12-24T21:16:47.082+0000] {processor.py:830} INFO - Processing file /home/airflow/.local/lib/python3.8/site-packages/airflow/example_dags/plugins/workday.py for tasks to queue
[2025-12-24T21:16:47.083+0000] {logging_mixin.py:188} INFO - [2025-12-24T21:16:47.083+0000] {dagbag.py:538} INFO - Filling up the DagBag from /home/airflow/.local/lib/python3.8/site-packages/airflow/example_dags/plugins/workday.py
[2025-12-24T21:16:47.470+0000] {processor.py:842} WARNING - No viable dags retrieved from /home/airflow/.local/lib/python3.8/site-packages/airflow/example_dags/plugins/workday.py
[2025-12-24T21:16:47.484+0000] {processor.py:183} INFO - Processing /home/airflow/.local/lib/python3.8/site-packages/airflow/example_dags/plugins/workday.py took 0.407 seconds
[2025-12-24T21:17:18.297+0000] {processor.py:161} INFO - Started process (PID=38698) to work on /home/airflow/.local/lib/python3.8/site-packages/airflow/example_dags/plugins/workday.py
[2025-12-24T21:17:18.298+0000] {processor.py:830} INFO - Processing file /home/airflow/.local/lib/python3.8/site-packages/airflow/example_dags/plugins/workday.py for tasks to queue
[2025-12-24T21:17:18.300+0000] {logging_mixin.py:188} INFO - [2025-12-24T21:17:18.300+0000] {dagbag.py:538} INFO - Filling up the DagBag from /home/airflow/.local/lib/python3.8/site-packages/airflow/example_dags/plugins/workday.py
[2025-12-24T21:17:18.618+0000] {processor.py:842} WARNING - No viable dags retrieved from /home/airflow/.local/lib/python3.8/site-packages/airflow/example_dags/plugins/workday.py
[2025-12-24T21:17:18.633+0000] {processor.py:183} INFO - Processing /home/airflow/.local/lib/python3.8/site-packages/airflow/example_dags/plugins/workday.py took 0.341 seconds
[2025-12-24T21:17:48.742+0000] {processor.py:161} INFO - Started process (PID=38761) to work on /home/airflow/.local/lib/python3.8/site-packages/airflow/example_dags/plugins/workday.py
[2025-12-24T21:17:48.743+0000] {processor.py:830} INFO - Processing file /home/airflow/.local/lib/python3.8/site-packages/airflow/example_dags/plugins/workday.py for tasks to queue
[2025-12-24T21:17:48.744+0000] {logging_mixin.py:188} INFO - [2025-12-24T21:17:48.744+0000] {dagbag.py:538} INFO - Filling up the DagBag from /home/airflow/.local/lib/python3.8/site-packages/airflow/example_dags/plugins/workday.py
[2025-12-24T21:17:49.102+0000] {processor.py:842} WARNING - No viable dags retrieved from /home/airflow/.local/lib/python3.8/site-packages/airflow/example_dags/plugins/workday.py
[2025-12-24T21:17:49.118+0000] {processor.py:183} INFO - Processing /home/airflow/.local/lib/python3.8/site-packages/airflow/example_dags/plugins/workday.py took 0.379 seconds
[2025-12-24T21:18:20.400+0000] {processor.py:161} INFO - Started process (PID=38821) to work on /home/airflow/.local/lib/python3.8/site-packages/airflow/example_dags/plugins/workday.py
[2025-12-24T21:18:20.402+0000] {processor.py:830} INFO - Processing file /home/airflow/.local/lib/python3.8/site-packages/airflow/example_dags/plugins/workday.py for tasks to queue
[2025-12-24T21:18:20.404+0000] {logging_mixin.py:188} INFO - [2025-12-24T21:18:20.403+0000] {dagbag.py:538} INFO - Filling up the DagBag from /home/airflow/.local/lib/python3.8/site-packages/airflow/example_dags/plugins/workday.py
[2025-12-24T21:18:20.908+0000] {processor.py:842} WARNING - No viable dags retrieved from /home/airflow/.local/lib/python3.8/site-packages/airflow/example_dags/plugins/workday.py
[2025-12-24T21:18:20.925+0000] {processor.py:183} INFO - Processing /home/airflow/.local/lib/python3.8/site-packages/airflow/example_dags/plugins/workday.py took 0.531 seconds
[2025-12-24T21:18:51.083+0000] {processor.py:161} INFO - Started process (PID=38882) to work on /home/airflow/.local/lib/python3.8/site-packages/airflow/example_dags/plugins/workday.py
[2025-12-24T21:18:51.084+0000] {processor.py:830} INFO - Processing file /home/airflow/.local/lib/python3.8/site-packages/airflow/example_dags/plugins/workday.py for tasks to queue
[2025-12-24T21:18:51.085+0000] {logging_mixin.py:188} INFO - [2025-12-24T21:18:51.085+0000] {dagbag.py:538} INFO - Filling up the DagBag from /home/airflow/.local/lib/python3.8/site-packages/airflow/example_dags/plugins/workday.py
[2025-12-24T21:18:51.386+0000] {processor.py:842} WARNING - No viable dags retrieved from /home/airflow/.local/lib/python3.8/site-packages/airflow/example_dags/plugins/workday.py
[2025-12-24T21:18:51.401+0000] {processor.py:183} INFO - Processing /home/airflow/.local/lib/python3.8/site-packages/airflow/example_dags/plugins/workday.py took 0.322 seconds
[2025-12-24T21:19:21.836+0000] {processor.py:161} INFO - Started process (PID=38941) to work on /home/airflow/.local/lib/python3.8/site-packages/airflow/example_dags/plugins/workday.py
[2025-12-24T21:19:21.837+0000] {processor.py:830} INFO - Processing file /home/airflow/.local/lib/python3.8/site-packages/airflow/example_dags/plugins/workday.py for tasks to queue
[2025-12-24T21:19:21.838+0000] {logging_mixin.py:188} INFO - [2025-12-24T21:19:21.838+0000] {dagbag.py:538} INFO - Filling up the DagBag from /home/airflow/.local/lib/python3.8/site-packages/airflow/example_dags/plugins/workday.py
[2025-12-24T21:19:22.121+0000] {processor.py:842} WARNING - No viable dags retrieved from /home/airflow/.local/lib/python3.8/site-packages/airflow/example_dags/plugins/workday.py
[2025-12-24T21:19:22.135+0000] {processor.py:183} INFO - Processing /home/airflow/.local/lib/python3.8/site-packages/airflow/example_dags/plugins/workday.py took 0.303 seconds
[2025-12-24T21:19:52.542+0000] {processor.py:161} INFO - Started process (PID=39001) to work on /home/airflow/.local/lib/python3.8/site-packages/airflow/example_dags/plugins/workday.py
[2025-12-24T21:19:52.544+0000] {processor.py:830} INFO - Processing file /home/airflow/.local/lib/python3.8/site-packages/airflow/example_dags/plugins/workday.py for tasks to queue
[2025-12-24T21:19:52.545+0000] {logging_mixin.py:188} INFO - [2025-12-24T21:19:52.545+0000] {dagbag.py:538} INFO - Filling up the DagBag from /home/airflow/.local/lib/python3.8/site-packages/airflow/example_dags/plugins/workday.py
[2025-12-24T21:19:52.979+0000] {processor.py:842} WARNING - No viable dags retrieved from /home/airflow/.local/lib/python3.8/site-packages/airflow/example_dags/plugins/workday.py
[2025-12-24T21:19:53.011+0000] {processor.py:183} INFO - Processing /home/airflow/.local/lib/python3.8/site-packages/airflow/example_dags/plugins/workday.py took 0.474 seconds
[2025-12-24T21:20:23.695+0000] {processor.py:161} INFO - Started process (PID=39065) to work on /home/airflow/.local/lib/python3.8/site-packages/airflow/example_dags/plugins/workday.py
[2025-12-24T21:20:23.698+0000] {processor.py:830} INFO - Processing file /home/airflow/.local/lib/python3.8/site-packages/airflow/example_dags/plugins/workday.py for tasks to queue
[2025-12-24T21:20:23.700+0000] {logging_mixin.py:188} INFO - [2025-12-24T21:20:23.699+0000] {dagbag.py:538} INFO - Filling up the DagBag from /home/airflow/.local/lib/python3.8/site-packages/airflow/example_dags/plugins/workday.py
[2025-12-24T21:20:24.272+0000] {processor.py:842} WARNING - No viable dags retrieved from /home/airflow/.local/lib/python3.8/site-packages/airflow/example_dags/plugins/workday.py
[2025-12-24T21:20:24.296+0000] {processor.py:183} INFO - Processing /home/airflow/.local/lib/python3.8/site-packages/airflow/example_dags/plugins/workday.py took 0.609 seconds
[2025-12-24T21:20:55.209+0000] {processor.py:161} INFO - Started process (PID=39133) to work on /home/airflow/.local/lib/python3.8/site-packages/airflow/example_dags/plugins/workday.py
[2025-12-24T21:20:55.211+0000] {processor.py:830} INFO - Processing file /home/airflow/.local/lib/python3.8/site-packages/airflow/example_dags/plugins/workday.py for tasks to queue
[2025-12-24T21:20:55.212+0000] {logging_mixin.py:188} INFO - [2025-12-24T21:20:55.212+0000] {dagbag.py:538} INFO - Filling up the DagBag from /home/airflow/.local/lib/python3.8/site-packages/airflow/example_dags/plugins/workday.py
[2025-12-24T21:20:55.560+0000] {processor.py:842} WARNING - No viable dags retrieved from /home/airflow/.local/lib/python3.8/site-packages/airflow/example_dags/plugins/workday.py
[2025-12-24T21:20:55.575+0000] {processor.py:183} INFO - Processing /home/airflow/.local/lib/python3.8/site-packages/airflow/example_dags/plugins/workday.py took 0.370 seconds
[2025-12-24T21:21:25.880+0000] {processor.py:161} INFO - Started process (PID=39198) to work on /home/airflow/.local/lib/python3.8/site-packages/airflow/example_dags/plugins/workday.py
[2025-12-24T21:21:25.881+0000] {processor.py:830} INFO - Processing file /home/airflow/.local/lib/python3.8/site-packages/airflow/example_dags/plugins/workday.py for tasks to queue
[2025-12-24T21:21:25.883+0000] {logging_mixin.py:188} INFO - [2025-12-24T21:21:25.883+0000] {dagbag.py:538} INFO - Filling up the DagBag from /home/airflow/.local/lib/python3.8/site-packages/airflow/example_dags/plugins/workday.py
[2025-12-24T21:21:26.234+0000] {processor.py:842} WARNING - No viable dags retrieved from /home/airflow/.local/lib/python3.8/site-packages/airflow/example_dags/plugins/workday.py
[2025-12-24T21:21:26.252+0000] {processor.py:183} INFO - Processing /home/airflow/.local/lib/python3.8/site-packages/airflow/example_dags/plugins/workday.py took 0.376 seconds
[2025-12-24T21:21:56.508+0000] {processor.py:161} INFO - Started process (PID=39259) to work on /home/airflow/.local/lib/python3.8/site-packages/airflow/example_dags/plugins/workday.py
[2025-12-24T21:21:56.510+0000] {processor.py:830} INFO - Processing file /home/airflow/.local/lib/python3.8/site-packages/airflow/example_dags/plugins/workday.py for tasks to queue
[2025-12-24T21:21:56.511+0000] {logging_mixin.py:188} INFO - [2025-12-24T21:21:56.511+0000] {dagbag.py:538} INFO - Filling up the DagBag from /home/airflow/.local/lib/python3.8/site-packages/airflow/example_dags/plugins/workday.py
[2025-12-24T21:21:56.831+0000] {processor.py:842} WARNING - No viable dags retrieved from /home/airflow/.local/lib/python3.8/site-packages/airflow/example_dags/plugins/workday.py
[2025-12-24T21:21:56.847+0000] {processor.py:183} INFO - Processing /home/airflow/.local/lib/python3.8/site-packages/airflow/example_dags/plugins/workday.py took 0.343 seconds
[2025-12-24T21:22:27.098+0000] {processor.py:161} INFO - Started process (PID=39320) to work on /home/airflow/.local/lib/python3.8/site-packages/airflow/example_dags/plugins/workday.py
[2025-12-24T21:22:27.100+0000] {processor.py:830} INFO - Processing file /home/airflow/.local/lib/python3.8/site-packages/airflow/example_dags/plugins/workday.py for tasks to queue
[2025-12-24T21:22:27.101+0000] {logging_mixin.py:188} INFO - [2025-12-24T21:22:27.101+0000] {dagbag.py:538} INFO - Filling up the DagBag from /home/airflow/.local/lib/python3.8/site-packages/airflow/example_dags/plugins/workday.py
[2025-12-24T21:22:27.370+0000] {processor.py:842} WARNING - No viable dags retrieved from /home/airflow/.local/lib/python3.8/site-packages/airflow/example_dags/plugins/workday.py
[2025-12-24T21:22:27.384+0000] {processor.py:183} INFO - Processing /home/airflow/.local/lib/python3.8/site-packages/airflow/example_dags/plugins/workday.py took 0.290 seconds
[2025-12-24T21:22:57.753+0000] {processor.py:161} INFO - Started process (PID=39381) to work on /home/airflow/.local/lib/python3.8/site-packages/airflow/example_dags/plugins/workday.py
[2025-12-24T21:22:57.755+0000] {processor.py:830} INFO - Processing file /home/airflow/.local/lib/python3.8/site-packages/airflow/example_dags/plugins/workday.py for tasks to queue
[2025-12-24T21:22:57.756+0000] {logging_mixin.py:188} INFO - [2025-12-24T21:22:57.756+0000] {dagbag.py:538} INFO - Filling up the DagBag from /home/airflow/.local/lib/python3.8/site-packages/airflow/example_dags/plugins/workday.py
[2025-12-24T21:22:58.076+0000] {processor.py:842} WARNING - No viable dags retrieved from /home/airflow/.local/lib/python3.8/site-packages/airflow/example_dags/plugins/workday.py
[2025-12-24T21:22:58.095+0000] {processor.py:183} INFO - Processing /home/airflow/.local/lib/python3.8/site-packages/airflow/example_dags/plugins/workday.py took 0.347 seconds
[2025-12-24T21:23:28.445+0000] {processor.py:161} INFO - Started process (PID=39441) to work on /home/airflow/.local/lib/python3.8/site-packages/airflow/example_dags/plugins/workday.py
[2025-12-24T21:23:28.446+0000] {processor.py:830} INFO - Processing file /home/airflow/.local/lib/python3.8/site-packages/airflow/example_dags/plugins/workday.py for tasks to queue
[2025-12-24T21:23:28.447+0000] {logging_mixin.py:188} INFO - [2025-12-24T21:23:28.447+0000] {dagbag.py:538} INFO - Filling up the DagBag from /home/airflow/.local/lib/python3.8/site-packages/airflow/example_dags/plugins/workday.py
[2025-12-24T21:23:28.700+0000] {processor.py:842} WARNING - No viable dags retrieved from /home/airflow/.local/lib/python3.8/site-packages/airflow/example_dags/plugins/workday.py
[2025-12-24T21:23:28.714+0000] {processor.py:183} INFO - Processing /home/airflow/.local/lib/python3.8/site-packages/airflow/example_dags/plugins/workday.py took 0.273 seconds
[2025-12-24T21:23:59.432+0000] {processor.py:161} INFO - Started process (PID=39504) to work on /home/airflow/.local/lib/python3.8/site-packages/airflow/example_dags/plugins/workday.py
[2025-12-24T21:23:59.434+0000] {processor.py:830} INFO - Processing file /home/airflow/.local/lib/python3.8/site-packages/airflow/example_dags/plugins/workday.py for tasks to queue
[2025-12-24T21:23:59.436+0000] {logging_mixin.py:188} INFO - [2025-12-24T21:23:59.435+0000] {dagbag.py:538} INFO - Filling up the DagBag from /home/airflow/.local/lib/python3.8/site-packages/airflow/example_dags/plugins/workday.py
[2025-12-24T21:23:59.729+0000] {processor.py:842} WARNING - No viable dags retrieved from /home/airflow/.local/lib/python3.8/site-packages/airflow/example_dags/plugins/workday.py
[2025-12-24T21:23:59.744+0000] {processor.py:183} INFO - Processing /home/airflow/.local/lib/python3.8/site-packages/airflow/example_dags/plugins/workday.py took 0.316 seconds
[2025-12-24T21:24:30.115+0000] {processor.py:161} INFO - Started process (PID=39570) to work on /home/airflow/.local/lib/python3.8/site-packages/airflow/example_dags/plugins/workday.py
[2025-12-24T21:24:30.116+0000] {processor.py:830} INFO - Processing file /home/airflow/.local/lib/python3.8/site-packages/airflow/example_dags/plugins/workday.py for tasks to queue
[2025-12-24T21:24:30.118+0000] {logging_mixin.py:188} INFO - [2025-12-24T21:24:30.117+0000] {dagbag.py:538} INFO - Filling up the DagBag from /home/airflow/.local/lib/python3.8/site-packages/airflow/example_dags/plugins/workday.py
[2025-12-24T21:24:30.502+0000] {processor.py:842} WARNING - No viable dags retrieved from /home/airflow/.local/lib/python3.8/site-packages/airflow/example_dags/plugins/workday.py
[2025-12-24T21:24:30.525+0000] {processor.py:183} INFO - Processing /home/airflow/.local/lib/python3.8/site-packages/airflow/example_dags/plugins/workday.py took 0.415 seconds
[2025-12-24T21:25:01.305+0000] {processor.py:161} INFO - Started process (PID=39630) to work on /home/airflow/.local/lib/python3.8/site-packages/airflow/example_dags/plugins/workday.py
[2025-12-24T21:25:01.306+0000] {processor.py:830} INFO - Processing file /home/airflow/.local/lib/python3.8/site-packages/airflow/example_dags/plugins/workday.py for tasks to queue
[2025-12-24T21:25:01.307+0000] {logging_mixin.py:188} INFO - [2025-12-24T21:25:01.307+0000] {dagbag.py:538} INFO - Filling up the DagBag from /home/airflow/.local/lib/python3.8/site-packages/airflow/example_dags/plugins/workday.py
[2025-12-24T21:25:01.575+0000] {processor.py:842} WARNING - No viable dags retrieved from /home/airflow/.local/lib/python3.8/site-packages/airflow/example_dags/plugins/workday.py
[2025-12-24T21:25:01.589+0000] {processor.py:183} INFO - Processing /home/airflow/.local/lib/python3.8/site-packages/airflow/example_dags/plugins/workday.py took 0.288 seconds
[2025-12-24T21:25:31.756+0000] {processor.py:161} INFO - Started process (PID=39694) to work on /home/airflow/.local/lib/python3.8/site-packages/airflow/example_dags/plugins/workday.py
[2025-12-24T21:25:31.758+0000] {processor.py:830} INFO - Processing file /home/airflow/.local/lib/python3.8/site-packages/airflow/example_dags/plugins/workday.py for tasks to queue
[2025-12-24T21:25:31.759+0000] {logging_mixin.py:188} INFO - [2025-12-24T21:25:31.759+0000] {dagbag.py:538} INFO - Filling up the DagBag from /home/airflow/.local/lib/python3.8/site-packages/airflow/example_dags/plugins/workday.py
[2025-12-24T21:25:32.163+0000] {processor.py:842} WARNING - No viable dags retrieved from /home/airflow/.local/lib/python3.8/site-packages/airflow/example_dags/plugins/workday.py
[2025-12-24T21:25:32.178+0000] {processor.py:183} INFO - Processing /home/airflow/.local/lib/python3.8/site-packages/airflow/example_dags/plugins/workday.py took 0.427 seconds
[2025-12-24T21:26:02.452+0000] {processor.py:161} INFO - Started process (PID=39753) to work on /home/airflow/.local/lib/python3.8/site-packages/airflow/example_dags/plugins/workday.py
[2025-12-24T21:26:02.453+0000] {processor.py:830} INFO - Processing file /home/airflow/.local/lib/python3.8/site-packages/airflow/example_dags/plugins/workday.py for tasks to queue
[2025-12-24T21:26:02.454+0000] {logging_mixin.py:188} INFO - [2025-12-24T21:26:02.453+0000] {dagbag.py:538} INFO - Filling up the DagBag from /home/airflow/.local/lib/python3.8/site-packages/airflow/example_dags/plugins/workday.py
[2025-12-24T21:26:02.729+0000] {processor.py:842} WARNING - No viable dags retrieved from /home/airflow/.local/lib/python3.8/site-packages/airflow/example_dags/plugins/workday.py
[2025-12-24T21:26:02.751+0000] {processor.py:183} INFO - Processing /home/airflow/.local/lib/python3.8/site-packages/airflow/example_dags/plugins/workday.py took 0.303 seconds
[2025-12-24T21:26:33.564+0000] {processor.py:161} INFO - Started process (PID=39810) to work on /home/airflow/.local/lib/python3.8/site-packages/airflow/example_dags/plugins/workday.py
[2025-12-24T21:26:33.565+0000] {processor.py:830} INFO - Processing file /home/airflow/.local/lib/python3.8/site-packages/airflow/example_dags/plugins/workday.py for tasks to queue
[2025-12-24T21:26:33.567+0000] {logging_mixin.py:188} INFO - [2025-12-24T21:26:33.566+0000] {dagbag.py:538} INFO - Filling up the DagBag from /home/airflow/.local/lib/python3.8/site-packages/airflow/example_dags/plugins/workday.py
[2025-12-24T21:26:33.889+0000] {processor.py:842} WARNING - No viable dags retrieved from /home/airflow/.local/lib/python3.8/site-packages/airflow/example_dags/plugins/workday.py
[2025-12-24T21:26:33.907+0000] {processor.py:183} INFO - Processing /home/airflow/.local/lib/python3.8/site-packages/airflow/example_dags/plugins/workday.py took 0.349 seconds
[2025-12-24T21:27:04.427+0000] {processor.py:161} INFO - Started process (PID=39870) to work on /home/airflow/.local/lib/python3.8/site-packages/airflow/example_dags/plugins/workday.py
[2025-12-24T21:27:04.428+0000] {processor.py:830} INFO - Processing file /home/airflow/.local/lib/python3.8/site-packages/airflow/example_dags/plugins/workday.py for tasks to queue
[2025-12-24T21:27:04.429+0000] {logging_mixin.py:188} INFO - [2025-12-24T21:27:04.429+0000] {dagbag.py:538} INFO - Filling up the DagBag from /home/airflow/.local/lib/python3.8/site-packages/airflow/example_dags/plugins/workday.py
[2025-12-24T21:27:04.710+0000] {processor.py:842} WARNING - No viable dags retrieved from /home/airflow/.local/lib/python3.8/site-packages/airflow/example_dags/plugins/workday.py
[2025-12-24T21:27:04.728+0000] {processor.py:183} INFO - Processing /home/airflow/.local/lib/python3.8/site-packages/airflow/example_dags/plugins/workday.py took 0.304 seconds
[2025-12-24T21:27:35.410+0000] {processor.py:161} INFO - Started process (PID=39928) to work on /home/airflow/.local/lib/python3.8/site-packages/airflow/example_dags/plugins/workday.py
[2025-12-24T21:27:35.411+0000] {processor.py:830} INFO - Processing file /home/airflow/.local/lib/python3.8/site-packages/airflow/example_dags/plugins/workday.py for tasks to queue
[2025-12-24T21:27:35.413+0000] {logging_mixin.py:188} INFO - [2025-12-24T21:27:35.412+0000] {dagbag.py:538} INFO - Filling up the DagBag from /home/airflow/.local/lib/python3.8/site-packages/airflow/example_dags/plugins/workday.py
[2025-12-24T21:27:35.700+0000] {processor.py:842} WARNING - No viable dags retrieved from /home/airflow/.local/lib/python3.8/site-packages/airflow/example_dags/plugins/workday.py
[2025-12-24T21:27:35.718+0000] {processor.py:183} INFO - Processing /home/airflow/.local/lib/python3.8/site-packages/airflow/example_dags/plugins/workday.py took 0.312 seconds
[2025-12-24T21:28:05.976+0000] {processor.py:161} INFO - Started process (PID=39992) to work on /home/airflow/.local/lib/python3.8/site-packages/airflow/example_dags/plugins/workday.py
[2025-12-24T21:28:05.977+0000] {processor.py:830} INFO - Processing file /home/airflow/.local/lib/python3.8/site-packages/airflow/example_dags/plugins/workday.py for tasks to queue
[2025-12-24T21:28:05.978+0000] {logging_mixin.py:188} INFO - [2025-12-24T21:28:05.978+0000] {dagbag.py:538} INFO - Filling up the DagBag from /home/airflow/.local/lib/python3.8/site-packages/airflow/example_dags/plugins/workday.py
[2025-12-24T21:28:06.222+0000] {processor.py:842} WARNING - No viable dags retrieved from /home/airflow/.local/lib/python3.8/site-packages/airflow/example_dags/plugins/workday.py
[2025-12-24T21:28:06.239+0000] {processor.py:183} INFO - Processing /home/airflow/.local/lib/python3.8/site-packages/airflow/example_dags/plugins/workday.py took 0.266 seconds
[2025-12-24T21:28:36.543+0000] {processor.py:161} INFO - Started process (PID=40055) to work on /home/airflow/.local/lib/python3.8/site-packages/airflow/example_dags/plugins/workday.py
[2025-12-24T21:28:36.545+0000] {processor.py:830} INFO - Processing file /home/airflow/.local/lib/python3.8/site-packages/airflow/example_dags/plugins/workday.py for tasks to queue
[2025-12-24T21:28:36.547+0000] {logging_mixin.py:188} INFO - [2025-12-24T21:28:36.546+0000] {dagbag.py:538} INFO - Filling up the DagBag from /home/airflow/.local/lib/python3.8/site-packages/airflow/example_dags/plugins/workday.py
[2025-12-24T21:28:37.026+0000] {processor.py:842} WARNING - No viable dags retrieved from /home/airflow/.local/lib/python3.8/site-packages/airflow/example_dags/plugins/workday.py
[2025-12-24T21:28:37.043+0000] {processor.py:183} INFO - Processing /home/airflow/.local/lib/python3.8/site-packages/airflow/example_dags/plugins/workday.py took 0.506 seconds
[2025-12-24T21:29:08.062+0000] {processor.py:161} INFO - Started process (PID=40118) to work on /home/airflow/.local/lib/python3.8/site-packages/airflow/example_dags/plugins/workday.py
[2025-12-24T21:29:08.065+0000] {processor.py:830} INFO - Processing file /home/airflow/.local/lib/python3.8/site-packages/airflow/example_dags/plugins/workday.py for tasks to queue
[2025-12-24T21:29:08.072+0000] {logging_mixin.py:188} INFO - [2025-12-24T21:29:08.070+0000] {dagbag.py:538} INFO - Filling up the DagBag from /home/airflow/.local/lib/python3.8/site-packages/airflow/example_dags/plugins/workday.py
[2025-12-24T21:29:08.511+0000] {processor.py:842} WARNING - No viable dags retrieved from /home/airflow/.local/lib/python3.8/site-packages/airflow/example_dags/plugins/workday.py
[2025-12-24T21:29:08.537+0000] {processor.py:183} INFO - Processing /home/airflow/.local/lib/python3.8/site-packages/airflow/example_dags/plugins/workday.py took 0.482 seconds
[2025-12-24T21:29:38.750+0000] {processor.py:161} INFO - Started process (PID=40181) to work on /home/airflow/.local/lib/python3.8/site-packages/airflow/example_dags/plugins/workday.py
[2025-12-24T21:29:38.752+0000] {processor.py:830} INFO - Processing file /home/airflow/.local/lib/python3.8/site-packages/airflow/example_dags/plugins/workday.py for tasks to queue
[2025-12-24T21:29:38.754+0000] {logging_mixin.py:188} INFO - [2025-12-24T21:29:38.754+0000] {dagbag.py:538} INFO - Filling up the DagBag from /home/airflow/.local/lib/python3.8/site-packages/airflow/example_dags/plugins/workday.py
[2025-12-24T21:29:39.160+0000] {processor.py:842} WARNING - No viable dags retrieved from /home/airflow/.local/lib/python3.8/site-packages/airflow/example_dags/plugins/workday.py
[2025-12-24T21:29:39.183+0000] {processor.py:183} INFO - Processing /home/airflow/.local/lib/python3.8/site-packages/airflow/example_dags/plugins/workday.py took 0.438 seconds
[2025-12-24T21:30:09.422+0000] {processor.py:161} INFO - Started process (PID=40240) to work on /home/airflow/.local/lib/python3.8/site-packages/airflow/example_dags/plugins/workday.py
[2025-12-24T21:30:09.423+0000] {processor.py:830} INFO - Processing file /home/airflow/.local/lib/python3.8/site-packages/airflow/example_dags/plugins/workday.py for tasks to queue
[2025-12-24T21:30:09.424+0000] {logging_mixin.py:188} INFO - [2025-12-24T21:30:09.424+0000] {dagbag.py:538} INFO - Filling up the DagBag from /home/airflow/.local/lib/python3.8/site-packages/airflow/example_dags/plugins/workday.py
[2025-12-24T21:30:10.009+0000] {processor.py:842} WARNING - No viable dags retrieved from /home/airflow/.local/lib/python3.8/site-packages/airflow/example_dags/plugins/workday.py
[2025-12-24T21:30:10.023+0000] {processor.py:183} INFO - Processing /home/airflow/.local/lib/python3.8/site-packages/airflow/example_dags/plugins/workday.py took 0.607 seconds
[2025-12-24T21:30:41.011+0000] {processor.py:161} INFO - Started process (PID=40301) to work on /home/airflow/.local/lib/python3.8/site-packages/airflow/example_dags/plugins/workday.py
[2025-12-24T21:30:41.013+0000] {processor.py:830} INFO - Processing file /home/airflow/.local/lib/python3.8/site-packages/airflow/example_dags/plugins/workday.py for tasks to queue
[2025-12-24T21:30:41.015+0000] {logging_mixin.py:188} INFO - [2025-12-24T21:30:41.014+0000] {dagbag.py:538} INFO - Filling up the DagBag from /home/airflow/.local/lib/python3.8/site-packages/airflow/example_dags/plugins/workday.py
[2025-12-24T21:30:41.470+0000] {processor.py:842} WARNING - No viable dags retrieved from /home/airflow/.local/lib/python3.8/site-packages/airflow/example_dags/plugins/workday.py
[2025-12-24T21:30:41.485+0000] {processor.py:183} INFO - Processing /home/airflow/.local/lib/python3.8/site-packages/airflow/example_dags/plugins/workday.py took 0.478 seconds
[2025-12-24T21:31:12.270+0000] {processor.py:161} INFO - Started process (PID=40359) to work on /home/airflow/.local/lib/python3.8/site-packages/airflow/example_dags/plugins/workday.py
[2025-12-24T21:31:12.271+0000] {processor.py:830} INFO - Processing file /home/airflow/.local/lib/python3.8/site-packages/airflow/example_dags/plugins/workday.py for tasks to queue
[2025-12-24T21:31:12.275+0000] {logging_mixin.py:188} INFO - [2025-12-24T21:31:12.275+0000] {dagbag.py:538} INFO - Filling up the DagBag from /home/airflow/.local/lib/python3.8/site-packages/airflow/example_dags/plugins/workday.py
[2025-12-24T21:31:12.698+0000] {processor.py:842} WARNING - No viable dags retrieved from /home/airflow/.local/lib/python3.8/site-packages/airflow/example_dags/plugins/workday.py
[2025-12-24T21:31:12.712+0000] {processor.py:183} INFO - Processing /home/airflow/.local/lib/python3.8/site-packages/airflow/example_dags/plugins/workday.py took 0.447 seconds
[2025-12-24T21:31:43.179+0000] {processor.py:161} INFO - Started process (PID=40418) to work on /home/airflow/.local/lib/python3.8/site-packages/airflow/example_dags/plugins/workday.py
[2025-12-24T21:31:43.180+0000] {processor.py:830} INFO - Processing file /home/airflow/.local/lib/python3.8/site-packages/airflow/example_dags/plugins/workday.py for tasks to queue
[2025-12-24T21:31:43.181+0000] {logging_mixin.py:188} INFO - [2025-12-24T21:31:43.181+0000] {dagbag.py:538} INFO - Filling up the DagBag from /home/airflow/.local/lib/python3.8/site-packages/airflow/example_dags/plugins/workday.py
[2025-12-24T21:31:43.621+0000] {processor.py:842} WARNING - No viable dags retrieved from /home/airflow/.local/lib/python3.8/site-packages/airflow/example_dags/plugins/workday.py
[2025-12-24T21:31:43.635+0000] {processor.py:183} INFO - Processing /home/airflow/.local/lib/python3.8/site-packages/airflow/example_dags/plugins/workday.py took 0.460 seconds
[2025-12-24T21:32:14.640+0000] {processor.py:161} INFO - Started process (PID=40476) to work on /home/airflow/.local/lib/python3.8/site-packages/airflow/example_dags/plugins/workday.py
[2025-12-24T21:32:14.641+0000] {processor.py:830} INFO - Processing file /home/airflow/.local/lib/python3.8/site-packages/airflow/example_dags/plugins/workday.py for tasks to queue
[2025-12-24T21:32:14.643+0000] {logging_mixin.py:188} INFO - [2025-12-24T21:32:14.642+0000] {dagbag.py:538} INFO - Filling up the DagBag from /home/airflow/.local/lib/python3.8/site-packages/airflow/example_dags/plugins/workday.py
[2025-12-24T21:32:15.230+0000] {processor.py:842} WARNING - No viable dags retrieved from /home/airflow/.local/lib/python3.8/site-packages/airflow/example_dags/plugins/workday.py
[2025-12-24T21:32:15.244+0000] {processor.py:183} INFO - Processing /home/airflow/.local/lib/python3.8/site-packages/airflow/example_dags/plugins/workday.py took 0.608 seconds
[2025-12-24T21:32:45.969+0000] {processor.py:161} INFO - Started process (PID=40534) to work on /home/airflow/.local/lib/python3.8/site-packages/airflow/example_dags/plugins/workday.py
[2025-12-24T21:32:45.970+0000] {processor.py:830} INFO - Processing file /home/airflow/.local/lib/python3.8/site-packages/airflow/example_dags/plugins/workday.py for tasks to queue
[2025-12-24T21:32:45.972+0000] {logging_mixin.py:188} INFO - [2025-12-24T21:32:45.971+0000] {dagbag.py:538} INFO - Filling up the DagBag from /home/airflow/.local/lib/python3.8/site-packages/airflow/example_dags/plugins/workday.py
[2025-12-24T21:32:46.481+0000] {processor.py:842} WARNING - No viable dags retrieved from /home/airflow/.local/lib/python3.8/site-packages/airflow/example_dags/plugins/workday.py
[2025-12-24T21:32:46.498+0000] {processor.py:183} INFO - Processing /home/airflow/.local/lib/python3.8/site-packages/airflow/example_dags/plugins/workday.py took 0.533 seconds
[2025-12-24T21:33:17.315+0000] {processor.py:161} INFO - Started process (PID=40592) to work on /home/airflow/.local/lib/python3.8/site-packages/airflow/example_dags/plugins/workday.py
[2025-12-24T21:33:17.316+0000] {processor.py:830} INFO - Processing file /home/airflow/.local/lib/python3.8/site-packages/airflow/example_dags/plugins/workday.py for tasks to queue
[2025-12-24T21:33:17.317+0000] {logging_mixin.py:188} INFO - [2025-12-24T21:33:17.317+0000] {dagbag.py:538} INFO - Filling up the DagBag from /home/airflow/.local/lib/python3.8/site-packages/airflow/example_dags/plugins/workday.py
[2025-12-24T21:33:17.785+0000] {processor.py:842} WARNING - No viable dags retrieved from /home/airflow/.local/lib/python3.8/site-packages/airflow/example_dags/plugins/workday.py
[2025-12-24T21:33:17.805+0000] {processor.py:183} INFO - Processing /home/airflow/.local/lib/python3.8/site-packages/airflow/example_dags/plugins/workday.py took 0.493 seconds
[2025-12-24T21:33:51.596+0000] {processor.py:161} INFO - Started process (PID=40656) to work on /home/airflow/.local/lib/python3.8/site-packages/airflow/example_dags/plugins/workday.py
[2025-12-24T21:33:51.598+0000] {processor.py:830} INFO - Processing file /home/airflow/.local/lib/python3.8/site-packages/airflow/example_dags/plugins/workday.py for tasks to queue
[2025-12-24T21:33:51.610+0000] {logging_mixin.py:188} INFO - [2025-12-24T21:33:51.607+0000] {dagbag.py:538} INFO - Filling up the DagBag from /home/airflow/.local/lib/python3.8/site-packages/airflow/example_dags/plugins/workday.py
[2025-12-24T21:33:52.311+0000] {processor.py:842} WARNING - No viable dags retrieved from /home/airflow/.local/lib/python3.8/site-packages/airflow/example_dags/plugins/workday.py
[2025-12-24T21:33:52.331+0000] {processor.py:183} INFO - Processing /home/airflow/.local/lib/python3.8/site-packages/airflow/example_dags/plugins/workday.py took 0.741 seconds
[2025-12-24T21:34:22.750+0000] {processor.py:161} INFO - Started process (PID=40717) to work on /home/airflow/.local/lib/python3.8/site-packages/airflow/example_dags/plugins/workday.py
[2025-12-24T21:34:22.751+0000] {processor.py:830} INFO - Processing file /home/airflow/.local/lib/python3.8/site-packages/airflow/example_dags/plugins/workday.py for tasks to queue
[2025-12-24T21:34:22.752+0000] {logging_mixin.py:188} INFO - [2025-12-24T21:34:22.752+0000] {dagbag.py:538} INFO - Filling up the DagBag from /home/airflow/.local/lib/python3.8/site-packages/airflow/example_dags/plugins/workday.py
[2025-12-24T21:34:23.247+0000] {processor.py:842} WARNING - No viable dags retrieved from /home/airflow/.local/lib/python3.8/site-packages/airflow/example_dags/plugins/workday.py
[2025-12-24T21:34:23.261+0000] {processor.py:183} INFO - Processing /home/airflow/.local/lib/python3.8/site-packages/airflow/example_dags/plugins/workday.py took 0.515 seconds
[2025-12-24T21:34:54.669+0000] {processor.py:161} INFO - Started process (PID=40789) to work on /home/airflow/.local/lib/python3.8/site-packages/airflow/example_dags/plugins/workday.py
[2025-12-24T21:34:54.670+0000] {processor.py:830} INFO - Processing file /home/airflow/.local/lib/python3.8/site-packages/airflow/example_dags/plugins/workday.py for tasks to queue
[2025-12-24T21:34:54.672+0000] {logging_mixin.py:188} INFO - [2025-12-24T21:34:54.671+0000] {dagbag.py:538} INFO - Filling up the DagBag from /home/airflow/.local/lib/python3.8/site-packages/airflow/example_dags/plugins/workday.py
[2025-12-24T21:34:55.223+0000] {processor.py:842} WARNING - No viable dags retrieved from /home/airflow/.local/lib/python3.8/site-packages/airflow/example_dags/plugins/workday.py
[2025-12-24T21:34:55.238+0000] {processor.py:183} INFO - Processing /home/airflow/.local/lib/python3.8/site-packages/airflow/example_dags/plugins/workday.py took 0.573 seconds
[2025-12-24T21:35:25.491+0000] {processor.py:161} INFO - Started process (PID=40855) to work on /home/airflow/.local/lib/python3.8/site-packages/airflow/example_dags/plugins/workday.py
[2025-12-24T21:35:25.492+0000] {processor.py:830} INFO - Processing file /home/airflow/.local/lib/python3.8/site-packages/airflow/example_dags/plugins/workday.py for tasks to queue
[2025-12-24T21:35:25.493+0000] {logging_mixin.py:188} INFO - [2025-12-24T21:35:25.493+0000] {dagbag.py:538} INFO - Filling up the DagBag from /home/airflow/.local/lib/python3.8/site-packages/airflow/example_dags/plugins/workday.py
[2025-12-24T21:35:25.916+0000] {processor.py:842} WARNING - No viable dags retrieved from /home/airflow/.local/lib/python3.8/site-packages/airflow/example_dags/plugins/workday.py
[2025-12-24T21:35:25.929+0000] {processor.py:183} INFO - Processing /home/airflow/.local/lib/python3.8/site-packages/airflow/example_dags/plugins/workday.py took 0.442 seconds
[2025-12-24T21:35:56.858+0000] {processor.py:161} INFO - Started process (PID=40919) to work on /home/airflow/.local/lib/python3.8/site-packages/airflow/example_dags/plugins/workday.py
[2025-12-24T21:35:56.859+0000] {processor.py:830} INFO - Processing file /home/airflow/.local/lib/python3.8/site-packages/airflow/example_dags/plugins/workday.py for tasks to queue
[2025-12-24T21:35:56.861+0000] {logging_mixin.py:188} INFO - [2025-12-24T21:35:56.860+0000] {dagbag.py:538} INFO - Filling up the DagBag from /home/airflow/.local/lib/python3.8/site-packages/airflow/example_dags/plugins/workday.py
[2025-12-24T21:35:57.266+0000] {processor.py:842} WARNING - No viable dags retrieved from /home/airflow/.local/lib/python3.8/site-packages/airflow/example_dags/plugins/workday.py
[2025-12-24T21:35:57.277+0000] {processor.py:183} INFO - Processing /home/airflow/.local/lib/python3.8/site-packages/airflow/example_dags/plugins/workday.py took 0.423 seconds
[2025-12-24T21:36:27.936+0000] {processor.py:161} INFO - Started process (PID=40977) to work on /home/airflow/.local/lib/python3.8/site-packages/airflow/example_dags/plugins/workday.py
[2025-12-24T21:36:27.938+0000] {processor.py:830} INFO - Processing file /home/airflow/.local/lib/python3.8/site-packages/airflow/example_dags/plugins/workday.py for tasks to queue
[2025-12-24T21:36:27.940+0000] {logging_mixin.py:188} INFO - [2025-12-24T21:36:27.939+0000] {dagbag.py:538} INFO - Filling up the DagBag from /home/airflow/.local/lib/python3.8/site-packages/airflow/example_dags/plugins/workday.py
[2025-12-24T21:36:28.422+0000] {processor.py:842} WARNING - No viable dags retrieved from /home/airflow/.local/lib/python3.8/site-packages/airflow/example_dags/plugins/workday.py
[2025-12-24T21:36:28.435+0000] {processor.py:183} INFO - Processing /home/airflow/.local/lib/python3.8/site-packages/airflow/example_dags/plugins/workday.py took 0.504 seconds
[2025-12-24T21:36:59.229+0000] {processor.py:161} INFO - Started process (PID=41037) to work on /home/airflow/.local/lib/python3.8/site-packages/airflow/example_dags/plugins/workday.py
[2025-12-24T21:36:59.230+0000] {processor.py:830} INFO - Processing file /home/airflow/.local/lib/python3.8/site-packages/airflow/example_dags/plugins/workday.py for tasks to queue
[2025-12-24T21:36:59.231+0000] {logging_mixin.py:188} INFO - [2025-12-24T21:36:59.231+0000] {dagbag.py:538} INFO - Filling up the DagBag from /home/airflow/.local/lib/python3.8/site-packages/airflow/example_dags/plugins/workday.py
[2025-12-24T21:36:59.623+0000] {processor.py:842} WARNING - No viable dags retrieved from /home/airflow/.local/lib/python3.8/site-packages/airflow/example_dags/plugins/workday.py
[2025-12-24T21:36:59.634+0000] {processor.py:183} INFO - Processing /home/airflow/.local/lib/python3.8/site-packages/airflow/example_dags/plugins/workday.py took 0.408 seconds
[2025-12-24T21:37:30.188+0000] {processor.py:161} INFO - Started process (PID=41103) to work on /home/airflow/.local/lib/python3.8/site-packages/airflow/example_dags/plugins/workday.py
[2025-12-24T21:37:30.190+0000] {processor.py:830} INFO - Processing file /home/airflow/.local/lib/python3.8/site-packages/airflow/example_dags/plugins/workday.py for tasks to queue
[2025-12-24T21:37:30.192+0000] {logging_mixin.py:188} INFO - [2025-12-24T21:37:30.191+0000] {dagbag.py:538} INFO - Filling up the DagBag from /home/airflow/.local/lib/python3.8/site-packages/airflow/example_dags/plugins/workday.py
[2025-12-24T21:37:30.674+0000] {processor.py:842} WARNING - No viable dags retrieved from /home/airflow/.local/lib/python3.8/site-packages/airflow/example_dags/plugins/workday.py
[2025-12-24T21:37:30.691+0000] {processor.py:183} INFO - Processing /home/airflow/.local/lib/python3.8/site-packages/airflow/example_dags/plugins/workday.py took 0.509 seconds
[2025-12-24T21:38:01.421+0000] {processor.py:161} INFO - Started process (PID=41161) to work on /home/airflow/.local/lib/python3.8/site-packages/airflow/example_dags/plugins/workday.py
[2025-12-24T21:38:01.422+0000] {processor.py:830} INFO - Processing file /home/airflow/.local/lib/python3.8/site-packages/airflow/example_dags/plugins/workday.py for tasks to queue
[2025-12-24T21:38:01.424+0000] {logging_mixin.py:188} INFO - [2025-12-24T21:38:01.423+0000] {dagbag.py:538} INFO - Filling up the DagBag from /home/airflow/.local/lib/python3.8/site-packages/airflow/example_dags/plugins/workday.py
[2025-12-24T21:38:01.911+0000] {processor.py:842} WARNING - No viable dags retrieved from /home/airflow/.local/lib/python3.8/site-packages/airflow/example_dags/plugins/workday.py
[2025-12-24T21:38:01.925+0000] {processor.py:183} INFO - Processing /home/airflow/.local/lib/python3.8/site-packages/airflow/example_dags/plugins/workday.py took 0.508 seconds
[2025-12-24T21:38:32.427+0000] {processor.py:161} INFO - Started process (PID=41226) to work on /home/airflow/.local/lib/python3.8/site-packages/airflow/example_dags/plugins/workday.py
[2025-12-24T21:38:32.428+0000] {processor.py:830} INFO - Processing file /home/airflow/.local/lib/python3.8/site-packages/airflow/example_dags/plugins/workday.py for tasks to queue
[2025-12-24T21:38:32.429+0000] {logging_mixin.py:188} INFO - [2025-12-24T21:38:32.429+0000] {dagbag.py:538} INFO - Filling up the DagBag from /home/airflow/.local/lib/python3.8/site-packages/airflow/example_dags/plugins/workday.py
[2025-12-24T21:38:32.830+0000] {processor.py:842} WARNING - No viable dags retrieved from /home/airflow/.local/lib/python3.8/site-packages/airflow/example_dags/plugins/workday.py
[2025-12-24T21:38:32.842+0000] {processor.py:183} INFO - Processing /home/airflow/.local/lib/python3.8/site-packages/airflow/example_dags/plugins/workday.py took 0.419 seconds
[2025-12-24T21:39:03.819+0000] {processor.py:161} INFO - Started process (PID=41287) to work on /home/airflow/.local/lib/python3.8/site-packages/airflow/example_dags/plugins/workday.py
[2025-12-24T21:39:03.821+0000] {processor.py:830} INFO - Processing file /home/airflow/.local/lib/python3.8/site-packages/airflow/example_dags/plugins/workday.py for tasks to queue
[2025-12-24T21:39:03.824+0000] {logging_mixin.py:188} INFO - [2025-12-24T21:39:03.823+0000] {dagbag.py:538} INFO - Filling up the DagBag from /home/airflow/.local/lib/python3.8/site-packages/airflow/example_dags/plugins/workday.py
[2025-12-24T21:39:04.271+0000] {processor.py:842} WARNING - No viable dags retrieved from /home/airflow/.local/lib/python3.8/site-packages/airflow/example_dags/plugins/workday.py
[2025-12-24T21:39:04.283+0000] {processor.py:183} INFO - Processing /home/airflow/.local/lib/python3.8/site-packages/airflow/example_dags/plugins/workday.py took 0.468 seconds
[2025-12-24T21:39:35.139+0000] {processor.py:161} INFO - Started process (PID=41348) to work on /home/airflow/.local/lib/python3.8/site-packages/airflow/example_dags/plugins/workday.py
[2025-12-24T21:39:35.141+0000] {processor.py:830} INFO - Processing file /home/airflow/.local/lib/python3.8/site-packages/airflow/example_dags/plugins/workday.py for tasks to queue
[2025-12-24T21:39:35.143+0000] {logging_mixin.py:188} INFO - [2025-12-24T21:39:35.142+0000] {dagbag.py:538} INFO - Filling up the DagBag from /home/airflow/.local/lib/python3.8/site-packages/airflow/example_dags/plugins/workday.py
[2025-12-24T21:39:35.564+0000] {processor.py:842} WARNING - No viable dags retrieved from /home/airflow/.local/lib/python3.8/site-packages/airflow/example_dags/plugins/workday.py
[2025-12-24T21:39:35.576+0000] {processor.py:183} INFO - Processing /home/airflow/.local/lib/python3.8/site-packages/airflow/example_dags/plugins/workday.py took 0.444 seconds
[2025-12-24T21:40:06.114+0000] {processor.py:161} INFO - Started process (PID=41407) to work on /home/airflow/.local/lib/python3.8/site-packages/airflow/example_dags/plugins/workday.py
[2025-12-24T21:40:06.115+0000] {processor.py:830} INFO - Processing file /home/airflow/.local/lib/python3.8/site-packages/airflow/example_dags/plugins/workday.py for tasks to queue
[2025-12-24T21:40:06.116+0000] {logging_mixin.py:188} INFO - [2025-12-24T21:40:06.116+0000] {dagbag.py:538} INFO - Filling up the DagBag from /home/airflow/.local/lib/python3.8/site-packages/airflow/example_dags/plugins/workday.py
[2025-12-24T21:40:06.563+0000] {processor.py:842} WARNING - No viable dags retrieved from /home/airflow/.local/lib/python3.8/site-packages/airflow/example_dags/plugins/workday.py
[2025-12-24T21:40:06.583+0000] {processor.py:183} INFO - Processing /home/airflow/.local/lib/python3.8/site-packages/airflow/example_dags/plugins/workday.py took 0.473 seconds
[2025-12-24T21:40:37.101+0000] {processor.py:161} INFO - Started process (PID=41478) to work on /home/airflow/.local/lib/python3.8/site-packages/airflow/example_dags/plugins/workday.py
[2025-12-24T21:40:37.103+0000] {processor.py:830} INFO - Processing file /home/airflow/.local/lib/python3.8/site-packages/airflow/example_dags/plugins/workday.py for tasks to queue
[2025-12-24T21:40:37.105+0000] {logging_mixin.py:188} INFO - [2025-12-24T21:40:37.104+0000] {dagbag.py:538} INFO - Filling up the DagBag from /home/airflow/.local/lib/python3.8/site-packages/airflow/example_dags/plugins/workday.py
[2025-12-24T21:40:37.639+0000] {processor.py:842} WARNING - No viable dags retrieved from /home/airflow/.local/lib/python3.8/site-packages/airflow/example_dags/plugins/workday.py
[2025-12-24T21:40:37.653+0000] {processor.py:183} INFO - Processing /home/airflow/.local/lib/python3.8/site-packages/airflow/example_dags/plugins/workday.py took 0.558 seconds
[2025-12-24T21:41:07.807+0000] {processor.py:161} INFO - Started process (PID=41552) to work on /home/airflow/.local/lib/python3.8/site-packages/airflow/example_dags/plugins/workday.py
[2025-12-24T21:41:07.810+0000] {processor.py:830} INFO - Processing file /home/airflow/.local/lib/python3.8/site-packages/airflow/example_dags/plugins/workday.py for tasks to queue
[2025-12-24T21:41:07.812+0000] {logging_mixin.py:188} INFO - [2025-12-24T21:41:07.811+0000] {dagbag.py:538} INFO - Filling up the DagBag from /home/airflow/.local/lib/python3.8/site-packages/airflow/example_dags/plugins/workday.py
[2025-12-24T21:41:08.395+0000] {processor.py:842} WARNING - No viable dags retrieved from /home/airflow/.local/lib/python3.8/site-packages/airflow/example_dags/plugins/workday.py
[2025-12-24T21:41:08.407+0000] {processor.py:183} INFO - Processing /home/airflow/.local/lib/python3.8/site-packages/airflow/example_dags/plugins/workday.py took 0.610 seconds
[2025-12-24T21:41:38.748+0000] {processor.py:161} INFO - Started process (PID=41616) to work on /home/airflow/.local/lib/python3.8/site-packages/airflow/example_dags/plugins/workday.py
[2025-12-24T21:41:38.749+0000] {processor.py:830} INFO - Processing file /home/airflow/.local/lib/python3.8/site-packages/airflow/example_dags/plugins/workday.py for tasks to queue
[2025-12-24T21:41:38.751+0000] {logging_mixin.py:188} INFO - [2025-12-24T21:41:38.750+0000] {dagbag.py:538} INFO - Filling up the DagBag from /home/airflow/.local/lib/python3.8/site-packages/airflow/example_dags/plugins/workday.py
[2025-12-24T21:41:39.145+0000] {processor.py:842} WARNING - No viable dags retrieved from /home/airflow/.local/lib/python3.8/site-packages/airflow/example_dags/plugins/workday.py
[2025-12-24T21:41:39.157+0000] {processor.py:183} INFO - Processing /home/airflow/.local/lib/python3.8/site-packages/airflow/example_dags/plugins/workday.py took 0.413 seconds
[2025-12-24T21:42:09.214+0000] {processor.py:161} INFO - Started process (PID=41675) to work on /home/airflow/.local/lib/python3.8/site-packages/airflow/example_dags/plugins/workday.py
[2025-12-24T21:42:09.215+0000] {processor.py:830} INFO - Processing file /home/airflow/.local/lib/python3.8/site-packages/airflow/example_dags/plugins/workday.py for tasks to queue
[2025-12-24T21:42:09.216+0000] {logging_mixin.py:188} INFO - [2025-12-24T21:42:09.216+0000] {dagbag.py:538} INFO - Filling up the DagBag from /home/airflow/.local/lib/python3.8/site-packages/airflow/example_dags/plugins/workday.py
[2025-12-24T21:42:09.615+0000] {processor.py:842} WARNING - No viable dags retrieved from /home/airflow/.local/lib/python3.8/site-packages/airflow/example_dags/plugins/workday.py
[2025-12-24T21:42:09.628+0000] {processor.py:183} INFO - Processing /home/airflow/.local/lib/python3.8/site-packages/airflow/example_dags/plugins/workday.py took 0.418 seconds
[2025-12-24T21:42:40.135+0000] {processor.py:161} INFO - Started process (PID=41734) to work on /home/airflow/.local/lib/python3.8/site-packages/airflow/example_dags/plugins/workday.py
[2025-12-24T21:42:40.136+0000] {processor.py:830} INFO - Processing file /home/airflow/.local/lib/python3.8/site-packages/airflow/example_dags/plugins/workday.py for tasks to queue
[2025-12-24T21:42:40.137+0000] {logging_mixin.py:188} INFO - [2025-12-24T21:42:40.137+0000] {dagbag.py:538} INFO - Filling up the DagBag from /home/airflow/.local/lib/python3.8/site-packages/airflow/example_dags/plugins/workday.py
[2025-12-24T21:42:40.544+0000] {processor.py:842} WARNING - No viable dags retrieved from /home/airflow/.local/lib/python3.8/site-packages/airflow/example_dags/plugins/workday.py
[2025-12-24T21:42:40.556+0000] {processor.py:183} INFO - Processing /home/airflow/.local/lib/python3.8/site-packages/airflow/example_dags/plugins/workday.py took 0.424 seconds
[2025-12-24T21:43:11.139+0000] {processor.py:161} INFO - Started process (PID=41795) to work on /home/airflow/.local/lib/python3.8/site-packages/airflow/example_dags/plugins/workday.py
[2025-12-24T21:43:11.140+0000] {processor.py:830} INFO - Processing file /home/airflow/.local/lib/python3.8/site-packages/airflow/example_dags/plugins/workday.py for tasks to queue
[2025-12-24T21:43:11.142+0000] {logging_mixin.py:188} INFO - [2025-12-24T21:43:11.141+0000] {dagbag.py:538} INFO - Filling up the DagBag from /home/airflow/.local/lib/python3.8/site-packages/airflow/example_dags/plugins/workday.py
[2025-12-24T21:43:11.598+0000] {processor.py:842} WARNING - No viable dags retrieved from /home/airflow/.local/lib/python3.8/site-packages/airflow/example_dags/plugins/workday.py
[2025-12-24T21:43:11.611+0000] {processor.py:183} INFO - Processing /home/airflow/.local/lib/python3.8/site-packages/airflow/example_dags/plugins/workday.py took 0.476 seconds
[2025-12-24T21:43:42.641+0000] {processor.py:161} INFO - Started process (PID=41854) to work on /home/airflow/.local/lib/python3.8/site-packages/airflow/example_dags/plugins/workday.py
[2025-12-24T21:43:42.642+0000] {processor.py:830} INFO - Processing file /home/airflow/.local/lib/python3.8/site-packages/airflow/example_dags/plugins/workday.py for tasks to queue
[2025-12-24T21:43:42.643+0000] {logging_mixin.py:188} INFO - [2025-12-24T21:43:42.643+0000] {dagbag.py:538} INFO - Filling up the DagBag from /home/airflow/.local/lib/python3.8/site-packages/airflow/example_dags/plugins/workday.py
[2025-12-24T21:43:43.047+0000] {processor.py:842} WARNING - No viable dags retrieved from /home/airflow/.local/lib/python3.8/site-packages/airflow/example_dags/plugins/workday.py
[2025-12-24T21:43:43.059+0000] {processor.py:183} INFO - Processing /home/airflow/.local/lib/python3.8/site-packages/airflow/example_dags/plugins/workday.py took 0.421 seconds
[2025-12-24T21:44:13.424+0000] {processor.py:161} INFO - Started process (PID=41913) to work on /home/airflow/.local/lib/python3.8/site-packages/airflow/example_dags/plugins/workday.py
[2025-12-24T21:44:13.425+0000] {processor.py:830} INFO - Processing file /home/airflow/.local/lib/python3.8/site-packages/airflow/example_dags/plugins/workday.py for tasks to queue
[2025-12-24T21:44:13.426+0000] {logging_mixin.py:188} INFO - [2025-12-24T21:44:13.426+0000] {dagbag.py:538} INFO - Filling up the DagBag from /home/airflow/.local/lib/python3.8/site-packages/airflow/example_dags/plugins/workday.py
[2025-12-24T21:44:13.838+0000] {processor.py:842} WARNING - No viable dags retrieved from /home/airflow/.local/lib/python3.8/site-packages/airflow/example_dags/plugins/workday.py
[2025-12-24T21:44:13.851+0000] {processor.py:183} INFO - Processing /home/airflow/.local/lib/python3.8/site-packages/airflow/example_dags/plugins/workday.py took 0.431 seconds
[2025-12-24T21:44:43.922+0000] {processor.py:161} INFO - Started process (PID=41971) to work on /home/airflow/.local/lib/python3.8/site-packages/airflow/example_dags/plugins/workday.py
[2025-12-24T21:44:43.925+0000] {processor.py:830} INFO - Processing file /home/airflow/.local/lib/python3.8/site-packages/airflow/example_dags/plugins/workday.py for tasks to queue
[2025-12-24T21:44:43.926+0000] {logging_mixin.py:188} INFO - [2025-12-24T21:44:43.926+0000] {dagbag.py:538} INFO - Filling up the DagBag from /home/airflow/.local/lib/python3.8/site-packages/airflow/example_dags/plugins/workday.py
[2025-12-24T21:44:44.413+0000] {processor.py:842} WARNING - No viable dags retrieved from /home/airflow/.local/lib/python3.8/site-packages/airflow/example_dags/plugins/workday.py
[2025-12-24T21:44:44.425+0000] {processor.py:183} INFO - Processing /home/airflow/.local/lib/python3.8/site-packages/airflow/example_dags/plugins/workday.py took 0.508 seconds
[2025-12-24T21:45:15.486+0000] {processor.py:161} INFO - Started process (PID=42033) to work on /home/airflow/.local/lib/python3.8/site-packages/airflow/example_dags/plugins/workday.py
[2025-12-24T21:45:15.488+0000] {processor.py:830} INFO - Processing file /home/airflow/.local/lib/python3.8/site-packages/airflow/example_dags/plugins/workday.py for tasks to queue
[2025-12-24T21:45:15.490+0000] {logging_mixin.py:188} INFO - [2025-12-24T21:45:15.489+0000] {dagbag.py:538} INFO - Filling up the DagBag from /home/airflow/.local/lib/python3.8/site-packages/airflow/example_dags/plugins/workday.py
[2025-12-24T21:45:15.998+0000] {processor.py:842} WARNING - No viable dags retrieved from /home/airflow/.local/lib/python3.8/site-packages/airflow/example_dags/plugins/workday.py
[2025-12-24T21:45:16.020+0000] {processor.py:183} INFO - Processing /home/airflow/.local/lib/python3.8/site-packages/airflow/example_dags/plugins/workday.py took 0.538 seconds
[2025-12-24T21:45:47.589+0000] {processor.py:161} INFO - Started process (PID=42096) to work on /home/airflow/.local/lib/python3.8/site-packages/airflow/example_dags/plugins/workday.py
[2025-12-24T21:45:47.592+0000] {processor.py:830} INFO - Processing file /home/airflow/.local/lib/python3.8/site-packages/airflow/example_dags/plugins/workday.py for tasks to queue
[2025-12-24T21:45:47.594+0000] {logging_mixin.py:188} INFO - [2025-12-24T21:45:47.593+0000] {dagbag.py:538} INFO - Filling up the DagBag from /home/airflow/.local/lib/python3.8/site-packages/airflow/example_dags/plugins/workday.py
[2025-12-24T21:45:48.050+0000] {processor.py:842} WARNING - No viable dags retrieved from /home/airflow/.local/lib/python3.8/site-packages/airflow/example_dags/plugins/workday.py
[2025-12-24T21:45:48.062+0000] {processor.py:183} INFO - Processing /home/airflow/.local/lib/python3.8/site-packages/airflow/example_dags/plugins/workday.py took 0.477 seconds
[2025-12-24T21:46:19.058+0000] {processor.py:161} INFO - Started process (PID=42157) to work on /home/airflow/.local/lib/python3.8/site-packages/airflow/example_dags/plugins/workday.py
[2025-12-24T21:46:19.060+0000] {processor.py:830} INFO - Processing file /home/airflow/.local/lib/python3.8/site-packages/airflow/example_dags/plugins/workday.py for tasks to queue
[2025-12-24T21:46:19.061+0000] {logging_mixin.py:188} INFO - [2025-12-24T21:46:19.061+0000] {dagbag.py:538} INFO - Filling up the DagBag from /home/airflow/.local/lib/python3.8/site-packages/airflow/example_dags/plugins/workday.py
[2025-12-24T21:46:19.497+0000] {processor.py:842} WARNING - No viable dags retrieved from /home/airflow/.local/lib/python3.8/site-packages/airflow/example_dags/plugins/workday.py
[2025-12-24T21:46:19.509+0000] {processor.py:183} INFO - Processing /home/airflow/.local/lib/python3.8/site-packages/airflow/example_dags/plugins/workday.py took 0.456 seconds
[2025-12-24T21:46:50.175+0000] {processor.py:161} INFO - Started process (PID=42218) to work on /home/airflow/.local/lib/python3.8/site-packages/airflow/example_dags/plugins/workday.py
[2025-12-24T21:46:50.176+0000] {processor.py:830} INFO - Processing file /home/airflow/.local/lib/python3.8/site-packages/airflow/example_dags/plugins/workday.py for tasks to queue
[2025-12-24T21:46:50.181+0000] {logging_mixin.py:188} INFO - [2025-12-24T21:46:50.180+0000] {dagbag.py:538} INFO - Filling up the DagBag from /home/airflow/.local/lib/python3.8/site-packages/airflow/example_dags/plugins/workday.py
[2025-12-24T21:46:50.700+0000] {processor.py:842} WARNING - No viable dags retrieved from /home/airflow/.local/lib/python3.8/site-packages/airflow/example_dags/plugins/workday.py
[2025-12-24T21:46:50.717+0000] {processor.py:183} INFO - Processing /home/airflow/.local/lib/python3.8/site-packages/airflow/example_dags/plugins/workday.py took 0.548 seconds
[2025-12-24T21:47:21.727+0000] {processor.py:161} INFO - Started process (PID=42281) to work on /home/airflow/.local/lib/python3.8/site-packages/airflow/example_dags/plugins/workday.py
[2025-12-24T21:47:21.729+0000] {processor.py:830} INFO - Processing file /home/airflow/.local/lib/python3.8/site-packages/airflow/example_dags/plugins/workday.py for tasks to queue
[2025-12-24T21:47:21.730+0000] {logging_mixin.py:188} INFO - [2025-12-24T21:47:21.730+0000] {dagbag.py:538} INFO - Filling up the DagBag from /home/airflow/.local/lib/python3.8/site-packages/airflow/example_dags/plugins/workday.py
[2025-12-24T21:47:22.278+0000] {processor.py:842} WARNING - No viable dags retrieved from /home/airflow/.local/lib/python3.8/site-packages/airflow/example_dags/plugins/workday.py
[2025-12-24T21:47:22.293+0000] {processor.py:183} INFO - Processing /home/airflow/.local/lib/python3.8/site-packages/airflow/example_dags/plugins/workday.py took 0.571 seconds
[2025-12-24T21:47:52.356+0000] {processor.py:161} INFO - Started process (PID=42346) to work on /home/airflow/.local/lib/python3.8/site-packages/airflow/example_dags/plugins/workday.py
[2025-12-24T21:47:52.358+0000] {processor.py:830} INFO - Processing file /home/airflow/.local/lib/python3.8/site-packages/airflow/example_dags/plugins/workday.py for tasks to queue
[2025-12-24T21:47:52.359+0000] {logging_mixin.py:188} INFO - [2025-12-24T21:47:52.359+0000] {dagbag.py:538} INFO - Filling up the DagBag from /home/airflow/.local/lib/python3.8/site-packages/airflow/example_dags/plugins/workday.py
[2025-12-24T21:47:53.245+0000] {processor.py:842} WARNING - No viable dags retrieved from /home/airflow/.local/lib/python3.8/site-packages/airflow/example_dags/plugins/workday.py
[2025-12-24T21:47:53.269+0000] {processor.py:183} INFO - Processing /home/airflow/.local/lib/python3.8/site-packages/airflow/example_dags/plugins/workday.py took 0.917 seconds
[2025-12-24T21:48:23.443+0000] {processor.py:161} INFO - Started process (PID=42409) to work on /home/airflow/.local/lib/python3.8/site-packages/airflow/example_dags/plugins/workday.py
[2025-12-24T21:48:23.445+0000] {processor.py:830} INFO - Processing file /home/airflow/.local/lib/python3.8/site-packages/airflow/example_dags/plugins/workday.py for tasks to queue
[2025-12-24T21:48:23.446+0000] {logging_mixin.py:188} INFO - [2025-12-24T21:48:23.446+0000] {dagbag.py:538} INFO - Filling up the DagBag from /home/airflow/.local/lib/python3.8/site-packages/airflow/example_dags/plugins/workday.py
[2025-12-24T21:48:23.992+0000] {processor.py:842} WARNING - No viable dags retrieved from /home/airflow/.local/lib/python3.8/site-packages/airflow/example_dags/plugins/workday.py
[2025-12-24T21:48:24.018+0000] {processor.py:183} INFO - Processing /home/airflow/.local/lib/python3.8/site-packages/airflow/example_dags/plugins/workday.py took 0.580 seconds
[2025-12-24T21:48:54.112+0000] {processor.py:161} INFO - Started process (PID=42467) to work on /home/airflow/.local/lib/python3.8/site-packages/airflow/example_dags/plugins/workday.py
[2025-12-24T21:48:54.113+0000] {processor.py:830} INFO - Processing file /home/airflow/.local/lib/python3.8/site-packages/airflow/example_dags/plugins/workday.py for tasks to queue
[2025-12-24T21:48:54.114+0000] {logging_mixin.py:188} INFO - [2025-12-24T21:48:54.114+0000] {dagbag.py:538} INFO - Filling up the DagBag from /home/airflow/.local/lib/python3.8/site-packages/airflow/example_dags/plugins/workday.py
[2025-12-24T21:48:54.523+0000] {processor.py:842} WARNING - No viable dags retrieved from /home/airflow/.local/lib/python3.8/site-packages/airflow/example_dags/plugins/workday.py
[2025-12-24T21:48:54.537+0000] {processor.py:183} INFO - Processing /home/airflow/.local/lib/python3.8/site-packages/airflow/example_dags/plugins/workday.py took 0.428 seconds
[2025-12-24T21:49:25.533+0000] {processor.py:161} INFO - Started process (PID=42536) to work on /home/airflow/.local/lib/python3.8/site-packages/airflow/example_dags/plugins/workday.py
[2025-12-24T21:49:25.535+0000] {processor.py:830} INFO - Processing file /home/airflow/.local/lib/python3.8/site-packages/airflow/example_dags/plugins/workday.py for tasks to queue
[2025-12-24T21:49:25.537+0000] {logging_mixin.py:188} INFO - [2025-12-24T21:49:25.536+0000] {dagbag.py:538} INFO - Filling up the DagBag from /home/airflow/.local/lib/python3.8/site-packages/airflow/example_dags/plugins/workday.py
[2025-12-24T21:49:26.186+0000] {processor.py:842} WARNING - No viable dags retrieved from /home/airflow/.local/lib/python3.8/site-packages/airflow/example_dags/plugins/workday.py
[2025-12-24T21:49:26.200+0000] {processor.py:183} INFO - Processing /home/airflow/.local/lib/python3.8/site-packages/airflow/example_dags/plugins/workday.py took 0.673 seconds
[2025-12-24T21:49:56.630+0000] {processor.py:161} INFO - Started process (PID=42600) to work on /home/airflow/.local/lib/python3.8/site-packages/airflow/example_dags/plugins/workday.py
[2025-12-24T21:49:56.631+0000] {processor.py:830} INFO - Processing file /home/airflow/.local/lib/python3.8/site-packages/airflow/example_dags/plugins/workday.py for tasks to queue
[2025-12-24T21:49:56.632+0000] {logging_mixin.py:188} INFO - [2025-12-24T21:49:56.632+0000] {dagbag.py:538} INFO - Filling up the DagBag from /home/airflow/.local/lib/python3.8/site-packages/airflow/example_dags/plugins/workday.py
[2025-12-24T21:49:57.026+0000] {processor.py:842} WARNING - No viable dags retrieved from /home/airflow/.local/lib/python3.8/site-packages/airflow/example_dags/plugins/workday.py
[2025-12-24T21:49:57.039+0000] {processor.py:183} INFO - Processing /home/airflow/.local/lib/python3.8/site-packages/airflow/example_dags/plugins/workday.py took 0.413 seconds
[2025-12-24T21:50:27.453+0000] {processor.py:161} INFO - Started process (PID=42660) to work on /home/airflow/.local/lib/python3.8/site-packages/airflow/example_dags/plugins/workday.py
[2025-12-24T21:50:27.454+0000] {processor.py:830} INFO - Processing file /home/airflow/.local/lib/python3.8/site-packages/airflow/example_dags/plugins/workday.py for tasks to queue
[2025-12-24T21:50:27.456+0000] {logging_mixin.py:188} INFO - [2025-12-24T21:50:27.455+0000] {dagbag.py:538} INFO - Filling up the DagBag from /home/airflow/.local/lib/python3.8/site-packages/airflow/example_dags/plugins/workday.py
[2025-12-24T21:50:28.123+0000] {processor.py:842} WARNING - No viable dags retrieved from /home/airflow/.local/lib/python3.8/site-packages/airflow/example_dags/plugins/workday.py
[2025-12-24T21:50:28.139+0000] {processor.py:183} INFO - Processing /home/airflow/.local/lib/python3.8/site-packages/airflow/example_dags/plugins/workday.py took 0.690 seconds
[2025-12-24T21:50:58.356+0000] {processor.py:161} INFO - Started process (PID=42719) to work on /home/airflow/.local/lib/python3.8/site-packages/airflow/example_dags/plugins/workday.py
[2025-12-24T21:50:58.362+0000] {processor.py:830} INFO - Processing file /home/airflow/.local/lib/python3.8/site-packages/airflow/example_dags/plugins/workday.py for tasks to queue
[2025-12-24T21:50:58.363+0000] {logging_mixin.py:188} INFO - [2025-12-24T21:50:58.363+0000] {dagbag.py:538} INFO - Filling up the DagBag from /home/airflow/.local/lib/python3.8/site-packages/airflow/example_dags/plugins/workday.py
[2025-12-24T21:50:58.880+0000] {processor.py:842} WARNING - No viable dags retrieved from /home/airflow/.local/lib/python3.8/site-packages/airflow/example_dags/plugins/workday.py
[2025-12-24T21:50:58.891+0000] {processor.py:183} INFO - Processing /home/airflow/.local/lib/python3.8/site-packages/airflow/example_dags/plugins/workday.py took 0.541 seconds
[2025-12-24T21:51:29.495+0000] {processor.py:161} INFO - Started process (PID=42778) to work on /home/airflow/.local/lib/python3.8/site-packages/airflow/example_dags/plugins/workday.py
[2025-12-24T21:51:29.496+0000] {processor.py:830} INFO - Processing file /home/airflow/.local/lib/python3.8/site-packages/airflow/example_dags/plugins/workday.py for tasks to queue
[2025-12-24T21:51:29.497+0000] {logging_mixin.py:188} INFO - [2025-12-24T21:51:29.497+0000] {dagbag.py:538} INFO - Filling up the DagBag from /home/airflow/.local/lib/python3.8/site-packages/airflow/example_dags/plugins/workday.py
[2025-12-24T21:51:29.881+0000] {processor.py:842} WARNING - No viable dags retrieved from /home/airflow/.local/lib/python3.8/site-packages/airflow/example_dags/plugins/workday.py
[2025-12-24T21:51:29.893+0000] {processor.py:183} INFO - Processing /home/airflow/.local/lib/python3.8/site-packages/airflow/example_dags/plugins/workday.py took 0.402 seconds
[2025-12-24T21:52:00.749+0000] {processor.py:161} INFO - Started process (PID=42837) to work on /home/airflow/.local/lib/python3.8/site-packages/airflow/example_dags/plugins/workday.py
[2025-12-24T21:52:00.751+0000] {processor.py:830} INFO - Processing file /home/airflow/.local/lib/python3.8/site-packages/airflow/example_dags/plugins/workday.py for tasks to queue
[2025-12-24T21:52:00.752+0000] {logging_mixin.py:188} INFO - [2025-12-24T21:52:00.752+0000] {dagbag.py:538} INFO - Filling up the DagBag from /home/airflow/.local/lib/python3.8/site-packages/airflow/example_dags/plugins/workday.py
[2025-12-24T21:52:01.224+0000] {processor.py:842} WARNING - No viable dags retrieved from /home/airflow/.local/lib/python3.8/site-packages/airflow/example_dags/plugins/workday.py
[2025-12-24T21:52:01.239+0000] {processor.py:183} INFO - Processing /home/airflow/.local/lib/python3.8/site-packages/airflow/example_dags/plugins/workday.py took 0.494 seconds
[2025-12-24T21:52:32.475+0000] {processor.py:161} INFO - Started process (PID=42899) to work on /home/airflow/.local/lib/python3.8/site-packages/airflow/example_dags/plugins/workday.py
[2025-12-24T21:52:32.480+0000] {processor.py:830} INFO - Processing file /home/airflow/.local/lib/python3.8/site-packages/airflow/example_dags/plugins/workday.py for tasks to queue
[2025-12-24T21:52:32.481+0000] {logging_mixin.py:188} INFO - [2025-12-24T21:52:32.481+0000] {dagbag.py:538} INFO - Filling up the DagBag from /home/airflow/.local/lib/python3.8/site-packages/airflow/example_dags/plugins/workday.py
[2025-12-24T21:52:32.855+0000] {processor.py:842} WARNING - No viable dags retrieved from /home/airflow/.local/lib/python3.8/site-packages/airflow/example_dags/plugins/workday.py
[2025-12-24T21:52:32.872+0000] {processor.py:183} INFO - Processing /home/airflow/.local/lib/python3.8/site-packages/airflow/example_dags/plugins/workday.py took 0.401 seconds
[2025-12-24T21:53:03.773+0000] {processor.py:161} INFO - Started process (PID=42958) to work on /home/airflow/.local/lib/python3.8/site-packages/airflow/example_dags/plugins/workday.py
[2025-12-24T21:53:03.774+0000] {processor.py:830} INFO - Processing file /home/airflow/.local/lib/python3.8/site-packages/airflow/example_dags/plugins/workday.py for tasks to queue
[2025-12-24T21:53:03.776+0000] {logging_mixin.py:188} INFO - [2025-12-24T21:53:03.775+0000] {dagbag.py:538} INFO - Filling up the DagBag from /home/airflow/.local/lib/python3.8/site-packages/airflow/example_dags/plugins/workday.py
[2025-12-24T21:53:04.315+0000] {processor.py:842} WARNING - No viable dags retrieved from /home/airflow/.local/lib/python3.8/site-packages/airflow/example_dags/plugins/workday.py
[2025-12-24T21:53:04.327+0000] {processor.py:183} INFO - Processing /home/airflow/.local/lib/python3.8/site-packages/airflow/example_dags/plugins/workday.py took 0.558 seconds
[2025-12-24T21:53:35.081+0000] {processor.py:161} INFO - Started process (PID=43019) to work on /home/airflow/.local/lib/python3.8/site-packages/airflow/example_dags/plugins/workday.py
[2025-12-24T21:53:35.082+0000] {processor.py:830} INFO - Processing file /home/airflow/.local/lib/python3.8/site-packages/airflow/example_dags/plugins/workday.py for tasks to queue
[2025-12-24T21:53:35.083+0000] {logging_mixin.py:188} INFO - [2025-12-24T21:53:35.083+0000] {dagbag.py:538} INFO - Filling up the DagBag from /home/airflow/.local/lib/python3.8/site-packages/airflow/example_dags/plugins/workday.py
[2025-12-24T21:53:35.456+0000] {processor.py:842} WARNING - No viable dags retrieved from /home/airflow/.local/lib/python3.8/site-packages/airflow/example_dags/plugins/workday.py
[2025-12-24T21:53:35.468+0000] {processor.py:183} INFO - Processing /home/airflow/.local/lib/python3.8/site-packages/airflow/example_dags/plugins/workday.py took 0.391 seconds
[2025-12-24T21:54:05.680+0000] {processor.py:161} INFO - Started process (PID=43078) to work on /home/airflow/.local/lib/python3.8/site-packages/airflow/example_dags/plugins/workday.py
[2025-12-24T21:54:05.681+0000] {processor.py:830} INFO - Processing file /home/airflow/.local/lib/python3.8/site-packages/airflow/example_dags/plugins/workday.py for tasks to queue
[2025-12-24T21:54:05.682+0000] {logging_mixin.py:188} INFO - [2025-12-24T21:54:05.682+0000] {dagbag.py:538} INFO - Filling up the DagBag from /home/airflow/.local/lib/python3.8/site-packages/airflow/example_dags/plugins/workday.py
[2025-12-24T21:54:06.117+0000] {processor.py:842} WARNING - No viable dags retrieved from /home/airflow/.local/lib/python3.8/site-packages/airflow/example_dags/plugins/workday.py
[2025-12-24T21:54:06.129+0000] {processor.py:183} INFO - Processing /home/airflow/.local/lib/python3.8/site-packages/airflow/example_dags/plugins/workday.py took 0.453 seconds
[2025-12-24T21:54:36.315+0000] {processor.py:161} INFO - Started process (PID=43137) to work on /home/airflow/.local/lib/python3.8/site-packages/airflow/example_dags/plugins/workday.py
[2025-12-24T21:54:36.316+0000] {processor.py:830} INFO - Processing file /home/airflow/.local/lib/python3.8/site-packages/airflow/example_dags/plugins/workday.py for tasks to queue
[2025-12-24T21:54:36.317+0000] {logging_mixin.py:188} INFO - [2025-12-24T21:54:36.317+0000] {dagbag.py:538} INFO - Filling up the DagBag from /home/airflow/.local/lib/python3.8/site-packages/airflow/example_dags/plugins/workday.py
[2025-12-24T21:54:36.702+0000] {processor.py:842} WARNING - No viable dags retrieved from /home/airflow/.local/lib/python3.8/site-packages/airflow/example_dags/plugins/workday.py
[2025-12-24T21:54:36.713+0000] {processor.py:183} INFO - Processing /home/airflow/.local/lib/python3.8/site-packages/airflow/example_dags/plugins/workday.py took 0.403 seconds
[2025-12-24T21:55:07.258+0000] {processor.py:161} INFO - Started process (PID=43196) to work on /home/airflow/.local/lib/python3.8/site-packages/airflow/example_dags/plugins/workday.py
[2025-12-24T21:55:07.260+0000] {processor.py:830} INFO - Processing file /home/airflow/.local/lib/python3.8/site-packages/airflow/example_dags/plugins/workday.py for tasks to queue
[2025-12-24T21:55:07.261+0000] {logging_mixin.py:188} INFO - [2025-12-24T21:55:07.260+0000] {dagbag.py:538} INFO - Filling up the DagBag from /home/airflow/.local/lib/python3.8/site-packages/airflow/example_dags/plugins/workday.py
[2025-12-24T21:55:07.544+0000] {processor.py:842} WARNING - No viable dags retrieved from /home/airflow/.local/lib/python3.8/site-packages/airflow/example_dags/plugins/workday.py
[2025-12-24T21:55:07.560+0000] {processor.py:183} INFO - Processing /home/airflow/.local/lib/python3.8/site-packages/airflow/example_dags/plugins/workday.py took 0.306 seconds
[2025-12-24T21:55:37.614+0000] {processor.py:161} INFO - Started process (PID=43255) to work on /home/airflow/.local/lib/python3.8/site-packages/airflow/example_dags/plugins/workday.py
[2025-12-24T21:55:37.615+0000] {processor.py:830} INFO - Processing file /home/airflow/.local/lib/python3.8/site-packages/airflow/example_dags/plugins/workday.py for tasks to queue
[2025-12-24T21:55:37.616+0000] {logging_mixin.py:188} INFO - [2025-12-24T21:55:37.616+0000] {dagbag.py:538} INFO - Filling up the DagBag from /home/airflow/.local/lib/python3.8/site-packages/airflow/example_dags/plugins/workday.py
[2025-12-24T21:55:37.906+0000] {processor.py:842} WARNING - No viable dags retrieved from /home/airflow/.local/lib/python3.8/site-packages/airflow/example_dags/plugins/workday.py
[2025-12-24T21:55:37.922+0000] {processor.py:183} INFO - Processing /home/airflow/.local/lib/python3.8/site-packages/airflow/example_dags/plugins/workday.py took 0.312 seconds
[2025-12-24T21:56:08.322+0000] {processor.py:161} INFO - Started process (PID=43314) to work on /home/airflow/.local/lib/python3.8/site-packages/airflow/example_dags/plugins/workday.py
[2025-12-24T21:56:08.323+0000] {processor.py:830} INFO - Processing file /home/airflow/.local/lib/python3.8/site-packages/airflow/example_dags/plugins/workday.py for tasks to queue
[2025-12-24T21:56:08.325+0000] {logging_mixin.py:188} INFO - [2025-12-24T21:56:08.324+0000] {dagbag.py:538} INFO - Filling up the DagBag from /home/airflow/.local/lib/python3.8/site-packages/airflow/example_dags/plugins/workday.py
[2025-12-24T21:56:08.625+0000] {processor.py:842} WARNING - No viable dags retrieved from /home/airflow/.local/lib/python3.8/site-packages/airflow/example_dags/plugins/workday.py
[2025-12-24T21:56:08.639+0000] {processor.py:183} INFO - Processing /home/airflow/.local/lib/python3.8/site-packages/airflow/example_dags/plugins/workday.py took 0.324 seconds
[2025-12-24T21:56:38.769+0000] {processor.py:161} INFO - Started process (PID=43372) to work on /home/airflow/.local/lib/python3.8/site-packages/airflow/example_dags/plugins/workday.py
[2025-12-24T21:56:38.770+0000] {processor.py:830} INFO - Processing file /home/airflow/.local/lib/python3.8/site-packages/airflow/example_dags/plugins/workday.py for tasks to queue
[2025-12-24T21:56:38.771+0000] {logging_mixin.py:188} INFO - [2025-12-24T21:56:38.771+0000] {dagbag.py:538} INFO - Filling up the DagBag from /home/airflow/.local/lib/python3.8/site-packages/airflow/example_dags/plugins/workday.py
[2025-12-24T21:56:39.179+0000] {processor.py:842} WARNING - No viable dags retrieved from /home/airflow/.local/lib/python3.8/site-packages/airflow/example_dags/plugins/workday.py
[2025-12-24T21:56:39.194+0000] {processor.py:183} INFO - Processing /home/airflow/.local/lib/python3.8/site-packages/airflow/example_dags/plugins/workday.py took 0.430 seconds
[2025-12-24T21:57:09.942+0000] {processor.py:161} INFO - Started process (PID=43438) to work on /home/airflow/.local/lib/python3.8/site-packages/airflow/example_dags/plugins/workday.py
[2025-12-24T21:57:09.943+0000] {processor.py:830} INFO - Processing file /home/airflow/.local/lib/python3.8/site-packages/airflow/example_dags/plugins/workday.py for tasks to queue
[2025-12-24T21:57:09.944+0000] {logging_mixin.py:188} INFO - [2025-12-24T21:57:09.944+0000] {dagbag.py:538} INFO - Filling up the DagBag from /home/airflow/.local/lib/python3.8/site-packages/airflow/example_dags/plugins/workday.py
[2025-12-24T21:57:10.229+0000] {processor.py:842} WARNING - No viable dags retrieved from /home/airflow/.local/lib/python3.8/site-packages/airflow/example_dags/plugins/workday.py
[2025-12-24T21:57:10.246+0000] {processor.py:183} INFO - Processing /home/airflow/.local/lib/python3.8/site-packages/airflow/example_dags/plugins/workday.py took 0.308 seconds
[2025-12-24T21:57:40.364+0000] {processor.py:161} INFO - Started process (PID=43499) to work on /home/airflow/.local/lib/python3.8/site-packages/airflow/example_dags/plugins/workday.py
[2025-12-24T21:57:40.366+0000] {processor.py:830} INFO - Processing file /home/airflow/.local/lib/python3.8/site-packages/airflow/example_dags/plugins/workday.py for tasks to queue
[2025-12-24T21:57:40.367+0000] {logging_mixin.py:188} INFO - [2025-12-24T21:57:40.367+0000] {dagbag.py:538} INFO - Filling up the DagBag from /home/airflow/.local/lib/python3.8/site-packages/airflow/example_dags/plugins/workday.py
[2025-12-24T21:57:40.643+0000] {processor.py:842} WARNING - No viable dags retrieved from /home/airflow/.local/lib/python3.8/site-packages/airflow/example_dags/plugins/workday.py
[2025-12-24T21:57:40.661+0000] {processor.py:183} INFO - Processing /home/airflow/.local/lib/python3.8/site-packages/airflow/example_dags/plugins/workday.py took 0.302 seconds
[2025-12-24T21:58:10.962+0000] {processor.py:161} INFO - Started process (PID=43557) to work on /home/airflow/.local/lib/python3.8/site-packages/airflow/example_dags/plugins/workday.py
[2025-12-24T21:58:10.963+0000] {processor.py:830} INFO - Processing file /home/airflow/.local/lib/python3.8/site-packages/airflow/example_dags/plugins/workday.py for tasks to queue
[2025-12-24T21:58:10.965+0000] {logging_mixin.py:188} INFO - [2025-12-24T21:58:10.964+0000] {dagbag.py:538} INFO - Filling up the DagBag from /home/airflow/.local/lib/python3.8/site-packages/airflow/example_dags/plugins/workday.py
[2025-12-24T21:58:11.254+0000] {processor.py:842} WARNING - No viable dags retrieved from /home/airflow/.local/lib/python3.8/site-packages/airflow/example_dags/plugins/workday.py
[2025-12-24T21:58:11.270+0000] {processor.py:183} INFO - Processing /home/airflow/.local/lib/python3.8/site-packages/airflow/example_dags/plugins/workday.py took 0.314 seconds
[2025-12-24T21:58:42.215+0000] {processor.py:161} INFO - Started process (PID=43625) to work on /home/airflow/.local/lib/python3.8/site-packages/airflow/example_dags/plugins/workday.py
[2025-12-24T21:58:42.220+0000] {processor.py:830} INFO - Processing file /home/airflow/.local/lib/python3.8/site-packages/airflow/example_dags/plugins/workday.py for tasks to queue
[2025-12-24T21:58:42.222+0000] {logging_mixin.py:188} INFO - [2025-12-24T21:58:42.221+0000] {dagbag.py:538} INFO - Filling up the DagBag from /home/airflow/.local/lib/python3.8/site-packages/airflow/example_dags/plugins/workday.py
[2025-12-24T21:58:42.742+0000] {processor.py:842} WARNING - No viable dags retrieved from /home/airflow/.local/lib/python3.8/site-packages/airflow/example_dags/plugins/workday.py
[2025-12-24T21:58:42.779+0000] {processor.py:183} INFO - Processing /home/airflow/.local/lib/python3.8/site-packages/airflow/example_dags/plugins/workday.py took 0.594 seconds
[2025-12-24T21:59:13.735+0000] {processor.py:161} INFO - Started process (PID=43700) to work on /home/airflow/.local/lib/python3.8/site-packages/airflow/example_dags/plugins/workday.py
[2025-12-24T21:59:13.737+0000] {processor.py:830} INFO - Processing file /home/airflow/.local/lib/python3.8/site-packages/airflow/example_dags/plugins/workday.py for tasks to queue
[2025-12-24T21:59:13.738+0000] {logging_mixin.py:188} INFO - [2025-12-24T21:59:13.738+0000] {dagbag.py:538} INFO - Filling up the DagBag from /home/airflow/.local/lib/python3.8/site-packages/airflow/example_dags/plugins/workday.py
[2025-12-24T21:59:14.084+0000] {processor.py:842} WARNING - No viable dags retrieved from /home/airflow/.local/lib/python3.8/site-packages/airflow/example_dags/plugins/workday.py
[2025-12-24T21:59:14.101+0000] {processor.py:183} INFO - Processing /home/airflow/.local/lib/python3.8/site-packages/airflow/example_dags/plugins/workday.py took 0.369 seconds
[2025-12-24T21:59:44.281+0000] {processor.py:161} INFO - Started process (PID=43762) to work on /home/airflow/.local/lib/python3.8/site-packages/airflow/example_dags/plugins/workday.py
[2025-12-24T21:59:44.283+0000] {processor.py:830} INFO - Processing file /home/airflow/.local/lib/python3.8/site-packages/airflow/example_dags/plugins/workday.py for tasks to queue
[2025-12-24T21:59:44.284+0000] {logging_mixin.py:188} INFO - [2025-12-24T21:59:44.283+0000] {dagbag.py:538} INFO - Filling up the DagBag from /home/airflow/.local/lib/python3.8/site-packages/airflow/example_dags/plugins/workday.py
[2025-12-24T21:59:44.579+0000] {processor.py:842} WARNING - No viable dags retrieved from /home/airflow/.local/lib/python3.8/site-packages/airflow/example_dags/plugins/workday.py
[2025-12-24T21:59:44.599+0000] {processor.py:183} INFO - Processing /home/airflow/.local/lib/python3.8/site-packages/airflow/example_dags/plugins/workday.py took 0.322 seconds
[2025-12-24T22:00:14.707+0000] {processor.py:161} INFO - Started process (PID=43823) to work on /home/airflow/.local/lib/python3.8/site-packages/airflow/example_dags/plugins/workday.py
[2025-12-24T22:00:14.708+0000] {processor.py:830} INFO - Processing file /home/airflow/.local/lib/python3.8/site-packages/airflow/example_dags/plugins/workday.py for tasks to queue
[2025-12-24T22:00:14.710+0000] {logging_mixin.py:188} INFO - [2025-12-24T22:00:14.709+0000] {dagbag.py:538} INFO - Filling up the DagBag from /home/airflow/.local/lib/python3.8/site-packages/airflow/example_dags/plugins/workday.py
[2025-12-24T22:00:15.119+0000] {processor.py:842} WARNING - No viable dags retrieved from /home/airflow/.local/lib/python3.8/site-packages/airflow/example_dags/plugins/workday.py
[2025-12-24T22:00:15.142+0000] {processor.py:183} INFO - Processing /home/airflow/.local/lib/python3.8/site-packages/airflow/example_dags/plugins/workday.py took 0.440 seconds
[2025-12-24T22:00:46.407+0000] {processor.py:161} INFO - Started process (PID=43891) to work on /home/airflow/.local/lib/python3.8/site-packages/airflow/example_dags/plugins/workday.py
[2025-12-24T22:00:46.415+0000] {processor.py:830} INFO - Processing file /home/airflow/.local/lib/python3.8/site-packages/airflow/example_dags/plugins/workday.py for tasks to queue
[2025-12-24T22:00:46.420+0000] {logging_mixin.py:188} INFO - [2025-12-24T22:00:46.418+0000] {dagbag.py:538} INFO - Filling up the DagBag from /home/airflow/.local/lib/python3.8/site-packages/airflow/example_dags/plugins/workday.py
[2025-12-24T22:00:46.815+0000] {processor.py:842} WARNING - No viable dags retrieved from /home/airflow/.local/lib/python3.8/site-packages/airflow/example_dags/plugins/workday.py
[2025-12-24T22:00:46.831+0000] {processor.py:183} INFO - Processing /home/airflow/.local/lib/python3.8/site-packages/airflow/example_dags/plugins/workday.py took 0.440 seconds
[2025-12-24T22:01:18.266+0000] {processor.py:161} INFO - Started process (PID=43961) to work on /home/airflow/.local/lib/python3.8/site-packages/airflow/example_dags/plugins/workday.py
[2025-12-24T22:01:18.267+0000] {processor.py:830} INFO - Processing file /home/airflow/.local/lib/python3.8/site-packages/airflow/example_dags/plugins/workday.py for tasks to queue
[2025-12-24T22:01:18.268+0000] {logging_mixin.py:188} INFO - [2025-12-24T22:01:18.267+0000] {dagbag.py:538} INFO - Filling up the DagBag from /home/airflow/.local/lib/python3.8/site-packages/airflow/example_dags/plugins/workday.py
[2025-12-24T22:01:18.778+0000] {processor.py:842} WARNING - No viable dags retrieved from /home/airflow/.local/lib/python3.8/site-packages/airflow/example_dags/plugins/workday.py
[2025-12-24T22:01:18.917+0000] {processor.py:183} INFO - Processing /home/airflow/.local/lib/python3.8/site-packages/airflow/example_dags/plugins/workday.py took 0.655 seconds
[2025-12-24T22:01:49.050+0000] {processor.py:161} INFO - Started process (PID=44023) to work on /home/airflow/.local/lib/python3.8/site-packages/airflow/example_dags/plugins/workday.py
[2025-12-24T22:01:49.052+0000] {processor.py:830} INFO - Processing file /home/airflow/.local/lib/python3.8/site-packages/airflow/example_dags/plugins/workday.py for tasks to queue
[2025-12-24T22:01:49.053+0000] {logging_mixin.py:188} INFO - [2025-12-24T22:01:49.053+0000] {dagbag.py:538} INFO - Filling up the DagBag from /home/airflow/.local/lib/python3.8/site-packages/airflow/example_dags/plugins/workday.py
[2025-12-24T22:01:49.431+0000] {processor.py:842} WARNING - No viable dags retrieved from /home/airflow/.local/lib/python3.8/site-packages/airflow/example_dags/plugins/workday.py
[2025-12-24T22:01:49.455+0000] {processor.py:183} INFO - Processing /home/airflow/.local/lib/python3.8/site-packages/airflow/example_dags/plugins/workday.py took 0.410 seconds
[2025-12-24T22:02:20.441+0000] {processor.py:161} INFO - Started process (PID=44081) to work on /home/airflow/.local/lib/python3.8/site-packages/airflow/example_dags/plugins/workday.py
[2025-12-24T22:02:20.442+0000] {processor.py:830} INFO - Processing file /home/airflow/.local/lib/python3.8/site-packages/airflow/example_dags/plugins/workday.py for tasks to queue
[2025-12-24T22:02:20.443+0000] {logging_mixin.py:188} INFO - [2025-12-24T22:02:20.443+0000] {dagbag.py:538} INFO - Filling up the DagBag from /home/airflow/.local/lib/python3.8/site-packages/airflow/example_dags/plugins/workday.py
[2025-12-24T22:02:20.687+0000] {processor.py:842} WARNING - No viable dags retrieved from /home/airflow/.local/lib/python3.8/site-packages/airflow/example_dags/plugins/workday.py
[2025-12-24T22:02:20.702+0000] {processor.py:183} INFO - Processing /home/airflow/.local/lib/python3.8/site-packages/airflow/example_dags/plugins/workday.py took 0.265 seconds
[2025-12-24T22:02:50.862+0000] {processor.py:161} INFO - Started process (PID=44140) to work on /home/airflow/.local/lib/python3.8/site-packages/airflow/example_dags/plugins/workday.py
[2025-12-24T22:02:50.863+0000] {processor.py:830} INFO - Processing file /home/airflow/.local/lib/python3.8/site-packages/airflow/example_dags/plugins/workday.py for tasks to queue
[2025-12-24T22:02:50.864+0000] {logging_mixin.py:188} INFO - [2025-12-24T22:02:50.864+0000] {dagbag.py:538} INFO - Filling up the DagBag from /home/airflow/.local/lib/python3.8/site-packages/airflow/example_dags/plugins/workday.py
[2025-12-24T22:02:51.132+0000] {processor.py:842} WARNING - No viable dags retrieved from /home/airflow/.local/lib/python3.8/site-packages/airflow/example_dags/plugins/workday.py
[2025-12-24T22:02:51.149+0000] {processor.py:183} INFO - Processing /home/airflow/.local/lib/python3.8/site-packages/airflow/example_dags/plugins/workday.py took 0.290 seconds
[2025-12-24T22:03:21.632+0000] {processor.py:161} INFO - Started process (PID=44204) to work on /home/airflow/.local/lib/python3.8/site-packages/airflow/example_dags/plugins/workday.py
[2025-12-24T22:03:21.634+0000] {processor.py:830} INFO - Processing file /home/airflow/.local/lib/python3.8/site-packages/airflow/example_dags/plugins/workday.py for tasks to queue
[2025-12-24T22:03:21.637+0000] {logging_mixin.py:188} INFO - [2025-12-24T22:03:21.636+0000] {dagbag.py:538} INFO - Filling up the DagBag from /home/airflow/.local/lib/python3.8/site-packages/airflow/example_dags/plugins/workday.py
[2025-12-24T22:03:22.005+0000] {processor.py:842} WARNING - No viable dags retrieved from /home/airflow/.local/lib/python3.8/site-packages/airflow/example_dags/plugins/workday.py
[2025-12-24T22:03:22.021+0000] {processor.py:183} INFO - Processing /home/airflow/.local/lib/python3.8/site-packages/airflow/example_dags/plugins/workday.py took 0.396 seconds
[2025-12-24T22:03:52.740+0000] {processor.py:161} INFO - Started process (PID=44263) to work on /home/airflow/.local/lib/python3.8/site-packages/airflow/example_dags/plugins/workday.py
[2025-12-24T22:03:52.741+0000] {processor.py:830} INFO - Processing file /home/airflow/.local/lib/python3.8/site-packages/airflow/example_dags/plugins/workday.py for tasks to queue
[2025-12-24T22:03:52.743+0000] {logging_mixin.py:188} INFO - [2025-12-24T22:03:52.743+0000] {dagbag.py:538} INFO - Filling up the DagBag from /home/airflow/.local/lib/python3.8/site-packages/airflow/example_dags/plugins/workday.py
[2025-12-24T22:03:53.074+0000] {processor.py:842} WARNING - No viable dags retrieved from /home/airflow/.local/lib/python3.8/site-packages/airflow/example_dags/plugins/workday.py
[2025-12-24T22:03:53.090+0000] {processor.py:183} INFO - Processing /home/airflow/.local/lib/python3.8/site-packages/airflow/example_dags/plugins/workday.py took 0.355 seconds
[2025-12-24T22:04:23.278+0000] {processor.py:161} INFO - Started process (PID=44322) to work on /home/airflow/.local/lib/python3.8/site-packages/airflow/example_dags/plugins/workday.py
[2025-12-24T22:04:23.280+0000] {processor.py:830} INFO - Processing file /home/airflow/.local/lib/python3.8/site-packages/airflow/example_dags/plugins/workday.py for tasks to queue
[2025-12-24T22:04:23.281+0000] {logging_mixin.py:188} INFO - [2025-12-24T22:04:23.281+0000] {dagbag.py:538} INFO - Filling up the DagBag from /home/airflow/.local/lib/python3.8/site-packages/airflow/example_dags/plugins/workday.py
[2025-12-24T22:04:23.633+0000] {processor.py:842} WARNING - No viable dags retrieved from /home/airflow/.local/lib/python3.8/site-packages/airflow/example_dags/plugins/workday.py
[2025-12-24T22:04:23.649+0000] {processor.py:183} INFO - Processing /home/airflow/.local/lib/python3.8/site-packages/airflow/example_dags/plugins/workday.py took 0.376 seconds
[2025-12-24T22:04:53.753+0000] {processor.py:161} INFO - Started process (PID=44381) to work on /home/airflow/.local/lib/python3.8/site-packages/airflow/example_dags/plugins/workday.py
[2025-12-24T22:04:53.755+0000] {processor.py:830} INFO - Processing file /home/airflow/.local/lib/python3.8/site-packages/airflow/example_dags/plugins/workday.py for tasks to queue
[2025-12-24T22:04:53.756+0000] {logging_mixin.py:188} INFO - [2025-12-24T22:04:53.756+0000] {dagbag.py:538} INFO - Filling up the DagBag from /home/airflow/.local/lib/python3.8/site-packages/airflow/example_dags/plugins/workday.py
[2025-12-24T22:04:54.059+0000] {processor.py:842} WARNING - No viable dags retrieved from /home/airflow/.local/lib/python3.8/site-packages/airflow/example_dags/plugins/workday.py
[2025-12-24T22:04:54.075+0000] {processor.py:183} INFO - Processing /home/airflow/.local/lib/python3.8/site-packages/airflow/example_dags/plugins/workday.py took 0.326 seconds
[2025-12-24T22:05:24.201+0000] {processor.py:161} INFO - Started process (PID=44439) to work on /home/airflow/.local/lib/python3.8/site-packages/airflow/example_dags/plugins/workday.py
[2025-12-24T22:05:24.202+0000] {processor.py:830} INFO - Processing file /home/airflow/.local/lib/python3.8/site-packages/airflow/example_dags/plugins/workday.py for tasks to queue
[2025-12-24T22:05:24.204+0000] {logging_mixin.py:188} INFO - [2025-12-24T22:05:24.203+0000] {dagbag.py:538} INFO - Filling up the DagBag from /home/airflow/.local/lib/python3.8/site-packages/airflow/example_dags/plugins/workday.py
[2025-12-24T22:05:24.449+0000] {processor.py:842} WARNING - No viable dags retrieved from /home/airflow/.local/lib/python3.8/site-packages/airflow/example_dags/plugins/workday.py
[2025-12-24T22:05:24.463+0000] {processor.py:183} INFO - Processing /home/airflow/.local/lib/python3.8/site-packages/airflow/example_dags/plugins/workday.py took 0.266 seconds
[2025-12-24T22:05:54.718+0000] {processor.py:161} INFO - Started process (PID=44497) to work on /home/airflow/.local/lib/python3.8/site-packages/airflow/example_dags/plugins/workday.py
[2025-12-24T22:05:54.720+0000] {processor.py:830} INFO - Processing file /home/airflow/.local/lib/python3.8/site-packages/airflow/example_dags/plugins/workday.py for tasks to queue
[2025-12-24T22:05:54.721+0000] {logging_mixin.py:188} INFO - [2025-12-24T22:05:54.721+0000] {dagbag.py:538} INFO - Filling up the DagBag from /home/airflow/.local/lib/python3.8/site-packages/airflow/example_dags/plugins/workday.py
[2025-12-24T22:05:54.996+0000] {processor.py:842} WARNING - No viable dags retrieved from /home/airflow/.local/lib/python3.8/site-packages/airflow/example_dags/plugins/workday.py
[2025-12-24T22:05:55.010+0000] {processor.py:183} INFO - Processing /home/airflow/.local/lib/python3.8/site-packages/airflow/example_dags/plugins/workday.py took 0.297 seconds
[2025-12-24T22:06:25.205+0000] {processor.py:161} INFO - Started process (PID=44555) to work on /home/airflow/.local/lib/python3.8/site-packages/airflow/example_dags/plugins/workday.py
[2025-12-24T22:06:25.207+0000] {processor.py:830} INFO - Processing file /home/airflow/.local/lib/python3.8/site-packages/airflow/example_dags/plugins/workday.py for tasks to queue
[2025-12-24T22:06:25.208+0000] {logging_mixin.py:188} INFO - [2025-12-24T22:06:25.208+0000] {dagbag.py:538} INFO - Filling up the DagBag from /home/airflow/.local/lib/python3.8/site-packages/airflow/example_dags/plugins/workday.py
[2025-12-24T22:06:25.490+0000] {processor.py:842} WARNING - No viable dags retrieved from /home/airflow/.local/lib/python3.8/site-packages/airflow/example_dags/plugins/workday.py
[2025-12-24T22:06:25.509+0000] {processor.py:183} INFO - Processing /home/airflow/.local/lib/python3.8/site-packages/airflow/example_dags/plugins/workday.py took 0.307 seconds
[2025-12-24T22:06:55.676+0000] {processor.py:161} INFO - Started process (PID=44615) to work on /home/airflow/.local/lib/python3.8/site-packages/airflow/example_dags/plugins/workday.py
[2025-12-24T22:06:55.677+0000] {processor.py:830} INFO - Processing file /home/airflow/.local/lib/python3.8/site-packages/airflow/example_dags/plugins/workday.py for tasks to queue
[2025-12-24T22:06:55.679+0000] {logging_mixin.py:188} INFO - [2025-12-24T22:06:55.678+0000] {dagbag.py:538} INFO - Filling up the DagBag from /home/airflow/.local/lib/python3.8/site-packages/airflow/example_dags/plugins/workday.py
[2025-12-24T22:06:55.955+0000] {processor.py:842} WARNING - No viable dags retrieved from /home/airflow/.local/lib/python3.8/site-packages/airflow/example_dags/plugins/workday.py
[2025-12-24T22:06:55.971+0000] {processor.py:183} INFO - Processing /home/airflow/.local/lib/python3.8/site-packages/airflow/example_dags/plugins/workday.py took 0.299 seconds
[2025-12-24T22:07:26.176+0000] {processor.py:161} INFO - Started process (PID=44675) to work on /home/airflow/.local/lib/python3.8/site-packages/airflow/example_dags/plugins/workday.py
[2025-12-24T22:07:26.177+0000] {processor.py:830} INFO - Processing file /home/airflow/.local/lib/python3.8/site-packages/airflow/example_dags/plugins/workday.py for tasks to queue
[2025-12-24T22:07:26.179+0000] {logging_mixin.py:188} INFO - [2025-12-24T22:07:26.178+0000] {dagbag.py:538} INFO - Filling up the DagBag from /home/airflow/.local/lib/python3.8/site-packages/airflow/example_dags/plugins/workday.py
[2025-12-24T22:07:26.624+0000] {processor.py:842} WARNING - No viable dags retrieved from /home/airflow/.local/lib/python3.8/site-packages/airflow/example_dags/plugins/workday.py
[2025-12-24T22:07:26.649+0000] {processor.py:183} INFO - Processing /home/airflow/.local/lib/python3.8/site-packages/airflow/example_dags/plugins/workday.py took 0.477 seconds
[2025-12-24T22:07:57.319+0000] {processor.py:161} INFO - Started process (PID=44737) to work on /home/airflow/.local/lib/python3.8/site-packages/airflow/example_dags/plugins/workday.py
[2025-12-24T22:07:57.321+0000] {processor.py:830} INFO - Processing file /home/airflow/.local/lib/python3.8/site-packages/airflow/example_dags/plugins/workday.py for tasks to queue
[2025-12-24T22:07:57.322+0000] {logging_mixin.py:188} INFO - [2025-12-24T22:07:57.322+0000] {dagbag.py:538} INFO - Filling up the DagBag from /home/airflow/.local/lib/python3.8/site-packages/airflow/example_dags/plugins/workday.py
[2025-12-24T22:07:57.584+0000] {processor.py:842} WARNING - No viable dags retrieved from /home/airflow/.local/lib/python3.8/site-packages/airflow/example_dags/plugins/workday.py
[2025-12-24T22:07:57.597+0000] {processor.py:183} INFO - Processing /home/airflow/.local/lib/python3.8/site-packages/airflow/example_dags/plugins/workday.py took 0.283 seconds
[2025-12-24T22:08:28.067+0000] {processor.py:161} INFO - Started process (PID=44795) to work on /home/airflow/.local/lib/python3.8/site-packages/airflow/example_dags/plugins/workday.py
[2025-12-24T22:08:28.068+0000] {processor.py:830} INFO - Processing file /home/airflow/.local/lib/python3.8/site-packages/airflow/example_dags/plugins/workday.py for tasks to queue
[2025-12-24T22:08:28.070+0000] {logging_mixin.py:188} INFO - [2025-12-24T22:08:28.070+0000] {dagbag.py:538} INFO - Filling up the DagBag from /home/airflow/.local/lib/python3.8/site-packages/airflow/example_dags/plugins/workday.py
[2025-12-24T22:08:28.428+0000] {processor.py:842} WARNING - No viable dags retrieved from /home/airflow/.local/lib/python3.8/site-packages/airflow/example_dags/plugins/workday.py
[2025-12-24T22:08:28.453+0000] {processor.py:183} INFO - Processing /home/airflow/.local/lib/python3.8/site-packages/airflow/example_dags/plugins/workday.py took 0.391 seconds
[2025-12-24T22:08:58.652+0000] {processor.py:161} INFO - Started process (PID=44854) to work on /home/airflow/.local/lib/python3.8/site-packages/airflow/example_dags/plugins/workday.py
[2025-12-24T22:08:58.655+0000] {processor.py:830} INFO - Processing file /home/airflow/.local/lib/python3.8/site-packages/airflow/example_dags/plugins/workday.py for tasks to queue
[2025-12-24T22:08:58.657+0000] {logging_mixin.py:188} INFO - [2025-12-24T22:08:58.656+0000] {dagbag.py:538} INFO - Filling up the DagBag from /home/airflow/.local/lib/python3.8/site-packages/airflow/example_dags/plugins/workday.py
[2025-12-24T22:08:59.073+0000] {processor.py:842} WARNING - No viable dags retrieved from /home/airflow/.local/lib/python3.8/site-packages/airflow/example_dags/plugins/workday.py
[2025-12-24T22:08:59.100+0000] {processor.py:183} INFO - Processing /home/airflow/.local/lib/python3.8/site-packages/airflow/example_dags/plugins/workday.py took 0.456 seconds
[2025-12-24T22:09:29.769+0000] {processor.py:161} INFO - Started process (PID=44912) to work on /home/airflow/.local/lib/python3.8/site-packages/airflow/example_dags/plugins/workday.py
[2025-12-24T22:09:29.770+0000] {processor.py:830} INFO - Processing file /home/airflow/.local/lib/python3.8/site-packages/airflow/example_dags/plugins/workday.py for tasks to queue
[2025-12-24T22:09:29.772+0000] {logging_mixin.py:188} INFO - [2025-12-24T22:09:29.771+0000] {dagbag.py:538} INFO - Filling up the DagBag from /home/airflow/.local/lib/python3.8/site-packages/airflow/example_dags/plugins/workday.py
[2025-12-24T22:09:30.018+0000] {processor.py:842} WARNING - No viable dags retrieved from /home/airflow/.local/lib/python3.8/site-packages/airflow/example_dags/plugins/workday.py
[2025-12-24T22:09:30.034+0000] {processor.py:183} INFO - Processing /home/airflow/.local/lib/python3.8/site-packages/airflow/example_dags/plugins/workday.py took 0.269 seconds
[2025-12-24T22:10:00.294+0000] {processor.py:161} INFO - Started process (PID=44971) to work on /home/airflow/.local/lib/python3.8/site-packages/airflow/example_dags/plugins/workday.py
[2025-12-24T22:10:00.296+0000] {processor.py:830} INFO - Processing file /home/airflow/.local/lib/python3.8/site-packages/airflow/example_dags/plugins/workday.py for tasks to queue
[2025-12-24T22:10:00.297+0000] {logging_mixin.py:188} INFO - [2025-12-24T22:10:00.297+0000] {dagbag.py:538} INFO - Filling up the DagBag from /home/airflow/.local/lib/python3.8/site-packages/airflow/example_dags/plugins/workday.py
[2025-12-24T22:10:00.587+0000] {processor.py:842} WARNING - No viable dags retrieved from /home/airflow/.local/lib/python3.8/site-packages/airflow/example_dags/plugins/workday.py
[2025-12-24T22:10:00.602+0000] {processor.py:183} INFO - Processing /home/airflow/.local/lib/python3.8/site-packages/airflow/example_dags/plugins/workday.py took 0.312 seconds
[2025-12-24T22:10:31.576+0000] {processor.py:161} INFO - Started process (PID=45028) to work on /home/airflow/.local/lib/python3.8/site-packages/airflow/example_dags/plugins/workday.py
[2025-12-24T22:10:31.578+0000] {processor.py:830} INFO - Processing file /home/airflow/.local/lib/python3.8/site-packages/airflow/example_dags/plugins/workday.py for tasks to queue
[2025-12-24T22:10:31.579+0000] {logging_mixin.py:188} INFO - [2025-12-24T22:10:31.579+0000] {dagbag.py:538} INFO - Filling up the DagBag from /home/airflow/.local/lib/python3.8/site-packages/airflow/example_dags/plugins/workday.py
[2025-12-24T22:10:31.997+0000] {processor.py:842} WARNING - No viable dags retrieved from /home/airflow/.local/lib/python3.8/site-packages/airflow/example_dags/plugins/workday.py
[2025-12-24T22:10:32.019+0000] {processor.py:183} INFO - Processing /home/airflow/.local/lib/python3.8/site-packages/airflow/example_dags/plugins/workday.py took 0.448 seconds
[2025-12-24T22:11:02.522+0000] {processor.py:161} INFO - Started process (PID=45086) to work on /home/airflow/.local/lib/python3.8/site-packages/airflow/example_dags/plugins/workday.py
[2025-12-24T22:11:02.523+0000] {processor.py:830} INFO - Processing file /home/airflow/.local/lib/python3.8/site-packages/airflow/example_dags/plugins/workday.py for tasks to queue
[2025-12-24T22:11:02.525+0000] {logging_mixin.py:188} INFO - [2025-12-24T22:11:02.524+0000] {dagbag.py:538} INFO - Filling up the DagBag from /home/airflow/.local/lib/python3.8/site-packages/airflow/example_dags/plugins/workday.py
[2025-12-24T22:11:02.831+0000] {processor.py:842} WARNING - No viable dags retrieved from /home/airflow/.local/lib/python3.8/site-packages/airflow/example_dags/plugins/workday.py
[2025-12-24T22:11:02.845+0000] {processor.py:183} INFO - Processing /home/airflow/.local/lib/python3.8/site-packages/airflow/example_dags/plugins/workday.py took 0.328 seconds
[2025-12-24T22:11:33.296+0000] {processor.py:161} INFO - Started process (PID=45144) to work on /home/airflow/.local/lib/python3.8/site-packages/airflow/example_dags/plugins/workday.py
[2025-12-24T22:11:33.298+0000] {processor.py:830} INFO - Processing file /home/airflow/.local/lib/python3.8/site-packages/airflow/example_dags/plugins/workday.py for tasks to queue
[2025-12-24T22:11:33.299+0000] {logging_mixin.py:188} INFO - [2025-12-24T22:11:33.299+0000] {dagbag.py:538} INFO - Filling up the DagBag from /home/airflow/.local/lib/python3.8/site-packages/airflow/example_dags/plugins/workday.py
[2025-12-24T22:11:33.555+0000] {processor.py:842} WARNING - No viable dags retrieved from /home/airflow/.local/lib/python3.8/site-packages/airflow/example_dags/plugins/workday.py
[2025-12-24T22:11:33.571+0000] {processor.py:183} INFO - Processing /home/airflow/.local/lib/python3.8/site-packages/airflow/example_dags/plugins/workday.py took 0.278 seconds
[2025-12-24T22:12:04.024+0000] {processor.py:161} INFO - Started process (PID=45202) to work on /home/airflow/.local/lib/python3.8/site-packages/airflow/example_dags/plugins/workday.py
[2025-12-24T22:12:04.026+0000] {processor.py:830} INFO - Processing file /home/airflow/.local/lib/python3.8/site-packages/airflow/example_dags/plugins/workday.py for tasks to queue
[2025-12-24T22:12:04.027+0000] {logging_mixin.py:188} INFO - [2025-12-24T22:12:04.026+0000] {dagbag.py:538} INFO - Filling up the DagBag from /home/airflow/.local/lib/python3.8/site-packages/airflow/example_dags/plugins/workday.py
[2025-12-24T22:12:04.325+0000] {processor.py:842} WARNING - No viable dags retrieved from /home/airflow/.local/lib/python3.8/site-packages/airflow/example_dags/plugins/workday.py
[2025-12-24T22:12:04.343+0000] {processor.py:183} INFO - Processing /home/airflow/.local/lib/python3.8/site-packages/airflow/example_dags/plugins/workday.py took 0.323 seconds
[2025-12-24T22:12:34.652+0000] {processor.py:161} INFO - Started process (PID=45261) to work on /home/airflow/.local/lib/python3.8/site-packages/airflow/example_dags/plugins/workday.py
[2025-12-24T22:12:34.653+0000] {processor.py:830} INFO - Processing file /home/airflow/.local/lib/python3.8/site-packages/airflow/example_dags/plugins/workday.py for tasks to queue
[2025-12-24T22:12:34.659+0000] {logging_mixin.py:188} INFO - [2025-12-24T22:12:34.658+0000] {dagbag.py:538} INFO - Filling up the DagBag from /home/airflow/.local/lib/python3.8/site-packages/airflow/example_dags/plugins/workday.py
[2025-12-24T22:12:34.934+0000] {processor.py:842} WARNING - No viable dags retrieved from /home/airflow/.local/lib/python3.8/site-packages/airflow/example_dags/plugins/workday.py
[2025-12-24T22:12:34.947+0000] {processor.py:183} INFO - Processing /home/airflow/.local/lib/python3.8/site-packages/airflow/example_dags/plugins/workday.py took 0.299 seconds
[2025-12-24T22:13:05.365+0000] {processor.py:161} INFO - Started process (PID=45319) to work on /home/airflow/.local/lib/python3.8/site-packages/airflow/example_dags/plugins/workday.py
[2025-12-24T22:13:05.366+0000] {processor.py:830} INFO - Processing file /home/airflow/.local/lib/python3.8/site-packages/airflow/example_dags/plugins/workday.py for tasks to queue
[2025-12-24T22:13:05.367+0000] {logging_mixin.py:188} INFO - [2025-12-24T22:13:05.367+0000] {dagbag.py:538} INFO - Filling up the DagBag from /home/airflow/.local/lib/python3.8/site-packages/airflow/example_dags/plugins/workday.py
[2025-12-24T22:13:05.605+0000] {processor.py:842} WARNING - No viable dags retrieved from /home/airflow/.local/lib/python3.8/site-packages/airflow/example_dags/plugins/workday.py
[2025-12-24T22:13:05.620+0000] {processor.py:183} INFO - Processing /home/airflow/.local/lib/python3.8/site-packages/airflow/example_dags/plugins/workday.py took 0.258 seconds
[2025-12-24T22:13:35.718+0000] {processor.py:161} INFO - Started process (PID=45377) to work on /home/airflow/.local/lib/python3.8/site-packages/airflow/example_dags/plugins/workday.py
[2025-12-24T22:13:35.720+0000] {processor.py:830} INFO - Processing file /home/airflow/.local/lib/python3.8/site-packages/airflow/example_dags/plugins/workday.py for tasks to queue
[2025-12-24T22:13:35.721+0000] {logging_mixin.py:188} INFO - [2025-12-24T22:13:35.721+0000] {dagbag.py:538} INFO - Filling up the DagBag from /home/airflow/.local/lib/python3.8/site-packages/airflow/example_dags/plugins/workday.py
[2025-12-24T22:13:36.002+0000] {processor.py:842} WARNING - No viable dags retrieved from /home/airflow/.local/lib/python3.8/site-packages/airflow/example_dags/plugins/workday.py
[2025-12-24T22:13:36.018+0000] {processor.py:183} INFO - Processing /home/airflow/.local/lib/python3.8/site-packages/airflow/example_dags/plugins/workday.py took 0.305 seconds
[2025-12-24T22:14:06.567+0000] {processor.py:161} INFO - Started process (PID=45434) to work on /home/airflow/.local/lib/python3.8/site-packages/airflow/example_dags/plugins/workday.py
[2025-12-24T22:14:06.568+0000] {processor.py:830} INFO - Processing file /home/airflow/.local/lib/python3.8/site-packages/airflow/example_dags/plugins/workday.py for tasks to queue
[2025-12-24T22:14:06.569+0000] {logging_mixin.py:188} INFO - [2025-12-24T22:14:06.569+0000] {dagbag.py:538} INFO - Filling up the DagBag from /home/airflow/.local/lib/python3.8/site-packages/airflow/example_dags/plugins/workday.py
[2025-12-24T22:14:06.832+0000] {processor.py:842} WARNING - No viable dags retrieved from /home/airflow/.local/lib/python3.8/site-packages/airflow/example_dags/plugins/workday.py
[2025-12-24T22:14:06.850+0000] {processor.py:183} INFO - Processing /home/airflow/.local/lib/python3.8/site-packages/airflow/example_dags/plugins/workday.py took 0.287 seconds
[2025-12-24T22:14:37.530+0000] {processor.py:161} INFO - Started process (PID=45492) to work on /home/airflow/.local/lib/python3.8/site-packages/airflow/example_dags/plugins/workday.py
[2025-12-24T22:14:37.532+0000] {processor.py:830} INFO - Processing file /home/airflow/.local/lib/python3.8/site-packages/airflow/example_dags/plugins/workday.py for tasks to queue
[2025-12-24T22:14:37.533+0000] {logging_mixin.py:188} INFO - [2025-12-24T22:14:37.533+0000] {dagbag.py:538} INFO - Filling up the DagBag from /home/airflow/.local/lib/python3.8/site-packages/airflow/example_dags/plugins/workday.py
[2025-12-24T22:14:37.822+0000] {processor.py:842} WARNING - No viable dags retrieved from /home/airflow/.local/lib/python3.8/site-packages/airflow/example_dags/plugins/workday.py
[2025-12-24T22:14:37.857+0000] {processor.py:183} INFO - Processing /home/airflow/.local/lib/python3.8/site-packages/airflow/example_dags/plugins/workday.py took 0.331 seconds
[2025-12-24T22:15:08.873+0000] {processor.py:161} INFO - Started process (PID=45551) to work on /home/airflow/.local/lib/python3.8/site-packages/airflow/example_dags/plugins/workday.py
[2025-12-24T22:15:08.875+0000] {processor.py:830} INFO - Processing file /home/airflow/.local/lib/python3.8/site-packages/airflow/example_dags/plugins/workday.py for tasks to queue
[2025-12-24T22:15:08.876+0000] {logging_mixin.py:188} INFO - [2025-12-24T22:15:08.875+0000] {dagbag.py:538} INFO - Filling up the DagBag from /home/airflow/.local/lib/python3.8/site-packages/airflow/example_dags/plugins/workday.py
[2025-12-24T22:15:09.369+0000] {processor.py:842} WARNING - No viable dags retrieved from /home/airflow/.local/lib/python3.8/site-packages/airflow/example_dags/plugins/workday.py
[2025-12-24T22:15:09.389+0000] {processor.py:183} INFO - Processing /home/airflow/.local/lib/python3.8/site-packages/airflow/example_dags/plugins/workday.py took 0.520 seconds
[2025-12-24T22:15:40.057+0000] {processor.py:161} INFO - Started process (PID=45612) to work on /home/airflow/.local/lib/python3.8/site-packages/airflow/example_dags/plugins/workday.py
[2025-12-24T22:15:40.058+0000] {processor.py:830} INFO - Processing file /home/airflow/.local/lib/python3.8/site-packages/airflow/example_dags/plugins/workday.py for tasks to queue
[2025-12-24T22:15:40.060+0000] {logging_mixin.py:188} INFO - [2025-12-24T22:15:40.059+0000] {dagbag.py:538} INFO - Filling up the DagBag from /home/airflow/.local/lib/python3.8/site-packages/airflow/example_dags/plugins/workday.py
[2025-12-24T22:15:40.370+0000] {processor.py:842} WARNING - No viable dags retrieved from /home/airflow/.local/lib/python3.8/site-packages/airflow/example_dags/plugins/workday.py
[2025-12-24T22:15:40.387+0000] {processor.py:183} INFO - Processing /home/airflow/.local/lib/python3.8/site-packages/airflow/example_dags/plugins/workday.py took 0.336 seconds
[2025-12-24T22:16:10.930+0000] {processor.py:161} INFO - Started process (PID=45670) to work on /home/airflow/.local/lib/python3.8/site-packages/airflow/example_dags/plugins/workday.py
[2025-12-24T22:16:10.931+0000] {processor.py:830} INFO - Processing file /home/airflow/.local/lib/python3.8/site-packages/airflow/example_dags/plugins/workday.py for tasks to queue
[2025-12-24T22:16:10.933+0000] {logging_mixin.py:188} INFO - [2025-12-24T22:16:10.932+0000] {dagbag.py:538} INFO - Filling up the DagBag from /home/airflow/.local/lib/python3.8/site-packages/airflow/example_dags/plugins/workday.py
[2025-12-24T22:16:11.265+0000] {processor.py:842} WARNING - No viable dags retrieved from /home/airflow/.local/lib/python3.8/site-packages/airflow/example_dags/plugins/workday.py
[2025-12-24T22:16:11.280+0000] {processor.py:183} INFO - Processing /home/airflow/.local/lib/python3.8/site-packages/airflow/example_dags/plugins/workday.py took 0.354 seconds
[2025-12-24T22:16:41.673+0000] {processor.py:161} INFO - Started process (PID=45728) to work on /home/airflow/.local/lib/python3.8/site-packages/airflow/example_dags/plugins/workday.py
[2025-12-24T22:16:41.675+0000] {processor.py:830} INFO - Processing file /home/airflow/.local/lib/python3.8/site-packages/airflow/example_dags/plugins/workday.py for tasks to queue
[2025-12-24T22:16:41.678+0000] {logging_mixin.py:188} INFO - [2025-12-24T22:16:41.676+0000] {dagbag.py:538} INFO - Filling up the DagBag from /home/airflow/.local/lib/python3.8/site-packages/airflow/example_dags/plugins/workday.py
[2025-12-24T22:16:42.641+0000] {processor.py:842} WARNING - No viable dags retrieved from /home/airflow/.local/lib/python3.8/site-packages/airflow/example_dags/plugins/workday.py
[2025-12-24T22:16:42.691+0000] {processor.py:183} INFO - Processing /home/airflow/.local/lib/python3.8/site-packages/airflow/example_dags/plugins/workday.py took 1.026 seconds
[2025-12-24T22:17:13.157+0000] {processor.py:161} INFO - Started process (PID=45793) to work on /home/airflow/.local/lib/python3.8/site-packages/airflow/example_dags/plugins/workday.py
[2025-12-24T22:17:13.158+0000] {processor.py:830} INFO - Processing file /home/airflow/.local/lib/python3.8/site-packages/airflow/example_dags/plugins/workday.py for tasks to queue
[2025-12-24T22:17:13.159+0000] {logging_mixin.py:188} INFO - [2025-12-24T22:17:13.159+0000] {dagbag.py:538} INFO - Filling up the DagBag from /home/airflow/.local/lib/python3.8/site-packages/airflow/example_dags/plugins/workday.py
[2025-12-24T22:17:13.446+0000] {processor.py:842} WARNING - No viable dags retrieved from /home/airflow/.local/lib/python3.8/site-packages/airflow/example_dags/plugins/workday.py
[2025-12-24T22:17:13.461+0000] {processor.py:183} INFO - Processing /home/airflow/.local/lib/python3.8/site-packages/airflow/example_dags/plugins/workday.py took 0.308 seconds
[2025-12-24T22:17:43.680+0000] {processor.py:161} INFO - Started process (PID=45852) to work on /home/airflow/.local/lib/python3.8/site-packages/airflow/example_dags/plugins/workday.py
[2025-12-24T22:17:43.681+0000] {processor.py:830} INFO - Processing file /home/airflow/.local/lib/python3.8/site-packages/airflow/example_dags/plugins/workday.py for tasks to queue
[2025-12-24T22:17:43.683+0000] {logging_mixin.py:188} INFO - [2025-12-24T22:17:43.682+0000] {dagbag.py:538} INFO - Filling up the DagBag from /home/airflow/.local/lib/python3.8/site-packages/airflow/example_dags/plugins/workday.py
[2025-12-24T22:17:43.997+0000] {processor.py:842} WARNING - No viable dags retrieved from /home/airflow/.local/lib/python3.8/site-packages/airflow/example_dags/plugins/workday.py
[2025-12-24T22:17:44.019+0000] {processor.py:183} INFO - Processing /home/airflow/.local/lib/python3.8/site-packages/airflow/example_dags/plugins/workday.py took 0.343 seconds
[2025-12-24T22:18:15.225+0000] {processor.py:161} INFO - Started process (PID=45916) to work on /home/airflow/.local/lib/python3.8/site-packages/airflow/example_dags/plugins/workday.py
[2025-12-24T22:18:15.227+0000] {processor.py:830} INFO - Processing file /home/airflow/.local/lib/python3.8/site-packages/airflow/example_dags/plugins/workday.py for tasks to queue
[2025-12-24T22:18:15.228+0000] {logging_mixin.py:188} INFO - [2025-12-24T22:18:15.228+0000] {dagbag.py:538} INFO - Filling up the DagBag from /home/airflow/.local/lib/python3.8/site-packages/airflow/example_dags/plugins/workday.py
[2025-12-24T22:18:15.561+0000] {processor.py:842} WARNING - No viable dags retrieved from /home/airflow/.local/lib/python3.8/site-packages/airflow/example_dags/plugins/workday.py
[2025-12-24T22:18:15.576+0000] {processor.py:183} INFO - Processing /home/airflow/.local/lib/python3.8/site-packages/airflow/example_dags/plugins/workday.py took 0.355 seconds
[2025-12-24T22:18:46.513+0000] {processor.py:161} INFO - Started process (PID=45976) to work on /home/airflow/.local/lib/python3.8/site-packages/airflow/example_dags/plugins/workday.py
[2025-12-24T22:18:46.514+0000] {processor.py:830} INFO - Processing file /home/airflow/.local/lib/python3.8/site-packages/airflow/example_dags/plugins/workday.py for tasks to queue
[2025-12-24T22:18:46.515+0000] {logging_mixin.py:188} INFO - [2025-12-24T22:18:46.514+0000] {dagbag.py:538} INFO - Filling up the DagBag from /home/airflow/.local/lib/python3.8/site-packages/airflow/example_dags/plugins/workday.py
[2025-12-24T22:18:46.796+0000] {processor.py:842} WARNING - No viable dags retrieved from /home/airflow/.local/lib/python3.8/site-packages/airflow/example_dags/plugins/workday.py
[2025-12-24T22:18:46.811+0000] {processor.py:183} INFO - Processing /home/airflow/.local/lib/python3.8/site-packages/airflow/example_dags/plugins/workday.py took 0.302 seconds
[2025-12-24T22:19:17.274+0000] {processor.py:161} INFO - Started process (PID=46035) to work on /home/airflow/.local/lib/python3.8/site-packages/airflow/example_dags/plugins/workday.py
[2025-12-24T22:19:17.275+0000] {processor.py:830} INFO - Processing file /home/airflow/.local/lib/python3.8/site-packages/airflow/example_dags/plugins/workday.py for tasks to queue
[2025-12-24T22:19:17.276+0000] {logging_mixin.py:188} INFO - [2025-12-24T22:19:17.276+0000] {dagbag.py:538} INFO - Filling up the DagBag from /home/airflow/.local/lib/python3.8/site-packages/airflow/example_dags/plugins/workday.py
[2025-12-24T22:19:17.554+0000] {processor.py:842} WARNING - No viable dags retrieved from /home/airflow/.local/lib/python3.8/site-packages/airflow/example_dags/plugins/workday.py
[2025-12-24T22:19:17.568+0000] {processor.py:183} INFO - Processing /home/airflow/.local/lib/python3.8/site-packages/airflow/example_dags/plugins/workday.py took 0.299 seconds
[2025-12-24T22:19:48.331+0000] {processor.py:161} INFO - Started process (PID=46093) to work on /home/airflow/.local/lib/python3.8/site-packages/airflow/example_dags/plugins/workday.py
[2025-12-24T22:19:48.333+0000] {processor.py:830} INFO - Processing file /home/airflow/.local/lib/python3.8/site-packages/airflow/example_dags/plugins/workday.py for tasks to queue
[2025-12-24T22:19:48.334+0000] {logging_mixin.py:188} INFO - [2025-12-24T22:19:48.334+0000] {dagbag.py:538} INFO - Filling up the DagBag from /home/airflow/.local/lib/python3.8/site-packages/airflow/example_dags/plugins/workday.py
[2025-12-24T22:19:48.601+0000] {processor.py:842} WARNING - No viable dags retrieved from /home/airflow/.local/lib/python3.8/site-packages/airflow/example_dags/plugins/workday.py
[2025-12-24T22:19:48.615+0000] {processor.py:183} INFO - Processing /home/airflow/.local/lib/python3.8/site-packages/airflow/example_dags/plugins/workday.py took 0.289 seconds
[2025-12-24T22:20:18.888+0000] {processor.py:161} INFO - Started process (PID=46152) to work on /home/airflow/.local/lib/python3.8/site-packages/airflow/example_dags/plugins/workday.py
[2025-12-24T22:20:18.890+0000] {processor.py:830} INFO - Processing file /home/airflow/.local/lib/python3.8/site-packages/airflow/example_dags/plugins/workday.py for tasks to queue
[2025-12-24T22:20:18.891+0000] {logging_mixin.py:188} INFO - [2025-12-24T22:20:18.890+0000] {dagbag.py:538} INFO - Filling up the DagBag from /home/airflow/.local/lib/python3.8/site-packages/airflow/example_dags/plugins/workday.py
[2025-12-24T22:20:19.186+0000] {processor.py:842} WARNING - No viable dags retrieved from /home/airflow/.local/lib/python3.8/site-packages/airflow/example_dags/plugins/workday.py
[2025-12-24T22:20:19.201+0000] {processor.py:183} INFO - Processing /home/airflow/.local/lib/python3.8/site-packages/airflow/example_dags/plugins/workday.py took 0.319 seconds
[2025-12-24T22:20:49.926+0000] {processor.py:161} INFO - Started process (PID=46214) to work on /home/airflow/.local/lib/python3.8/site-packages/airflow/example_dags/plugins/workday.py
[2025-12-24T22:20:49.927+0000] {processor.py:830} INFO - Processing file /home/airflow/.local/lib/python3.8/site-packages/airflow/example_dags/plugins/workday.py for tasks to queue
[2025-12-24T22:20:49.928+0000] {logging_mixin.py:188} INFO - [2025-12-24T22:20:49.928+0000] {dagbag.py:538} INFO - Filling up the DagBag from /home/airflow/.local/lib/python3.8/site-packages/airflow/example_dags/plugins/workday.py
[2025-12-24T22:20:50.326+0000] {processor.py:842} WARNING - No viable dags retrieved from /home/airflow/.local/lib/python3.8/site-packages/airflow/example_dags/plugins/workday.py
[2025-12-24T22:20:50.342+0000] {processor.py:183} INFO - Processing /home/airflow/.local/lib/python3.8/site-packages/airflow/example_dags/plugins/workday.py took 0.420 seconds
[2025-12-24T22:21:20.670+0000] {processor.py:161} INFO - Started process (PID=46275) to work on /home/airflow/.local/lib/python3.8/site-packages/airflow/example_dags/plugins/workday.py
[2025-12-24T22:21:20.671+0000] {processor.py:830} INFO - Processing file /home/airflow/.local/lib/python3.8/site-packages/airflow/example_dags/plugins/workday.py for tasks to queue
[2025-12-24T22:21:20.672+0000] {logging_mixin.py:188} INFO - [2025-12-24T22:21:20.672+0000] {dagbag.py:538} INFO - Filling up the DagBag from /home/airflow/.local/lib/python3.8/site-packages/airflow/example_dags/plugins/workday.py
[2025-12-24T22:21:20.924+0000] {processor.py:842} WARNING - No viable dags retrieved from /home/airflow/.local/lib/python3.8/site-packages/airflow/example_dags/plugins/workday.py
[2025-12-24T22:21:20.938+0000] {processor.py:183} INFO - Processing /home/airflow/.local/lib/python3.8/site-packages/airflow/example_dags/plugins/workday.py took 0.272 seconds
[2025-12-24T22:21:51.494+0000] {processor.py:161} INFO - Started process (PID=46334) to work on /home/airflow/.local/lib/python3.8/site-packages/airflow/example_dags/plugins/workday.py
[2025-12-24T22:21:51.496+0000] {processor.py:830} INFO - Processing file /home/airflow/.local/lib/python3.8/site-packages/airflow/example_dags/plugins/workday.py for tasks to queue
[2025-12-24T22:21:51.497+0000] {logging_mixin.py:188} INFO - [2025-12-24T22:21:51.497+0000] {dagbag.py:538} INFO - Filling up the DagBag from /home/airflow/.local/lib/python3.8/site-packages/airflow/example_dags/plugins/workday.py
[2025-12-24T22:21:51.779+0000] {processor.py:842} WARNING - No viable dags retrieved from /home/airflow/.local/lib/python3.8/site-packages/airflow/example_dags/plugins/workday.py
[2025-12-24T22:21:51.794+0000] {processor.py:183} INFO - Processing /home/airflow/.local/lib/python3.8/site-packages/airflow/example_dags/plugins/workday.py took 0.303 seconds
[2025-12-24T22:22:21.903+0000] {processor.py:161} INFO - Started process (PID=46394) to work on /home/airflow/.local/lib/python3.8/site-packages/airflow/example_dags/plugins/workday.py
[2025-12-24T22:22:21.905+0000] {processor.py:830} INFO - Processing file /home/airflow/.local/lib/python3.8/site-packages/airflow/example_dags/plugins/workday.py for tasks to queue
[2025-12-24T22:22:21.906+0000] {logging_mixin.py:188} INFO - [2025-12-24T22:22:21.906+0000] {dagbag.py:538} INFO - Filling up the DagBag from /home/airflow/.local/lib/python3.8/site-packages/airflow/example_dags/plugins/workday.py
[2025-12-24T22:22:22.174+0000] {processor.py:842} WARNING - No viable dags retrieved from /home/airflow/.local/lib/python3.8/site-packages/airflow/example_dags/plugins/workday.py
[2025-12-24T22:22:22.189+0000] {processor.py:183} INFO - Processing /home/airflow/.local/lib/python3.8/site-packages/airflow/example_dags/plugins/workday.py took 0.289 seconds
[2025-12-24T22:22:52.995+0000] {processor.py:161} INFO - Started process (PID=46452) to work on /home/airflow/.local/lib/python3.8/site-packages/airflow/example_dags/plugins/workday.py
[2025-12-24T22:22:52.996+0000] {processor.py:830} INFO - Processing file /home/airflow/.local/lib/python3.8/site-packages/airflow/example_dags/plugins/workday.py for tasks to queue
[2025-12-24T22:22:52.997+0000] {logging_mixin.py:188} INFO - [2025-12-24T22:22:52.997+0000] {dagbag.py:538} INFO - Filling up the DagBag from /home/airflow/.local/lib/python3.8/site-packages/airflow/example_dags/plugins/workday.py
[2025-12-24T22:22:53.247+0000] {processor.py:842} WARNING - No viable dags retrieved from /home/airflow/.local/lib/python3.8/site-packages/airflow/example_dags/plugins/workday.py
[2025-12-24T22:22:53.261+0000] {processor.py:183} INFO - Processing /home/airflow/.local/lib/python3.8/site-packages/airflow/example_dags/plugins/workday.py took 0.271 seconds
[2025-12-24T22:23:23.745+0000] {processor.py:161} INFO - Started process (PID=46512) to work on /home/airflow/.local/lib/python3.8/site-packages/airflow/example_dags/plugins/workday.py
[2025-12-24T22:23:23.747+0000] {processor.py:830} INFO - Processing file /home/airflow/.local/lib/python3.8/site-packages/airflow/example_dags/plugins/workday.py for tasks to queue
[2025-12-24T22:23:23.748+0000] {logging_mixin.py:188} INFO - [2025-12-24T22:23:23.748+0000] {dagbag.py:538} INFO - Filling up the DagBag from /home/airflow/.local/lib/python3.8/site-packages/airflow/example_dags/plugins/workday.py
[2025-12-24T22:23:24.136+0000] {processor.py:842} WARNING - No viable dags retrieved from /home/airflow/.local/lib/python3.8/site-packages/airflow/example_dags/plugins/workday.py
[2025-12-24T22:23:24.148+0000] {processor.py:183} INFO - Processing /home/airflow/.local/lib/python3.8/site-packages/airflow/example_dags/plugins/workday.py took 0.408 seconds
[2025-12-24T22:23:54.407+0000] {processor.py:161} INFO - Started process (PID=46571) to work on /home/airflow/.local/lib/python3.8/site-packages/airflow/example_dags/plugins/workday.py
[2025-12-24T22:23:54.408+0000] {processor.py:830} INFO - Processing file /home/airflow/.local/lib/python3.8/site-packages/airflow/example_dags/plugins/workday.py for tasks to queue
[2025-12-24T22:23:54.410+0000] {logging_mixin.py:188} INFO - [2025-12-24T22:23:54.409+0000] {dagbag.py:538} INFO - Filling up the DagBag from /home/airflow/.local/lib/python3.8/site-packages/airflow/example_dags/plugins/workday.py
[2025-12-24T22:23:54.783+0000] {processor.py:842} WARNING - No viable dags retrieved from /home/airflow/.local/lib/python3.8/site-packages/airflow/example_dags/plugins/workday.py
[2025-12-24T22:23:54.797+0000] {processor.py:183} INFO - Processing /home/airflow/.local/lib/python3.8/site-packages/airflow/example_dags/plugins/workday.py took 0.393 seconds
[2025-12-24T22:24:25.271+0000] {processor.py:161} INFO - Started process (PID=46630) to work on /home/airflow/.local/lib/python3.8/site-packages/airflow/example_dags/plugins/workday.py
[2025-12-24T22:24:25.272+0000] {processor.py:830} INFO - Processing file /home/airflow/.local/lib/python3.8/site-packages/airflow/example_dags/plugins/workday.py for tasks to queue
[2025-12-24T22:24:25.273+0000] {logging_mixin.py:188} INFO - [2025-12-24T22:24:25.273+0000] {dagbag.py:538} INFO - Filling up the DagBag from /home/airflow/.local/lib/python3.8/site-packages/airflow/example_dags/plugins/workday.py
[2025-12-24T22:24:25.664+0000] {processor.py:842} WARNING - No viable dags retrieved from /home/airflow/.local/lib/python3.8/site-packages/airflow/example_dags/plugins/workday.py
[2025-12-24T22:24:25.676+0000] {processor.py:183} INFO - Processing /home/airflow/.local/lib/python3.8/site-packages/airflow/example_dags/plugins/workday.py took 0.409 seconds
[2025-12-24T22:24:56.209+0000] {processor.py:161} INFO - Started process (PID=46688) to work on /home/airflow/.local/lib/python3.8/site-packages/airflow/example_dags/plugins/workday.py
[2025-12-24T22:24:56.211+0000] {processor.py:830} INFO - Processing file /home/airflow/.local/lib/python3.8/site-packages/airflow/example_dags/plugins/workday.py for tasks to queue
[2025-12-24T22:24:56.212+0000] {logging_mixin.py:188} INFO - [2025-12-24T22:24:56.211+0000] {dagbag.py:538} INFO - Filling up the DagBag from /home/airflow/.local/lib/python3.8/site-packages/airflow/example_dags/plugins/workday.py
[2025-12-24T22:24:56.584+0000] {processor.py:842} WARNING - No viable dags retrieved from /home/airflow/.local/lib/python3.8/site-packages/airflow/example_dags/plugins/workday.py
[2025-12-24T22:24:56.595+0000] {processor.py:183} INFO - Processing /home/airflow/.local/lib/python3.8/site-packages/airflow/example_dags/plugins/workday.py took 0.389 seconds
[2025-12-24T22:25:27.188+0000] {processor.py:161} INFO - Started process (PID=46749) to work on /home/airflow/.local/lib/python3.8/site-packages/airflow/example_dags/plugins/workday.py
[2025-12-24T22:25:27.189+0000] {processor.py:830} INFO - Processing file /home/airflow/.local/lib/python3.8/site-packages/airflow/example_dags/plugins/workday.py for tasks to queue
[2025-12-24T22:25:27.190+0000] {logging_mixin.py:188} INFO - [2025-12-24T22:25:27.190+0000] {dagbag.py:538} INFO - Filling up the DagBag from /home/airflow/.local/lib/python3.8/site-packages/airflow/example_dags/plugins/workday.py
[2025-12-24T22:25:27.590+0000] {processor.py:842} WARNING - No viable dags retrieved from /home/airflow/.local/lib/python3.8/site-packages/airflow/example_dags/plugins/workday.py
[2025-12-24T22:25:27.601+0000] {processor.py:183} INFO - Processing /home/airflow/.local/lib/python3.8/site-packages/airflow/example_dags/plugins/workday.py took 0.417 seconds
[2025-12-24T22:25:57.841+0000] {processor.py:161} INFO - Started process (PID=46808) to work on /home/airflow/.local/lib/python3.8/site-packages/airflow/example_dags/plugins/workday.py
[2025-12-24T22:25:57.843+0000] {processor.py:830} INFO - Processing file /home/airflow/.local/lib/python3.8/site-packages/airflow/example_dags/plugins/workday.py for tasks to queue
[2025-12-24T22:25:57.844+0000] {logging_mixin.py:188} INFO - [2025-12-24T22:25:57.843+0000] {dagbag.py:538} INFO - Filling up the DagBag from /home/airflow/.local/lib/python3.8/site-packages/airflow/example_dags/plugins/workday.py
[2025-12-24T22:25:58.218+0000] {processor.py:842} WARNING - No viable dags retrieved from /home/airflow/.local/lib/python3.8/site-packages/airflow/example_dags/plugins/workday.py
[2025-12-24T22:25:58.229+0000] {processor.py:183} INFO - Processing /home/airflow/.local/lib/python3.8/site-packages/airflow/example_dags/plugins/workday.py took 0.391 seconds
[2025-12-24T22:26:28.591+0000] {processor.py:161} INFO - Started process (PID=46867) to work on /home/airflow/.local/lib/python3.8/site-packages/airflow/example_dags/plugins/workday.py
[2025-12-24T22:26:28.592+0000] {processor.py:830} INFO - Processing file /home/airflow/.local/lib/python3.8/site-packages/airflow/example_dags/plugins/workday.py for tasks to queue
[2025-12-24T22:26:28.594+0000] {logging_mixin.py:188} INFO - [2025-12-24T22:26:28.593+0000] {dagbag.py:538} INFO - Filling up the DagBag from /home/airflow/.local/lib/python3.8/site-packages/airflow/example_dags/plugins/workday.py
[2025-12-24T22:26:29.011+0000] {processor.py:842} WARNING - No viable dags retrieved from /home/airflow/.local/lib/python3.8/site-packages/airflow/example_dags/plugins/workday.py
[2025-12-24T22:26:29.023+0000] {processor.py:183} INFO - Processing /home/airflow/.local/lib/python3.8/site-packages/airflow/example_dags/plugins/workday.py took 0.436 seconds
[2025-12-24T22:26:59.290+0000] {processor.py:161} INFO - Started process (PID=46926) to work on /home/airflow/.local/lib/python3.8/site-packages/airflow/example_dags/plugins/workday.py
[2025-12-24T22:26:59.291+0000] {processor.py:830} INFO - Processing file /home/airflow/.local/lib/python3.8/site-packages/airflow/example_dags/plugins/workday.py for tasks to queue
[2025-12-24T22:26:59.292+0000] {logging_mixin.py:188} INFO - [2025-12-24T22:26:59.292+0000] {dagbag.py:538} INFO - Filling up the DagBag from /home/airflow/.local/lib/python3.8/site-packages/airflow/example_dags/plugins/workday.py
[2025-12-24T22:26:59.722+0000] {processor.py:842} WARNING - No viable dags retrieved from /home/airflow/.local/lib/python3.8/site-packages/airflow/example_dags/plugins/workday.py
[2025-12-24T22:26:59.736+0000] {processor.py:183} INFO - Processing /home/airflow/.local/lib/python3.8/site-packages/airflow/example_dags/plugins/workday.py took 0.450 seconds
[2025-12-24T22:27:30.042+0000] {processor.py:161} INFO - Started process (PID=46984) to work on /home/airflow/.local/lib/python3.8/site-packages/airflow/example_dags/plugins/workday.py
[2025-12-24T22:27:30.044+0000] {processor.py:830} INFO - Processing file /home/airflow/.local/lib/python3.8/site-packages/airflow/example_dags/plugins/workday.py for tasks to queue
[2025-12-24T22:27:30.045+0000] {logging_mixin.py:188} INFO - [2025-12-24T22:27:30.044+0000] {dagbag.py:538} INFO - Filling up the DagBag from /home/airflow/.local/lib/python3.8/site-packages/airflow/example_dags/plugins/workday.py
[2025-12-24T22:27:30.620+0000] {processor.py:842} WARNING - No viable dags retrieved from /home/airflow/.local/lib/python3.8/site-packages/airflow/example_dags/plugins/workday.py
[2025-12-24T22:27:30.637+0000] {processor.py:183} INFO - Processing /home/airflow/.local/lib/python3.8/site-packages/airflow/example_dags/plugins/workday.py took 0.599 seconds
[2025-12-24T22:28:00.700+0000] {processor.py:161} INFO - Started process (PID=47042) to work on /home/airflow/.local/lib/python3.8/site-packages/airflow/example_dags/plugins/workday.py
[2025-12-24T22:28:00.701+0000] {processor.py:830} INFO - Processing file /home/airflow/.local/lib/python3.8/site-packages/airflow/example_dags/plugins/workday.py for tasks to queue
[2025-12-24T22:28:00.702+0000] {logging_mixin.py:188} INFO - [2025-12-24T22:28:00.702+0000] {dagbag.py:538} INFO - Filling up the DagBag from /home/airflow/.local/lib/python3.8/site-packages/airflow/example_dags/plugins/workday.py
[2025-12-24T22:28:01.326+0000] {processor.py:842} WARNING - No viable dags retrieved from /home/airflow/.local/lib/python3.8/site-packages/airflow/example_dags/plugins/workday.py
[2025-12-24T22:28:01.359+0000] {processor.py:183} INFO - Processing /home/airflow/.local/lib/python3.8/site-packages/airflow/example_dags/plugins/workday.py took 0.663 seconds
[2025-12-24T22:28:32.312+0000] {processor.py:161} INFO - Started process (PID=47102) to work on /home/airflow/.local/lib/python3.8/site-packages/airflow/example_dags/plugins/workday.py
[2025-12-24T22:28:32.319+0000] {processor.py:830} INFO - Processing file /home/airflow/.local/lib/python3.8/site-packages/airflow/example_dags/plugins/workday.py for tasks to queue
[2025-12-24T22:28:32.320+0000] {logging_mixin.py:188} INFO - [2025-12-24T22:28:32.320+0000] {dagbag.py:538} INFO - Filling up the DagBag from /home/airflow/.local/lib/python3.8/site-packages/airflow/example_dags/plugins/workday.py
[2025-12-24T22:28:32.799+0000] {processor.py:842} WARNING - No viable dags retrieved from /home/airflow/.local/lib/python3.8/site-packages/airflow/example_dags/plugins/workday.py
[2025-12-24T22:28:32.814+0000] {processor.py:183} INFO - Processing /home/airflow/.local/lib/python3.8/site-packages/airflow/example_dags/plugins/workday.py took 0.505 seconds
[2025-12-24T22:29:03.324+0000] {processor.py:161} INFO - Started process (PID=47163) to work on /home/airflow/.local/lib/python3.8/site-packages/airflow/example_dags/plugins/workday.py
[2025-12-24T22:29:03.325+0000] {processor.py:830} INFO - Processing file /home/airflow/.local/lib/python3.8/site-packages/airflow/example_dags/plugins/workday.py for tasks to queue
[2025-12-24T22:29:03.326+0000] {logging_mixin.py:188} INFO - [2025-12-24T22:29:03.326+0000] {dagbag.py:538} INFO - Filling up the DagBag from /home/airflow/.local/lib/python3.8/site-packages/airflow/example_dags/plugins/workday.py
[2025-12-24T22:29:03.814+0000] {processor.py:842} WARNING - No viable dags retrieved from /home/airflow/.local/lib/python3.8/site-packages/airflow/example_dags/plugins/workday.py
[2025-12-24T22:29:03.829+0000] {processor.py:183} INFO - Processing /home/airflow/.local/lib/python3.8/site-packages/airflow/example_dags/plugins/workday.py took 0.509 seconds
[2025-12-24T22:29:34.364+0000] {processor.py:161} INFO - Started process (PID=47222) to work on /home/airflow/.local/lib/python3.8/site-packages/airflow/example_dags/plugins/workday.py
[2025-12-24T22:29:34.366+0000] {processor.py:830} INFO - Processing file /home/airflow/.local/lib/python3.8/site-packages/airflow/example_dags/plugins/workday.py for tasks to queue
[2025-12-24T22:29:34.367+0000] {logging_mixin.py:188} INFO - [2025-12-24T22:29:34.367+0000] {dagbag.py:538} INFO - Filling up the DagBag from /home/airflow/.local/lib/python3.8/site-packages/airflow/example_dags/plugins/workday.py
[2025-12-24T22:29:34.814+0000] {processor.py:842} WARNING - No viable dags retrieved from /home/airflow/.local/lib/python3.8/site-packages/airflow/example_dags/plugins/workday.py
[2025-12-24T22:29:34.828+0000] {processor.py:183} INFO - Processing /home/airflow/.local/lib/python3.8/site-packages/airflow/example_dags/plugins/workday.py took 0.469 seconds
[2025-12-24T22:30:05.806+0000] {processor.py:161} INFO - Started process (PID=47283) to work on /home/airflow/.local/lib/python3.8/site-packages/airflow/example_dags/plugins/workday.py
[2025-12-24T22:30:05.808+0000] {processor.py:830} INFO - Processing file /home/airflow/.local/lib/python3.8/site-packages/airflow/example_dags/plugins/workday.py for tasks to queue
[2025-12-24T22:30:05.810+0000] {logging_mixin.py:188} INFO - [2025-12-24T22:30:05.809+0000] {dagbag.py:538} INFO - Filling up the DagBag from /home/airflow/.local/lib/python3.8/site-packages/airflow/example_dags/plugins/workday.py
[2025-12-24T22:30:06.337+0000] {processor.py:842} WARNING - No viable dags retrieved from /home/airflow/.local/lib/python3.8/site-packages/airflow/example_dags/plugins/workday.py
[2025-12-24T22:30:06.350+0000] {processor.py:183} INFO - Processing /home/airflow/.local/lib/python3.8/site-packages/airflow/example_dags/plugins/workday.py took 0.550 seconds
[2025-12-24T22:30:36.471+0000] {processor.py:161} INFO - Started process (PID=47341) to work on /home/airflow/.local/lib/python3.8/site-packages/airflow/example_dags/plugins/workday.py
[2025-12-24T22:30:36.473+0000] {processor.py:830} INFO - Processing file /home/airflow/.local/lib/python3.8/site-packages/airflow/example_dags/plugins/workday.py for tasks to queue
[2025-12-24T22:30:36.474+0000] {logging_mixin.py:188} INFO - [2025-12-24T22:30:36.474+0000] {dagbag.py:538} INFO - Filling up the DagBag from /home/airflow/.local/lib/python3.8/site-packages/airflow/example_dags/plugins/workday.py
[2025-12-24T22:30:37.015+0000] {processor.py:842} WARNING - No viable dags retrieved from /home/airflow/.local/lib/python3.8/site-packages/airflow/example_dags/plugins/workday.py
[2025-12-24T22:30:37.039+0000] {processor.py:183} INFO - Processing /home/airflow/.local/lib/python3.8/site-packages/airflow/example_dags/plugins/workday.py took 0.573 seconds
[2025-12-24T22:31:07.537+0000] {processor.py:161} INFO - Started process (PID=47401) to work on /home/airflow/.local/lib/python3.8/site-packages/airflow/example_dags/plugins/workday.py
[2025-12-24T22:31:07.539+0000] {processor.py:830} INFO - Processing file /home/airflow/.local/lib/python3.8/site-packages/airflow/example_dags/plugins/workday.py for tasks to queue
[2025-12-24T22:31:07.540+0000] {logging_mixin.py:188} INFO - [2025-12-24T22:31:07.540+0000] {dagbag.py:538} INFO - Filling up the DagBag from /home/airflow/.local/lib/python3.8/site-packages/airflow/example_dags/plugins/workday.py
[2025-12-24T22:31:08.012+0000] {processor.py:842} WARNING - No viable dags retrieved from /home/airflow/.local/lib/python3.8/site-packages/airflow/example_dags/plugins/workday.py
[2025-12-24T22:31:08.027+0000] {processor.py:183} INFO - Processing /home/airflow/.local/lib/python3.8/site-packages/airflow/example_dags/plugins/workday.py took 0.496 seconds
[2025-12-24T22:31:41.238+0000] {processor.py:161} INFO - Started process (PID=47466) to work on /home/airflow/.local/lib/python3.8/site-packages/airflow/example_dags/plugins/workday.py
[2025-12-24T22:31:41.240+0000] {processor.py:830} INFO - Processing file /home/airflow/.local/lib/python3.8/site-packages/airflow/example_dags/plugins/workday.py for tasks to queue
[2025-12-24T22:31:41.242+0000] {logging_mixin.py:188} INFO - [2025-12-24T22:31:41.241+0000] {dagbag.py:538} INFO - Filling up the DagBag from /home/airflow/.local/lib/python3.8/site-packages/airflow/example_dags/plugins/workday.py
[2025-12-24T22:31:42.015+0000] {processor.py:842} WARNING - No viable dags retrieved from /home/airflow/.local/lib/python3.8/site-packages/airflow/example_dags/plugins/workday.py
[2025-12-24T22:31:42.037+0000] {processor.py:183} INFO - Processing /home/airflow/.local/lib/python3.8/site-packages/airflow/example_dags/plugins/workday.py took 0.806 seconds
[2025-12-24T22:32:12.755+0000] {processor.py:161} INFO - Started process (PID=47526) to work on /home/airflow/.local/lib/python3.8/site-packages/airflow/example_dags/plugins/workday.py
[2025-12-24T22:32:12.757+0000] {processor.py:830} INFO - Processing file /home/airflow/.local/lib/python3.8/site-packages/airflow/example_dags/plugins/workday.py for tasks to queue
[2025-12-24T22:32:12.758+0000] {logging_mixin.py:188} INFO - [2025-12-24T22:32:12.757+0000] {dagbag.py:538} INFO - Filling up the DagBag from /home/airflow/.local/lib/python3.8/site-packages/airflow/example_dags/plugins/workday.py
[2025-12-24T22:32:13.147+0000] {processor.py:842} WARNING - No viable dags retrieved from /home/airflow/.local/lib/python3.8/site-packages/airflow/example_dags/plugins/workday.py
[2025-12-24T22:32:13.159+0000] {processor.py:183} INFO - Processing /home/airflow/.local/lib/python3.8/site-packages/airflow/example_dags/plugins/workday.py took 0.408 seconds
[2025-12-24T22:32:43.532+0000] {processor.py:161} INFO - Started process (PID=47585) to work on /home/airflow/.local/lib/python3.8/site-packages/airflow/example_dags/plugins/workday.py
[2025-12-24T22:32:43.533+0000] {processor.py:830} INFO - Processing file /home/airflow/.local/lib/python3.8/site-packages/airflow/example_dags/plugins/workday.py for tasks to queue
[2025-12-24T22:32:43.534+0000] {logging_mixin.py:188} INFO - [2025-12-24T22:32:43.534+0000] {dagbag.py:538} INFO - Filling up the DagBag from /home/airflow/.local/lib/python3.8/site-packages/airflow/example_dags/plugins/workday.py
[2025-12-24T22:32:43.935+0000] {processor.py:842} WARNING - No viable dags retrieved from /home/airflow/.local/lib/python3.8/site-packages/airflow/example_dags/plugins/workday.py
[2025-12-24T22:32:43.947+0000] {processor.py:183} INFO - Processing /home/airflow/.local/lib/python3.8/site-packages/airflow/example_dags/plugins/workday.py took 0.419 seconds
[2025-12-24T22:33:14.141+0000] {processor.py:161} INFO - Started process (PID=47644) to work on /home/airflow/.local/lib/python3.8/site-packages/airflow/example_dags/plugins/workday.py
[2025-12-24T22:33:14.142+0000] {processor.py:830} INFO - Processing file /home/airflow/.local/lib/python3.8/site-packages/airflow/example_dags/plugins/workday.py for tasks to queue
[2025-12-24T22:33:14.143+0000] {logging_mixin.py:188} INFO - [2025-12-24T22:33:14.143+0000] {dagbag.py:538} INFO - Filling up the DagBag from /home/airflow/.local/lib/python3.8/site-packages/airflow/example_dags/plugins/workday.py
[2025-12-24T22:33:14.628+0000] {processor.py:842} WARNING - No viable dags retrieved from /home/airflow/.local/lib/python3.8/site-packages/airflow/example_dags/plugins/workday.py
[2025-12-24T22:33:14.641+0000] {processor.py:183} INFO - Processing /home/airflow/.local/lib/python3.8/site-packages/airflow/example_dags/plugins/workday.py took 0.504 seconds
[2025-12-24T22:33:45.355+0000] {processor.py:161} INFO - Started process (PID=47713) to work on /home/airflow/.local/lib/python3.8/site-packages/airflow/example_dags/plugins/workday.py
[2025-12-24T22:33:45.357+0000] {processor.py:830} INFO - Processing file /home/airflow/.local/lib/python3.8/site-packages/airflow/example_dags/plugins/workday.py for tasks to queue
[2025-12-24T22:33:45.358+0000] {logging_mixin.py:188} INFO - [2025-12-24T22:33:45.358+0000] {dagbag.py:538} INFO - Filling up the DagBag from /home/airflow/.local/lib/python3.8/site-packages/airflow/example_dags/plugins/workday.py
[2025-12-24T22:33:45.872+0000] {processor.py:842} WARNING - No viable dags retrieved from /home/airflow/.local/lib/python3.8/site-packages/airflow/example_dags/plugins/workday.py
[2025-12-24T22:33:45.886+0000] {processor.py:183} INFO - Processing /home/airflow/.local/lib/python3.8/site-packages/airflow/example_dags/plugins/workday.py took 0.536 seconds
[2025-12-24T22:34:16.042+0000] {processor.py:161} INFO - Started process (PID=47783) to work on /home/airflow/.local/lib/python3.8/site-packages/airflow/example_dags/plugins/workday.py
[2025-12-24T22:34:16.043+0000] {processor.py:830} INFO - Processing file /home/airflow/.local/lib/python3.8/site-packages/airflow/example_dags/plugins/workday.py for tasks to queue
[2025-12-24T22:34:16.044+0000] {logging_mixin.py:188} INFO - [2025-12-24T22:34:16.044+0000] {dagbag.py:538} INFO - Filling up the DagBag from /home/airflow/.local/lib/python3.8/site-packages/airflow/example_dags/plugins/workday.py
[2025-12-24T22:34:16.491+0000] {processor.py:842} WARNING - No viable dags retrieved from /home/airflow/.local/lib/python3.8/site-packages/airflow/example_dags/plugins/workday.py
[2025-12-24T22:34:16.506+0000] {processor.py:183} INFO - Processing /home/airflow/.local/lib/python3.8/site-packages/airflow/example_dags/plugins/workday.py took 0.468 seconds
[2025-12-24T22:34:47.074+0000] {processor.py:161} INFO - Started process (PID=47842) to work on /home/airflow/.local/lib/python3.8/site-packages/airflow/example_dags/plugins/workday.py
[2025-12-24T22:34:47.077+0000] {processor.py:830} INFO - Processing file /home/airflow/.local/lib/python3.8/site-packages/airflow/example_dags/plugins/workday.py for tasks to queue
[2025-12-24T22:34:47.079+0000] {logging_mixin.py:188} INFO - [2025-12-24T22:34:47.078+0000] {dagbag.py:538} INFO - Filling up the DagBag from /home/airflow/.local/lib/python3.8/site-packages/airflow/example_dags/plugins/workday.py
[2025-12-24T22:34:48.455+0000] {processor.py:842} WARNING - No viable dags retrieved from /home/airflow/.local/lib/python3.8/site-packages/airflow/example_dags/plugins/workday.py
[2025-12-24T22:34:48.481+0000] {processor.py:183} INFO - Processing /home/airflow/.local/lib/python3.8/site-packages/airflow/example_dags/plugins/workday.py took 1.415 seconds
[2025-12-24T22:35:19.120+0000] {processor.py:161} INFO - Started process (PID=47901) to work on /home/airflow/.local/lib/python3.8/site-packages/airflow/example_dags/plugins/workday.py
[2025-12-24T22:35:19.121+0000] {processor.py:830} INFO - Processing file /home/airflow/.local/lib/python3.8/site-packages/airflow/example_dags/plugins/workday.py for tasks to queue
[2025-12-24T22:35:19.123+0000] {logging_mixin.py:188} INFO - [2025-12-24T22:35:19.122+0000] {dagbag.py:538} INFO - Filling up the DagBag from /home/airflow/.local/lib/python3.8/site-packages/airflow/example_dags/plugins/workday.py
[2025-12-24T22:35:19.537+0000] {processor.py:842} WARNING - No viable dags retrieved from /home/airflow/.local/lib/python3.8/site-packages/airflow/example_dags/plugins/workday.py
[2025-12-24T22:35:19.551+0000] {processor.py:183} INFO - Processing /home/airflow/.local/lib/python3.8/site-packages/airflow/example_dags/plugins/workday.py took 0.439 seconds
[2025-12-24T22:35:50.294+0000] {processor.py:161} INFO - Started process (PID=47960) to work on /home/airflow/.local/lib/python3.8/site-packages/airflow/example_dags/plugins/workday.py
[2025-12-24T22:35:50.295+0000] {processor.py:830} INFO - Processing file /home/airflow/.local/lib/python3.8/site-packages/airflow/example_dags/plugins/workday.py for tasks to queue
[2025-12-24T22:35:50.296+0000] {logging_mixin.py:188} INFO - [2025-12-24T22:35:50.296+0000] {dagbag.py:538} INFO - Filling up the DagBag from /home/airflow/.local/lib/python3.8/site-packages/airflow/example_dags/plugins/workday.py
[2025-12-24T22:35:50.728+0000] {processor.py:842} WARNING - No viable dags retrieved from /home/airflow/.local/lib/python3.8/site-packages/airflow/example_dags/plugins/workday.py
[2025-12-24T22:35:50.741+0000] {processor.py:183} INFO - Processing /home/airflow/.local/lib/python3.8/site-packages/airflow/example_dags/plugins/workday.py took 0.451 seconds
[2025-12-24T22:36:21.766+0000] {processor.py:161} INFO - Started process (PID=48022) to work on /home/airflow/.local/lib/python3.8/site-packages/airflow/example_dags/plugins/workday.py
[2025-12-24T22:36:21.767+0000] {processor.py:830} INFO - Processing file /home/airflow/.local/lib/python3.8/site-packages/airflow/example_dags/plugins/workday.py for tasks to queue
[2025-12-24T22:36:21.768+0000] {logging_mixin.py:188} INFO - [2025-12-24T22:36:21.768+0000] {dagbag.py:538} INFO - Filling up the DagBag from /home/airflow/.local/lib/python3.8/site-packages/airflow/example_dags/plugins/workday.py
[2025-12-24T22:36:22.167+0000] {processor.py:842} WARNING - No viable dags retrieved from /home/airflow/.local/lib/python3.8/site-packages/airflow/example_dags/plugins/workday.py
[2025-12-24T22:36:22.179+0000] {processor.py:183} INFO - Processing /home/airflow/.local/lib/python3.8/site-packages/airflow/example_dags/plugins/workday.py took 0.417 seconds
[2025-12-24T22:36:53.010+0000] {processor.py:161} INFO - Started process (PID=48080) to work on /home/airflow/.local/lib/python3.8/site-packages/airflow/example_dags/plugins/workday.py
[2025-12-24T22:36:53.011+0000] {processor.py:830} INFO - Processing file /home/airflow/.local/lib/python3.8/site-packages/airflow/example_dags/plugins/workday.py for tasks to queue
[2025-12-24T22:36:53.012+0000] {logging_mixin.py:188} INFO - [2025-12-24T22:36:53.012+0000] {dagbag.py:538} INFO - Filling up the DagBag from /home/airflow/.local/lib/python3.8/site-packages/airflow/example_dags/plugins/workday.py
[2025-12-24T22:36:53.457+0000] {processor.py:842} WARNING - No viable dags retrieved from /home/airflow/.local/lib/python3.8/site-packages/airflow/example_dags/plugins/workday.py
[2025-12-24T22:36:53.476+0000] {processor.py:183} INFO - Processing /home/airflow/.local/lib/python3.8/site-packages/airflow/example_dags/plugins/workday.py took 0.468 seconds
[2025-12-24T22:37:23.557+0000] {processor.py:161} INFO - Started process (PID=48138) to work on /home/airflow/.local/lib/python3.8/site-packages/airflow/example_dags/plugins/workday.py
[2025-12-24T22:37:23.559+0000] {processor.py:830} INFO - Processing file /home/airflow/.local/lib/python3.8/site-packages/airflow/example_dags/plugins/workday.py for tasks to queue
[2025-12-24T22:37:23.561+0000] {logging_mixin.py:188} INFO - [2025-12-24T22:37:23.561+0000] {dagbag.py:538} INFO - Filling up the DagBag from /home/airflow/.local/lib/python3.8/site-packages/airflow/example_dags/plugins/workday.py
[2025-12-24T22:37:24.181+0000] {processor.py:842} WARNING - No viable dags retrieved from /home/airflow/.local/lib/python3.8/site-packages/airflow/example_dags/plugins/workday.py
[2025-12-24T22:37:24.209+0000] {processor.py:183} INFO - Processing /home/airflow/.local/lib/python3.8/site-packages/airflow/example_dags/plugins/workday.py took 0.657 seconds
[2025-12-24T22:37:55.568+0000] {processor.py:161} INFO - Started process (PID=48202) to work on /home/airflow/.local/lib/python3.8/site-packages/airflow/example_dags/plugins/workday.py
[2025-12-24T22:37:55.570+0000] {processor.py:830} INFO - Processing file /home/airflow/.local/lib/python3.8/site-packages/airflow/example_dags/plugins/workday.py for tasks to queue
[2025-12-24T22:37:55.572+0000] {logging_mixin.py:188} INFO - [2025-12-24T22:37:55.571+0000] {dagbag.py:538} INFO - Filling up the DagBag from /home/airflow/.local/lib/python3.8/site-packages/airflow/example_dags/plugins/workday.py
[2025-12-24T22:37:56.070+0000] {processor.py:842} WARNING - No viable dags retrieved from /home/airflow/.local/lib/python3.8/site-packages/airflow/example_dags/plugins/workday.py
[2025-12-24T22:37:56.084+0000] {processor.py:183} INFO - Processing /home/airflow/.local/lib/python3.8/site-packages/airflow/example_dags/plugins/workday.py took 0.521 seconds
[2025-12-24T22:38:26.209+0000] {processor.py:161} INFO - Started process (PID=48261) to work on /home/airflow/.local/lib/python3.8/site-packages/airflow/example_dags/plugins/workday.py
[2025-12-24T22:38:26.210+0000] {processor.py:830} INFO - Processing file /home/airflow/.local/lib/python3.8/site-packages/airflow/example_dags/plugins/workday.py for tasks to queue
[2025-12-24T22:38:26.212+0000] {logging_mixin.py:188} INFO - [2025-12-24T22:38:26.211+0000] {dagbag.py:538} INFO - Filling up the DagBag from /home/airflow/.local/lib/python3.8/site-packages/airflow/example_dags/plugins/workday.py
[2025-12-24T22:38:26.655+0000] {processor.py:842} WARNING - No viable dags retrieved from /home/airflow/.local/lib/python3.8/site-packages/airflow/example_dags/plugins/workday.py
[2025-12-24T22:38:26.672+0000] {processor.py:183} INFO - Processing /home/airflow/.local/lib/python3.8/site-packages/airflow/example_dags/plugins/workday.py took 0.467 seconds
[2025-12-24T22:38:58.934+0000] {processor.py:161} INFO - Started process (PID=48327) to work on /home/airflow/.local/lib/python3.8/site-packages/airflow/example_dags/plugins/workday.py
[2025-12-24T22:38:58.935+0000] {processor.py:830} INFO - Processing file /home/airflow/.local/lib/python3.8/site-packages/airflow/example_dags/plugins/workday.py for tasks to queue
[2025-12-24T22:38:58.936+0000] {logging_mixin.py:188} INFO - [2025-12-24T22:38:58.936+0000] {dagbag.py:538} INFO - Filling up the DagBag from /home/airflow/.local/lib/python3.8/site-packages/airflow/example_dags/plugins/workday.py
[2025-12-24T22:38:59.434+0000] {processor.py:842} WARNING - No viable dags retrieved from /home/airflow/.local/lib/python3.8/site-packages/airflow/example_dags/plugins/workday.py
[2025-12-24T22:38:59.451+0000] {processor.py:183} INFO - Processing /home/airflow/.local/lib/python3.8/site-packages/airflow/example_dags/plugins/workday.py took 0.522 seconds
[2025-12-24T22:39:30.292+0000] {processor.py:161} INFO - Started process (PID=48387) to work on /home/airflow/.local/lib/python3.8/site-packages/airflow/example_dags/plugins/workday.py
[2025-12-24T22:39:30.293+0000] {processor.py:830} INFO - Processing file /home/airflow/.local/lib/python3.8/site-packages/airflow/example_dags/plugins/workday.py for tasks to queue
[2025-12-24T22:39:30.294+0000] {logging_mixin.py:188} INFO - [2025-12-24T22:39:30.294+0000] {dagbag.py:538} INFO - Filling up the DagBag from /home/airflow/.local/lib/python3.8/site-packages/airflow/example_dags/plugins/workday.py
[2025-12-24T22:39:30.772+0000] {processor.py:842} WARNING - No viable dags retrieved from /home/airflow/.local/lib/python3.8/site-packages/airflow/example_dags/plugins/workday.py
[2025-12-24T22:39:30.785+0000] {processor.py:183} INFO - Processing /home/airflow/.local/lib/python3.8/site-packages/airflow/example_dags/plugins/workday.py took 0.498 seconds
[2025-12-24T22:40:01.160+0000] {processor.py:161} INFO - Started process (PID=48446) to work on /home/airflow/.local/lib/python3.8/site-packages/airflow/example_dags/plugins/workday.py
[2025-12-24T22:40:01.161+0000] {processor.py:830} INFO - Processing file /home/airflow/.local/lib/python3.8/site-packages/airflow/example_dags/plugins/workday.py for tasks to queue
[2025-12-24T22:40:01.163+0000] {logging_mixin.py:188} INFO - [2025-12-24T22:40:01.162+0000] {dagbag.py:538} INFO - Filling up the DagBag from /home/airflow/.local/lib/python3.8/site-packages/airflow/example_dags/plugins/workday.py
[2025-12-24T22:40:01.629+0000] {processor.py:842} WARNING - No viable dags retrieved from /home/airflow/.local/lib/python3.8/site-packages/airflow/example_dags/plugins/workday.py
[2025-12-24T22:40:01.643+0000] {processor.py:183} INFO - Processing /home/airflow/.local/lib/python3.8/site-packages/airflow/example_dags/plugins/workday.py took 0.489 seconds
[2025-12-24T22:40:31.959+0000] {processor.py:161} INFO - Started process (PID=48505) to work on /home/airflow/.local/lib/python3.8/site-packages/airflow/example_dags/plugins/workday.py
[2025-12-24T22:40:31.961+0000] {processor.py:830} INFO - Processing file /home/airflow/.local/lib/python3.8/site-packages/airflow/example_dags/plugins/workday.py for tasks to queue
[2025-12-24T22:40:31.962+0000] {logging_mixin.py:188} INFO - [2025-12-24T22:40:31.962+0000] {dagbag.py:538} INFO - Filling up the DagBag from /home/airflow/.local/lib/python3.8/site-packages/airflow/example_dags/plugins/workday.py
[2025-12-24T22:40:32.443+0000] {processor.py:842} WARNING - No viable dags retrieved from /home/airflow/.local/lib/python3.8/site-packages/airflow/example_dags/plugins/workday.py
[2025-12-24T22:40:32.454+0000] {processor.py:183} INFO - Processing /home/airflow/.local/lib/python3.8/site-packages/airflow/example_dags/plugins/workday.py took 0.501 seconds
[2025-12-24T22:41:02.763+0000] {processor.py:161} INFO - Started process (PID=48565) to work on /home/airflow/.local/lib/python3.8/site-packages/airflow/example_dags/plugins/workday.py
[2025-12-24T22:41:02.764+0000] {processor.py:830} INFO - Processing file /home/airflow/.local/lib/python3.8/site-packages/airflow/example_dags/plugins/workday.py for tasks to queue
[2025-12-24T22:41:02.765+0000] {logging_mixin.py:188} INFO - [2025-12-24T22:41:02.765+0000] {dagbag.py:538} INFO - Filling up the DagBag from /home/airflow/.local/lib/python3.8/site-packages/airflow/example_dags/plugins/workday.py
[2025-12-24T22:41:03.152+0000] {processor.py:842} WARNING - No viable dags retrieved from /home/airflow/.local/lib/python3.8/site-packages/airflow/example_dags/plugins/workday.py
[2025-12-24T22:41:03.165+0000] {processor.py:183} INFO - Processing /home/airflow/.local/lib/python3.8/site-packages/airflow/example_dags/plugins/workday.py took 0.405 seconds
[2025-12-24T22:41:33.238+0000] {processor.py:161} INFO - Started process (PID=48624) to work on /home/airflow/.local/lib/python3.8/site-packages/airflow/example_dags/plugins/workday.py
[2025-12-24T22:41:33.240+0000] {processor.py:830} INFO - Processing file /home/airflow/.local/lib/python3.8/site-packages/airflow/example_dags/plugins/workday.py for tasks to queue
[2025-12-24T22:41:33.241+0000] {logging_mixin.py:188} INFO - [2025-12-24T22:41:33.240+0000] {dagbag.py:538} INFO - Filling up the DagBag from /home/airflow/.local/lib/python3.8/site-packages/airflow/example_dags/plugins/workday.py
[2025-12-24T22:41:33.612+0000] {processor.py:842} WARNING - No viable dags retrieved from /home/airflow/.local/lib/python3.8/site-packages/airflow/example_dags/plugins/workday.py
[2025-12-24T22:41:33.624+0000] {processor.py:183} INFO - Processing /home/airflow/.local/lib/python3.8/site-packages/airflow/example_dags/plugins/workday.py took 0.390 seconds
[2025-12-24T22:42:04.397+0000] {processor.py:161} INFO - Started process (PID=48683) to work on /home/airflow/.local/lib/python3.8/site-packages/airflow/example_dags/plugins/workday.py
[2025-12-24T22:42:04.398+0000] {processor.py:830} INFO - Processing file /home/airflow/.local/lib/python3.8/site-packages/airflow/example_dags/plugins/workday.py for tasks to queue
[2025-12-24T22:42:04.399+0000] {logging_mixin.py:188} INFO - [2025-12-24T22:42:04.399+0000] {dagbag.py:538} INFO - Filling up the DagBag from /home/airflow/.local/lib/python3.8/site-packages/airflow/example_dags/plugins/workday.py
[2025-12-24T22:42:04.772+0000] {processor.py:842} WARNING - No viable dags retrieved from /home/airflow/.local/lib/python3.8/site-packages/airflow/example_dags/plugins/workday.py
[2025-12-24T22:42:04.785+0000] {processor.py:183} INFO - Processing /home/airflow/.local/lib/python3.8/site-packages/airflow/example_dags/plugins/workday.py took 0.392 seconds
[2025-12-24T22:42:35.636+0000] {processor.py:161} INFO - Started process (PID=48743) to work on /home/airflow/.local/lib/python3.8/site-packages/airflow/example_dags/plugins/workday.py
[2025-12-24T22:42:35.637+0000] {processor.py:830} INFO - Processing file /home/airflow/.local/lib/python3.8/site-packages/airflow/example_dags/plugins/workday.py for tasks to queue
[2025-12-24T22:42:35.638+0000] {logging_mixin.py:188} INFO - [2025-12-24T22:42:35.637+0000] {dagbag.py:538} INFO - Filling up the DagBag from /home/airflow/.local/lib/python3.8/site-packages/airflow/example_dags/plugins/workday.py
[2025-12-24T22:42:36.110+0000] {processor.py:842} WARNING - No viable dags retrieved from /home/airflow/.local/lib/python3.8/site-packages/airflow/example_dags/plugins/workday.py
[2025-12-24T22:42:36.125+0000] {processor.py:183} INFO - Processing /home/airflow/.local/lib/python3.8/site-packages/airflow/example_dags/plugins/workday.py took 0.493 seconds
[2025-12-24T22:43:06.535+0000] {processor.py:161} INFO - Started process (PID=48804) to work on /home/airflow/.local/lib/python3.8/site-packages/airflow/example_dags/plugins/workday.py
[2025-12-24T22:43:06.536+0000] {processor.py:830} INFO - Processing file /home/airflow/.local/lib/python3.8/site-packages/airflow/example_dags/plugins/workday.py for tasks to queue
[2025-12-24T22:43:06.538+0000] {logging_mixin.py:188} INFO - [2025-12-24T22:43:06.537+0000] {dagbag.py:538} INFO - Filling up the DagBag from /home/airflow/.local/lib/python3.8/site-packages/airflow/example_dags/plugins/workday.py
[2025-12-24T22:43:06.988+0000] {processor.py:842} WARNING - No viable dags retrieved from /home/airflow/.local/lib/python3.8/site-packages/airflow/example_dags/plugins/workday.py
[2025-12-24T22:43:07.001+0000] {processor.py:183} INFO - Processing /home/airflow/.local/lib/python3.8/site-packages/airflow/example_dags/plugins/workday.py took 0.471 seconds
[2025-12-24T22:43:37.802+0000] {processor.py:161} INFO - Started process (PID=48864) to work on /home/airflow/.local/lib/python3.8/site-packages/airflow/example_dags/plugins/workday.py
[2025-12-24T22:43:37.804+0000] {processor.py:830} INFO - Processing file /home/airflow/.local/lib/python3.8/site-packages/airflow/example_dags/plugins/workday.py for tasks to queue
[2025-12-24T22:43:37.806+0000] {logging_mixin.py:188} INFO - [2025-12-24T22:43:37.805+0000] {dagbag.py:538} INFO - Filling up the DagBag from /home/airflow/.local/lib/python3.8/site-packages/airflow/example_dags/plugins/workday.py
[2025-12-24T22:43:38.508+0000] {processor.py:842} WARNING - No viable dags retrieved from /home/airflow/.local/lib/python3.8/site-packages/airflow/example_dags/plugins/workday.py
[2025-12-24T22:43:38.578+0000] {processor.py:183} INFO - Processing /home/airflow/.local/lib/python3.8/site-packages/airflow/example_dags/plugins/workday.py took 0.787 seconds
[2025-12-24T22:44:09.408+0000] {processor.py:161} INFO - Started process (PID=48923) to work on /home/airflow/.local/lib/python3.8/site-packages/airflow/example_dags/plugins/workday.py
[2025-12-24T22:44:09.410+0000] {processor.py:830} INFO - Processing file /home/airflow/.local/lib/python3.8/site-packages/airflow/example_dags/plugins/workday.py for tasks to queue
[2025-12-24T22:44:09.411+0000] {logging_mixin.py:188} INFO - [2025-12-24T22:44:09.410+0000] {dagbag.py:538} INFO - Filling up the DagBag from /home/airflow/.local/lib/python3.8/site-packages/airflow/example_dags/plugins/workday.py
[2025-12-24T22:44:09.771+0000] {processor.py:842} WARNING - No viable dags retrieved from /home/airflow/.local/lib/python3.8/site-packages/airflow/example_dags/plugins/workday.py
[2025-12-24T22:44:09.783+0000] {processor.py:183} INFO - Processing /home/airflow/.local/lib/python3.8/site-packages/airflow/example_dags/plugins/workday.py took 0.378 seconds
[2025-12-24T22:44:40.572+0000] {processor.py:161} INFO - Started process (PID=48982) to work on /home/airflow/.local/lib/python3.8/site-packages/airflow/example_dags/plugins/workday.py
[2025-12-24T22:44:40.573+0000] {processor.py:830} INFO - Processing file /home/airflow/.local/lib/python3.8/site-packages/airflow/example_dags/plugins/workday.py for tasks to queue
[2025-12-24T22:44:40.574+0000] {logging_mixin.py:188} INFO - [2025-12-24T22:44:40.574+0000] {dagbag.py:538} INFO - Filling up the DagBag from /home/airflow/.local/lib/python3.8/site-packages/airflow/example_dags/plugins/workday.py
[2025-12-24T22:44:40.815+0000] {processor.py:842} WARNING - No viable dags retrieved from /home/airflow/.local/lib/python3.8/site-packages/airflow/example_dags/plugins/workday.py
[2025-12-24T22:44:40.830+0000] {processor.py:183} INFO - Processing /home/airflow/.local/lib/python3.8/site-packages/airflow/example_dags/plugins/workday.py took 0.262 seconds
[2025-12-24T22:45:11.295+0000] {processor.py:161} INFO - Started process (PID=49043) to work on /home/airflow/.local/lib/python3.8/site-packages/airflow/example_dags/plugins/workday.py
[2025-12-24T22:45:11.296+0000] {processor.py:830} INFO - Processing file /home/airflow/.local/lib/python3.8/site-packages/airflow/example_dags/plugins/workday.py for tasks to queue
[2025-12-24T22:45:11.298+0000] {logging_mixin.py:188} INFO - [2025-12-24T22:45:11.297+0000] {dagbag.py:538} INFO - Filling up the DagBag from /home/airflow/.local/lib/python3.8/site-packages/airflow/example_dags/plugins/workday.py
[2025-12-24T22:45:11.615+0000] {processor.py:842} WARNING - No viable dags retrieved from /home/airflow/.local/lib/python3.8/site-packages/airflow/example_dags/plugins/workday.py
[2025-12-24T22:45:11.632+0000] {processor.py:183} INFO - Processing /home/airflow/.local/lib/python3.8/site-packages/airflow/example_dags/plugins/workday.py took 0.342 seconds
[2025-12-24T22:45:41.995+0000] {processor.py:161} INFO - Started process (PID=49106) to work on /home/airflow/.local/lib/python3.8/site-packages/airflow/example_dags/plugins/workday.py
[2025-12-24T22:45:41.997+0000] {processor.py:830} INFO - Processing file /home/airflow/.local/lib/python3.8/site-packages/airflow/example_dags/plugins/workday.py for tasks to queue
[2025-12-24T22:45:42.000+0000] {logging_mixin.py:188} INFO - [2025-12-24T22:45:41.999+0000] {dagbag.py:538} INFO - Filling up the DagBag from /home/airflow/.local/lib/python3.8/site-packages/airflow/example_dags/plugins/workday.py
[2025-12-24T22:45:42.464+0000] {processor.py:842} WARNING - No viable dags retrieved from /home/airflow/.local/lib/python3.8/site-packages/airflow/example_dags/plugins/workday.py
[2025-12-24T22:45:42.485+0000] {processor.py:183} INFO - Processing /home/airflow/.local/lib/python3.8/site-packages/airflow/example_dags/plugins/workday.py took 0.498 seconds
[2025-12-24T22:46:12.856+0000] {processor.py:161} INFO - Started process (PID=49173) to work on /home/airflow/.local/lib/python3.8/site-packages/airflow/example_dags/plugins/workday.py
[2025-12-24T22:46:12.858+0000] {processor.py:830} INFO - Processing file /home/airflow/.local/lib/python3.8/site-packages/airflow/example_dags/plugins/workday.py for tasks to queue
[2025-12-24T22:46:12.860+0000] {logging_mixin.py:188} INFO - [2025-12-24T22:46:12.859+0000] {dagbag.py:538} INFO - Filling up the DagBag from /home/airflow/.local/lib/python3.8/site-packages/airflow/example_dags/plugins/workday.py
[2025-12-24T22:46:13.166+0000] {processor.py:842} WARNING - No viable dags retrieved from /home/airflow/.local/lib/python3.8/site-packages/airflow/example_dags/plugins/workday.py
[2025-12-24T22:46:13.183+0000] {processor.py:183} INFO - Processing /home/airflow/.local/lib/python3.8/site-packages/airflow/example_dags/plugins/workday.py took 0.332 seconds
[2025-12-24T22:46:43.809+0000] {processor.py:161} INFO - Started process (PID=49240) to work on /home/airflow/.local/lib/python3.8/site-packages/airflow/example_dags/plugins/workday.py
[2025-12-24T22:46:43.811+0000] {processor.py:830} INFO - Processing file /home/airflow/.local/lib/python3.8/site-packages/airflow/example_dags/plugins/workday.py for tasks to queue
[2025-12-24T22:46:43.812+0000] {logging_mixin.py:188} INFO - [2025-12-24T22:46:43.812+0000] {dagbag.py:538} INFO - Filling up the DagBag from /home/airflow/.local/lib/python3.8/site-packages/airflow/example_dags/plugins/workday.py
[2025-12-24T22:46:44.176+0000] {processor.py:842} WARNING - No viable dags retrieved from /home/airflow/.local/lib/python3.8/site-packages/airflow/example_dags/plugins/workday.py
[2025-12-24T22:46:44.191+0000] {processor.py:183} INFO - Processing /home/airflow/.local/lib/python3.8/site-packages/airflow/example_dags/plugins/workday.py took 0.387 seconds
[2025-12-24T22:47:14.415+0000] {processor.py:161} INFO - Started process (PID=49308) to work on /home/airflow/.local/lib/python3.8/site-packages/airflow/example_dags/plugins/workday.py
[2025-12-24T22:47:14.419+0000] {processor.py:830} INFO - Processing file /home/airflow/.local/lib/python3.8/site-packages/airflow/example_dags/plugins/workday.py for tasks to queue
[2025-12-24T22:47:14.424+0000] {logging_mixin.py:188} INFO - [2025-12-24T22:47:14.421+0000] {dagbag.py:538} INFO - Filling up the DagBag from /home/airflow/.local/lib/python3.8/site-packages/airflow/example_dags/plugins/workday.py
[2025-12-24T22:47:15.005+0000] {processor.py:842} WARNING - No viable dags retrieved from /home/airflow/.local/lib/python3.8/site-packages/airflow/example_dags/plugins/workday.py
[2025-12-24T22:47:15.045+0000] {processor.py:183} INFO - Processing /home/airflow/.local/lib/python3.8/site-packages/airflow/example_dags/plugins/workday.py took 0.635 seconds
[2025-12-24T22:47:45.394+0000] {processor.py:161} INFO - Started process (PID=49379) to work on /home/airflow/.local/lib/python3.8/site-packages/airflow/example_dags/plugins/workday.py
[2025-12-24T22:47:45.395+0000] {processor.py:830} INFO - Processing file /home/airflow/.local/lib/python3.8/site-packages/airflow/example_dags/plugins/workday.py for tasks to queue
[2025-12-24T22:47:45.396+0000] {logging_mixin.py:188} INFO - [2025-12-24T22:47:45.396+0000] {dagbag.py:538} INFO - Filling up the DagBag from /home/airflow/.local/lib/python3.8/site-packages/airflow/example_dags/plugins/workday.py
[2025-12-24T22:47:45.709+0000] {processor.py:842} WARNING - No viable dags retrieved from /home/airflow/.local/lib/python3.8/site-packages/airflow/example_dags/plugins/workday.py
[2025-12-24T22:47:45.729+0000] {processor.py:183} INFO - Processing /home/airflow/.local/lib/python3.8/site-packages/airflow/example_dags/plugins/workday.py took 0.339 seconds
[2025-12-24T22:48:16.973+0000] {processor.py:161} INFO - Started process (PID=49450) to work on /home/airflow/.local/lib/python3.8/site-packages/airflow/example_dags/plugins/workday.py
[2025-12-24T22:48:16.974+0000] {processor.py:830} INFO - Processing file /home/airflow/.local/lib/python3.8/site-packages/airflow/example_dags/plugins/workday.py for tasks to queue
[2025-12-24T22:48:16.975+0000] {logging_mixin.py:188} INFO - [2025-12-24T22:48:16.975+0000] {dagbag.py:538} INFO - Filling up the DagBag from /home/airflow/.local/lib/python3.8/site-packages/airflow/example_dags/plugins/workday.py
[2025-12-24T22:48:17.220+0000] {processor.py:842} WARNING - No viable dags retrieved from /home/airflow/.local/lib/python3.8/site-packages/airflow/example_dags/plugins/workday.py
[2025-12-24T22:48:17.235+0000] {processor.py:183} INFO - Processing /home/airflow/.local/lib/python3.8/site-packages/airflow/example_dags/plugins/workday.py took 0.266 seconds
[2025-12-24T22:48:47.343+0000] {processor.py:161} INFO - Started process (PID=49521) to work on /home/airflow/.local/lib/python3.8/site-packages/airflow/example_dags/plugins/workday.py
[2025-12-24T22:48:47.345+0000] {processor.py:830} INFO - Processing file /home/airflow/.local/lib/python3.8/site-packages/airflow/example_dags/plugins/workday.py for tasks to queue
[2025-12-24T22:48:47.346+0000] {logging_mixin.py:188} INFO - [2025-12-24T22:48:47.345+0000] {dagbag.py:538} INFO - Filling up the DagBag from /home/airflow/.local/lib/python3.8/site-packages/airflow/example_dags/plugins/workday.py
[2025-12-24T22:48:47.940+0000] {processor.py:842} WARNING - No viable dags retrieved from /home/airflow/.local/lib/python3.8/site-packages/airflow/example_dags/plugins/workday.py
[2025-12-24T22:48:48.194+0000] {processor.py:183} INFO - Processing /home/airflow/.local/lib/python3.8/site-packages/airflow/example_dags/plugins/workday.py took 0.855 seconds
[2025-12-24T22:49:18.401+0000] {processor.py:161} INFO - Started process (PID=49584) to work on /home/airflow/.local/lib/python3.8/site-packages/airflow/example_dags/plugins/workday.py
[2025-12-24T22:49:18.403+0000] {processor.py:830} INFO - Processing file /home/airflow/.local/lib/python3.8/site-packages/airflow/example_dags/plugins/workday.py for tasks to queue
[2025-12-24T22:49:18.404+0000] {logging_mixin.py:188} INFO - [2025-12-24T22:49:18.403+0000] {dagbag.py:538} INFO - Filling up the DagBag from /home/airflow/.local/lib/python3.8/site-packages/airflow/example_dags/plugins/workday.py
[2025-12-24T22:49:18.750+0000] {processor.py:842} WARNING - No viable dags retrieved from /home/airflow/.local/lib/python3.8/site-packages/airflow/example_dags/plugins/workday.py
[2025-12-24T22:49:18.777+0000] {processor.py:183} INFO - Processing /home/airflow/.local/lib/python3.8/site-packages/airflow/example_dags/plugins/workday.py took 0.379 seconds
[2025-12-24T22:49:49.406+0000] {processor.py:161} INFO - Started process (PID=49655) to work on /home/airflow/.local/lib/python3.8/site-packages/airflow/example_dags/plugins/workday.py
[2025-12-24T22:49:49.407+0000] {processor.py:830} INFO - Processing file /home/airflow/.local/lib/python3.8/site-packages/airflow/example_dags/plugins/workday.py for tasks to queue
[2025-12-24T22:49:49.409+0000] {logging_mixin.py:188} INFO - [2025-12-24T22:49:49.408+0000] {dagbag.py:538} INFO - Filling up the DagBag from /home/airflow/.local/lib/python3.8/site-packages/airflow/example_dags/plugins/workday.py
[2025-12-24T22:49:49.693+0000] {processor.py:842} WARNING - No viable dags retrieved from /home/airflow/.local/lib/python3.8/site-packages/airflow/example_dags/plugins/workday.py
[2025-12-24T22:49:49.707+0000] {processor.py:183} INFO - Processing /home/airflow/.local/lib/python3.8/site-packages/airflow/example_dags/plugins/workday.py took 0.306 seconds
[2025-12-24T22:50:20.033+0000] {processor.py:161} INFO - Started process (PID=49726) to work on /home/airflow/.local/lib/python3.8/site-packages/airflow/example_dags/plugins/workday.py
[2025-12-24T22:50:20.034+0000] {processor.py:830} INFO - Processing file /home/airflow/.local/lib/python3.8/site-packages/airflow/example_dags/plugins/workday.py for tasks to queue
[2025-12-24T22:50:20.036+0000] {logging_mixin.py:188} INFO - [2025-12-24T22:50:20.035+0000] {dagbag.py:538} INFO - Filling up the DagBag from /home/airflow/.local/lib/python3.8/site-packages/airflow/example_dags/plugins/workday.py
[2025-12-24T22:50:20.349+0000] {processor.py:842} WARNING - No viable dags retrieved from /home/airflow/.local/lib/python3.8/site-packages/airflow/example_dags/plugins/workday.py
[2025-12-24T22:50:20.366+0000] {processor.py:183} INFO - Processing /home/airflow/.local/lib/python3.8/site-packages/airflow/example_dags/plugins/workday.py took 0.338 seconds
[2025-12-24T22:50:51.151+0000] {processor.py:161} INFO - Started process (PID=49789) to work on /home/airflow/.local/lib/python3.8/site-packages/airflow/example_dags/plugins/workday.py
[2025-12-24T22:50:51.153+0000] {processor.py:830} INFO - Processing file /home/airflow/.local/lib/python3.8/site-packages/airflow/example_dags/plugins/workday.py for tasks to queue
[2025-12-24T22:50:51.154+0000] {logging_mixin.py:188} INFO - [2025-12-24T22:50:51.154+0000] {dagbag.py:538} INFO - Filling up the DagBag from /home/airflow/.local/lib/python3.8/site-packages/airflow/example_dags/plugins/workday.py
[2025-12-24T22:50:51.429+0000] {processor.py:842} WARNING - No viable dags retrieved from /home/airflow/.local/lib/python3.8/site-packages/airflow/example_dags/plugins/workday.py
[2025-12-24T22:50:51.444+0000] {processor.py:183} INFO - Processing /home/airflow/.local/lib/python3.8/site-packages/airflow/example_dags/plugins/workday.py took 0.297 seconds
[2025-12-24T22:51:21.533+0000] {processor.py:161} INFO - Started process (PID=49848) to work on /home/airflow/.local/lib/python3.8/site-packages/airflow/example_dags/plugins/workday.py
[2025-12-24T22:51:21.534+0000] {processor.py:830} INFO - Processing file /home/airflow/.local/lib/python3.8/site-packages/airflow/example_dags/plugins/workday.py for tasks to queue
[2025-12-24T22:51:21.535+0000] {logging_mixin.py:188} INFO - [2025-12-24T22:51:21.535+0000] {dagbag.py:538} INFO - Filling up the DagBag from /home/airflow/.local/lib/python3.8/site-packages/airflow/example_dags/plugins/workday.py
[2025-12-24T22:51:21.927+0000] {processor.py:842} WARNING - No viable dags retrieved from /home/airflow/.local/lib/python3.8/site-packages/airflow/example_dags/plugins/workday.py
[2025-12-24T22:51:21.945+0000] {processor.py:183} INFO - Processing /home/airflow/.local/lib/python3.8/site-packages/airflow/example_dags/plugins/workday.py took 0.416 seconds
[2025-12-24T22:51:53.120+0000] {processor.py:161} INFO - Started process (PID=49909) to work on /home/airflow/.local/lib/python3.8/site-packages/airflow/example_dags/plugins/workday.py
[2025-12-24T22:51:53.121+0000] {processor.py:830} INFO - Processing file /home/airflow/.local/lib/python3.8/site-packages/airflow/example_dags/plugins/workday.py for tasks to queue
[2025-12-24T22:51:53.122+0000] {logging_mixin.py:188} INFO - [2025-12-24T22:51:53.122+0000] {dagbag.py:538} INFO - Filling up the DagBag from /home/airflow/.local/lib/python3.8/site-packages/airflow/example_dags/plugins/workday.py
[2025-12-24T22:51:53.384+0000] {processor.py:842} WARNING - No viable dags retrieved from /home/airflow/.local/lib/python3.8/site-packages/airflow/example_dags/plugins/workday.py
[2025-12-24T22:51:53.402+0000] {processor.py:183} INFO - Processing /home/airflow/.local/lib/python3.8/site-packages/airflow/example_dags/plugins/workday.py took 0.286 seconds
[2025-12-24T22:52:24.392+0000] {processor.py:161} INFO - Started process (PID=49968) to work on /home/airflow/.local/lib/python3.8/site-packages/airflow/example_dags/plugins/workday.py
[2025-12-24T22:52:24.394+0000] {processor.py:830} INFO - Processing file /home/airflow/.local/lib/python3.8/site-packages/airflow/example_dags/plugins/workday.py for tasks to queue
[2025-12-24T22:52:24.395+0000] {logging_mixin.py:188} INFO - [2025-12-24T22:52:24.395+0000] {dagbag.py:538} INFO - Filling up the DagBag from /home/airflow/.local/lib/python3.8/site-packages/airflow/example_dags/plugins/workday.py
[2025-12-24T22:52:24.947+0000] {processor.py:842} WARNING - No viable dags retrieved from /home/airflow/.local/lib/python3.8/site-packages/airflow/example_dags/plugins/workday.py
[2025-12-24T22:52:24.963+0000] {processor.py:183} INFO - Processing /home/airflow/.local/lib/python3.8/site-packages/airflow/example_dags/plugins/workday.py took 0.575 seconds
[2025-12-24T22:52:55.389+0000] {processor.py:161} INFO - Started process (PID=50026) to work on /home/airflow/.local/lib/python3.8/site-packages/airflow/example_dags/plugins/workday.py
[2025-12-24T22:52:55.390+0000] {processor.py:830} INFO - Processing file /home/airflow/.local/lib/python3.8/site-packages/airflow/example_dags/plugins/workday.py for tasks to queue
[2025-12-24T22:52:55.391+0000] {logging_mixin.py:188} INFO - [2025-12-24T22:52:55.391+0000] {dagbag.py:538} INFO - Filling up the DagBag from /home/airflow/.local/lib/python3.8/site-packages/airflow/example_dags/plugins/workday.py
[2025-12-24T22:52:55.634+0000] {processor.py:842} WARNING - No viable dags retrieved from /home/airflow/.local/lib/python3.8/site-packages/airflow/example_dags/plugins/workday.py
[2025-12-24T22:52:55.648+0000] {processor.py:183} INFO - Processing /home/airflow/.local/lib/python3.8/site-packages/airflow/example_dags/plugins/workday.py took 0.263 seconds
[2025-12-24T22:53:26.260+0000] {processor.py:161} INFO - Started process (PID=50085) to work on /home/airflow/.local/lib/python3.8/site-packages/airflow/example_dags/plugins/workday.py
[2025-12-24T22:53:26.262+0000] {processor.py:830} INFO - Processing file /home/airflow/.local/lib/python3.8/site-packages/airflow/example_dags/plugins/workday.py for tasks to queue
[2025-12-24T22:53:26.263+0000] {logging_mixin.py:188} INFO - [2025-12-24T22:53:26.262+0000] {dagbag.py:538} INFO - Filling up the DagBag from /home/airflow/.local/lib/python3.8/site-packages/airflow/example_dags/plugins/workday.py
[2025-12-24T22:53:26.515+0000] {processor.py:842} WARNING - No viable dags retrieved from /home/airflow/.local/lib/python3.8/site-packages/airflow/example_dags/plugins/workday.py
[2025-12-24T22:53:26.536+0000] {processor.py:183} INFO - Processing /home/airflow/.local/lib/python3.8/site-packages/airflow/example_dags/plugins/workday.py took 0.279 seconds
[2025-12-24T22:53:56.622+0000] {processor.py:161} INFO - Started process (PID=50144) to work on /home/airflow/.local/lib/python3.8/site-packages/airflow/example_dags/plugins/workday.py
[2025-12-24T22:53:56.623+0000] {processor.py:830} INFO - Processing file /home/airflow/.local/lib/python3.8/site-packages/airflow/example_dags/plugins/workday.py for tasks to queue
[2025-12-24T22:53:56.625+0000] {logging_mixin.py:188} INFO - [2025-12-24T22:53:56.625+0000] {dagbag.py:538} INFO - Filling up the DagBag from /home/airflow/.local/lib/python3.8/site-packages/airflow/example_dags/plugins/workday.py
[2025-12-24T22:53:57.009+0000] {processor.py:842} WARNING - No viable dags retrieved from /home/airflow/.local/lib/python3.8/site-packages/airflow/example_dags/plugins/workday.py
[2025-12-24T22:53:57.024+0000] {processor.py:183} INFO - Processing /home/airflow/.local/lib/python3.8/site-packages/airflow/example_dags/plugins/workday.py took 0.406 seconds
[2025-12-24T22:54:27.198+0000] {processor.py:161} INFO - Started process (PID=50202) to work on /home/airflow/.local/lib/python3.8/site-packages/airflow/example_dags/plugins/workday.py
[2025-12-24T22:54:27.199+0000] {processor.py:830} INFO - Processing file /home/airflow/.local/lib/python3.8/site-packages/airflow/example_dags/plugins/workday.py for tasks to queue
[2025-12-24T22:54:27.201+0000] {logging_mixin.py:188} INFO - [2025-12-24T22:54:27.200+0000] {dagbag.py:538} INFO - Filling up the DagBag from /home/airflow/.local/lib/python3.8/site-packages/airflow/example_dags/plugins/workday.py
[2025-12-24T22:54:27.485+0000] {processor.py:842} WARNING - No viable dags retrieved from /home/airflow/.local/lib/python3.8/site-packages/airflow/example_dags/plugins/workday.py
[2025-12-24T22:54:27.502+0000] {processor.py:183} INFO - Processing /home/airflow/.local/lib/python3.8/site-packages/airflow/example_dags/plugins/workday.py took 0.308 seconds
[2025-12-24T22:54:57.654+0000] {processor.py:161} INFO - Started process (PID=50261) to work on /home/airflow/.local/lib/python3.8/site-packages/airflow/example_dags/plugins/workday.py
[2025-12-24T22:54:57.656+0000] {processor.py:830} INFO - Processing file /home/airflow/.local/lib/python3.8/site-packages/airflow/example_dags/plugins/workday.py for tasks to queue
[2025-12-24T22:54:57.657+0000] {logging_mixin.py:188} INFO - [2025-12-24T22:54:57.657+0000] {dagbag.py:538} INFO - Filling up the DagBag from /home/airflow/.local/lib/python3.8/site-packages/airflow/example_dags/plugins/workday.py
[2025-12-24T22:54:57.901+0000] {processor.py:842} WARNING - No viable dags retrieved from /home/airflow/.local/lib/python3.8/site-packages/airflow/example_dags/plugins/workday.py
[2025-12-24T22:54:57.916+0000] {processor.py:183} INFO - Processing /home/airflow/.local/lib/python3.8/site-packages/airflow/example_dags/plugins/workday.py took 0.266 seconds
[2025-12-24T22:55:28.095+0000] {processor.py:161} INFO - Started process (PID=50320) to work on /home/airflow/.local/lib/python3.8/site-packages/airflow/example_dags/plugins/workday.py
[2025-12-24T22:55:28.096+0000] {processor.py:830} INFO - Processing file /home/airflow/.local/lib/python3.8/site-packages/airflow/example_dags/plugins/workday.py for tasks to queue
[2025-12-24T22:55:28.098+0000] {logging_mixin.py:188} INFO - [2025-12-24T22:55:28.097+0000] {dagbag.py:538} INFO - Filling up the DagBag from /home/airflow/.local/lib/python3.8/site-packages/airflow/example_dags/plugins/workday.py
[2025-12-24T22:55:28.374+0000] {processor.py:842} WARNING - No viable dags retrieved from /home/airflow/.local/lib/python3.8/site-packages/airflow/example_dags/plugins/workday.py
[2025-12-24T22:55:28.389+0000] {processor.py:183} INFO - Processing /home/airflow/.local/lib/python3.8/site-packages/airflow/example_dags/plugins/workday.py took 0.299 seconds
[2025-12-24T22:55:59.062+0000] {processor.py:161} INFO - Started process (PID=50379) to work on /home/airflow/.local/lib/python3.8/site-packages/airflow/example_dags/plugins/workday.py
[2025-12-24T22:55:59.063+0000] {processor.py:830} INFO - Processing file /home/airflow/.local/lib/python3.8/site-packages/airflow/example_dags/plugins/workday.py for tasks to queue
[2025-12-24T22:55:59.064+0000] {logging_mixin.py:188} INFO - [2025-12-24T22:55:59.064+0000] {dagbag.py:538} INFO - Filling up the DagBag from /home/airflow/.local/lib/python3.8/site-packages/airflow/example_dags/plugins/workday.py
[2025-12-24T22:55:59.308+0000] {processor.py:842} WARNING - No viable dags retrieved from /home/airflow/.local/lib/python3.8/site-packages/airflow/example_dags/plugins/workday.py
[2025-12-24T22:55:59.325+0000] {processor.py:183} INFO - Processing /home/airflow/.local/lib/python3.8/site-packages/airflow/example_dags/plugins/workday.py took 0.266 seconds
[2025-12-24T22:56:30.512+0000] {processor.py:161} INFO - Started process (PID=50441) to work on /home/airflow/.local/lib/python3.8/site-packages/airflow/example_dags/plugins/workday.py
[2025-12-24T22:56:30.513+0000] {processor.py:830} INFO - Processing file /home/airflow/.local/lib/python3.8/site-packages/airflow/example_dags/plugins/workday.py for tasks to queue
[2025-12-24T22:56:30.515+0000] {logging_mixin.py:188} INFO - [2025-12-24T22:56:30.514+0000] {dagbag.py:538} INFO - Filling up the DagBag from /home/airflow/.local/lib/python3.8/site-packages/airflow/example_dags/plugins/workday.py
[2025-12-24T22:56:30.790+0000] {processor.py:842} WARNING - No viable dags retrieved from /home/airflow/.local/lib/python3.8/site-packages/airflow/example_dags/plugins/workday.py
[2025-12-24T22:56:30.808+0000] {processor.py:183} INFO - Processing /home/airflow/.local/lib/python3.8/site-packages/airflow/example_dags/plugins/workday.py took 0.300 seconds
[2025-12-24T22:57:01.316+0000] {processor.py:161} INFO - Started process (PID=50501) to work on /home/airflow/.local/lib/python3.8/site-packages/airflow/example_dags/plugins/workday.py
[2025-12-24T22:57:01.317+0000] {processor.py:830} INFO - Processing file /home/airflow/.local/lib/python3.8/site-packages/airflow/example_dags/plugins/workday.py for tasks to queue
[2025-12-24T22:57:01.318+0000] {logging_mixin.py:188} INFO - [2025-12-24T22:57:01.318+0000] {dagbag.py:538} INFO - Filling up the DagBag from /home/airflow/.local/lib/python3.8/site-packages/airflow/example_dags/plugins/workday.py
[2025-12-24T22:57:01.613+0000] {processor.py:842} WARNING - No viable dags retrieved from /home/airflow/.local/lib/python3.8/site-packages/airflow/example_dags/plugins/workday.py
[2025-12-24T22:57:01.628+0000] {processor.py:183} INFO - Processing /home/airflow/.local/lib/python3.8/site-packages/airflow/example_dags/plugins/workday.py took 0.317 seconds
[2025-12-24T22:57:32.507+0000] {processor.py:161} INFO - Started process (PID=50560) to work on /home/airflow/.local/lib/python3.8/site-packages/airflow/example_dags/plugins/workday.py
[2025-12-24T22:57:32.510+0000] {processor.py:830} INFO - Processing file /home/airflow/.local/lib/python3.8/site-packages/airflow/example_dags/plugins/workday.py for tasks to queue
[2025-12-24T22:57:32.513+0000] {logging_mixin.py:188} INFO - [2025-12-24T22:57:32.512+0000] {dagbag.py:538} INFO - Filling up the DagBag from /home/airflow/.local/lib/python3.8/site-packages/airflow/example_dags/plugins/workday.py
[2025-12-24T22:57:32.968+0000] {processor.py:842} WARNING - No viable dags retrieved from /home/airflow/.local/lib/python3.8/site-packages/airflow/example_dags/plugins/workday.py
[2025-12-24T22:57:33.001+0000] {processor.py:183} INFO - Processing /home/airflow/.local/lib/python3.8/site-packages/airflow/example_dags/plugins/workday.py took 0.499 seconds
[2025-12-24T22:58:03.665+0000] {processor.py:161} INFO - Started process (PID=50620) to work on /home/airflow/.local/lib/python3.8/site-packages/airflow/example_dags/plugins/workday.py
[2025-12-24T22:58:03.666+0000] {processor.py:830} INFO - Processing file /home/airflow/.local/lib/python3.8/site-packages/airflow/example_dags/plugins/workday.py for tasks to queue
[2025-12-24T22:58:03.667+0000] {logging_mixin.py:188} INFO - [2025-12-24T22:58:03.667+0000] {dagbag.py:538} INFO - Filling up the DagBag from /home/airflow/.local/lib/python3.8/site-packages/airflow/example_dags/plugins/workday.py
[2025-12-24T22:58:04.017+0000] {processor.py:842} WARNING - No viable dags retrieved from /home/airflow/.local/lib/python3.8/site-packages/airflow/example_dags/plugins/workday.py
[2025-12-24T22:58:04.032+0000] {processor.py:183} INFO - Processing /home/airflow/.local/lib/python3.8/site-packages/airflow/example_dags/plugins/workday.py took 0.372 seconds
[2025-12-24T22:58:34.926+0000] {processor.py:161} INFO - Started process (PID=50679) to work on /home/airflow/.local/lib/python3.8/site-packages/airflow/example_dags/plugins/workday.py
[2025-12-24T22:58:34.927+0000] {processor.py:830} INFO - Processing file /home/airflow/.local/lib/python3.8/site-packages/airflow/example_dags/plugins/workday.py for tasks to queue
[2025-12-24T22:58:34.929+0000] {logging_mixin.py:188} INFO - [2025-12-24T22:58:34.928+0000] {dagbag.py:538} INFO - Filling up the DagBag from /home/airflow/.local/lib/python3.8/site-packages/airflow/example_dags/plugins/workday.py
[2025-12-24T22:58:35.244+0000] {processor.py:842} WARNING - No viable dags retrieved from /home/airflow/.local/lib/python3.8/site-packages/airflow/example_dags/plugins/workday.py
[2025-12-24T22:58:35.261+0000] {processor.py:183} INFO - Processing /home/airflow/.local/lib/python3.8/site-packages/airflow/example_dags/plugins/workday.py took 0.340 seconds
